actual_loss_percent,actual_return_percent,es_0.95_percent,es_0.99_percent,exceedance_0.95,exceedance_0.99,fit_aic,fit_bic,fit_convergence_flag,fit_error_json,fit_log_likelihood,fit_parameters_json,fit_sigma_percent,fit_success,forecast_date,fz0_0.95,fz0_0.99,innovation,instrument,origin_index,quantile_loss_0.95,quantile_loss_0.99,risk_error,training_mean_percent,training_window_end,training_window_start,var_0.95_percent,var_0.99_percent
1.0614234860559706,-1.0614234860559706,7.836551285978397,13.270358982396694,False,False,2602.243788421866,2619.102220815555,0,null,-1297.121894210933,"{""alpha[1]"": 0.03430464685023424, ""beta[1]"": 0.8914349949997847, ""nu"": 3.4894401863295315, ""omega"": 1.0150296487434556}",3.406342182747702,True,2022-12-03,1.7047825158469165,2.276260544892142,student_t,BTC-USD,500,0.20004303183127714,0.08104780318660551,,-0.11126796680007087,2022-12-02,2021-07-21,5.06228412268151,9.166203804716513
-1.3058842463461484,1.3058842463461484,7.855591833614254,13.410140770791195,False,False,2597.366652454636,2614.225084848325,0,null,-1294.683326227318,"{""alpha[1]"": 0.042374106654358416, ""beta[1]"": 0.8233189967927945, ""nu"": 3.4030344595359208, ""omega"": 1.8818626166412527}",3.4098814433212037,True,2022-12-04,1.7029851053333478,2.2811125608722738,student_t,BTC-USD,501,0.31736424339981845,0.10493190009145377,,-0.128277648242911,2022-12-03,2021-07-22,5.041400621650214,9.18730576279922
0.9128269202493304,-0.9128269202493304,7.6976791813966985,13.049504357688138,False,False,2597.3624465248668,2614.2208789185556,0,null,-1294.6812232624334,"{""alpha[1]"": 0.04134750622509761, ""beta[1]"": 0.8439700368453498, ""nu"": 3.469171871847946, ""omega"": 1.5675125546064514}",3.3386808774641406,True,2022-12-05,1.6865813811913393,2.2585215488439694,student_t,BTC-USD,502,0.20286379427918239,0.08088347918317927,,-0.12692263753053565,2022-12-04,2021-07-23,4.970102805832974,9.00117483856725
-0.6733035228826676,0.6733035228826676,7.6759931686283345,13.079887132847098,False,False,2594.863971939695,2611.722404333384,0,null,-1293.4319859698476,"{""alpha[1]"": 0.042884084551869046, ""beta[1]"": 0.842059467275827, ""nu"": 3.4143340821861115, ""omega"": 1.595164389756039}",3.326597638655432,True,2022-12-06,1.681052736747545,2.2572558918243653,student_t,BTC-USD,503,0.28043110417110656,0.09648462762322521,,-0.136449079822379,2022-12-05,2021-07-24,4.935318560539459,8.975159239439845
1.4224977825228244,-1.4224977825228244,7.565216777729281,12.885801336927658,False,False,2593.6435490925796,2610.5019814862685,0,null,-1292.8217745462898,"{""alpha[1]"": 0.04358570354034013, ""beta[1]"": 0.8517853765951076, ""nu"": 3.415711879571774, ""omega"": 1.445074056090156}",3.276417300748187,True,2022-12-07,1.666828400034468,2.242523505276184,student_t,BTC-USD,504,0.17219797641436607,0.07422283675307084,,-0.13929212164652047,2022-12-06,2021-07-25,4.8664573108101425,8.844781457829901
-2.261420006669914,2.261420006669914,7.527614302270647,12.846495578266888,False,False,2592.0063126505215,2608.8647450442104,0,null,-1292.0031563252608,"{""alpha[1]"": 0.04437628122062509, ""beta[1]"": 0.8551617399840693, ""nu"": 3.39251209369082, ""omega"": 1.3948119566478023}",3.2567687929888725,True,2022-12-08,1.6609349338208146,2.238046337174547,student_t,BTC-USD,505,0.3548417000074743,0.11060951921046662,,-0.14821284117401395,2022-12-07,2021-07-26,4.835413993479565,8.799531914376738
0.5838370469537174,-0.5838370469537174,7.68577754880895,13.18045295449233,False,False,2589.3714617755086,2606.2298941691975,0,null,-1290.6857308877543,"{""alpha[1]"": 0.04490817647394072, ""beta[1]"": 0.8391721676443071, ""nu"": 3.3461039068880942, ""omega"": 1.6307163758801155}",3.325916434566259,True,2022-12-09,1.6790675799205177,2.2603861995715615,student_t,BTC-USD,506,0.21663621714866463,0.08400635900510654,,-0.15462908689765736,2022-12-08,2021-07-27,4.916561389927006,8.984472947464365
0.025846424179968745,-0.025846424179968745,7.761175722213426,13.44392573167986,False,False,2585.140283050333,2601.998715444022,0,null,-1288.5701415251665,"{""alpha[1]"": 0.04895629611623878, ""beta[1]"": 0.8209317972885797, ""nu"": 3.253352398090202, ""omega"": 1.8950654202051627}",3.3601238848665465,True,2022-12-10,1.6834113500706391,2.2732902506464505,student_t,BTC-USD,507,0.24484464200123504,0.09045615420335439,,-0.1665853316892424,2022-12-09,2021-07-28,4.922739264204665,9.0714618445154
0.14331967974201043,-0.14331967974201043,7.605326232638209,13.152177950730266,False,False,2584.319603832276,2601.1780362259647,0,null,-1288.159801916138,"{""alpha[1]"": 0.04975921508098487, ""beta[1]"": 0.8356444640657786, ""nu"": 3.2643465629788047, ""omega"": 1.6628954772906828}",3.288978002509789,True,2022-12-11,1.664160444247916,2.252382137543284,student_t,BTC-USD,508,0.23442162337373715,0.08744853380370102,,-0.16960404984216226,2022-12-10,2021-07-29,4.831752147216749,8.888173060112104
-0.595992793422927,0.595992793422927,7.372995121467873,12.664225370295664,False,False,2583.8636043911947,2600.7220367848836,0,null,-1287.9318021955974,"{""alpha[1]"": 0.050345388574816144, ""beta[1]"": 0.8506991514237965, ""nu"": 3.3206079166776674, ""omega"": 1.4024850603796848}",3.1823888693440434,True,2022-12-12,1.6370147201322043,2.2190723044633245,student_t,BTC-USD,509,0.265437136342832,0.09211353689145059,,-0.16995326394176552,2022-12-11,2021-07-30,4.712749933433708,8.615360895722125
-3.2864788709639354,3.2864788709639354,7.448230996387977,12.89081658830233,False,False,2579.8072614526127,2596.6656938463016,0,null,-1285.9036307263063,"{""alpha[1]"": 0.053656781624597534, ""beta[1]"": 0.8367299757305193, ""nu"": 3.2508982714676993, ""omega"": 1.5958280833254816}",3.2161018316946643,True,2022-12-13,1.643082447809689,2.2315915007697287,student_t,BTC-USD,510,0.40084471374399816,0.1198876409238693,,-0.17959572448544336,2022-12-12,2021-07-31,4.7304154039160204,8.702285221422985
-0.19289306843094134,0.19289306843094134,7.5734025361692225,13.01789535390421,False,False,2581.627233456241,2598.48566584993,0,null,-1286.8136167281205,"{""alpha[1]"": 0.050575557705630936, ""beta[1]"": 0.8410591872422538, ""nu"": 3.31640335509348, ""omega"": 1.5286995084321615}",3.271108737450413,True,2022-12-14,1.663351734040845,2.246184699141489,student_t,BTC-USD,511,0.2515047817137482,0.0904323579248035,,-0.17011625766608304,2022-12-13,2021-08-01,4.837202565844017,8.850342724049401
2.562838106366859,-2.562838106366859,7.504710772871392,12.993170837086002,False,False,2578.640792549588,2595.4992249432767,0,null,-1285.320396274794,"{""alpha[1]"": 0.05242465679489793, ""beta[1]"": 0.8445052389435709, ""nu"": 3.25732403639557, ""omega"": 1.4895888994144761}",3.2485344372623475,True,2022-12-15,1.6500975194037073,2.239516554393319,student_t,BTC-USD,512,0.10997003200600547,0.06208756093313149,,-0.1616348627792299,2022-12-14,2021-08-02,4.762238746486966,8.771594199680003
4.21898089599042,-4.21898089599042,7.4889972198750705,12.90659733739199,False,False,2579.0220141757895,2595.8804465694784,0,null,-1285.5110070878948,"{""alpha[1]"": 0.05122586440012953, ""beta[1]"": 0.8497619782834537, ""nu"": 3.2960510881122853, ""omega"": 1.4039096563640272}",3.2382888961466985,True,2022-12-16,1.6505887506071861,2.235902111548724,student_t,BTC-USD,513,0.02763312373053355,0.04533802448867402,,-0.1628554890977018,2022-12-15,2021-08-03,4.77164337060109,8.752783344857818
-0.8827572360334702,0.8827572360334702,7.757662178592747,13.342955997879882,False,False,2580.6915215318977,2597.5499539255866,0,null,-1286.3457607659489,"{""alpha[1]"": 0.04961196879543616, ""beta[1]"": 0.8452830162438633, ""nu"": 3.3149638375712036, ""omega"": 1.4748701414705234}",3.354488461200461,True,2022-12-17,1.6869000769181746,2.2705328583787923,student_t,BTC-USD,514,0.29169225255142833,0.09949886307656053,,-0.1658689526525177,2022-12-16,2021-08-04,4.951087814995091,9.067129071622574
0.2212331208638325,-0.2212331208638325,7.714539218550785,13.342210818365915,False,False,2577.9814935784007,2594.8399259720895,0,null,-1284.9907467892003,"{""alpha[1]"": 0.04977678753481332, ""beta[1]"": 0.8488826611477038, ""nu"": 3.2634800611402017, ""omega"": 1.4487800729861293}",3.3361632744325065,True,2022-12-18,1.678373948415754,2.2666653791029296,student_t,BTC-USD,515,0.23397802644868135,0.08794534003173193,,-0.17229207110557754,2022-12-17,2021-08-05,4.900793649837455,9.015767124037017
1.9176451834602777,-1.9176451834602777,7.603767883180603,13.20141673663722,False,False,2576.008732610411,2592.8671650040997,0,null,-1284.0043663052054,"{""alpha[1]"": 0.050614287331936174, ""beta[1]"": 0.8567295269089219, ""nu"": 3.2269683477786413, ""omega"": 1.346714572533714}",3.2875198348484065,True,2022-12-19,1.661910208256372,2.2533498009122988,student_t,BTC-USD,516,0.14487824219321332,0.06967246877442936,,-0.1783022088252593,2022-12-18,2021-08-06,4.815210027324541,8.884892060903207
-2.79887050816328,2.79887050816328,7.66398187427611,13.38194924311475,False,False,2573.287020450895,2590.145452844584,0,null,-1282.6435102254475,"{""alpha[1]"": 0.050816902535850264, ""beta[1]"": 0.8564135276921809, ""nu"": 3.175080935760381, ""omega"": 1.3814664314287763}",3.3135260147876644,True,2022-12-20,1.666828250538999,2.262943562910854,student_t,BTC-USD,517,0.3814726016886986,0.11751887482326072,,-0.1914451273150163,2022-12-19,2021-08-07,4.830581525610686,8.953016974162782
0.5264509464616725,-0.5264509464616725,7.85172734095623,13.784729056451104,False,False,2572.19195132078,2589.050383714469,0,null,-1282.09597566039,"{""alpha[1]"": 0.050645321164137204, ""beta[1]"": 0.8521976154065988, ""nu"": 3.133148713422815, ""omega"": 1.4772853293281019}",3.4008636690182454,True,2022-12-21,1.6879492697424476,2.2889571705486773,student_t,BTC-USD,518,0.21991379304457037,0.08645849612970738,,-0.19381114858932275,2022-12-20,2021-08-08,4.924726807353076,9.172300559432403
-0.07612154333711821,0.07612154333711821,7.679558054351259,13.462619328414217,False,False,2571.3593225448185,2588.2177549385074,0,null,-1281.6796612724092,"{""alpha[1]"": 0.05128147876296422, ""beta[1]"": 0.8596472340241708, ""nu"": 3.143780198668325, ""omega"": 1.3489096985780744}",3.3241094437631835,True,2022-12-22,1.6666323853110874,2.2662793637258356,student_t,BTC-USD,519,0.2449712262866066,0.09047105643665419,,-0.19143374570523355,2022-12-21,2021-08-09,4.82330298239501,8.970984100328293
0.1985808436249104,-0.1985808436249104,7.724399730243658,13.705903175659083,False,False,2566.380519986977,2583.238952380666,0,null,-1279.1902599934886,"{""alpha[1]"": 0.05497910341651806, ""beta[1]"": 0.8564110680747369, ""nu"": 3.0482439795627516, ""omega"": 1.4288892227196437}",3.3533561745871774,True,2022-12-23,1.6658914417708917,2.2759216648654483,student_t,BTC-USD,520,0.23010950920390724,0.08821206001584983,,-0.20267404503536818,2022-12-22,2021-08-10,4.800771027703051,9.019786845209886
-0.3019956132466744,0.3019956132466744,7.561842271942236,13.411222867412015,False,False,2565.558844985926,2582.417277379615,0,null,-1278.779422492963,"{""alpha[1]"": 0.05603882522163275, ""beta[1]"": 0.8635385899520372, ""nu"": 3.0510864837884313, ""omega"": 1.3040896193114664}",3.2817292526005652,True,2022-12-24,1.6449051132404064,2.254482634261519,student_t,BTC-USD,521,0.25019377653738784,0.09131820700921375,,-0.19967637844301794,2022-12-23,2021-08-11,4.701879917501078,8.829825087674692
0.03425096591348571,-0.03425096591348571,7.336698994913721,12.920248708830199,False,False,2565.319576517387,2582.1780089110757,0,null,-1278.6597882586934,"{""alpha[1]"": 0.05632082963711398, ""beta[1]"": 0.8705499890253668, ""nu"": 3.101210964204363, ""omega"": 1.154117923448848}",3.173975670467814,True,2022-12-25,1.618723091766424,2.2218686825777736,student_t,BTC-USD,522,0.22786526444421235,0.08532816259909244,,-0.1991101393320895,2022-12-24,2021-08-12,4.591556254797728,8.567067225822722
-0.4609856021644547,0.4609856021644547,7.195770276196823,12.724014948813453,False,False,2563.483370711861,2580.34180310555,0,null,-1277.7416853559305,"{""alpha[1]"": 0.058619998042807715, ""beta[1]"": 0.8763938389608341, ""nu"": 3.071155417750442, ""omega"": 1.0610427032801206}",3.1179126089842946,True,2022-12-26,1.597022082244342,2.203828939378948,student_t,BTC-USD,523,0.2473877409755676,0.08863133521547092,,-0.1940002905517289,2022-12-25,2021-08-13,4.486769217346892,8.40214791938263
1.2048246905407103,-1.2048246905407103,7.312952270139502,13.053499240114252,False,False,2556.9958470145466,2573.8542794082355,0,null,-1274.4979235072733,"{""alpha[1]"": 0.06590885904021862, ""beta[1]"": 0.8592977400541404, ""nu"": 2.9987058768405586, ""omega"": 1.2917293808973893}",3.176779261381076,True,2022-12-27,1.608126949052159,2.222913619705507,student_t,BTC-USD,524,0.16590446107025217,0.07330302133857537,,-0.207680215291342,2022-12-26,2021-08-14,4.522913911945751,8.53512682439824
0.9895050270117745,-0.9895050270117745,7.166990572865713,12.753176147527734,False,False,2556.707840429495,2573.5662728231837,0,null,-1274.3539202147474,"{""alpha[1]"": 0.0661348857553922, ""beta[1]"": 0.8657031096382246, ""nu"": 3.01909343503888, ""omega"": 1.1726752629888229}",3.107900860461282,True,2022-12-28,1.5897732489776084,2.2016799230099546,student_t,BTC-USD,525,0.17280444868575534,0.07375297760226271,,-0.20715431592079783,2022-12-27,2021-08-15,4.445594000726878,8.36480278723804
-0.5408644810375277,0.5408644810375277,6.929178530021735,12.232349742353506,False,False,2556.6607836643084,2573.5192160579973,0,null,-1274.3303918321542,"{""alpha[1]"": 0.06575554720386009, ""beta[1]"": 0.874099011340281, ""nu"": 3.072858008285571, ""omega"": 1.008111933129593}",2.992306103013122,True,2022-12-29,1.5606320981504722,2.1652070554152876,student_t,BTC-USD,526,0.24354223026724756,0.08627952175993328,,-0.20892113427859674,2022-12-28,2021-08-16,4.3299801243074185,8.087087694955793
0.23916958561549462,-0.23916958561549462,6.7622431925828925,11.959739871600958,False,False,2555.217275464138,2572.0757078578267,0,null,-1273.608637732069,"{""alpha[1]"": 0.06754160482209377, ""beta[1]"": 0.8804324827031452, ""nu"": 3.059454312811632, ""omega"": 0.9037720917300035}",2.922398721552227,True,2022-12-30,1.5352052433683157,2.141432149989317,student_t,BTC-USD,527,0.1989729859642032,0.07652897132027622,,-0.2033577439333514,2022-12-29,2021-08-17,4.218629304899555,7.89206671764311
0.33236656645659823,-0.33236656645659823,6.584480219097426,11.720049272868376,False,False,2552.850664729588,2569.709097123277,0,null,-1272.425332364794,"{""alpha[1]"": 0.07103868873844198, ""beta[1]"": 0.8863729428456346, ""nu"": 3.0132511116723584, ""omega"": 0.8098454438789568}",2.8528295337115592,True,2022-12-31,1.505004806215395,2.1168818750415466,student_t,BTC-USD,528,0.1875958386020252,0.0735107372839156,,-0.19806224329766492,2022-12-30,2021-08-18,4.084283338497099,7.683440294848152
-0.4677606288950391,0.4677606288950391,6.260931997285422,11.076157231897449,False,False,2552.033964661981,2568.89239705567,0,null,-1272.0169823309905,"{""alpha[1]"": 0.07215612544482346, ""beta[1]"": 0.8934311184773126, ""nu"": 3.0517045670264977, ""omega"": 0.6659147416530208}",2.70196566075209,True,2023-01-01,1.4582681768548595,2.0643154938553665,student_t,BTC-USD,529,0.2187100519429489,0.07772715521346259,,-0.19919996976058052,2022-12-31,2021-08-19,3.906440409963935,7.304954892451213
-0.38057006847332503,0.38057006847332503,6.180385461859484,11.02763469191156,False,False,2548.418544196512,2565.276976590201,0,null,-1270.209272098256,"{""alpha[1]"": 0.07632135734335248, ""beta[1]"": 0.895570881438433, ""nu"": 2.985449397521303, ""omega"": 0.6336862450667516}",2.6731530381070003,True,2023-01-02,1.4407824927133874,2.0539919940475433,student_t,BTC-USD,530,0.2104356130855103,0.0758809565753652,,-0.2066416191692603,2023-01-01,2021-08-20,3.828142193236877,7.207525589063188
0.05162548845139421,-0.05162548845139421,6.2039380506932185,11.19040997870028,False,False,2543.332588740818,2560.191021134507,0,null,-1267.666294370409,"{""alpha[1]"": 0.0839669255955478, ""beta[1]"": 0.8910127115765569, ""nu"": 2.9076333779703605, ""omega"": 0.6836146762325438}",2.6949394612844766,True,2023-01-03,1.438760781695608,2.0611818461642386,student_t,BTC-USD,531,0.1877482621117093,0.07178774651491882,,-0.21680006042807093,2023-01-02,2021-08-21,3.806590730685577,7.23040013994327
-1.093415393971612,1.093415393971612,5.773590335639371,10.352683125133236,False,False,2542.4189718627763,2559.277404256465,0,null,-1267.2094859313881,"{""alpha[1]"": 0.085033950620398, ""beta[1]"": 0.8995249213918844, ""nu"": 2.939808669550352, ""omega"": 0.516016699586022}",2.495430528521015,True,2023-01-04,1.3704959054265493,1.987108811324711,student_t,BTC-USD,532,0.23284428030717105,0.07821241998741203,,-0.21513757116093846,2023-01-03,2021-08-22,3.563470212171805,6.727826604769584
0.15728177110379604,-0.15728177110379604,5.644417536380666,10.063625621152768,False,False,2542.0858757413694,2558.9443081350582,0,null,-1267.0429378706847,"{""alpha[1]"": 0.08333949951539713, ""beta[1]"": 0.9026680248573035, ""nu"": 2.976227673258546, ""omega"": 0.459908389302656}",2.431235482606563,True,2023-01-05,1.3511399145310659,1.9625444988019685,student_t,BTC-USD,533,0.16724631858703032,0.06420475009893127,,-0.214645435451417,2023-01-04,2021-08-23,3.5022081428443994,6.577756780996917
-0.6820792242977494,0.6820792242977494,5.197617232017231,9.228338666814487,False,False,2540.7182921945805,2557.5767245882694,0,null,-1266.3591460972902,"{""alpha[1]"": 0.08563610844201817, ""beta[1]"": 0.9086526293111615, ""nu"": 2.994254070823751, ""omega"": 0.33665293490719894}",2.227977665899845,True,2023-01-06,1.2714869460538094,1.8783468557485206,student_t,BTC-USD,534,0.19608423286601523,0.06736495220547795,,-0.21586826833128547,2023-01-05,2021-08-24,3.239605433022552,6.0544159962500395
-0.018340582830352,0.018340582830352,5.047459585752498,9.025471112610267,False,False,2537.4210376584174,2554.2794700521063,0,null,-1264.7105188292087,"{""alpha[1]"": 0.08915557387729979, ""beta[1]"": 0.9103881525683688, ""nu"": 2.9470233808065136, ""omega"": 0.30310439145507606}",2.1719281111088917,True,2023-01-07,1.2381650146913712,1.8513932257432115,student_t,BTC-USD,535,0.15720655521273277,0.058970136999481455,,-0.20693513101657787,2023-01-06,2021-08-25,3.125790521424301,5.878673117117788
-0.7993082334393785,0.7993082334393785,,,,,,,,"{""error"": ""fit violated GARCH constraints: omega=0.2730607360439793, alpha=0.08839798183736228, beta=0.9116020181626378"", ""error_type"": ""GarchFitError"", ""forecast_date"": ""2023-01-08"", ""innovation"": ""student_t"", ""instrument"": ""BTC-USD"", ""origin_index"": 536}",,null,,False,2023-01-08,,,student_t,BTC-USD,536,,,,-0.21209047423686445,2023-01-07,2021-08-26,,
-0.6148589231009399,0.6148589231009399,,,,,,,,"{""error"": ""fit violated GARCH constraints: omega=0.2880145644315095, alpha=0.08935936532492185, beta=0.9106406346750783"", ""error_type"": ""GarchFitError"", ""forecast_date"": ""2023-01-09"", ""innovation"": ""student_t"", ""instrument"": ""BTC-USD"", ""origin_index"": 537}",,null,,False,2023-01-09,,,student_t,BTC-USD,537,,,,-0.2020713982815531,2023-01-08,2021-08-27,,
-1.4418133856141486,1.4418133856141486,,,,,,,,"{""error"": ""fit violated GARCH constraints: omega=0.31257777381896185, alpha=0.09144828144251813, beta=0.9085517185574818"", ""error_type"": ""GarchFitError"", ""forecast_date"": ""2023-01-10"", ""innovation"": ""student_t"", ""instrument"": ""BTC-USD"", ""origin_index"": 538}",,null,,False,2023-01-10,,,student_t,BTC-USD,538,,,,-0.20966156649682374,2023-01-09,2021-08-28,,
-2.7621150462492836,2.7621150462492836,,,,,,,,"{""error"": ""fit violated GARCH constraints: omega=0.2949789921156311, alpha=0.08969258597825124, beta=0.9103074140217489"", ""error_type"": ""GarchFitError"", ""forecast_date"": ""2023-01-11"", ""innovation"": ""student_t"", ""instrument"": ""BTC-USD"", ""origin_index"": 539}",,null,,False,2023-01-11,,,student_t,BTC-USD,539,,,,-0.20613986683788396,2023-01-10,2021-08-29,,
-5.080318053096965,5.080318053096965,5.463772442222425,9.855813381133462,False,False,2530.1449555546646,2547.0033879483535,0,null,-1261.0724777773323,"{""alpha[1]"": 0.09074381412619067, ""beta[1]"": 0.9088826114048898, ""nu"": 2.9021319056538233, ""omega"": 0.3344830697589371}",2.370325292216716,True,2023-01-12,1.3119349850125008,1.9339685172738879,student_t,BTC-USD,540,0.4216978523852129,0.1144625735220737,,-0.2003186197916576,2023-01-11,2021-08-30,3.353638994607286,6.365939299110394
-5.364921279635203,5.364921279635203,6.898692637739003,12.65288654672906,False,False,2533.1851010506025,2550.0435334442914,0,null,-1262.5925505253012,"{""alpha[1]"": 0.09479703754362857, ""beta[1]"": 0.8988466569991513, ""nu"": 2.827152724569242, ""omega"": 0.5112508277660586}",3.047141988831306,True,2023-01-13,1.5343723364659416,2.1737246462692053,student_t,BTC-USD,541,0.47625558775191235,0.1341012344532012,,-0.1827530556970322,2023-01-12,2021-08-31,4.160190475403036,8.045202165684907
-5.219244054232613,5.219244054232613,7.8970601877879885,14.42683760293036,False,False,2538.224565183441,2555.08299757713,0,null,-1265.1122825917205,"{""alpha[1]"": 0.09667158441261328, ""beta[1]"": 0.8888042521613241, ""nu"": 2.86493320425499, ""omega"": 0.6167508087004733}",3.490757532538189,True,2023-01-14,1.6710689891346746,2.3080822068269264,student_t,BTC-USD,542,0.49968181404291245,0.14437878046625652,,-0.1724974275095082,2023-01-13,2021-09-01,4.774392226625627,9.218633992393025
0.45631527773909986,-0.45631527773909986,8.878206768349006,16.39346853079388,False,False,2540.2697821931733,2557.128214586862,0,null,-1266.1348910965867,"{""alpha[1]"": 0.10860332501661206, ""beta[1]"": 0.8766177335613459, ""nu"": 2.8075620208728655, ""omega"": 0.7613318828291483}",3.960552115152717,True,2023-01-15,1.7817734770017326,2.4290315383869245,student_t,BTC-USD,543,0.242719806012124,0.09906791972012405,,-0.16906007015967003,2023-01-14,2021-09-02,5.310711397981576,10.363107249751495
-1.37377199346447,1.37377199346447,8.363659036156157,15.36664803155466,False,False,2539.798978326559,2556.6574107202478,0,null,-1265.8994891632794,"{""alpha[1]"": 0.10071790548820793, ""beta[1]"": 0.8848333679855758, ""nu"": 2.8333502326174362, ""omega"": 0.6716007639927237}",3.714158635132887,True,2023-01-16,1.7250882269866485,2.3675129767472542,student_t,BTC-USD,544,0.3200969334472963,0.11136411369625121,,-0.17193124567074528,2023-01-15,2021-09-03,5.028166675481449,9.762639376160642
0.038332436752977296,-0.038332436752977296,8.067406734684491,14.761175143104397,False,False,2539.5053004055435,2556.3637327992324,0,null,-1265.7526502027717,"{""alpha[1]"": 0.09705942521402404, ""beta[1]"": 0.8879765794462043, ""nu"": 2.8566505650266194, ""omega"": 0.6308674952620883}",3.5709463350563717,True,2023-01-17,1.6914550244070714,2.329998652653927,student_t,BTC-USD,545,0.24156696679180864,0.09379271028317855,,-0.17199252728606748,2023-01-16,2021-09-04,4.869671772589146,9.417603465070824
2.259283114148676,-2.259283114148676,7.661614962722736,13.916042400685427,False,False,2538.7907710628024,2555.6492034564913,0,null,-1265.3953855314012,"{""alpha[1]"": 0.09084479502010259, ""beta[1]"": 0.8934628515900466, ""nu"": 2.9000086783122088, ""omega"": 0.5620511982304678}",3.373590993348824,True,2023-01-18,1.6441226354758172,2.2758449689029336,student_t,BTC-USD,546,0.11991057105665882,0.06685986023313897,,-0.17174609516022674,2023-01-17,2021-09-05,4.657494535281851,8.945269137462567
-1.9055334114753544,1.9055334114753544,7.653094008183363,13.957116176778609,False,False,2537.564548177387,2554.422980571076,0,null,-1264.7822740886936,"{""alpha[1]"": 0.0923872759115697, ""beta[1]"": 0.892899395265328, ""nu"": 2.8695825591591015, ""omega"": 0.5815887396704688}",3.3740431435100584,True,2023-01-19,1.6409588617166584,2.27590541465124,student_t,BTC-USD,547,0.32710758081353664,0.10836914197970897,,-0.18337974839089258,2023-01-18,2021-09-06,4.636618204795372,8.931380786495534
-7.268455258265521,7.268455258265521,7.5319217964495815,13.67271600863082,False,False,2537.4553722031233,2554.313804596812,0,null,-1264.7276861015616,"{""alpha[1]"": 0.09054108152662282, ""beta[1]"": 0.8927567871879178, ""nu"": 2.898112828752012, ""omega"": 0.575058223199738}",3.310687600165436,True,2023-01-20,1.627636666655376,2.2583849849890747,student_t,BTC-USD,548,0.5925763764581553,0.16059774705135507,,-0.18294130964400213,2023-01-19,2021-09-07,4.583072270897576,8.791319446869972
-0.4447223010989896,0.4447223010989896,9.43173598889139,17.240477805377886,False,False,2535.1246230980496,2551.9830554917385,0,null,-1263.5623115490248,"{""alpha[1]"": 0.11544856578892719, ""beta[1]"": 0.8552251768819674, ""nu"": 2.8800842655533114, ""omega"": 0.9421573139035536}",4.190572010418001,True,2023-01-21,1.8473968386762962,2.486559612791239,student_t,BTC-USD,549,0.30675229101811186,0.11466553435005021,,-0.14495790006789322,2023-01-20,2021-09-08,5.6903235192632415,11.021831133906021
0.25147902139269035,-0.25147902139269035,8.89874592378931,16.24004773618841,False,False,2534.669738936618,2551.528171330307,0,null,-1263.334869468309,"{""alpha[1]"": 0.10962704172576611, ""beta[1]"": 0.8633583720100911, ""nu"": 2.8889239675593488, ""omega"": 0.8559261927660262}",3.9486168030332056,True,2023-01-22,1.7901998592557251,2.427805788430731,student_t,BTC-USD,550,0.2562969851250689,0.10147437897230976,,-0.14096949675216516,2023-01-21,2021-09-09,5.377418723894063,10.398916918623657
-0.9375442198415299,0.9375442198415299,8.418184262389499,15.28356981468575,False,False,2534.3637844196137,2551.2222168133026,0,null,-1263.1818922098068,"{""alpha[1]"": 0.10331145162171439, ""beta[1]"": 0.870661919600151, ""nu"": 2.9190714006649237, ""omega"": 0.7674372339772952}",3.7213500159318906,True,2023-01-23,1.737756400364879,2.370454097152637,student_t,BTC-USD,551,0.30252157399827106,0.10775206934079651,,-0.1427701329017412,2023-01-22,2021-09-10,5.112887260123887,9.83766271423811
1.3077079217256955,-1.3077079217256955,8.168766938415146,14.937310174835734,False,False,2532.2262143299185,2549.0846467236074,0,null,-1262.1131071649593,"{""alpha[1]"": 0.10413505891301994, ""beta[1]"": 0.8733105206503837, ""nu"": 2.874676090470095, ""omega"": 0.7581442302473451}",3.62735260508957,True,2023-01-24,1.7035844116686443,2.3428034300008065,student_t,BTC-USD,552,0.18101175130479105,0.0823635658462276,,-0.13428800713205097,2023-01-23,2021-09-11,4.9279429478215135,9.544064506348448
-2.1043184701323545,2.1043184701323545,7.840286452255996,14.241794508285713,False,False,2532.0918042931917,2548.9502366868805,0,null,-1262.0459021465958,"{""alpha[1]"": 0.09919237226912878, ""beta[1]"": 0.878083435322269, ""nu"": 2.9136408696387694, ""omega"": 0.6904108606007396}",3.465051243153894,True,2023-01-25,1.666442491353282,2.2994352405220124,student_t,BTC-USD,553,0.343234130915495,0.11265414363945389,,-0.13831341085758134,2023-01-24,2021-09-12,4.76036414817754,9.161095893813025
0.36871485829907125,-0.36871485829907125,7.7175023822281155,13.986676751016319,False,False,2532.0392558556937,2548.8976882493826,0,null,-1262.0196279278468,"{""alpha[1]"": 0.09724635971303128, ""beta[1]"": 0.8800182889122284, ""nu"": 2.9279622796629963, ""omega"": 0.6665797179368617}",3.405992170210691,True,2023-01-26,1.6519755894971908,2.282869551733777,student_t,BTC-USD,554,0.21636340308388996,0.08649395488192006,,-0.13788208482298508,2023-01-25,2021-09-13,4.695982919976867,9.01811034649107
-0.19930464795597352,0.19930464795597352,7.455731386127031,13.543215045649843,False,False,2530.2086496259544,2547.0670820196433,0,null,-1261.1043248129772,"{""alpha[1]"": 0.0962625976401222, ""beta[1]"": 0.8832686908806527, ""nu"": 2.912759382122774, ""omega"": 0.633235332160521}",3.2943257055194746,True,2023-01-27,1.6161950958162907,2.249109777905754,student_t,BTC-USD,555,0.23632572772624216,0.08910626829872025,,-0.13378465533135708,2023-01-26,2021-09-14,4.527209906568865,8.711322181916044
0.20663143184872063,-0.20663143184872063,7.345504089852261,13.487403879903788,False,False,2526.551799405119,2543.4102317988077,0,null,-1259.2758997025594,"{""alpha[1]"": 0.10194583105245132, ""beta[1]"": 0.8813859105909688, ""nu"": 2.840476404339652, ""omega"": 0.669498855551639}",3.263260907622234,True,2023-01-28,1.5954713588161553,2.237618442275862,student_t,BTC-USD,556,0.21054146377134608,0.08369499388391057,,-0.14264044739203843,2023-01-27,2021-09-15,4.417460707275639,8.576130820239769
-3.1771335363673945,3.1771335363673945,7.146742626060543,13.162833178304872,False,False,2524.707435971251,2541.56586836494,0,null,-1258.3537179856255,"{""alpha[1]"": 0.10230017608055857, ""beta[1]"": 0.8841015594695535, ""nu"": 2.8182987950351257, ""omega"": 0.6405492044878803}",3.1788614485060824,True,2023-01-29,1.5664951968989973,2.211070020483085,student_t,BTC-USD,557,0.37320125307696633,0.11518063295858962,,-0.14760463051547634,2023-01-28,2021-09-16,4.286891525171925,8.340929759491557
4.00969146499636,-4.00969146499636,7.2378016291562846,13.171740922333296,False,False,2526.6788294435373,2543.537261837226,0,null,-1259.3394147217687,"{""alpha[1]"": 0.09324362878346526, ""beta[1]"": 0.887706537512831, ""nu"": 2.896792451501647, ""omega"": 0.6005278679735697}",3.198083048007498,True,2023-01-30,1.5856826337237515,2.2199134068984323,student_t,BTC-USD,558,0.01895294790620558,0.04444454927169622,,-0.1396122155565917,2023-01-29,2021-09-17,4.388750423120471,8.454146392165978
-1.3012288528639155,1.3012288528639155,7.461109713118459,13.435058155617707,False,False,2529.2655279136757,2546.1239603073645,0,null,-1260.6327639568378,"{""alpha[1]"": 0.08761110068310803, ""beta[1]"": 0.8881466804498978, ""nu"": 2.9661414834401363, ""omega"": 0.5968497275503787}",3.2779439297306405,True,2023-01-31,1.622037069199593,2.2467818436337708,student_t,BTC-USD,559,0.2934955941159612,0.10019429847425924,,-0.14546078254367092,2023-01-30,2021-09-18,4.568683029455304,8.718200994562
-2.494573458486812,2.494573458486812,7.2836697748254675,13.085071453726938,False,False,2528.067360476451,2544.92579287014,0,null,-1260.0336802382255,"{""alpha[1]"": 0.08566835459310787, ""beta[1]"": 0.8893274405531314, ""nu"": 2.979870728736187, ""omega"": 0.5835532744540767}",3.1946887856231583,True,2023-02-01,1.5993693178496975,2.2218726343076316,student_t,BTC-USD,560,0.34824064163785023,0.11005112275093996,,-0.14709035006877003,2023-01-31,2021-09-19,4.470239374270187,8.510538816607175
1.0674749856179377,-1.0674749856179377,7.247591822052352,12.954203954808616,False,False,2528.0262512216314,2544.8846836153202,0,null,-1260.0131256108157,"{""alpha[1]"": 0.08368025651042994, ""beta[1]"": 0.8881572760945844, ""nu"": 3.0190397678061123, ""omega"": 0.5901074552890404}",3.1748561150870485,True,2023-02-02,1.5970870590776727,2.2153550799874275,student_t,BTC-USD,561,0.17000348388152173,0.0740372868313133,,-0.13783828421231933,2023-02-01,2021-09-20,4.467544663248369,8.471203668749261
0.09611362423306992,-0.09611362423306992,7.081845171280127,12.675079706458028,False,False,2522.4640590578865,2539.3224914515754,0,null,-1257.2320295289433,"{""alpha[1]"": 0.08453090964528613, ""beta[1]"": 0.8847949410419219, ""nu"": 3.015905735361314, ""omega"": 0.6278129101474467}",3.1092254387109084,True,2023-02-03,1.5729121372097694,2.192875965173091,student_t,BTC-USD,562,0.2130947793467578,0.08183731705801722,,-0.12035164650839691,2023-02-02,2021-09-21,4.358009211168222,8.279845330034785
0.5022313769571214,-0.5022313769571214,6.941591365517071,12.544303341679791,False,False,2518.322907869314,2535.1813402630028,0,null,-1255.161453934657,"{""alpha[1]"": 0.08706250827026732, ""beta[1]"": 0.8851396968190357, ""nu"": 2.9530943991437444, ""omega"": 0.636119868021084}",3.0638185235562863,True,2023-02-04,1.5473492847112458,2.1761681136015705,student_t,BTC-USD,563,0.1865438802197337,0.07612696870727453,,-0.11024622018413605,2023-02-03,2021-09-22,4.233108981351792,8.114928247684569
1.6254488204225113,-1.6254488204225113,6.873246296312193,12.486268292721423,False,False,2513.324318959147,2530.182751352836,0,null,-1252.6621594795736,"{""alpha[1]"": 0.09123177415850939, ""beta[1]"": 0.8788192253079554, ""nu"": 2.9114804356200144, ""omega"": 0.7135663030154706}",3.036563738361912,True,2023-02-05,1.534831165055973,2.1677683736264095,student_t,BTC-USD,564,0.12739747389167816,0.06404955656554012,,-0.12493060333634066,2023-02-04,2021-09-23,4.173398298256072,8.030404476976518
0.855537643762106,-0.855537643762106,6.8387673684483365,12.472283586156761,False,False,2511.72094786296,2528.579380256649,0,null,-1251.86047393148,"{""alpha[1]"": 0.09245910698998507, ""beta[1]"": 0.8794764295723699, ""nu"": 2.8821316193407367, ""omega"": 0.7164170650425292}",3.02481205009978,True,2023-02-06,1.5278163827443114,2.163877420958521,student_t,BTC-USD,565,0.16416725364517148,0.07131320531902013,,-0.13415276278301178,2023-02-05,2021-09-24,4.138882716665533,7.986858175664113
-2.1910195731051965,2.1910195731051965,6.7849790235647305,12.536479128116857,False,False,2507.64835426195,2524.5067866556387,0,null,-1249.824177130975,"{""alpha[1]"": 0.09986900656983873, ""beta[1]"": 0.8763663063416118, ""nu"": 2.8048115953068704, ""omega"": 0.7668548895293116}",3.0290098833531496,True,2023-02-07,1.5124621566111718,2.1604017612782,student_t,BTC-USD,566,0.3123373631772163,0.10111053551691974,,-0.12649139901367468,2023-02-06,2021-09-25,4.055727690439123,7.920033978586769
1.4063722478328513,-1.4063722478328513,6.730363755340615,12.280940611655852,False,False,2508.8755025542628,2525.7339349479516,0,null,-1250.4377512771314,"{""alpha[1]"": 0.09237862938068236, ""beta[1]"": 0.8801762356824565, ""nu"": 2.8834012237564606, ""omega"": 0.7011658065900395}",2.9812443808723317,True,2023-02-08,1.5113225722553643,2.1482375709232464,student_t,BTC-USD,567,0.13317170807862858,0.06455751505767919,,-0.12153356931978235,2023-02-07,2021-09-26,4.0698064094054205,7.862123753600764
5.007294796582952,-5.007294796582952,6.575296831793845,11.929143077481148,True,False,2508.4035243739672,2525.261956767656,0,null,-1250.2017621869836,"{""alpha[1]"": 0.09037970708820695, ""beta[1]"": 0.8825006948011828, ""nu"": 2.9169027219088024, ""omega"": 0.6539570301861649}",2.900403887564399,True,2023-02-09,4.560148215941892,2.122897469562491,student_t,BTC-USD,568,0.9584471973484473,0.026740362881979285,,-0.12663645022203332,2023-02-08,2021-09-27,3.9984030099003762,7.6813310847808784
0.7722817690442194,-0.7722817690442194,7.294047763952441,13.220560153396242,False,False,2511.983934119468,2528.842366513157,0,null,-1251.991967059734,"{""alpha[1]"": 0.08646820496050348, ""beta[1]"": 0.8814890721851631, ""nu"": 2.926570511121191, ""omega"": 0.7030903780862195}",3.2186678492434715,True,2023-02-10,1.5955220770216512,2.226444610972194,student_t,BTC-USD,569,0.18329397988536197,0.07750635330277139,,-0.13209672325278346,2023-02-09,2021-09-28,4.438161366751456,8.522917099321353
-1.0095720610279386,1.0095720610279386,7.110026850331214,12.941241334943006,False,False,2509.789732897758,2526.6481652914467,0,null,-1250.894866448879,"{""alpha[1]"": 0.08667472638316182, ""beta[1]"": 0.8846001438556558, ""nu"": 2.899633995502332, ""omega"": 0.6734076752721457}",3.1450107421735027,True,2023-02-11,1.5675956053426345,2.202293173682958,student_t,BTC-USD,570,0.26594426424569767,0.09316217873052333,,-0.12787082020135818,2023-02-10,2021-09-29,4.309313223886011,8.306645812024387
0.37871607629455095,-0.37871607629455095,6.907841254731887,12.504270398444948,False,False,2508.880903270903,2525.739335664592,0,null,-1250.4404516354516,"{""alpha[1]"": 0.0850049768580888, ""beta[1]"": 0.8856309584057525, ""nu"": 2.9337109248592017, ""omega"": 0.6413894236223648}",3.045023048071173,True,2023-02-12,1.5419190105248437,2.1715624186441533,student_t,BTC-USD,571,0.19149839654128561,0.07692692942635788,,-0.1284174610397953,2023-02-11,2021-09-30,4.20868400712026,8.071409018930332
-0.09128497713111712,0.09128497713111712,6.831658895761486,12.49703561158611,False,False,2504.7279993973534,2521.5864317910423,0,null,-1248.3639996986767,"{""alpha[1]"": 0.08798722249409703, ""beta[1]"": 0.8872434943594578, ""nu"": 2.860723528491164, ""omega"": 0.6464989610854252}",3.0254349688777884,True,2023-02-13,1.5251993534807191,2.163748665989012,student_t,BTC-USD,572,0.21075458543884962,0.08067607945862632,,-0.13961144521607838,2023-02-12,2021-10-01,4.123806731645871,7.976322968731507
-1.8747466095564818,1.8747466095564818,6.860455895860152,12.6278433491172,False,False,2497.8514427167843,2514.709875110473,0,null,-1244.9257213583921,"{""alpha[1]"": 0.10100970061390928, ""beta[1]"": 0.8669275183697205, ""nu"": 2.8151758841125956, ""omega"": 0.8643164269317426}",3.0451049647438335,True,2023-02-14,1.5263092879095446,2.1697215171633397,student_t,BTC-USD,573,0.2997346587590693,0.09878492837356047,,-0.15827055904817475,2023-02-13,2021-10-02,4.119946565624899,8.003746227799557
-8.97700078458374,8.97700078458374,6.755870994936505,12.299115104623434,False,False,2498.669191325367,2515.527623719056,0,null,-1245.3345956626836,"{""alpha[1]"": 0.09521706429047436, ""beta[1]"": 0.870541703599568, ""nu"": 2.884681121780747, ""omega"": 0.7909715729522431}",2.9782783422324224,True,2023-02-15,1.5170552484156277,2.1507694797956862,student_t,BTC-USD,574,0.6537702480117785,0.16863711953800653,,-0.15282864304482474,2023-02-14,2021-10-03,4.098404175651818,7.8867111692169
2.85581015025821,-2.85581015025821,9.19436305131641,16.850920080319995,False,False,2506.678702146445,2523.537134540134,0,null,-1249.3393510732226,"{""alpha[1]"": 0.09455586021271215, ""beta[1]"": 0.8665870865741381, ""nu"": 2.864913311249945, ""omega"": 0.8828065195623175}",4.093102697791973,True,2023-02-16,1.8203566983648196,2.461995095249181,student_t,BTC-USD,575,0.13385229864952017,0.07888165216297274,,-0.13691180851253254,2023-02-15,2021-10-04,5.532856123248611,10.743975366555476
-3.91062494216208,3.91062494216208,9.011244752431905,16.45910161446611,False,False,2507.263738376515,2524.122170770204,0,null,-1249.6318691882575,"{""alpha[1]"": 0.09478516494192454, ""beta[1]"": 0.865690960200156, ""nu"": 2.8824400733251405, ""omega"": 0.873907581506968}",3.99930312665813,True,2023-02-17,1.8023512466629805,2.440602370699656,student_t,BTC-USD,576,0.4676158845744625,0.1443990326156398,,-0.14637617453275245,2023-02-16,2021-10-05,5.441692749327162,10.529278319401888
-0.3075823679313321,0.3075823679313321,9.249389539669421,17.008225379352083,False,False,2506.498338594875,2523.3567709885638,0,null,-1249.2491692974374,"{""alpha[1]"": 0.1011380628740109, ""beta[1]"": 0.8583710227787869, ""nu"": 2.8411434870977414, ""omega"": 0.9692119362015563}",4.123044950021635,True,2023-02-18,1.8246169848951048,2.4689442555140206,student_t,BTC-USD,577,0.2928882897303772,0.11112009621687573,,-0.14810444675434714,2023-02-17,2021-10-06,5.550183426676208,10.80442725375623
1.2809719109723465,-1.2809719109723465,9.001531816315735,16.661574237458414,False,False,2500.73412460024,2517.592556993929,0,null,-1246.36706230012,"{""alpha[1]"": 0.10574546614864762, ""beta[1]"": 0.8424976765430038, ""nu"": 2.796088983410741, ""omega"": 1.2098445679929783}",4.025580340859918,True,2023-02-19,1.7940488906449321,2.443747671823582,student_t,BTC-USD,578,0.20449145936797652,0.09226525711576365,,-0.1618921022948498,2023-02-18,2021-10-07,5.3708010983318735,10.507497622548703
-2.0405044769591987,2.0405044769591987,8.752204640914094,16.36188364554289,False,False,2499.018092783106,2515.876525176795,0,null,-1245.509046391553,"{""alpha[1]"": 0.10866887028311549, ""beta[1]"": 0.844370534913984, ""nu"": 2.738383960509595, ""omega"": 1.240807235121655}",3.944957714947932,True,2023-02-20,1.760392011186727,2.4189448854346707,student_t,BTC-USD,579,0.36069067333067745,0.12250163184321906,,-0.15875428724922214,2023-02-19,2021-10-08,5.173308989654344,10.209658707362697
1.594638154251538,-1.594638154251538,8.418358527035096,15.53522415374676,False,False,2500.408600954129,2517.2670333478177,0,null,-1246.2043004770644,"{""alpha[1]"": 0.10240582268097016, ""beta[1]"": 0.8490381322571837, ""nu"": 2.812747950520935, ""omega"": 1.114186799544539}",3.7553693086577304,True,2023-02-21,1.7288314936301443,2.375716914000492,student_t,BTC-USD,580,0.17215238082377016,0.08233052495735589,,-0.15527403044321075,2023-02-20,2021-10-09,5.037685770726938,9.827690649987119
1.0180396896349067,-1.0180396896349067,8.187109752030338,15.115777177787328,False,False,2499.958967236408,2516.817399630097,0,null,-1245.979483618204,"{""alpha[1]"": 0.10171260724241214, ""beta[1]"": 0.8521764800713939, ""nu"": 2.806065936610192, ""omega"": 1.0795150071748612}",3.650080114560081,True,2023-02-22,1.7009060109536644,2.3478747063284806,student_t,BTC-USD,581,0.19403385544983257,0.08537182119789372,,-0.1621366653338939,2023-02-21,2021-10-10,4.898716798631554,9.555221809424271
1.0027916741139138,-1.0027916741139138,7.8145263862980086,14.272210985688318,False,False,2500.089765270104,2516.948197663793,0,null,-1246.044882635052,"{""alpha[1]"": 0.09699500094966249, ""beta[1]"": 0.856214865453624, ""nu"": 2.8693147118283355, ""omega"": 0.9791991610407391}",3.4560516808412305,True,2023-02-23,1.6605798375971652,2.297586728132892,student_t,BTC-USD,582,0.18609178236939666,0.08121038456635762,,-0.16345597745069834,2023-02-22,2021-10-11,4.724627321501844,9.123830130749669
3.179206743271094,-3.179206743271094,7.692389648624131,14.171713487345775,False,False,2496.184678265662,2513.043110659351,0,null,-1244.092339132831,"{""alpha[1]"": 0.10144180465505118, ""beta[1]"": 0.8492248144737723, ""nu"": 2.810703910376166, ""omega"": 1.1005334316711393}",3.4172413530346493,True,2023-02-24,1.640225392855005,2.2845053824531916,student_t,BTC-USD,583,0.07180900998716401,0.05795135869934229,,-0.1751313533387011,2023-02-23,2021-10-12,4.615386943014373,8.974342613205318
0.0981248077775698,-0.0981248077775698,7.795666912676153,14.378133066140895,False,False,2496.909061117204,2513.767493510893,0,null,-1244.454530558602,"{""alpha[1]"": 0.100416329079984, ""beta[1]"": 0.852623672409086, ""nu"": 2.804371119387171, ""omega"": 1.0751303933241847}",3.466262709224618,True,2023-02-25,1.6529111762235495,2.2982290342168907,student_t,BTC-USD,584,0.22870772645989212,0.08996339379376397,,-0.17640261412665806,2023-02-24,2021-10-13,4.672279336975408,9.094464187153958
-1.6511545849785116,1.6511545849785116,7.634260702158763,14.19418999018372,False,False,2494.9442269212177,2511.8026593149066,0,null,-1243.4721134606089,"{""alpha[1]"": 0.10435777979644426, ""beta[1]"": 0.8534861742373453, ""nu"": 2.754266542013501, ""omega"": 1.0891311275470625}",3.413266477801271,True,2023-02-26,1.6276428402414531,2.2798468156234826,student_t,BTC-USD,585,0.3096757393652983,0.10551111710129238,,-0.18139462670374662,2023-02-25,2021-10-14,4.5423602023274485,8.899957125150717
0.1628652496983042,-0.1628652496983042,7.394760084883627,13.552999489453033,False,False,2495.7960236800973,2512.654456073786,0,null,-1243.8980118400486,"{""alpha[1]"": 0.09794515758008251, ""beta[1]"": 0.857201712583003, ""nu"": 2.838511783675873, ""omega"": 0.9780554265650117}",3.2703367335434033,True,2023-02-27,1.6038565279723045,2.243193857249279,student_t,BTC-USD,586,0.21484013566817325,0.08464784075156961,,-0.1778148683960256,2023-02-26,2021-10-15,4.459667963061765,8.627649324855259
1.6092730869530325,-1.6092730869530325,7.331195483179669,13.577646590014647,False,False,2489.357708079824,2506.216140473513,0,null,-1240.678854039912,"{""alpha[1]"": 0.11701868266007097, ""beta[1]"": 0.8147279254705309, ""nu"": 2.7699289947074064, ""omega"": 1.5044870898324332}",3.262154915857247,True,2023-02-28,1.589694570406035,2.237771068720935,student_t,BTC-USD,587,0.1385763282499908,0.06935768031900327,,-0.19251809056940522,2023-02-27,2021-10-16,4.380799651952846,8.545041118853353
-2.133680491239072,2.133680491239072,7.156367894344634,13.145703334570253,False,False,2489.8000597847354,2506.6584921784242,0,null,-1240.9000298923677,"{""alpha[1]"": 0.11269662756954138, ""beta[1]"": 0.8211917004887079, ""nu"": 2.8162881005744924, ""omega"": 1.3683834448650747}",3.1631565195468814,True,2023-03-01,1.5702608250015349,2.21084395003974,student_t,BTC-USD,588,0.32218310480499945,0.10477902371862742,,-0.19344485981762408,2023-02-28,2021-10-17,4.309981604860911,8.34422188062366
0.726135019358465,-0.726135019358465,7.138728215450806,13.011038417072326,False,False,2490.860390654854,2507.718823048543,0,null,-1241.430195327427,"{""alpha[1]"": 0.10667088306380997, ""beta[1]"": 0.8293515578195876, ""nu"": 2.8651759447273415, ""omega"": 1.2405442563711422}",3.1394746365987265,True,2023-03-02,1.572139592856625,2.205820280584117,student_t,BTC-USD,589,0.18021264387546895,0.076012180796179,,-0.19133827184863644,2023-03-01,2021-10-18,4.330387896867841,8.327353098976358
4.856242571273746,-4.856242571273746,6.877782654601846,12.451472457636036,True,False,2490.3534496019724,2507.2118819956613,0,null,-1241.1767248009862,"{""alpha[1]"": 0.10496998099154833, ""beta[1]"": 0.8360566091929992, ""nu"": 2.9038330496911717, ""omega"": 1.1084511111180653}",3.0093599033921605,True,2023-03-03,3.448993529785705,2.1662149238122397,student_t,BTC-USD,590,0.6240282517339398,0.031671879207988085,,-0.19431980035558682,2023-03-02,2021-10-19,4.1993707273432825,8.023430492072551
0.041730356125438066,-0.041730356125438066,7.648714812330385,13.904154726047185,False,False,2492.4195996850053,2509.278032078694,0,null,-1242.2097998425027,"{""alpha[1]"": 0.10175181631269373, ""beta[1]"": 0.8341557725759912, ""nu"": 2.8793652814946946, ""omega"": 1.2020559173080707}",3.356375694993006,True,2023-03-04,1.6427192140116653,2.2738768377242446,student_t,BTC-USD,591,0.23050385466351714,0.08880414747686215,,-0.21111497423179043,2023-03-03,2021-10-20,4.651807449395776,8.922145103811644
-0.3668954697670831,0.3668954697670831,7.447307669680568,13.619209877026451,False,False,2490.1893707490754,2507.047803142764,0,null,-1241.0946853745377,"{""alpha[1]"": 0.10201636343480562, ""beta[1]"": 0.8414317471788363, ""nu"": 2.8376774558910838, ""omega"": 1.1436128022945335}",3.2769097836813006,True,2023-03-05,1.612906038765039,2.2490000140181428,student_t,BTC-USD,592,0.2436457365201125,0.09049396812569684,,-0.2165140018524076,2023-03-04,2021-10-21,4.506019260635163,8.682501342802592
0.02565842060548486,-0.02565842060548486,7.359856733990795,13.583377277489339,False,False,2484.619406069078,2501.477838462767,0,null,-1238.309703034539,"{""alpha[1]"": 0.10860686117290332, ""beta[1]"": 0.8290438533750416, ""nu"": 2.7862632331982895, ""omega"": 1.3220876377562958}",3.2628885165513566,True,2023-03-06,1.595760926515013,2.2403624590531206,student_t,BTC-USD,593,0.21940991207097837,0.08552457220866222,,-0.20397467723321228,2023-03-05,2021-10-22,4.413856662025048,8.5781156414717
0.9406138955001022,-0.9406138955001022,7.200845140804788,13.388293067909116,False,False,2482.6001605476954,2499.4585929413843,0,null,-1237.3000802738477,"{""alpha[1]"": 0.11222512995796613, ""beta[1]"": 0.8341910409467057, ""nu"": 2.7437814333158563, ""omega"": 1.2768440125377796}",3.2116359967405836,True,2023-03-07,1.5697783991344485,2.220965082965999,student_t,BTC-USD,594,0.16740327243311703,0.07448281810852513,,-0.19908554385788227,2023-03-06,2021-10-23,4.28867934416244,8.388895706352608
2.283731505563653,-2.283731505563653,6.995577116557547,12.964327923601616,False,False,2482.104106199274,2498.962538592963,0,null,-1237.052053099637,"{""alpha[1]"": 0.11120703697742206, ""beta[1]"": 0.8400253418700004, ""nu"": 2.7585943996674773, ""omega"": 1.1700230659967308}",3.1088091386178407,True,2023-03-08,1.5428932663048238,2.190810946958863,student_t,BTC-USD,595,0.0948465707153933,0.058657664648435685,,-0.20326469262822652,2023-03-07,2021-10-24,4.1806629198715175,8.149497970407216
6.4424513341193395,-6.4424513341193395,6.902899096910338,12.6230884220008,True,False,2483.4883423600104,2500.3467747536993,0,null,-1237.7441711800052,"{""alpha[1]"": 0.10478505621264195, ""beta[1]"": 0.8436122039383973, ""nu"": 2.835596829466704, ""omega"": 1.067451818030703}",3.0355015989488594,True,2023-03-09,8.099139968366659,2.1729859552175106,student_t,BTC-USD,596,2.151599831124751,0.01604242460360807,,-0.20631885737038874,2023-03-08,2021-10-25,4.1776094066196015,8.046693794480145
0.8669656846122028,-0.8669656846122028,8.27296353459851,15.266751608027787,False,False,2487.4118210743864,2504.270253468075,0,null,-1239.7059105371932,"{""alpha[1]"": 0.10393606201569583, ""beta[1]"": 0.8398774343217219, ""nu"": 2.78807880739409, ""omega"": 1.2056369350782896}",3.668330756689855,True,2023-03-10,1.7127229271639894,2.357318198550712,student_t,BTC-USD,597,0.2047289925288014,0.08776138007134901,,-0.22600921470458024,2023-03-09,2021-10-26,4.961545535188227,9.643103691747095
-2.181222121341815,2.181222121341815,8.034374125348766,14.968199330803953,False,False,2483.5628316078873,2500.421264001576,0,null,-1237.7814158039437,"{""alpha[1]"": 0.10311553871392859, ""beta[1]"": 0.8482733212507878, ""nu"": 2.733403389331577, ""omega"": 1.1684325345333775}",3.5904999190060414,True,2023-03-11,1.6781220546820093,2.331205505318354,student_t,BTC-USD,598,0.3478398737885525,0.11540501864827074,,-0.21906770885362736,2023-03-10,2021-10-27,4.77557535442923,9.35927974348525
-7.160391186872637,7.160391186872637,8.0331388336047,15.08143067736984,False,False,2482.359689074645,2499.2181214683337,0,null,-1237.1798445373224,"{""alpha[1]"": 0.10597033624535036, ""beta[1]"": 0.8500312697187742, ""nu"": 2.6943626796441924, ""omega"": 1.18434628619584}",3.6183444673864096,True,2023-03-12,1.6734552009525125,2.333749100309671,student_t,BTC-USD,599,0.5949489002722952,0.16515174449856765,,-0.2083724958382338,2023-03-11,2021-10-28,4.738586818573255,9.354783262984114
-8.778363435204001,8.778363435204001,9.721294051353748,18.64324503559179,False,False,2485.208052605327,2502.0664849990158,0,null,-1238.6040263026634,"{""alpha[1]"": 0.11992246657848214, ""beta[1]"": 0.84321828883745, ""nu"": 2.596884274505125, ""omega"": 1.3974024032527477}",4.494865501073634,True,2023-03-13,1.8514234873536353,2.532178078339699,student_t,BTC-USD,600,0.7194284179342744,0.20089111961990586,,-0.20123861178206318,2023-03-12,2021-10-29,5.610204923481472,11.310748526786568
-2.241616481277407,2.241616481277407,12.19779516121172,24.11047303359052,False,False,2489.5033076769905,2506.3617400706794,0,null,-1240.7516538384953,"{""alpha[1]"": 0.1570320465483132, ""beta[1]"": 0.8301765330808285, ""nu"": 2.4674685952244704, ""omega"": 1.7829545272630192}",5.915728400845811,True,2023-03-14,2.060434922537259,2.7698862516779506,student_t,BTC-USD,601,0.4531188030971134,0.16400249215724752,,-0.1889107600126646,2023-03-13,2021-10-30,6.820759580664854,14.15863273444733
1.5069419815208471,-1.5069419815208471,11.371217204172003,22.115748902243038,False,False,2491.6420439467747,2508.5004763404636,0,null,-1241.8210219733874,"{""alpha[1]"": 0.1428640145273415, ""beta[1]"": 0.8273377568557582, ""nu"": 2.5397871779463106, ""omega"": 1.665199700232091}",5.3682524026341305,True,2023-03-15,1.9995375924203356,2.6941866002091586,student_t,BTC-USD,602,0.24785259342248578,0.11715989656817495,,-0.18333457697240055,2023-03-14,2021-10-31,6.463993849970558,13.22293163833833
-2.7387721929180557,2.7387721929180557,10.576308099485711,20.37409650221583,False,False,2492.762987745021,2509.6214201387097,0,null,-1242.3814938725104,"{""alpha[1]"": 0.13178775781046143, ""beta[1]"": 0.8299780654709509, ""nu"": 2.5826074445132368, ""omega"": 1.5694267888902274}",4.924729515415117,True,2023-03-16,1.9326810716717744,2.6183544067210462,student_t,BTC-USD,603,0.44051284373910193,0.15046562023905546,,-0.1844983212055629,2023-03-15,2021-11-01,6.071484681863976,12.307789830987478
-9.043081739297751,9.043081739297751,10.079480313020875,19.113359597999636,False,False,2495.007828038455,2511.866260432144,0,null,-1243.5039140192275,"{""alpha[1]"": 0.12412270757345259, ""beta[1]"": 0.8306246526084116, ""nu"": 2.662159350589811, ""omega"": 1.4218624794244341}",4.60663015631871,True,2023-03-17,1.8934953593833415,2.564940912017498,student_t,BTC-USD,604,0.7459677400301622,0.20789261217292004,,-0.1779921868075383,2023-03-16,2021-11-02,5.876273061305478,11.746179477994234
1.684365594244995,-1.684365594244995,12.448396165882885,24.182872925931985,False,False,2498.4063754599724,2515.2648078536613,0,null,-1245.2031877299862,"{""alpha[1]"": 0.14994030665921168, ""beta[1]"": 0.8262460953753166, ""nu"": 2.551547626700815, ""omega"": 1.6062513416379949}",5.871658930982557,True,2023-03-18,2.0902667850197694,2.7846226037665787,student_t,BTC-USD,605,0.2697363000544437,0.1280064209223393,,-0.16706119879942827,2023-03-17,2021-11-03,7.079091595333864,14.485007686478912
-3.9012512397318218,3.9012512397318218,11.438112804314043,21.905642687315574,False,False,2499.933601470361,2516.7920338640497,0,null,-1245.9668007351804,"{""alpha[1]"": 0.135202392897574, ""beta[1]"": 0.8300616968141987, ""nu"": 2.6181023186797323, ""omega"": 1.4606405647318312}",5.292930686286597,True,2023-03-19,2.0139154613180876,2.6950283152006826,student_t,BTC-USD,606,0.5250317872229691,0.1722610439243264,,-0.1696173688636974,2023-03-18,2021-11-04,6.59938450472755,13.324853152700802
0.9728058672660813,-0.9728058672660813,11.369527820541455,21.911357824634955,False,False,2500.9694883947504,2517.8279207884393,0,null,-1246.4847441973752,"{""alpha[1]"": 0.14305650123030575, ""beta[1]"": 0.8313146531056239, ""nu"": 2.589284714082084, ""omega"": 1.4590088456493528}",5.30434467549655,True,2023-03-20,2.0041926137534842,2.691238112939601,student_t,BTC-USD,607,0.277242115074268,0.12266759351577367,,-0.1569350595341256,2023-03-19,2021-11-05,6.517648168751436,13.239565218843437
-1.460725945293973,1.460725945293973,10.501861517042126,19.98066295560916,False,False,2501.8312950111954,2518.6897274048843,0,null,-1246.9156475055977,"{""alpha[1]"": 0.13060992605704982, ""beta[1]"": 0.834345647377658, ""nu"": 2.651375033606737, ""omega"": 1.3443397544963618}",4.8231265390240825,True,2023-03-21,1.9322652827206879,2.6074029202274884,student_t,BTC-USD,608,0.37796454341413954,0.1370163866966115,,-0.1578150454294325,2023-03-20,2021-11-06,6.098564922988811,12.240912724367165
3.130493477715248,-3.130493477715248,9.878100548753658,18.605892358279217,False,False,2502.5399122994627,2519.3983446931516,0,null,-1247.2699561497313,"{""alpha[1]"": 0.12382403534551333, ""beta[1]"": 0.8365843656573568, ""nu"": 2.7029266781709884, ""omega"": 1.251207626127921}",4.488852956930634,True,2023-03-22,1.8768261495981875,2.5427216652811557,student_t,BTC-USD,609,0.13315354293029824,0.08391081473620757,,-0.15620397522866492,2023-03-21,2021-11-07,5.793564336321211,11.521574951335998
-3.6902430912618254,3.6902430912618254,9.758380733315088,18.469006958569082,False,False,2502.3544502341974,2519.2128826278863,0,null,-1247.1772251170987,"{""alpha[1]"": 0.1263749922376875, ""beta[1]"": 0.8394344277438687, ""nu"": 2.6733719804601264, ""omega"": 1.2466150402959655}",4.451979789757516,True,2023-03-23,1.8621375755694278,2.5319726490412204,student_t,BTC-USD,610,0.46946228659913175,0.1506490963511319,,-0.16823049849045005,2023-03-22,2021-11-08,5.6990026407208,11.374666543851351
3.0119733185825446,-3.0119733185825446,9.842683009256412,18.83697660479141,False,False,2498.7490308835013,2515.60746327719,0,null,-1245.3745154417506,"{""alpha[1]"": 0.14591768252345058, ""beta[1]"": 0.8188054028809226, ""nu"": 2.61469663309951, ""omega"": 1.5689164662834783}",4.54522166748786,True,2023-03-24,1.8645276694274289,2.544245923563821,student_t,BTC-USD,611,0.13375611745622942,0.08448898061791353,,-0.1738111245010276,2023-03-23,2021-11-09,5.687095667707131,11.46087138037389
-0.005171583626765299,0.005171583626765299,9.504123207018477,17.96890759724785,False,False,2500.945250438048,2517.8036828317368,0,null,-1246.472625219024,"{""alpha[1]"": 0.13759922833701554, ""beta[1]"": 0.8228087782598211, ""nu"": 2.6751400600061603, ""omega"": 1.4258069151945365}",4.327914560710506,True,2023-03-25,1.8365572118332936,2.505052062174112,student_t,BTC-USD,612,0.278174103903547,0.11081370706502465,,-0.1780660513017524,2023-03-24,2021-11-10,5.558310494444171,11.076199122875689
-1.8008477908098797,1.8008477908098797,9.1373853390663,17.560691483324344,False,False,2498.5884643191725,2515.4468967128614,0,null,-1245.2942321595863,"{""alpha[1]"": 0.15075757539969278, ""beta[1]"": 0.815663926110913, ""nu"": 2.5908850882675725, ""omega"": 1.6415293702899116}",4.239463271119219,True,2023-03-26,1.787988497140542,2.471160907861592,student_t,BTC-USD,613,0.35302283652448563,0.12433810345964952,,-0.1720640750511791,2023-03-25,2021-11-11,5.2596089396798265,10.632962555155062
3.0997440046962264,-3.0997440046962264,8.712458762878578,16.483874754087726,False,False,2500.003733695903,2516.862166089592,0,null,-1246.0018668479515,"{""alpha[1]"": 0.13757438882888753, ""beta[1]"": 0.8215434819842248, ""nu"": 2.6698663963718356, ""omega"": 1.4420798484552808}",3.9690854088764236,True,2023-03-27,1.7492740027249805,2.41825147080412,student_t,BTC-USD,614,0.09964310203443769,0.07052161072422546,,-0.1683230298488732,2023-03-26,2021-11-12,5.092606045384978,10.151905077118766
-0.4714100075556037,0.4714100075556037,8.612586489088557,16.11556935618029,False,False,2501.9162660540323,2518.774698447721,0,null,-1246.9581330270162,"{""alpha[1]"": 0.1277439915383404, ""beta[1]"": 0.832152110153268, ""nu"": 2.7283817933387957, ""omega"": 1.2470089278283256}",3.8807985058355365,True,2023-03-28,1.7440738105292013,2.402962503609105,student_t,BTC-USD,615,0.2780074629305321,0.10514256663041288,,-0.1720624303522041,2023-03-27,2021-11-13,5.088739251055033,10.042846655485675
-3.8853399317625166,3.8853399317625166,8.157028358787006,15.127025120514272,False,False,2501.782723266657,2518.6411556603457,0,null,-1246.8913616333284,"{""alpha[1]"": 0.12310502521793906, ""beta[1]"": 0.8336221671780831, ""nu"": 2.7764251960795634, ""omega"": 1.1692557825061498}",3.645648885542551,True,2023-03-29,1.6949309658442067,2.3455187697040927,student_t,BTC-USD,616,0.4373672563412405,0.13400781527811184,,-0.17209480308030292,2023-03-28,2021-11-14,4.862005195062286,9.515441596048657
1.1169598732514263,-1.1169598732514263,8.439671851734452,15.56671204452545,False,False,2504.0417514115106,2520.9001838051995,0,null,-1248.0208757057553,"{""alpha[1]"": 0.11568045043917799, ""beta[1]"": 0.8461145964147474, ""nu"": 2.8118789532230615, ""omega"": 1.0115943320513245}",3.7599356342203696,True,2023-03-30,1.7318471390469767,2.3779268166431544,student_t,BTC-USD,617,0.1968795460542756,0.08733531372943269,,-0.16739434014437996,2023-03-29,2021-11-15,5.054550794336935,9.850491246194688
-1.5746414888453637,1.5746414888453637,8.13869315199039,15.075892221449795,False,False,2502.1237917084745,2518.9822241021634,0,null,-1247.0618958542373,"{""alpha[1]"": 0.11737246569053573, ""beta[1]"": 0.8456711583868604, ""nu"": 2.7857574512847174, ""omega"": 1.0275680772805278}",3.6366157241466466,True,2023-03-31,1.6931729886078832,2.3429999936430894,student_t,BTC-USD,618,0.3214862456104324,0.11070992241100586,,-0.16370967872156253,2023-03-30,2021-11-16,4.855083423363277,9.496350752255212
0.23712364301999053,-0.23712364301999053,7.968085218658031,14.89882424614655,False,False,2498.331320867791,2515.18975326148,0,null,-1245.1656604338955,"{""alpha[1]"": 0.12397086229871816, ""beta[1]"": 0.8375315848689856, ""nu"": 2.7356344653357016, ""omega"": 1.163753291369838}",3.5907277700430864,True,2023-04-01,1.6665190224096063,2.325075994809067,student_t,BTC-USD,619,0.22363053951649728,0.09056668979063903,,-0.14957590489359954,2023-03-31,2021-11-17,4.709734433349932,9.293792622083885
0.7480171827311686,-0.7480171827311686,7.562831147416002,14.01166706430886,False,False,2497.874586041536,2514.733018435225,0,null,-1244.937293020768,"{""alpha[1]"": 0.12072829799500477, ""beta[1]"": 0.8374306488516338, ""nu"": 2.7852233676076907, ""omega"": 1.0981367822426733}",3.3801719738816223,True,2023-04-02,1.619662110156491,2.2696950448367503,student_t,BTC-USD,620,0.18812900489034792,0.08076596596747343,,-0.1507363451640834,2023-04-01,2021-11-18,4.510597280538124,8.824613779478504
1.4613274163757475,-1.4613274163757475,7.316957996261069,13.64446828702172,False,False,2493.0313130802015,2509.8897454738903,0,null,-1242.5156565401007,"{""alpha[1]"": 0.12791115711332582, ""beta[1]"": 0.8230137689797868, ""nu"": 2.749709804607994, ""omega"": 1.2899118294874907}",3.2888442736078565,True,2023-04-03,1.5828528801628492,2.23888059804994,student_t,BTC-USD,621,0.14375639165781598,0.07073920767690804,,-0.1405476294489338,2023-04-02,2021-11-19,4.336455249532064,8.535248184066544
-1.3505585888011147,1.3505585888011147,7.180619463810288,13.396799801546269,False,False,2492.0379855138353,2508.896417907524,0,null,-1242.0189927569177,"{""alpha[1]"": 0.12872853505439605, ""beta[1]"": 0.8245912608812281, ""nu"": 2.7433270038176696, ""omega"": 1.2631359589097235}",3.226211780222039,True,2023-04-04,1.5639686220474611,2.2200856126309203,student_t,BTC-USD,622,0.28028356856715597,0.09724492958221632,,-0.1475636788900683,2023-04-03,2021-11-20,4.255112782542,8.37393436942051
-0.035120569583077264,0.035120569583077264,7.116090266014611,13.326468872323005,False,False,2490.492345494845,2507.3507778885337,0,null,-1241.2461727474224,"{""alpha[1]"": 0.13058387061500829, ""beta[1]"": 0.8257222431589775, ""nu"": 2.7207515327666245, ""omega"": 1.2662205891832305}",3.20670886077691,True,2023-04-05,1.5529096945585708,2.212246597927963,student_t,BTC-USD,623,0.21187682497021387,0.08330772809457475,,-0.1502190536343991,2023-04-04,2021-11-21,4.202415929821196,8.295652239874391
0.4761257346579407,-0.4761257346579407,6.856501204020155,12.815821654330914,False,False,2489.127769877002,2505.9862022706907,0,null,-1240.563884938501,"{""alpha[1]"": 0.13220567216109355, ""beta[1]"": 0.8266685551701614, ""nu"": 2.7305713069969753, ""omega"": 1.2052757550504323}",3.0838927448619486,True,2023-04-06,1.5168695241336732,2.1744156136411585,student_t,BTC-USD,624,0.17903378493228175,0.07517552569798365,,-0.14688356136743452,2023-04-05,2021-11-22,4.056801433303573,7.9936783044562985
0.422660089629551,-0.422660089629551,6.734291183870963,12.712279290651411,False,False,2485.149042429348,2502.007474823037,0,null,-1238.574521214674,"{""alpha[1]"": 0.14050622399369433, ""beta[1]"": 0.823869081508036, ""nu"": 2.67846098586996, ""omega"": 1.265236638532704}",3.0585664854585874,True,2023-04-07,1.4932216637641278,2.1597970608819566,student_t,BTC-USD,625,0.17618479235629445,0.07423723038485518,,-0.1393449099411868,2023-04-06,2021-11-23,3.946355936755437,7.846383128115063
-0.07851839441310486,0.07851839441310486,6.585885918366743,12.493695349871997,False,False,2482.990962081893,2499.849394475582,0,null,-1237.4954810409465,"{""alpha[1]"": 0.14773670175781692, ""beta[1]"": 0.8235922543587616, ""nu"": 2.6491198928094515, ""omega"": 1.2600093920529838}",3.0047573713517104,True,2023-04-08,1.4683535668844514,2.139013861553935,student_t,BTC-USD,626,0.19604434714850125,0.07747020121176797,,-0.14468647974373353,2023-04-07,2021-11-24,3.842368548556917,7.668501726763685
-1.3690692515611398,1.3690692515611398,6.409459108852267,12.206092330214643,False,False,2480.835107055904,2497.6935394495927,0,null,-1236.417553527952,"{""alpha[1]"": 0.15448244517474538, ""beta[1]"": 0.8241294679928584, ""nu"": 2.629450625087194, ""omega"": 1.2278993136762026}",2.937163254941694,True,2023-04-09,1.4390042532675298,2.1131630560894488,student_t,BTC-USD,627,0.2547217560238967,0.08829772917025985,,-0.14000169896022263,2023-04-08,2021-11-25,3.7253658689167892,7.4607036654648375
-4.5533646774644625,4.5533646774644625,6.3967501686236234,12.146290397802138,False,False,2480.1634045902447,2497.0218369839336,0,null,-1236.0817022951223,"{""alpha[1]"": 0.15188278889060303, ""beta[1]"": 0.8251330261928362, ""nu"": 2.6441430777760275, ""omega"": 1.1946406224982247}",2.9214297230531736,True,2023-04-10,1.4386922210540947,2.1101836689885127,student_t,BTC-USD,628,0.41410220384766766,0.12000982432208833,,-0.1407659280918908,2023-04-09,2021-11-26,3.7286793994888834,7.447617754744359
-1.9439489564169947,1.9439489564169947,7.55549743097961,14.477250739339459,False,False,2479.397034541512,2496.2554669352007,0,null,-1235.698517270756,"{""alpha[1]"": 0.14925995688503696, ""beta[1]"": 0.8204858945064892, ""nu"": 2.6135059302287362, ""omega"": 1.3815148556226309}",3.4971360160414653,True,2023-04-11,1.5990801894886717,2.2804286663521687,student_t,BTC-USD,629,0.3150997899126674,0.10743948185198046,,-0.1182844385309595,2023-04-10,2021-11-27,4.358046841836348,8.799999228781042
0.3180367836845122,-0.3180367836845122,7.532914981447341,14.483287387319153,False,False,2478.910341248911,2495.7687736426,0,null,-1235.4551706244556,"{""alpha[1]"": 0.15161269426823779, ""beta[1]"": 0.8210890524722178, ""nu"": 2.5961185695119253, ""omega"": 1.3991663813692123}",3.5011415350161252,True,2023-04-12,1.5941816875106025,2.2785623764858536,student_t,BTC-USD,630,0.20063165313672182,0.08452563903706344,,-0.11899263453961005,2023-04-11,2021-11-28,4.330669846418945,8.770600687390848
-0.8590133772499972,0.8590133772499972,7.501918734380805,14.72636704871193,False,False,2474.2923205403167,2491.1507529340056,0,null,-1233.1461602701584,"{""alpha[1]"": 0.17257537046119079, ""beta[1]"": 0.8201051839362632, ""nu"": 2.4947056615322545, ""omega"": 1.5763827652032896}",3.593299278268008,True,2023-04-13,1.5785173748069927,2.281265578511837,student_t,BTC-USD,631,0.25426417403392587,0.09571515224717789,,-0.12831578536168328,2023-04-12,2021-11-29,4.226270103428516,8.712501847467783
-0.28457979784425735,0.28457979784425735,7.237176459165423,14.115024454450174,False,False,2474.1437255171113,2491.0021579108,0,null,-1233.0718627585557,"{""alpha[1]"": 0.1654008842087538, ""beta[1]"": 0.8238637130933462, ""nu"": 2.5228741188466226, ""omega"": 1.4534054240818193}",3.429711161835999,True,2023-04-14,1.5463583740503504,2.2430819244913494,student_t,BTC-USD,632,0.21944898381493572,0.08694906037629895,,-0.12853809545083653,2023-04-13,2021-11-30,4.104399878454453,8.410326239785629
0.5499737167476948,-0.5499737167476948,6.950916898587774,13.50133312719449,False,False,2473.2217683751187,2490.0802007688076,0,null,-1232.6108841875593,"{""alpha[1]"": 0.16143409350847657, ""beta[1]"": 0.8286227093586931, ""nu"": 2.5414774132495213, ""omega"": 1.3293376271264146}",3.2734425170375987,True,2023-04-15,1.5083554907260326,2.201319523156008,student_t,BTC-USD,633,0.17042238643950883,0.07530993949059735,,-0.12517775137092083,2023-04-14,2021-12-01,3.9584214455378683,8.080967665807423
0.010359312238463658,-0.010359312238463658,6.619034788135786,12.691046546357585,False,False,2472.6909645392725,2489.5493969329614,0,null,-1232.3454822696362,"{""alpha[1]"": 0.1525725438859479, ""beta[1]"": 0.8312930825627697, ""nu"": 2.601631135304118, ""omega"": 1.175121930293028}",3.0615109284600996,True,2023-04-16,1.4669423055846513,2.147910093349614,student_t,BTC-USD,634,0.1904387881829841,0.07693275301660978,,-0.12706345495226196,2023-04-15,2021-12-02,3.819135075898142,7.7036346138994345
2.912872328082267,-2.912872328082267,6.342229570767608,12.08688030664985,False,False,2471.2929736433066,2488.1514060369955,0,null,-1231.6464868216533,"{""alpha[1]"": 0.15111818045795106, ""beta[1]"": 0.8326236406113923, ""nu"": 2.631236041030825, ""omega"": 1.0826230067450473}",2.911791863514244,True,2023-04-17,1.4277047398269356,2.1031171970046434,student_t,BTC-USD,635,0.03843146801523013,0.0447217050224293,,-0.12443871315410494,2023-04-16,2021-12-03,3.6815016883868688,7.385042830325193
-3.1836460981234604,3.1836460981234604,6.784912343281125,13.059970610816963,False,False,2469.441438744198,2486.299871137887,0,null,-1230.720719372099,"{""alpha[1]"": 0.15160393594607602, ""beta[1]"": 0.833691748682576, ""nu"": 2.5860143717175514, ""omega"": 1.1773221308594206}",3.155773540504008,True,2023-04-18,1.4892497370672695,2.174147443858511,student_t,BTC-USD,636,0.35409531892172497,0.11079646478103243,,-0.11979814067901927,2023-04-17,2021-12-04,3.898260280311033,7.896000379979774
5.3199536598988395,-5.3199536598988395,7.46853307934564,14.627174441684518,True,False,2464.224505769505,2481.082938163194,0,null,-1228.1122528847525,"{""alpha[1]"": 0.17822782490274186, ""beta[1]"": 0.8103716855642862, ""nu"": 2.5147368020133967, ""omega"": 1.600082733546368}",3.56676834309131,True,2023-04-19,4.541332833054851,2.276530823955721,student_t,BTC-USD,637,1.052435243192202,0.03363464967839961,,-0.09630916231080659,2023-04-18,2021-12-05,4.212127088117574,8.683418627738797
2.0211126645479265,-2.0211126645479265,8.509724634327458,16.434132311278855,False,False,2470.0710161894576,2486.9294485831465,0,null,-1231.0355080947288,"{""alpha[1]"": 0.1687780284774945, ""beta[1]"": 0.8002076155738653, ""nu"": 2.581834166103894, ""omega"": 1.6259245708125627}",3.982617316155334,True,2023-04-20,1.7131054453088614,2.4023446255890684,student_t,BTC-USD,638,0.14227818166345343,0.07888409707078374,,-0.10763140892408106,2023-04-19,2021-12-06,4.866676297816992,9.909522371626293
3.491087727202688,-3.491087727202688,8.38769364370521,16.37138373081598,False,False,2469.2344789253902,2486.092911319079,0,null,-1230.6172394626951,"{""alpha[1]"": 0.17941033430217937, ""beta[1]"": 0.8007682633228183, ""nu"": 2.528246576078011, ""omega"": 1.7221253195988058}",3.983480360402276,True,2023-04-21,1.6928435774071176,2.3913292255484806,student_t,BTC-USD,639,0.06285005081229425,0.062628895346943,,-0.11653133962447548,2023-04-20,2021-12-07,4.748088743448572,9.753977261896983
-1.9624756565563302,1.9624756565563302,8.362435528272302,15.994526759632247,False,False,2472.4244483769,2489.2828807705887,0,null,-1232.21222418845,"{""alpha[1]"": 0.16547030107018326, ""beta[1]"": 0.7956333444665319, ""nu"": 2.6246841724262797, ""omega"": 1.601591614612721}",3.8637934745127733,True,2023-04-22,1.701446226341138,2.3813929156644833,student_t,BTC-USD,640,0.33967127404281167,0.11705482923788801,,-0.12397740862822658,2023-04-21,2021-12-08,4.830949824299897,9.74300726723246
0.8161741213787365,-0.8161741213787365,7.975647769804098,14.99864754329843,False,False,2473.570020819594,2490.428453213283,0,null,-1232.785010409797,"{""alpha[1]"": 0.15506091353093504, ""beta[1]"": 0.7947747645209771, ""nu"": 2.713869536501828, ""omega"": 1.4697231483493645}",3.6207482799276143,True,2023-04-23,1.6636662584508883,2.3283593506225646,student_t,BTC-USD,641,0.19338557830430836,0.08488976575888706,,-0.11928060006886416,2023-04-22,2021-12-09,4.6838856874649,9.305150697267434
0.23965485640801165,-0.23965485640801165,7.729216944470216,14.718758888149729,False,False,2468.5280231193055,2485.3864555129944,0,null,-1230.2640115596528,"{""alpha[1]"": 0.16036497438389963, ""beta[1]"": 0.7952790089679508, ""nu"": 2.6488776351179, ""omega"": 1.5653244484384665}",3.5547662818172774,True,2023-04-24,1.625075480300152,2.3012599953759976,student_t,BTC-USD,642,0.2121907984109305,0.08770245001181833,,-0.1093686371509752,2023-04-23,2021-12-10,4.483470824626618,9.009899857589836
-2.8023207756039925,2.8023207756039925,7.294731346234172,13.767360453881205,False,False,2468.0552187104813,2484.91365110417,0,null,-1230.0276093552407,"{""alpha[1]"": 0.15453200620724467, ""beta[1]"": 0.7977655747608717, ""nu"": 2.6947181280861368, ""omega"": 1.4470481739374506}",3.323073403756763,True,2023-04-25,1.5723838222668265,2.240330823842366,student_t,BTC-USD,643,0.35357135553048713,0.1131096555334955,,-0.10804078298053597,2023-04-24,2021-12-11,4.269106335005744,8.508644777745547
-0.40579258818099717,0.40579258818099717,7.547229908754548,14.34063591378893,False,False,2466.5321119425325,2483.3905443362214,0,null,-1229.2660559712663,"{""alpha[1]"": 0.15520525102287017, ""beta[1]"": 0.7999116352420736, ""nu"": 2.658878185769798, ""omega"": 1.501480706812792}",3.4618645105386445,True,2023-04-26,1.6025802723343627,2.276630498327956,student_t,BTC-USD,644,0.23968748055377057,0.09204250532452869,,-0.11121218956853052,2023-04-25,2021-12-12,4.38795702289441,8.798457944271863
-3.6313132845173546,3.6313132845173546,7.23639431650195,13.7309405657736,False,False,2465.5213822170945,2482.3798146107833,0,null,-1228.7606911085472,"{""alpha[1]"": 0.1546031246614716, ""beta[1]"": 0.8024051001681984, ""nu"": 2.663821942990224, ""omega"": 1.4432820602466065}",3.3128660780140002,True,2023-04-27,1.5614487217496094,2.23400326171614,student_t,BTC-USD,645,0.3922625697643985,0.12066937764774956,,-0.11335992596382324,2023-04-26,2021-12-13,4.213938110770609,8.43562448025759
0.4540602868508199,-0.4540602868508199,7.786436308515196,14.914499923210377,False,False,2462.3651216900153,2479.223554083704,0,null,-1227.1825608450076,"{""alpha[1]"": 0.1593275746351313, ""beta[1]"": 0.7984787586319227, ""nu"": 2.624634218341037, ""omega"": 1.5866359826787715}",3.6085933509349433,True,2023-04-28,1.6287954312479638,2.310855772583099,student_t,BTC-USD,646,0.20170680879513886,0.08621739299755833,,-0.09220902533222723,2023-04-27,2021-12-14,4.488196462753593,9.075799586606646
0.31328032449522725,-0.31328032449522725,7.331749189170639,13.870740890182901,False,False,2462.578739260975,2479.437171654664,0,null,-1227.2893696304875,"{""alpha[1]"": 0.15140808262186245, ""beta[1]"": 0.7999781937098062, ""nu"": 2.687299159688964, ""omega"": 1.455050033927306}",3.3518275730640954,True,2023-04-29,1.575748114389821,2.246446891237138,student_t,BTC-USD,647,0.19825222766454204,0.08240323457679992,,-0.09258218037862843,2023-04-28,2021-12-15,4.278324877786065,8.553603782175212
-0.0694439510357295,0.0694439510357295,7.160977121227868,13.666541403940533,False,False,2457.5790375132956,2474.4374699069845,0,null,-1224.7895187566478,"{""alpha[1]"": 0.15411301276151237, ""beta[1]"": 0.8047931135419625, ""nu"": 2.637064314706552, ""omega"": 1.4733529480082324}",3.3010967757909007,True,2023-04-30,1.5475087822445301,2.2256090372555684,student_t,BTC-USD,648,0.21073319661321413,0.08415032597594958,,-0.10277649664873788,2023-04-29,2021-12-16,4.145219981228549,8.345588646559222
4.105285623717641,-4.105285623717641,7.0037565491297,13.520827930924314,True,False,2455.082892442985,2471.941324836674,0,null,-1223.5414462214926,"{""alpha[1]"": 0.16202103166267076, ""beta[1]"": 0.8102537082452612, ""nu"": 2.5805714366601333, ""omega"": 1.4719217488813923}",3.274679616753997,True,2023-05-01,1.7957680871511528,2.207310335848843,student_t,BTC-USD,649,0.0921577459562855,0.040488421644496654,,-0.09753679590694818,2023-04-30,2021-12-17,4.008277470079446,8.154127788167303
-2.0749270291394675,2.0749270291394675,7.821075421759017,15.336988172478161,False,False,2456.0575765027997,2472.9160088964886,0,null,-1224.0287882513999,"{""alpha[1]"": 0.1718229211143895, ""beta[1]"": 0.8127188980763487, ""nu"": 2.509335339207126, ""omega"": 1.6182965150504427}",3.742857191702467,True,2023-05-02,1.6200612767817058,2.323100787188712,student_t,BTC-USD,650,0.3240031684408937,0.11167205086341801,,-0.09951134850314232,2023-05-01,2021-12-18,4.405136339678401,9.092278057202323
-1.129460084672254,1.129460084672254,7.813778330677222,15.373753202024814,False,False,2456.8679477796854,2473.7263801733743,0,null,-1224.4339738898427,"{""alpha[1]"": 0.1754188788349638, ""beta[1]"": 0.8117884987043057, ""nu"": 2.4945849786280654, ""omega"": 1.6712864923242312}",3.7601494310696264,True,2023-05-03,1.6172132131875778,2.3233103628483307,student_t,BTC-USD,651,0.27577629824285205,0.10209946581938213,,-0.0981412335782745,2023-05-02,2021-12-19,4.386065880184782,9.08048649726595
0.5482697816661776,-0.5482697816661776,7.43751962025016,14.39500845523873,False,False,2457.8501339887016,2474.7085663823905,0,null,-1224.9250669943508,"{""alpha[1]"": 0.16138558591401797, ""beta[1]"": 0.8096968192289252, ""nu"": 2.5707806583880215, ""omega"": 1.5350527242362404}",3.490788812364821,True,2023-05-04,1.5772166908351828,2.268391325525184,student_t,BTC-USD,652,0.18480842873539322,0.08110469078038396,,-0.09527620737103554,2023-05-03,2021-12-20,4.244438356374038,8.658738859704567
-2.352452363071682,2.352452363071682,7.070616059037119,13.52896728300782,False,False,2457.9628606971546,2474.8212930908435,0,null,-1224.9814303485773,"{""alpha[1]"": 0.15478648879423224, ""beta[1]"": 0.809303570363332, ""nu"": 2.6253935318549457, ""omega"": 1.4246107186204904}",3.2700056730366915,True,2023-05-05,1.5332554562516432,2.2138460534660935,student_t,BTC-USD,653,0.3217187234666938,0.10591768532129016,,-0.09711328301123287,2023-05-04,2021-12-21,4.081922106262188,8.239316169057323
2.1553620517519305,-2.1553620517519305,7.349353131311776,14.283512713096313,False,False,2455.141634828462,2472.000067222151,0,null,-1223.570817414231,"{""alpha[1]"": 0.1658359745657723, ""beta[1]"": 0.8106348810868699, ""nu"": 2.5487013393654703, ""omega"": 1.5539591140218667}",3.4683938000037093,True,2023-05-06,1.5630886476195918,2.2577538145452962,student_t,BTC-USD,654,0.1011285686828032,0.06395432832452501,,-0.1009941368604946,2023-05-05,2021-12-22,4.177933425407993,8.550794884204427
1.567841231113875,-1.567841231113875,7.216569622798532,13.817642426413963,False,False,2456.9190420582154,2473.7774744519043,0,null,-1224.4595210291077,"{""alpha[1]"": 0.15560289509741937, ""beta[1]"": 0.8068739335110245, ""nu"": 2.620260630649704, ""omega"": 1.479814490043119}",3.3391453544236835,True,2023-05-07,1.5534083741774074,2.2344283000716163,student_t,BTC-USD,655,0.12981631184562314,0.06839946679825912,,-0.10404169408475057,2023-05-06,2021-12-23,4.164167468026336,8.407787910939781
2.7097480307713444,-2.7097480307713444,7.3647219006042715,14.457076532820455,False,False,2452.2988535857767,2469.1572859794655,0,null,-1222.1494267928883,"{""alpha[1]"": 0.18462900871904867, ""beta[1]"": 0.8037358825998628, ""nu"": 2.4977988507926687, ""omega"": 1.7257261283706467}",3.528441468018997,True,2023-05-08,1.5598368867660235,2.2629724971010363,student_t,BTC-USD,656,0.07187945173082379,0.05845783271942324,,-0.11585376440989828,2023-05-07,2021-12-24,4.147337065387819,8.555531302713662
0.12826051181418918,-0.12826051181418918,7.387523866468041,14.246412605784702,False,False,2455.1947082156184,2472.0531406093073,0,null,-1223.5973541078092,"{""alpha[1]"": 0.16740552160618685, ""beta[1]"": 0.7984559395653451, ""nu"": 2.5798116143592162, ""omega"": 1.6510787978471106}",3.4460290181836792,True,2023-05-09,1.5730972690223073,2.2600048466200895,student_t,BTC-USD,657,0.20535206572408046,0.08469445486287791,,-0.12142150360495382,2023-05-08,2021-12-25,4.235301826295795,8.597705998101972
0.13393336386884455,-0.13393336386884455,7.055273841408793,13.506934227075723,False,False,2455.1115667579356,2471.9699991516245,0,null,-1223.5557833789678,"{""alpha[1]"": 0.16148945703423515, ""beta[1]"": 0.8008174847438861, ""nu"": 2.6145598392798703, ""omega"": 1.5432932330187612}",3.260235443422634,True,2023-05-10,1.5312877065118085,2.21147767234189,student_t,BTC-USD,658,0.19702870534680555,0.0808198992574817,,-0.12012807919075094,2023-05-09,2021-12-26,4.074507470804952,8.215923289617008
2.2737627877745687,-2.2737627877745687,6.766342408507541,12.873884790908471,False,False,2454.6983666531796,2471.5567990468685,0,null,-1223.3491833265898,"{""alpha[1]"": 0.1582228166213696, ""beta[1]"": 0.8032318492602298, ""nu"": 2.6437456739554817, ""omega"": 1.4418280898900686}",3.103097757470675,True,2023-05-11,1.493117558321674,2.1674798968316322,student_t,BTC-USD,659,0.08292718345005559,0.05608647447809156,,-0.12189598690445583,2023-05-10,2021-12-27,3.932306456775679,7.88241023558372
0.7278017151397057,-0.7278017151397057,6.736617447111861,12.614978634208528,False,False,2456.4043813674934,2473.2628137611823,0,null,-1224.2021906837467,"{""alpha[1]"": 0.14884666626075288, ""beta[1]"": 0.8000041575205387, ""nu"": 2.727573829087655, ""omega"": 1.3733140186467452}",3.039933495386733,True,2023-05-12,1.4977797033418279,2.1576963926743646,student_t,BTC-USD,660,0.16241482685066505,0.07128952104292788,,-0.1257767882876536,2023-05-11,2021-12-28,3.9760982521530037,7.8567538194324875
0.07804617882665423,-0.07804617882665423,6.609322072047191,12.423029800217844,False,False,2450.25004856922,2467.1084809629087,0,null,-1221.12502428461,"{""alpha[1]"": 0.1507422780385914, ""beta[1]"": 0.7985700201029087, ""nu"": 2.7102855806900443, ""omega"": 1.409898345099381}",2.9949170511012078,True,2023-05-13,1.4763987179680607,2.1400119115042924,student_t,BTC-USD,661,0.19038453959139892,0.0762994589073442,,-0.11480210641560104,2023-05-12,2021-12-29,3.8857369706546296,7.707992069561068
-0.545701139058758,0.545701139058758,6.469343613786015,12.261916247857474,False,False,2447.9193304755026,2464.7777628691915,0,null,-1219.9596652377513,"{""alpha[1]"": 0.15645881157285932, ""beta[1]"": 0.8036517528770937, ""nu"": 2.6662233655455134, ""omega"": 1.3800489896486139}",2.956231028549534,True,2023-05-14,1.4502307480780208,2.1214322461073634,student_t,BTC-USD,662,0.21591691504678492,0.08085970676200364,,-0.1100909963830884,2023-05-13,2021-12-30,3.7726371618769368,7.540269537141599
-0.9683688161292183,0.9683688161292183,6.338992897682424,12.047539933574118,False,False,2446.718105631302,2463.576538024991,0,null,-1219.359052815651,"{""alpha[1]"": 0.15989867890210036, ""beta[1]"": 0.8068877563281739, ""nu"": 2.65027459201321, ""omega"": 1.335339750057031}",2.904068434776439,True,2023-05-15,1.4284467965726368,2.1019088345459584,student_t,BTC-USD,663,0.2327965719124022,0.08354093298084465,,-0.11213314184544432,2023-05-14,2021-12-31,3.6875626221188216,7.38572448195524
0.5754943279032058,-0.5754943279032058,6.268475576067804,11.941315811820717,False,False,2445.7090470221556,2462.5674794158444,0,null,-1218.8545235110778,"{""alpha[1]"": 0.16177371213880137, ""beta[1]"": 0.8097251761167995, ""nu"": 2.6399558492274067, ""omega"": 1.2989692874629553}",2.8801368216518544,True,2023-05-16,1.4158367825285718,2.091581616348564,student_t,BTC-USD,664,0.15310622677651,0.06727543503536562,,-0.10646656965965332,2023-05-15,2022-01-01,3.6376188634334032,7.303037831439762
-1.3305949170913682,1.3305949170913682,6.253451451194435,12.092293290601102,False,False,2442.406766924155,2459.265199317844,0,null,-1217.2033834620775,"{""alpha[1]"": 0.17597573635953798, ""beta[1]"": 0.8131021760391841, ""nu"": 2.5625227297608504, ""omega"": 1.3425667070915863}",2.926024609303748,True,2023-05-17,1.4051696634605682,2.0940593998595753,student_t,BTC-USD,665,0.2453897510749257,0.08604001326743127,,-0.1134923049471732,2023-05-16,2022-01-02,3.577200104407142,7.273406409651752
2.0896322938781307,-2.0896322938781307,6.180660995201031,11.817799925233865,False,False,2443.1315730748,2459.990005468489,0,null,-1217.5657865374,"{""alpha[1]"": 0.1670457620321886, ""beta[1]"": 0.8123232203467037, ""nu"": 2.61920919635936, ""omega"": 1.262481391470046}",2.850999633788575,True,2023-05-18,1.3997454485605436,2.0786330229986723,student_t,BTC-USD,666,0.0742384483791628,0.05107717012843712,,-0.10939330423298613,2023-05-17,2022-01-03,3.5744012614613854,7.197349306721838
-0.21562704348482797,0.21562704348482797,6.350972915900038,12.142767155367352,False,False,2443.4717474848694,2460.3301798785583,0,null,-1217.7358737424347,"{""alpha[1]"": 0.16561642907937585, ""beta[1]"": 0.8115711340737723, ""nu"": 2.620507697201514, ""omega"": 1.2841490690245796}",2.929903546962139,True,2023-05-19,1.426895852297874,2.105844459920585,student_t,BTC-USD,667,0.19441587138438216,0.07611917213427254,,-0.10978964148374212,2023-05-18,2022-01-04,3.672690384202812,7.39629016994242
-0.886560031316155,0.886560031316155,6.125159746949447,11.672888467088297,False,False,2442.513470603087,2459.371902996776,0,null,-1217.2567353015436,"{""alpha[1]"": 0.1654476371522109, ""beta[1]"": 0.8141991984496687, ""nu"": 2.636751543401736, ""omega"": 1.1968655537854982}",2.814898430836335,True,2023-05-20,1.3925596998844831,2.0685306034195126,student_t,BTC-USD,668,0.22200506215366247,0.08021749394469137,,-0.10693060046293716,2023-05-19,2022-01-05,3.55354121175709,7.135189363152975
1.394736682829469,-1.394736682829469,6.166260398309142,11.940717986062587,False,False,2436.8545430621775,2453.7129754558664,0,null,-1214.4272715310888,"{""alpha[1]"": 0.17810564600322568, ""beta[1]"": 0.8171279554382449, ""nu"": 2.5622399163725964, ""omega"": 1.2554181144050767}",2.8936437896723692,True,2023-05-21,1.389882020419523,2.0808227542710993,student_t,BTC-USD,669,0.10624498817010625,0.05780064804815088,,-0.09474422270710531,2023-05-20,2022-01-06,3.519636446231592,7.174801487644553
-0.36358955757806904,0.36358955757806904,6.097943140180445,11.71174176414316,False,False,2437.2644034791483,2454.122835872837,0,null,-1214.6322017395742,"{""alpha[1]"": 0.17236242551925823, ""beta[1]"": 0.816032980333194, ""nu"": 2.601720601622049, ""omega"": 1.2031958795922324}",2.830522605310081,True,2023-05-22,1.3834402617885795,2.066884773836091,student_t,BTC-USD,670,0.1936443578653925,0.07464335033944075,,-0.0956516366155108,2023-05-21,2022-01-07,3.509297599729777,7.100745476366
-1.3848962615750553,1.3848962615750553,,,,,,,,"{""error"": ""fit violated GARCH constraints: omega=1.2826245372114935, alpha=0.18347769425939744, beta=0.8165223057406027"", ""error_type"": ""GarchFitError"", ""forecast_date"": ""2023-05-23"", ""innovation"": ""student_t"", ""instrument"": ""BTC-USD"", ""origin_index"": 671}",,null,,False,2023-05-23,,,student_t,BTC-USD,671,,,,-0.08735485976916588,2023-05-22,2022-01-08,,
3.327040018377072,-3.327040018377072,,,,,,,,"{""error"": ""fit violated GARCH constraints: omega=1.2183391739315261, alpha=0.18180189552800982, beta=0.8181981044719902"", ""error_type"": ""GarchFitError"", ""forecast_date"": ""2023-05-24"", ""innovation"": ""student_t"", ""instrument"": ""BTC-USD"", ""origin_index"": 672}",,null,,False,2023-05-24,,,student_t,BTC-USD,672,,,,-0.08543047691013388,2023-05-23,2022-01-09,,
-0.5354526209934903,0.5354526209934903,6.661900014691596,12.78523610495645,False,False,2437.4307061874706,2454.2891385811595,0,null,-1214.7153530937353,"{""alpha[1]"": 0.1725530474905305, ""beta[1]"": 0.8115549113749128, ""nu"": 2.6097113194620016, ""omega"": 1.2552966926750158}",3.0916834656158447,True,2023-05-25,1.4720491959946695,2.1552850805383654,student_t,BTC-USD,673,0.21851692442108595,0.08296014284411994,,-0.09293414398692271,2023-05-24,2022-01-10,3.8348858674282242,7.760561663418497
-0.9139332685534542,0.9139332685534542,6.363769292933153,12.109695169750877,False,False,2437.2466421023337,2454.1050744960226,0,null,-1214.6233210511668,"{""alpha[1]"": 0.16603686597160452, ""beta[1]"": 0.8147832153797151, ""nu"": 2.652128152616651, ""omega"": 1.1465895001283868}",2.9241503783674623,True,2023-05-26,1.4311344404540733,2.1066042204383093,student_t,BTC-USD,674,0.2304093889599842,0.08332306311684332,,-0.09143167639527701,2023-05-25,2022-01-11,3.6942545106462252,7.41837304313087
-0.5563330344770984,0.5563330344770984,6.278644662534276,12.017422591519008,False,False,2435.6697722652666,2452.5282046589555,0,null,-1213.8348861326333,"{""alpha[1]"": 0.1698034483424563, ""beta[1]"": 0.818102891503299, ""nu"": 2.6207662469595587, ""omega"": 1.137618406228495}",2.9032199060914112,True,2023-05-27,1.4144723314946344,2.0950186523365844,student_t,BTC-USD,675,0.20905544108062452,0.07870871564079976,,-0.09393049198563239,2023-05-26,2022-01-12,3.6247757871353885,7.314538529602871
-4.4309499726291905,4.4309499726291905,,,,,,,,"{""error"": ""fit violated GARCH constraints: omega=1.1501919002893055, alpha=0.17746967132928881, beta=0.8225303286707112"", ""error_type"": ""GarchFitError"", ""forecast_date"": ""2023-05-28"", ""innovation"": ""student_t"", ""instrument"": ""BTC-USD"", ""origin_index"": 676}",,null,,False,2023-05-28,,,student_t,BTC-USD,676,,,,-0.0984166073636152,2023-05-27,2022-01-13,,
1.2171112080467328,-1.2171112080467328,,,,,,,,"{""error"": ""fit violated GARCH constraints: omega=1.377516167640438, alpha=0.18467295702308056, beta=0.8153270429769195"", ""error_type"": ""GarchFitError"", ""forecast_date"": ""2023-05-29"", ""innovation"": ""student_t"", ""instrument"": ""BTC-USD"", ""origin_index"": 677}",,null,,False,2023-05-29,,,student_t,BTC-USD,677,,,,-0.08327954182787028,2023-05-28,2022-01-14,,
0.15702994490848324,-0.15702994490848324,,,,,,,,"{""error"": ""fit violated GARCH constraints: omega=1.322671062414548, alpha=0.1802888027228404, beta=0.8197111972771596"", ""error_type"": ""GarchFitError"", ""forecast_date"": ""2023-05-30"", ""innovation"": ""student_t"", ""instrument"": ""BTC-USD"", ""origin_index"": 678}",,null,,False,2023-05-30,,,student_t,BTC-USD,678,,,,-0.08808569718663627,2023-05-29,2022-01-15,,
1.7577792714320604,-1.7577792714320604,,,,,,,,"{""error"": ""fit violated GARCH constraints: omega=1.1797884944258286, alpha=0.17315767318017716, beta=0.8268423268198228"", ""error_type"": ""GarchFitError"", ""forecast_date"": ""2023-05-31"", ""innovation"": ""student_t"", ""instrument"": ""BTC-USD"", ""origin_index"": 679}",,null,,False,2023-05-31,,,student_t,BTC-USD,679,,,,-0.08875998820205099,2023-05-30,2022-01-16,,
1.4792581995917102,-1.4792581995917102,6.718396257473955,12.947873276743273,False,False,2436.0126374816036,2452.8710698752925,0,null,-1214.0063187408018,"{""alpha[1]"": 0.16728385604336157, ""beta[1]"": 0.8264507798800907, ""nu"": 2.5894866251110806, ""omega"": 1.1087235935254534}",3.134595286173953,True,2023-06-01,1.4780799628783838,2.1651684053174307,student_t,BTC-USD,680,0.11859656861439169,0.06344324046116324,,-0.09198110426855909,2023-05-31,2022-01-17,3.851189571879542,7.823582245708029
-1.5891611084291914,1.5891611084291914,6.622242935987159,12.777634868324668,False,False,2435.2859331133627,2452.1443655070516,0,null,-1213.6429665566814,"{""alpha[1]"": 0.16806084967752438, ""beta[1]"": 0.8273283268325431, ""nu"": 2.5836070984636907, ""omega"": 1.1019724727106834}",3.0944128418884693,True,2023-06-02,1.4630021853610051,2.151145551087015,student_t,BTC-USD,681,0.2690422951929818,0.09299814447521701,,-0.09089410632790904,2023-06-01,2022-01-18,3.791684795430439,7.710653339092501
0.6422915452827009,-0.6422915452827009,6.489777945054594,12.362936897236578,False,False,2435.8855099467414,2452.7439423404303,0,null,-1213.9427549733707,"{""alpha[1]"": 0.16049187197349105, ""beta[1]"": 0.8236501557448013, ""nu"": 2.648368996819938, ""omega"": 1.0594284635097362}",2.986695111693959,True,2023-06-03,1.4500095948449023,2.1266629322638715,student_t,BTC-USD,682,0.1560180108178888,0.06923330025370031,,-0.08830700596119662,2023-06-02,2022-01-19,3.762651761640474,7.565621570652725
-0.16214839753146695,0.16214839753146695,6.262179074535977,11.89734379872771,False,False,2434.5460743217154,2451.4045067154043,0,null,-1213.2730371608577,"{""alpha[1]"": 0.16089653796777545, ""beta[1]"": 0.8228430103747829, ""nu"": 2.661847799834141, ""omega"": 1.030176209716368}",2.8733489991116157,True,2023-06-04,1.4158618996226955,2.0900377235271015,student_t,BTC-USD,683,0.1901282002213044,0.07463816673227172,,-0.08658960696554774,2023-06-03,2022-01-20,3.6404156068946176,7.301668275695699
5.141034569937813,-5.141034569937813,6.094101852834792,11.648740474393268,True,False,2432.0257790874853,2448.884211481174,0,null,-1212.0128895437426,"{""alpha[1]"": 0.16678518766519884, ""beta[1]"": 0.824039692943007, ""nu"": 2.631589098509595, ""omega"": 1.0233676659522977}",2.8156661311735576,True,2023-06-05,6.701054256953599,2.064930326620656,student_t,BTC-USD,684,1.5387986894999666,0.019615783583515112,,-0.08110196155259314,2023-06-04,2022-01-21,3.5212464757273216,7.1026129282893224
-5.581511856745198,5.581511856745198,7.435677472502848,14.182344174218073,False,False,2428.203834671967,2445.0622670656558,0,null,-1210.1019173359834,"{""alpha[1]"": 0.16382446762797342, ""beta[1]"": 0.8250782567463031, ""nu"": 2.6526158908579522, ""omega"": 1.0235984939863032}",3.4337663723660166,True,2023-06-06,1.5847174953944538,2.263622447724414,student_t,BTC-USD,685,0.4941257210323321,0.14255782790424204,,-0.06946309410678017,2023-06-05,2022-01-22,4.301002563901434,8.674270933678992
3.3325424111475357,-3.3325424111475357,,,,,,,,"{""error"": ""fit violated GARCH constraints: omega=1.15478174114493, alpha=0.1808602518589643, beta=0.8191397481410357"", ""error_type"": ""GarchFitError"", ""forecast_date"": ""2023-06-07"", ""innovation"": ""student_t"", ""instrument"": ""BTC-USD"", ""origin_index"": 686}",,null,,False,2023-06-07,,,student_t,BTC-USD,686,,,,-0.05031403262673191,2023-06-06,2022-01-23,,
-0.6138366063675319,0.6138366063675319,,,,,,,,"{""error"": ""fit violated GARCH constraints: omega=1.282007099917255, alpha=0.18806156059202755, beta=0.8119384394079725"", ""error_type"": ""GarchFitError"", ""forecast_date"": ""2023-06-08"", ""innovation"": ""student_t"", ""instrument"": ""BTC-USD"", ""origin_index"": 687}",,null,,False,2023-06-08,,,student_t,BTC-USD,687,,,,-0.06397243220801985,2023-06-07,2022-01-24,,
0.10508601424556042,-0.10508601424556042,,,,,,,,"{""error"": ""fit violated GARCH constraints: omega=1.2643597529403998, alpha=0.18308651124720235, beta=0.8169134887527978"", ""error_type"": ""GarchFitError"", ""forecast_date"": ""2023-06-09"", ""innovation"": ""student_t"", ""instrument"": ""BTC-USD"", ""origin_index"": 688}",,null,,False,2023-06-09,,,student_t,BTC-USD,688,,,,-0.06481535241386802,2023-06-08,2022-01-25,,
2.404531469197803,-2.404531469197803,,,,,,,,"{""error"": ""fit violated GARCH constraints: omega=1.2300279224663135, alpha=0.1788129742097497, beta=0.8211870257902503"", ""error_type"": ""GarchFitError"", ""forecast_date"": ""2023-06-10"", ""innovation"": ""student_t"", ""instrument"": ""BTC-USD"", ""origin_index"": 689}",,null,,False,2023-06-10,,,student_t,BTC-USD,689,,,,-0.06665402180639632,2023-06-09,2022-01-26,,
-0.3434076248487445,0.3434076248487445,7.848585320952273,15.211588565416188,False,False,2431.2233670168644,2448.0817994105532,0,null,-1211.6116835084322,"{""alpha[1]"": 0.17835105278626562, ""beta[1]"": 0.8216489472137343, ""nu"": 2.573036586869268, ""omega"": 1.1736786996993898}",3.6954897142568024,True,2023-06-11,1.6296354434354572,2.323090658596154,student_t,BTC-USD,690,0.24058120289776788,0.09486076093667367,,-0.07091091985758866,2023-06-10,2022-01-27,4.468216433106609,9.142668468818615
0.14531650126921727,-0.14531650126921727,,,,,,,,"{""error"": ""fit violated GARCH constraints: omega=1.1280414018096172, alpha=0.17583775212996933, beta=0.8241622478700307"", ""error_type"": ""GarchFitError"", ""forecast_date"": ""2023-06-12"", ""innovation"": ""student_t"", ""instrument"": ""BTC-USD"", ""origin_index"": 691}",,null,,False,2023-06-12,,,student_t,BTC-USD,691,,,,-0.07177087218469157,2023-06-11,2022-01-28,,
-0.06263269704423899,0.06263269704423899,7.147892201423896,13.851515565386581,False,False,2429.799510114163,2446.6579425078517,0,null,-1210.8997550570814,"{""alpha[1]"": 0.17456554350393752, ""beta[1]"": 0.8254344564960624, ""nu"": 2.5701333428532602, ""omega"": 1.1299311648422845}",3.3630946731177804,True,2023-06-13,1.5364440338509056,2.229347711505096,student_t,BTC-USD,692,0.2067130819995859,0.0838674333060059,,-0.07551100620398968,2023-06-12,2022-01-29,4.071628942947475,8.324110633556344
3.111535405703875,-3.111535405703875,,,,,,,,"{""error"": ""fit violated GARCH constraints: omega=1.0842157798108032, alpha=0.17364574778558695, beta=0.8263542522144132"", ""error_type"": ""GarchFitError"", ""forecast_date"": ""2023-06-14"", ""innovation"": ""student_t"", ""instrument"": ""BTC-USD"", ""origin_index"": 693}",,null,,False,2023-06-14,,,student_t,BTC-USD,693,,,,-0.07725001116168848,2023-06-13,2022-01-30,,
-1.781937541029203,1.781937541029203,7.03401628666988,13.43511217351851,False,False,2431.8512051270163,2448.709637520705,0,null,-1211.9256025635082,"{""alpha[1]"": 0.16410447180624552, ""beta[1]"": 0.8267727063718173, ""nu"": 2.6394767936422525, ""omega"": 1.024255649433614}",3.249579216249676,True,2023-06-15,1.5287534866531942,2.2082941574212667,student_t,BTC-USD,694,0.29237841333002945,0.09983033189004466,,-0.08231299267640592,2023-06-14,2022-01-31,4.065630725571381,8.201095647975254
-2.8942773289390344,2.8942773289390344,6.901764851612976,13.104606213852259,False,False,2432.0031553920144,2448.8615877857033,0,null,-1212.0015776960072,"{""alpha[1]"": 0.1606447203728822, ""beta[1]"": 0.8256446300891568, ""nu"": 2.6700346201119753, ""omega"": 1.0027447526874516}",3.168078654618134,True,2023-06-16,1.5131457549571046,2.1873106110269283,student_t,BTC-USD,695,0.34533733507223385,0.1094505052630103,,-0.08170999921026333,2023-06-15,2022-02-01,4.012469372505637,8.050773197361986
-0.6934900769532779,0.6934900769532779,7.022675009626086,13.162014339643818,False,False,2433.983794636486,2450.842227030175,0,null,-1212.991897318243,"{""alpha[1]"": 0.15462110196578407, ""beta[1]"": 0.8212519993881968, ""nu"": 2.7430583873243974, ""omega"": 0.9828478283035728}",3.186133918295589,True,2023-06-17,1.537728783684409,2.2004228378776847,student_t,BTC-USD,696,0.24134641585628236,0.08894581403694769,,-0.07726890825549317,2023-06-16,2022-02-02,4.133438240172365,8.201091326741484
0.6602603414644767,-0.6602603414644767,6.87011504513686,13.08413646608488,False,False,2429.963457840662,2446.821890234351,0,null,-1210.981728920331,"{""alpha[1]"": 0.16241656376013064, ""beta[1]"": 0.8252695035013944, ""nu"": 2.6595601171923517, ""omega"": 1.0157121550117356}",3.167047860321813,True,2023-06-18,1.506501344787472,2.183976939640162,student_t,BTC-USD,697,0.16598690456139376,0.07354772872314616,,-0.06641978010718096,2023-06-17,2022-02-03,3.9799984326923488,8.015033213779086
-1.935924719215841,1.935924719215841,6.530540896899009,12.31213925672932,False,False,2429.203364895815,2446.061797289504,0,null,-1210.6016824479075,"{""alpha[1]"": 0.15914148624313768, ""beta[1]"": 0.821523548040531, ""nu"": 2.71150350007653, ""omega"": 0.9833842831862731}",2.9791765490915676,True,2023-06-19,1.4616688311489057,2.1297947041740186,student_t,BTC-USD,698,0.28787302469926274,0.09559712119925928,,-0.06882854395381677,2023-06-18,2022-02-04,3.8215357747694085,7.623787400710078
-5.352849527165939,5.352849527165939,6.602032511542726,12.420972017147676,False,False,2420.5224315991936,2437.3808639928825,0,null,-1206.2612157995968,"{""alpha[1]"": 0.174735563497955, ""beta[1]"": 0.8059149604310425, ""nu"": 2.7160536621756886, ""omega"": 1.0953701491447665}",3.001443015481629,True,2023-06-20,1.474135445990469,2.139688698345378,student_t,BTC-USD,699,0.4613322090312512,0.1305760781583902,,-0.08708207120956594,2023-06-19,2022-02-05,3.8737946534590773,7.7047582886730686
-5.827421321564635,5.827421321564635,8.00982922854809,14.983375342214549,False,False,2426.344605361438,2443.203037755127,0,null,-1209.172302680719,"{""alpha[1]"": 0.16968301321539542, ""beta[1]"": 0.8042035643325296, ""nu"": 2.75792390230894, ""omega"": 1.0962472929666969}",3.6315836723598043,True,2023-06-21,1.6701132353302772,2.3314728154565643,student_t,BTC-USD,700,0.5274382726703498,0.15185011790999128,,-0.07608840745607404,2023-06-20,2022-02-06,4.721344131842351,9.357590469434482
0.38377235796951736,-0.38377235796951736,9.425227977599375,17.7549880731176,False,False,2430.1572393720026,2447.0156717656914,0,null,-1211.0786196860013,"{""alpha[1]"": 0.1828077328788171, ""beta[1]"": 0.7973923587861124, ""nu"": 2.7243755555899636, ""omega"": 1.1722515096883235}",4.304543979485056,True,2023-06-22,1.8285481965852077,2.496778002520531,student_t,BTC-USD,701,0.2565738893154503,0.10626300068327763,,-0.06906694012005243,2023-06-21,2022-02-07,5.515250144278519,11.01007242629727
-2.584590576815378,2.584590576815378,8.927122421940089,17.135922513577583,False,False,2427.511429156582,2444.369861550271,0,null,-1209.755714578291,"{""alpha[1]"": 0.1916397653378449, ""beta[1]"": 0.803814769804249, ""nu"": 2.6218590561596415, ""omega"": 1.2422543600549536}",4.153614992990392,True,2023-06-23,1.7637904558737105,2.4486582285228504,student_t,BTC-USD,702,0.38574876247984213,0.1299434197697724,,-0.07645680137557953,2023-06-22,2022-02-08,5.1303846727814575,10.409751400161849
0.4793067918861272,-0.4793067918861272,8.60130118805563,16.33235477592876,False,False,2429.3989411235293,2446.257373517218,0,null,-1210.6994705617647,"{""alpha[1]"": 0.18298298132277185, ""beta[1]"": 0.8040789088820877, ""nu"": 2.6784054721457253, ""omega"": 1.1702669588281032}",3.955455743891811,True,2023-06-24,1.7327352752007505,2.4078468225025276,student_t,BTC-USD,703,0.22582581477723299,0.09560170890156204,,-0.0725525820138904,2023-06-23,2022-02-09,4.995823087430783,10.039477682042323
0.2242660697859318,-0.2242660697859318,7.987868375997342,15.066479382036189,False,False,2429.409360628978,2446.267793022667,0,null,-1210.704680314489,"{""alpha[1]"": 0.17307239597384563, ""beta[1]"": 0.8082353701219994, ""nu"": 2.7121737863478024, ""omega"": 1.1042326292587976}",3.648049283899375,True,2023-06-25,1.6626641877246824,2.331515586970896,student_t,BTC-USD,704,0.22232810407759035,0.09102535829993688,,-0.0745076183363287,2023-06-24,2022-02-10,4.6708281513377345,9.326801899779612
0.6884835958766578,-0.6884835958766578,7.538369524518301,14.239799834932056,False,False,2428.341661338989,2445.200093732678,0,null,-1210.1708306694945,"{""alpha[1]"": 0.17034665625635032, ""beta[1]"": 0.8119246593433944, ""nu"": 2.7036813865501896, ""omega"": 1.0788003286042904}",3.4472278273411767,True,2023-06-26,1.6039280148323352,2.274078910764727,student_t,BTC-USD,705,0.18566684823298155,0.08112254689047543,,-0.07143547171847507,2023-06-25,2022-02-11,4.401820560536286,8.800738284924194
-1.3682563411337911,1.3682563411337911,7.255865554919322,13.83332014157113,False,False,2426.3691838534914,2443.2276162471803,0,null,-1209.1845919267457,"{""alpha[1]"": 0.17531370054428128, ""beta[1]"": 0.8142766251942118, ""nu"": 2.655017518698789, ""omega"": 1.100715940480223}",3.3492371047095566,True,2023-06-27,1.5604785366175609,2.2390013559327437,student_t,BTC-USD,706,0.2783498054936877,0.09833157800788496,,-0.06742821370034174,2023-06-26,2022-02-12,4.198739768739959,8.464901459654698
1.9808917888435413,-1.9808917888435413,6.90766751079217,12.97732376672578,False,False,2426.6487920049603,2443.507224398649,0,null,-1209.3243960024802,"{""alpha[1]"": 0.16193735983949914, ""beta[1]"": 0.8173825091964947, ""nu"": 2.7343452439698788, ""omega"": 0.9979370811997149}",3.143687056016156,True,2023-06-28,1.5196094762329087,2.1849005362547507,student_t,BTC-USD,707,0.10368766296357008,0.06087071822316572,,-0.06391927665150088,2023-06-27,2022-02-13,4.054645048114941,8.067963611160108
-1.1865197512998922,1.1865197512998922,6.715101019282618,12.437615140873284,False,False,2427.2737950124774,2444.1322274061663,0,null,-1209.6368975062387,"{""alpha[1]"": 0.15196403747575277, ""beta[1]"": 0.8187235675851461, ""nu"": 2.814102760521394, ""omega"": 0.9300901004940494}",3.020614975901766,True,2023-06-29,1.4994795437092225,2.1517927791989946,student_t,BTC-USD,708,0.259140758458212,0.09035493439247219,,-0.06765864418727932,2023-06-28,2022-02-14,3.996295417864343,7.8489736879473195
-0.1047243291486282,0.1047243291486282,6.451022665459738,11.850046054816726,False,False,2426.5638303426485,2443.4222627363374,0,null,-1209.2819151713243,"{""alpha[1]"": 0.14811466730123699, ""beta[1]"": 0.8177063497800956, ""nu"": 2.8635968447199005, ""omega"": 0.8997949871448406}",2.8852913093256687,True,2023-06-30,1.4640721763135076,2.108881859582409,student_t,BTC-USD,709,0.19871319336367937,0.07647872395834888,,-0.06712275834878002,2023-06-29,2022-02-15,3.8695395381249558,7.543148066686253
-0.3695144367179856,0.3695144367179856,6.289887269874119,11.671903295887061,False,False,2422.6464612739173,2439.504893667606,0,null,-1207.3232306369587,"{""alpha[1]"": 0.1546405398704756, ""beta[1]"": 0.816340551503839, ""nu"": 2.797416658709658, ""omega"": 0.9436928601169633}",2.8293213880656145,True,2023-07-01,1.4333027379996994,2.0867826115770174,student_t,BTC-USD,710,0.2053984626430073,0.07718122406268621,,-0.07603943058675684,2023-06-30,2022-02-16,3.738454816142157,7.348607969550628
-0.10028094609796147,0.10028094609796147,6.009505390237421,11.09483003384841,False,False,2420.969487697035,2437.827920090724,0,null,-1206.4847438485176,"{""alpha[1]"": 0.15451609331062707, ""beta[1]"": 0.8137291446391127, ""nu"": 2.8279458851674475, ""omega"": 0.923011875799154}",2.6934711889105034,True,2023-07-02,1.390576119476982,2.039484361927431,student_t,BTC-USD,711,0.1844679958949016,0.07123365216604624,,-0.07252934270334115,2023-07-01,2022-02-17,3.589078971800067,7.023084270506656
-1.7342426322112519,1.7342426322112519,5.837057328713717,10.87635484037346,False,False,2414.254417485663,2431.112849879352,0,null,-1203.1272087428315,"{""alpha[1]"": 0.1699217108451865, ""beta[1]"": 0.8015490843363591, ""nu"": 2.780073067463756, ""omega"": 1.0295003539337007}",2.6380975395375064,True,2023-07-03,1.355894236272578,2.013712267787861,student_t,BTC-USD,712,0.25939197243000417,0.0855503441282485,,-0.05611231466855775,2023-07-02,2022-02-18,3.453596816388826,6.8207917806135905
1.223437905455458,-1.223437905455458,5.844943915440684,10.80183220842954,False,False,2414.26025167608,2431.1186840697687,0,null,-1203.13012583804,"{""alpha[1]"": 0.16109270026969735, ""beta[1]"": 0.8047913887087044, ""nu"": 2.83167703139016, ""omega"": 0.9743062139575265}",2.6278787606459804,True,2023-07-04,1.3617349823566984,2.0124306534192824,student_t,BTC-USD,713,0.11305360343295626,0.05611042115381239,,-0.05012652411565167,2023-07-03,2022-02-19,3.484509974114581,6.834480020836692
0.8595533500880749,-0.8595533500880749,5.700846233173638,10.446219704555803,False,False,2413.489122443638,2430.3475548373267,0,null,-1202.744561221819,"{""alpha[1]"": 0.15783153435950897, ""beta[1]"": 0.803414975357005, ""nu"": 2.8822373378371324, ""omega"": 0.9409122419860465}",2.5480089523137064,True,2023-07-05,1.3416793258618278,1.9845550350157102,student_t,BTC-USD,714,0.12835120406295225,0.058084240519988915,,-0.053028427567439064,2023-07-04,2022-02-20,3.4265774313471176,6.6679774020869615
2.0020299639697803,-2.0020299639697803,5.616191392223812,10.359622593301427,False,False,2409.9008455193166,2426.7592779130055,0,null,-1200.9504227596583,"{""alpha[1]"": 0.16064288329828869, ""beta[1]"": 0.8042715916931706, ""nu"": 2.8441108347987383, ""omega"": 0.949627958191715}",2.5225317586735803,True,2023-07-06,1.3228181058951014,1.9719206810616612,student_t,BTC-USD,715,0.06758796870350642,0.04566021254143021,,-0.04613664991700914,2023-07-05,2022-02-21,3.3537893380399075,6.568051218112798
-1.437090996776016,1.437090996776016,5.796320098906678,10.725337052343301,False,False,2408.470311760004,2425.3287441536927,0,null,-1200.235155880002,"{""alpha[1]"": 0.15923257483219805, ""beta[1]"": 0.8048496641723316, ""nu"": 2.8274031702045743, ""omega"": 0.9738607712280973}",2.6103304423230025,True,2023-07-07,1.352507009026044,2.004618785542262,student_t,BTC-USD,716,0.24437731054711426,0.08215610134954501,,-0.04295594765657885,2023-07-06,2022-02-22,3.450455214166265,6.778519138178478
0.16401345333275866,-0.16401345333275866,5.827322170014316,10.820904351832977,False,False,2406.578558712786,2423.436991106475,0,null,-1199.289279356393,"{""alpha[1]"": 0.16021504767172448, ""beta[1]"": 0.8051707530175372, ""nu"": 2.804700250634056, ""omega"": 0.9904579576742703}",2.629783214841057,True,2023-07-08,1.3559277659446818,2.011071858015555,student_t,BTC-USD,717,0.16468729053436942,0.06648741430652809,,-0.04650867253263414,2023-07-07,2022-02-23,3.457759264020144,6.812754883985562
0.4012544799718327,-0.4012544799718327,5.654862432643404,10.548336644141747,False,False,2403.912034677993,2420.7704670716817,0,null,-1197.9560173389964,"{""alpha[1]"": 0.16314430441761096, ""beta[1]"": 0.8074206529253068, ""nu"": 2.7798824945640916, ""omega"": 0.9685206788715078}",2.5616414647596066,True,2023-07-09,1.3232342434749231,1.9826119192308918,student_t,BTC-USD,718,0.14695885763620464,0.0620879460120496,,-0.041599972512228425,2023-07-08,2022-02-24,3.340431632695923,6.610049081176787
-0.802953880105632,0.802953880105632,5.534169258379055,10.37001594226658,False,False,2401.1866324077514,2418.0450648014403,0,null,-1196.5933162038757,"{""alpha[1]"": 0.16756934847489427, ""beta[1]"": 0.8083788270309732, ""nu"": 2.7505085475653046, ""omega"": 0.9611836578770943}",2.513989969815049,True,2023-07-10,1.2992952897839687,1.962408470399546,student_t,BTC-USD,719,0.20295017621607414,0.0726855419509328,,-0.047882397465163276,2023-07-09,2022-02-25,3.256049644215847,6.4656003149876415
-0.6765948373776746,0.6765948373776746,5.448237768684596,10.199861144189079,False,False,2399.158093649722,2416.016526043411,0,null,-1195.579046824861,"{""alpha[1]"": 0.168450742996138, ""beta[1]"": 0.8080056463573374, ""nu"": 2.753776820705565, ""omega"": 0.947139698926289}",2.4720852105809787,True,2023-07-11,1.2842528936416269,1.9463852113141873,student_t,BTC-USD,720,0.1942696335884078,0.0704142145501024,,-0.0508241798240132,2023-07-10,2022-02-26,3.2087978343904777,6.364826617632558
0.7516669555389002,-0.7516669555389002,5.272977280794192,9.766246752037063,False,False,2397.636205893568,2414.4946382872567,0,null,-1194.818102946784,"{""alpha[1]"": 0.16664254921474106, ""beta[1]"": 0.8036464216156034, ""nu"": 2.816497215689637, ""omega"": 0.9122647947603019}",2.373159218724227,True,2023-07-12,1.257615115629533,1.9101060283542255,student_t,BTC-USD,721,0.11929298972890046,0.05412532085433628,,-0.048913935686599644,2023-07-11,2022-02-27,3.137526750116907,6.164199040972524
-3.5059118007833145,3.5059118007833145,5.210576474814796,9.696699468344933,False,False,2394.3395257815946,2411.1979581752835,0,null,-1193.1697628907973,"{""alpha[1]"": 0.1704467610254112, ""beta[1]"": 0.8036830278992587, ""nu"": 2.791092826099414, ""omega"": 0.9129600675802352}",2.3547407883105476,True,2023-07-13,1.2428777308795915,1.8998977194755735,student_t,BTC-USD,722,0.3295774334115162,0.09596526579515927,,-0.04315036600890893,2023-07-12,2022-02-28,3.085636867447003,6.090614778732604
3.6955452778153126,-3.6955452778153126,6.247524267292017,11.552488251757744,False,False,2390.7968744304126,2407.6553068241014,0,null,-1191.3984372152063,"{""alpha[1]"": 0.17625975204510702, ""beta[1]"": 0.78372167167982, ""nu"": 2.8238466653219056, ""omega"": 1.0878868863957818}",2.8069515286183444,True,2023-07-14,1.4282452306892996,2.079062962974691,student_t,BTC-USD,723,0.001417690179906318,0.036075001422905636,,-0.06329139386933258,2023-07-13,2022-03-01,3.723899081413439,7.303045420105873
0.12621409191176428,-0.12621409191176428,6.99749125788383,12.960933860718917,False,False,2392.547222224616,2409.4056546183047,0,null,-1192.273611112308,"{""alpha[1]"": 0.1821408439269195, ""beta[1]"": 0.7735477207157422, ""nu"": 2.811799519826457, ""omega"": 1.192414286646783}",3.1460076670657338,True,2023-07-15,1.540775314087321,2.19290759672024,student_t,BTC-USD,724,0.2019428996262788,0.08051718496222153,,-0.07598916049259545,2023-07-14,2022-03-02,4.165072084437337,8.17793258813391
0.15417915573938631,-0.15417915573938631,6.521997085600326,11.999452422166856,False,False,2391.4446568748704,2408.3030892685592,0,null,-1191.7223284374352,"{""alpha[1]"": 0.17513609442985872, ""beta[1]"": 0.7781952509394158, ""nu"": 2.8509564385012123, ""omega"": 1.114002792805944}",2.9178900455316685,True,2023-07-16,1.4742628366556785,2.1202458529997728,student_t,BTC-USD,725,0.1876516623387942,0.07470090950477239,,-0.07429084549048688,2023-07-15,2022-03-03,3.9072124025152672,7.624270106216618
0.3418965273437657,-0.3418965273437657,6.2385538637350155,11.57513096570362,False,False,2388.2644981608637,2405.1229305545526,0,null,-1190.1322490804318,"{""alpha[1]"": 0.17480723966680545, ""beta[1]"": 0.7855382808980681, ""nu"": 2.801560068060951, ""omega"": 1.0909968024031975}",2.8082634288949833,True,2023-07-17,1.4250013353489819,2.078677836322679,student_t,BTC-USD,726,0.1682691200160993,0.06948339978127441,,-0.06778030806685076,2023-07-16,2022-03-04,3.7072789276657487,7.2902365054712
0.9643886499056786,-0.9643886499056786,6.0844227711681285,11.410160753207656,False,False,2380.6943608574375,2397.5527932511263,0,null,-1186.3471804287187,"{""alpha[1]"": 0.1897965918581982, ""beta[1]"": 0.7747561726965093, ""nu"": 2.746210126346757, ""omega"": 1.2119235261910966}",2.765910364667167,True,2023-07-18,1.393625438766854,2.0574728528211788,student_t,BTC-USD,727,0.13063022108475053,0.061437832231073186,,-0.05220704601212435,2023-07-17,2022-03-05,3.576993071600687,7.108171873012992
-0.19193869461048135,0.19193869461048135,5.854272415558684,10.88773567384738,False,False,2380.3421777444146,2397.2006101381035,0,null,-1186.1710888722073,"{""alpha[1]"": 0.18478022932244773, ""beta[1]"": 0.7761406897012466, ""nu"": 2.791516221976759, ""omega"": 1.142125768625385}",2.6423069949924227,True,2023-07-19,1.359891061984508,2.0160381857227256,student_t,BTC-USD,728,0.18309395880433274,0.07033804830128153,,-0.05547520455892282,2023-07-18,2022-03-06,3.46994048147617,6.841866135517665
0.40836263034675485,-0.40836263034675485,5.680493300841405,10.639346803155918,False,False,2377.80059761338,2394.659030007069,0,null,-1184.90029880669,"{""alpha[1]"": 0.18825132811305706, ""beta[1]"": 0.7812272165858344, ""nu"": 2.752667165220503, ""omega"": 1.1147290666480414}",2.5792318855758958,True,2023-07-20,1.3256733824628788,1.9883350041007937,student_t,BTC-USD,729,0.14676881374941855,0.062282056328834524,,-0.05005073975669242,2023-07-19,2022-03-07,3.343738905335123,6.636568263230202
-0.39104582657053627,0.39104582657053627,5.439879766169441,10.115639924438739,False,False,2376.574691106036,2393.433123499725,0,null,-1184.287345553018,"{""alpha[1]"": 0.1865708967871251, ""beta[1]"": 0.780693441981267, ""nu"": 2.7936172838371838, ""omega"": 1.0540900166841933}",2.4557794530452552,True,2023-07-21,1.2864857552563267,1.9426280979482664,student_t,BTC-USD,730,0.18077096065747197,0.06749184409341244,,-0.04899540196061167,2023-07-20,2022-03-08,3.2243733865789,6.358138582770701
0.45891552442658934,-0.45891552442658934,5.280301072474339,9.804376023902554,False,False,2374.5664545847767,2391.4248869784656,0,null,-1183.2832272923883,"{""alpha[1]"": 0.18927253507573985, ""beta[1]"": 0.7793576791010688, ""nu"": 2.80015752054908, ""omega"": 1.030510127499996}",2.379887939505959,True,2023-07-22,1.2576639256626727,1.9122741350491852,student_t,BTC-USD,731,0.13379489420897026,0.057124030399999345,,-0.05173025795199933,2023-07-21,2022-03-09,3.134813408605992,6.171318564426519
-1.0449658779367668,1.0449658779367668,5.2415823187727355,9.778205201000647,False,False,2368.162554322701,2385.02098671639,0,null,-1180.0812771613505,"{""alpha[1]"": 0.1887410079210994, ""beta[1]"": 0.7853069824622263, ""nu"": 2.7638668332628846, ""omega"": 1.019245425733788}",2.365819001956396,True,2023-07-23,1.248151639763567,1.9061139741655095,student_t,BTC-USD,732,0.20727548626608858,0.07165711886170754,,-0.06874025560372396,2023-07-22,2022-03-10,3.1005438473850013,6.120746008233981
3.063353813538648,-3.063353813538648,5.3270734628990875,9.993997662661869,False,False,2362.126888391576,2378.985320785265,0,null,-1177.063444195788,"{""alpha[1]"": 0.19668256782227675, ""beta[1]"": 0.7764373666641058, ""nu"": 2.7397112324075006, ""omega"": 1.1153915692953915}",2.4201312413053846,True,2023-07-24,1.2607006913809191,1.9245051411619132,student_t,BTC-USD,733,0.0034212802793418128,0.03158114229788504,,-0.054140952491470974,2023-07-23,2022-03-11,3.1317794191254844,6.22146804332715
-0.17284554673879682,0.17284554673879682,6.051140741258775,11.336576533917263,False,False,2364.647227978865,2381.505660372554,0,null,-1178.3236139894325,"{""alpha[1]"": 0.1924339141054671, ""beta[1]"": 0.7726609156201089, ""nu"": 2.7495459172978682, ""omega"": 1.1755702141574158}",2.7471016483027038,True,2023-07-25,1.3888219765680265,2.051566004837407,student_t,BTC-USD,734,0.1867198368684724,0.07241559762385966,,-0.056982563656594515,2023-07-24,2022-03-12,3.561551190630648,7.068714215647162
-0.43556533249483914,0.43556533249483914,5.708575809979219,10.593783931535405,False,False,2364.2289024286797,2381.0873348223686,0,null,-1178.1144512143399,"{""alpha[1]"": 0.18632609420202173, ""beta[1]"": 0.7766272547372838, ""nu"": 2.8027805926362452, ""omega"": 1.0717444175278457}",2.5715048226896706,True,2023-07-26,1.3359923711327637,1.9900535564047797,student_t,BTC-USD,735,0.19132947564190442,0.07107383716510879,,-0.057198213926624455,2023-07-25,2022-03-13,3.391024180343246,6.671818384016033
0.49272385800563157,-0.49272385800563157,5.54445540251666,10.379322741099283,False,False,2361.4103499885728,2378.2687823822616,0,null,-1176.7051749942864,"{""alpha[1]"": 0.1865060696388233, ""beta[1]"": 0.7869475954351057, ""nu"": 2.7545718818339693, ""omega"": 1.0208208067151032}",2.515860436345529,True,2023-07-27,1.3017716771500911,1.9638874771826593,student_t,BTC-USD,736,0.13864061001539443,0.05984719267014874,,-0.05083202926271058,2023-07-26,2022-03-14,3.265536058313518,6.477443125020501
-0.37094442173396736,0.37094442173396736,5.5017574692891795,10.42798247779407,False,False,2355.9153163227966,2372.7737487164854,0,null,-1173.9576581613983,"{""alpha[1]"": 0.19488595532892428, ""beta[1]"": 0.7901140949651422, ""nu"": 2.6812045074085455, ""omega"": 1.0567770756324988}",2.5218921378752484,True,2023-07-28,1.2873226963711772,1.9600916649373943,student_t,BTC-USD,737,0.1787185425694748,0.06790398434240918,,-0.06119573686201019,2023-07-27,2022-03-15,3.2034264296555257,6.419454012506945
-0.1284060769061388,0.1284060769061388,5.284129308411019,9.95347743734862,False,False,2355.300089698483,2372.158522092172,0,null,-1173.6500448492416,"{""alpha[1]"": 0.192571926689827, ""beta[1]"": 0.7918671664112653, ""nu"": 2.7148115215053084, ""omega"": 0.980829857833146}",2.407812538711401,True,2023-07-29,1.2504737869859484,1.9176522377256333,student_t,BTC-USD,738,0.1611834494930344,0.06296877201446151,,-0.058793353638896116,2023-07-28,2022-03-16,3.095262912954546,6.168471124540007
0.2783773787415482,-0.2783773787415482,5.26894554260545,10.051115672350916,False,False,2349.291191227755,2366.149623621444,0,null,-1170.6455956138775,"{""alpha[1]"": 0.20925700527199423, ""beta[1]"": 0.7884848290105207, ""nu"": 2.643213330639736, ""omega"": 1.0552892238879517}",2.4294577932236585,True,2023-07-30,1.2407099396192924,1.9188173250983085,student_t,BTC-USD,739,0.1385854075666645,0.058641979762460654,,-0.06750963502362542,2023-07-29,2022-03-17,3.0500855300748357,6.142575354987608
0.15450628352577414,-0.15450628352577414,5.045434898740502,9.549930327716961,False,False,2348.8841331420836,2365.7425655357724,0,null,-1170.4420665710418,"{""alpha[1]"": 0.20583386570514475, ""beta[1]"": 0.7908503526788091, ""nu"": 2.682980982470835, ""omega"": 0.9594465414295689}",2.3068565476769125,True,2023-07-31,1.2018483860771023,1.8728018320259845,student_t,BTC-USD,740,0.1394410742643879,0.057308099226582185,,-0.06712820640189826,2023-07-30,2022-03-18,2.9433277688135298,5.885316206183988
-1.5130233834577023,1.5130233834577023,,,,,,,,"{""error"": ""fit violated GARCH constraints: omega=0.9326099202594769, alpha=0.20568033989976064, beta=0.7943196601002395"", ""error_type"": ""GarchFitError"", ""forecast_date"": ""2023-08-01"", ""innovation"": ""student_t"", ""instrument"": ""BTC-USD"", ""origin_index"": 741}",,null,,False,2023-08-01,,,student_t,BTC-USD,741,,,,-0.07154492256515803,2023-07-31,2022-03-19,,
1.7807507533985196,-1.7807507533985196,,,,,,,,"{""error"": ""fit violated GARCH constraints: omega=0.9238477109152808, alpha=0.20585332373494136, beta=0.7941466762650586"", ""error_type"": ""GarchFitError"", ""forecast_date"": ""2023-08-02"", ""innovation"": ""student_t"", ""instrument"": ""BTC-USD"", ""origin_index"": 742}",,null,,False,2023-08-02,,,student_t,BTC-USD,742,,,,-0.07037381328583016,2023-08-01,2022-03-20,,
-0.09161808091744005,0.09161808091744005,,,,,,,,"{""error"": ""fit violated GARCH constraints: omega=0.9684358378807603, alpha=0.20682247373424592, beta=0.7931775262657541"", ""error_type"": ""GarchFitError"", ""forecast_date"": ""2023-08-03"", ""innovation"": ""student_t"", ""instrument"": ""BTC-USD"", ""origin_index"": 743}",,null,,False,2023-08-03,,,student_t,BTC-USD,743,,,,-0.06941525021546105,2023-08-02,2022-03-21,,
0.35908335591326396,-0.35908335591326396,,,,,,,,"{""error"": ""fit violated GARCH constraints: omega=0.8720642557894649, alpha=0.20275929564106807, beta=0.7972407043589319"", ""error_type"": ""GarchFitError"", ""forecast_date"": ""2023-08-04"", ""innovation"": ""student_t"", ""instrument"": ""BTC-USD"", ""origin_index"": 744}",,null,,False,2023-08-04,,,student_t,BTC-USD,744,,,,-0.06840686167613785,2023-08-03,2022-03-22,,
0.11000318985243958,-0.11000318985243958,,,,,,,,"{""error"": ""fit violated GARCH constraints: omega=0.8634572218583005, alpha=0.19921878714137436, beta=0.8007812128586257"", ""error_type"": ""GarchFitError"", ""forecast_date"": ""2023-08-05"", ""innovation"": ""student_t"", ""instrument"": ""BTC-USD"", ""origin_index"": 745}",,null,,False,2023-08-05,,,student_t,BTC-USD,745,,,,-0.07526578664992228,2023-08-04,2022-03-23,,
0.000934798161841808,-0.000934798161841808,,,,,,,,"{""error"": ""fit violated GARCH constraints: omega=0.8054513871930186, alpha=0.19527115614827864, beta=0.8047288438517214"", ""error_type"": ""GarchFitError"", ""forecast_date"": ""2023-08-06"", ""innovation"": ""student_t"", ""instrument"": ""BTC-USD"", ""origin_index"": 746}",,null,,False,2023-08-06,,,student_t,BTC-USD,746,,,,-0.07799204224540747,2023-08-05,2022-03-24,,
-0.47652737937697065,0.47652737937697065,,,,,,,,"{""error"": ""fit violated GARCH constraints: omega=0.790050985786024, alpha=0.19222910059282153, beta=0.8077708994071786"", ""error_type"": ""GarchFitError"", ""forecast_date"": ""2023-08-07"", ""innovation"": ""student_t"", ""instrument"": ""BTC-USD"", ""origin_index"": 747}",,null,,False,2023-08-07,,,student_t,BTC-USD,747,,,,-0.08291265703719124,2023-08-06,2022-03-25,,
-1.98463869958512,1.98463869958512,,,,,,,,"{""error"": ""fit violated GARCH constraints: omega=0.7317705154271297, alpha=0.1892713467451439, beta=0.8107286532548562"", ""error_type"": ""GarchFitError"", ""forecast_date"": ""2023-08-08"", ""innovation"": ""student_t"", ""instrument"": ""BTC-USD"", ""origin_index"": 748}",,null,,False,2023-08-08,,,student_t,BTC-USD,748,,,,-0.08371614555996049,2023-08-07,2022-03-26,,
0.687710142117432,-0.687710142117432,,,,,,,,"{""error"": ""fit violated GARCH constraints: omega=0.7554494038233853, alpha=0.1939388452121498, beta=0.8060611547878502"", ""error_type"": ""GarchFitError"", ""forecast_date"": ""2023-08-09"", ""innovation"": ""student_t"", ""instrument"": ""BTC-USD"", ""origin_index"": 749}",,null,,False,2023-08-09,,,student_t,BTC-USD,749,,,,-0.08043161125677731,2023-08-08,2022-03-27,,
0.44719489977660276,-0.44719489977660276,,,,,,,,"{""error"": ""fit violated GARCH constraints: omega=0.8489200440955998, alpha=0.2045501160008001, beta=0.7954498839992"", ""error_type"": ""GarchFitError"", ""forecast_date"": ""2023-08-10"", ""innovation"": ""student_t"", ""instrument"": ""BTC-USD"", ""origin_index"": 750}",,null,,False,2023-08-10,,,student_t,BTC-USD,750,,,,-0.0919696667016244,2023-08-09,2022-03-28,,
0.10837469175500823,-0.10837469175500823,,,,,,,,"{""error"": ""fit violated GARCH constraints: omega=0.7673786340365388, alpha=0.19783590567308046, beta=0.8021640943269195"", ""error_type"": ""GarchFitError"", ""forecast_date"": ""2023-08-11"", ""innovation"": ""student_t"", ""instrument"": ""BTC-USD"", ""origin_index"": 751}",,null,,False,2023-08-11,,,student_t,BTC-USD,751,,,,-0.09417333905065488,2023-08-10,2022-03-29,,
-0.062060393713031785,0.062060393713031785,,,,,,,,"{""error"": ""fit violated GARCH constraints: omega=0.683269626767126, alpha=0.1909120389414928, beta=0.8090879610585072"", ""error_type"": ""GarchFitError"", ""forecast_date"": ""2023-08-12"", ""innovation"": ""student_t"", ""instrument"": ""BTC-USD"", ""origin_index"": 752}",,null,,False,2023-08-12,,,student_t,BTC-USD,752,,,,-0.09581820838411728,2023-08-11,2022-03-30,,
0.4533340750017241,-0.4533340750017241,,,,,,,,"{""error"": ""fit violated GARCH constraints: omega=0.6014011120688981, alpha=0.18407510719913509, beta=0.8159248928008651"", ""error_type"": ""GarchFitError"", ""forecast_date"": ""2023-08-13"", ""innovation"": ""student_t"", ""instrument"": ""BTC-USD"", ""origin_index"": 753}",,null,,False,2023-08-13,,,student_t,BTC-USD,753,,,,-0.09398848854656697,2023-08-12,2022-03-31,,
-0.4277614079039832,0.4277614079039832,,,,,,,,"{""error"": ""fit violated GARCH constraints: omega=0.586227687773467, alpha=0.1811494867810738, beta=0.8188505132189262"", ""error_type"": ""GarchFitError"", ""forecast_date"": ""2023-08-14"", ""innovation"": ""student_t"", ""instrument"": ""BTC-USD"", ""origin_index"": 754}",,null,,False,2023-08-14,,,student_t,BTC-USD,754,,,,-0.08831155478908063,2023-08-13,2022-04-01,,
0.8129120114572577,-0.8129120114572577,,,,,,,,"{""error"": ""fit violated GARCH constraints: omega=0.5421733851027778, alpha=0.17558648554713213, beta=0.8244135144528679"", ""error_type"": ""GarchFitError"", ""forecast_date"": ""2023-08-15"", ""innovation"": ""student_t"", ""instrument"": ""BTC-USD"", ""origin_index"": 755}",,null,,False,2023-08-15,,,student_t,BTC-USD,755,,,,-0.09069272277529383,2023-08-14,2022-04-02,,
1.6193584825778313,-1.6193584825778313,,,,,,,,"{""error"": ""fit violated GARCH constraints: omega=0.48870404757120445, alpha=0.1703390719162531, beta=0.8296609280837469"", ""error_type"": ""GarchFitError"", ""forecast_date"": ""2023-08-16"", ""innovation"": ""student_t"", ""instrument"": ""BTC-USD"", ""origin_index"": 756}",,null,,False,2023-08-16,,,student_t,BTC-USD,756,,,,-0.09052713969224473,2023-08-15,2022-04-03,,
7.362412010979276,-7.362412010979276,,,,,,,,"{""error"": ""fit violated GARCH constraints: omega=0.5097494274054591, alpha=0.17278616890546478, beta=0.8272138310945353"", ""error_type"": ""GarchFitError"", ""forecast_date"": ""2023-08-17"", ""innovation"": ""student_t"", ""instrument"": ""BTC-USD"", ""origin_index"": 757}",,null,,False,2023-08-17,,,student_t,BTC-USD,757,,,,-0.09629882490384332,2023-08-16,2022-04-04,,
2.333424863003989,-2.333424863003989,8.313234400464768,15.588527000521147,False,False,2331.850014810614,2348.708447204303,0,null,-1161.925007405307,"{""alpha[1]"": 0.19082374276975506, ""beta[1]"": 0.8091762572302441, ""nu"": 2.733816899340056, ""omega"": 0.6683067954210185}",3.767674638726991,True,2023-08-18,1.7065192327283913,2.3690223631185394,student_t,BTC-USD,758,0.128016541808803,0.0737023316475381,,-0.11175040607503231,2023-08-17,2022-04-05,4.893755699180047,9.703658027757793
-0.178915593160382,0.178915593160382,8.009370405836453,15.022009309467983,False,False,2331.6032554050544,2348.4616877987432,0,null,-1161.8016277025272,"{""alpha[1]"": 0.19256726992044654, ""beta[1]"": 0.8074327300795523, ""nu"": 2.7312405764424446, ""omega"": 0.6769699757831062}",3.6295264248453507,True,2023-08-19,1.669237050111592,2.331801251211027,student_t,BTC-USD,759,0.24467151962061365,0.09526884226119013,,-0.11178828368312861,2023-08-18,2022-04-06,4.714514799251886,9.347968632958624
-0.357186941057911,0.357186941057911,,,,,,,,"{""error"": ""fit violated GARCH constraints: omega=0.6833204524337991, alpha=0.18733810540348775, beta=0.8126618945965124"", ""error_type"": ""GarchFitError"", ""forecast_date"": ""2023-08-20"", ""innovation"": ""student_t"", ""instrument"": ""BTC-USD"", ""origin_index"": 760}",,null,,False,2023-08-20,,,student_t,BTC-USD,760,,,,-0.10084131147334056,2023-08-19,2022-04-07,,
0.2501958850288226,-0.2501958850288226,,,,,,,,"{""error"": ""fit violated GARCH constraints: omega=0.6317240813113469, alpha=0.18037239817184234, beta=0.8196276018281587"", ""error_type"": ""GarchFitError"", ""forecast_date"": ""2023-08-21"", ""innovation"": ""student_t"", ""instrument"": ""BTC-USD"", ""origin_index"": 761}",,null,,False,2023-08-21,,,student_t,BTC-USD,761,,,,-0.10149752243753925,2023-08-20,2022-04-08,,
0.354646951925222,-0.354646951925222,6.457016735305568,12.196791170728007,False,False,2323.3798994674044,2340.2383318610932,0,null,-1157.6899497337022,"{""alpha[1]"": 0.1742273190061568, ""beta[1]"": 0.8257726809938423, ""nu"": 2.6898153580578867, ""omega"": 0.6169289322556354}",2.9437312197144903,True,2023-08-22,1.449931510032516,2.1186201932452904,student_t,BTC-USD,762,0.17105923287876967,0.07176228762832387,,-0.09632711975459403,2023-08-21,2022-04-09,3.7758316095006124,7.530875714757603
-1.5248455549160829,1.5248455549160829,,,,,,,,"{""error"": ""fit violated GARCH constraints: omega=0.5864041313671955, alpha=0.1701244588107952, beta=0.8298755411892056"", ""error_type"": ""GarchFitError"", ""forecast_date"": ""2023-08-23"", ""innovation"": ""student_t"", ""instrument"": ""BTC-USD"", ""origin_index"": 763}",,null,,False,2023-08-23,,,student_t,BTC-USD,763,,,,-0.09936146071996445,2023-08-22,2022-04-10,,
1.02395657563472,-1.02395657563472,,,,,,,,"{""error"": ""fit violated GARCH constraints: omega=0.5727304539206314, alpha=0.1702606985065615, beta=0.8297393014934391"", ""error_type"": ""GarchFitError"", ""forecast_date"": ""2023-08-24"", ""innovation"": ""student_t"", ""instrument"": ""BTC-USD"", ""origin_index"": 764}",,null,,False,2023-08-24,,,student_t,BTC-USD,764,,,,-0.09360804029350014,2023-08-23,2022-04-11,,
0.4393992432119468,-0.4393992432119468,5.763417744454767,10.870576928175582,False,False,2316.2577739261883,2333.116206319877,0,null,-1154.1288869630941,"{""alpha[1]"": 0.17882886210230797, ""beta[1]"": 0.8211711378976913, ""nu"": 2.6993521969497554, ""omega"": 0.6229885370266139}",2.624659852079871,True,2023-08-25,1.3370363648888124,2.0045578882530064,student_t,BTC-USD,765,0.14675573711172804,0.06284032076903515,,-0.08250655453506492,2023-08-24,2022-04-12,3.374513985446505,6.723431320115456
0.15062619816248576,-0.15062619816248576,5.500567708776462,10.37568674130121,False,False,2314.6068645742735,2331.4652969679623,0,null,-1153.3034322871367,"{""alpha[1]"": 0.17737935643965586, ""beta[1]"": 0.8226206435603435, ""nu"": 2.695281627256748, ""omega"": 0.6098457459001456}",2.5032088244521407,True,2023-08-26,1.2905209258930554,1.9577500587850842,student_t,BTC-USD,766,0.1535444598620911,0.06264503233907597,,-0.08642515138182189,2023-08-25,2022-04-13,3.221515395404305,6.415129432070077
-0.311836501220153,0.311836501220153,5.290874710352013,10.005810982703204,False,False,2311.6276438382124,2328.4860762319013,0,null,-1151.8138219191062,"{""alpha[1]"": 0.17726862842229257, ""beta[1]"": 0.8227313715777055, ""nu"": 2.677248343374484, ""omega"": 0.6190538497524621}",2.411731174269771,True,2023-08-27,1.2504554533312087,1.9195542037725488,student_t,BTC-USD,767,0.17021019671204757,0.06479300135084075,,-0.0918416872772135,2023-08-26,2022-04-14,3.0923674330207955,6.167463633863916
-0.06305878538588702,0.06305878538588702,5.122326195912393,9.721278727104787,False,False,2308.2132636593924,2325.0716960530813,0,null,-1150.1066318296962,"{""alpha[1]"": 0.17770783625635508, ""beta[1]"": 0.8222921637436439, ""nu"": 2.660455595594559, ""omega"": 0.6319701093551401}",2.344330981035485,True,2023-08-28,1.2159795091603836,1.8884403963066063,student_t,BTC-USD,768,0.15230760926854375,0.06033121878955152,,-0.08514513960265045,2023-08-27,2022-04-15,2.983093399984986,5.97006309356926
-6.024989255197842,6.024989255197842,4.936700078276786,9.363749402149677,False,False,2306.346403652099,2323.204836045788,0,null,-1149.1732018260495,"{""alpha[1]"": 0.17529221249230198, ""beta[1]"": 0.8247077875076945, ""nu"": 2.6603082997984284, ""omega"": 0.6081762355026297}",2.256635937552309,True,2023-08-29,1.1795709284760605,1.8512030750160982,student_t,BTC-USD,769,0.44512312460739395,0.11777676939513794,,-0.08809005787853738,2023-08-28,2022-04-16,2.877473236950028,5.752687684315942
1.5634289366814664,-1.5634289366814664,7.263584638661064,13.846574762003284,False,False,2314.209200899031,2331.06763329272,0,null,-1153.1046004495156,"{""alpha[1]"": 0.16744587612521236, ""beta[1]"": 0.8325541238747834, ""nu"": 2.652847850416387, ""omega"": 0.5981382577652219}",3.350615468386109,True,2023-08-30,1.5617686846639032,2.239905834625245,student_t,BTC-USD,770,0.13207127664199467,0.0690884626919548,,-0.07540296479896783,2023-08-29,2022-04-17,4.204854469521358,8.47227520587694
5.132914545923003,-5.132914545923003,,,,,,,,"{""error"": ""fit violated GARCH constraints: omega=0.5665151203581069, alpha=0.16184592853185595, beta=0.838154071468168"", ""error_type"": ""GarchFitError"", ""forecast_date"": ""2023-08-31"", ""innovation"": ""student_t"", ""instrument"": ""BTC-USD"", ""origin_index"": 771}",,null,,False,2023-08-31,,,student_t,BTC-USD,771,,,,-0.07499831809594233,2023-08-30,2022-04-18,,
0.5054814305567098,-0.5054814305567098,,,,,,,,"{""error"": ""fit violated GARCH constraints: omega=0.670441214773895, alpha=0.1767780197941221, beta=0.8232219802058798"", ""error_type"": ""GarchFitError"", ""forecast_date"": ""2023-09-01"", ""innovation"": ""student_t"", ""instrument"": ""BTC-USD"", ""origin_index"": 772}",,null,,False,2023-09-01,,,student_t,BTC-USD,772,,,,-0.09077340086189016,2023-08-31,2022-04-19,,
-0.263498688817934,0.263498688817934,,,,,,,,"{""error"": ""fit violated GARCH constraints: omega=0.5966147530271614, alpha=0.16185826654622326, beta=0.8381417334537863"", ""error_type"": ""GarchFitError"", ""forecast_date"": ""2023-09-02"", ""innovation"": ""student_t"", ""instrument"": ""BTC-USD"", ""origin_index"": 773}",,null,,False,2023-09-02,,,student_t,BTC-USD,773,,,,-0.09507142258962593,2023-09-01,2022-04-20,,
-0.3887765536892177,0.3887765536892177,,,,,,,,"{""error"": ""fit violated GARCH constraints: omega=0.5009090326574596, alpha=0.14732467913647668, beta=0.852675320863524"", ""error_type"": ""GarchFitError"", ""forecast_date"": ""2023-09-03"", ""innovation"": ""student_t"", ""instrument"": ""BTC-USD"", ""origin_index"": 774}",,null,,False,2023-09-03,,,student_t,BTC-USD,774,,,,-0.09392485164153945,2023-09-02,2022-04-21,,
0.6069712479879689,-0.6069712479879689,6.522331457014385,12.444063029824463,False,False,2313.5529481565122,2330.411380550201,0,null,-1152.7764740782561,"{""alpha[1]"": 0.13725221774607477, ""beta[1]"": 0.8627477822539225, ""nu"": 2.640321286519075, ""omega"": 0.4508948097085164}",3.006710794505085,True,2023-09-04,1.4541506706169463,2.132176977962872,student_t,BTC-USD,775,0.1584464438641678,0.06995521665621571,,-0.08901041059247188,2023-09-03,2022-04-22,3.7759001252713222,7.602492913609533
0.12573014341086666,-0.12573014341086666,6.203367149439395,11.835968504283358,False,False,2311.7470394821576,2328.6054718758464,0,null,-1151.8735197410788,"{""alpha[1]"": 0.1284357703296196, ""beta[1]"": 0.871564229670379, ""nu"": 2.6394609154829234, ""omega"": 0.40520670094459665}",2.8594367432786476,True,2023-09-05,1.404029805265715,2.0820201783803727,student_t,BTC-USD,776,0.1732816086200553,0.07104592029654244,,-0.08630213603678147,2023-09-04,2022-04-23,3.591362315811969,7.2303221730651055
0.10380138112959202,-0.10380138112959202,,,,,,,,"{""error"": ""fit violated GARCH constraints: omega=0.34947882309435213, alpha=0.11981260724297901, beta=0.8801873927570245"", ""error_type"": ""GarchFitError"", ""forecast_date"": ""2023-09-06"", ""innovation"": ""student_t"", ""instrument"": ""BTC-USD"", ""origin_index"": 777}",,null,,False,2023-09-06,,,student_t,BTC-USD,777,,,,-0.08527327246187004,2023-09-05,2022-04-24,,
-1.8732105487749555,1.8732105487749555,,,,,,,,"{""error"": ""fit violated GARCH constraints: omega=0.30986532498176206, alpha=0.11398159442906301, beta=0.8860184055709518"", ""error_type"": ""GarchFitError"", ""forecast_date"": ""2023-09-07"", ""innovation"": ""student_t"", ""instrument"": ""BTC-USD"", ""origin_index"": 778}",,null,,False,2023-09-07,,,student_t,BTC-USD,778,,,,-0.08539253490746068,2023-09-06,2022-04-25,,
1.2831149836628821,-1.2831149836628821,,,,,,,,"{""error"": ""fit violated GARCH constraints: omega=0.30913370206095453, alpha=0.11269321086483247, beta=0.8873067891351729"", ""error_type"": ""GarchFitError"", ""forecast_date"": ""2023-09-08"", ""innovation"": ""student_t"", ""instrument"": ""BTC-USD"", ""origin_index"": 779}",,null,,False,2023-09-08,,,student_t,BTC-USD,779,,,,-0.08659592382509919,2023-09-07,2022-04-26,,
0.03851855823854419,-0.03851855823854419,,,,,,,,"{""error"": ""fit violated GARCH constraints: omega=0.3396539749290821, alpha=0.11751890617202115, beta=0.8824810938279825"", ""error_type"": ""GarchFitError"", ""forecast_date"": ""2023-09-09"", ""innovation"": ""student_t"", ""instrument"": ""BTC-USD"", ""origin_index"": 780}",,null,,False,2023-09-09,,,student_t,BTC-USD,780,,,,-0.07724224239610307,2023-09-08,2022-04-27,,
0.24532679097318458,-0.24532679097318458,5.36537622528529,10.24490879104659,False,False,2300.389863618303,2317.248296011992,0,null,-1146.1949318091515,"{""alpha[1]"": 0.11474866993339841, ""beta[1]"": 0.8852513300665971, ""nu"": 2.631617436020727, ""omega"": 0.3323555667934326}",2.473465566559016,True,2023-09-10,1.258716968827227,1.9369695358735406,student_t,BTC-USD,781,0.1429943608783752,0.0600600034531898,,-0.08312982651013491,2023-09-09,2022-04-28,3.105214008540686,6.251327136292159
2.626188104315691,-2.626188104315691,5.176315839940875,9.871765070422246,False,False,2298.1991680438023,2315.057600437491,0,null,-1145.0995840219011,"{""alpha[1]"": 0.11041557097232632, ""beta[1]"": 0.8895844290276665, ""nu"": 2.634989623831389, ""omega"": 0.3048603181306564}",2.381660739843045,True,2023-09-11,1.223720763371266,1.9005499588496746,student_t,BTC-USD,782,0.018707264497291202,0.03404189754253909,,-0.08631726143511202,2023-09-10,2022-04-29,3.000333394261515,6.030377858569597
-2.630512794794977,2.630512794794977,,,,,,,,"{""error"": ""fit violated GARCH constraints: omega=0.30404898825297416, alpha=0.10716502004739044, beta=0.8928349799526152"", ""error_type"": ""GarchFitError"", ""forecast_date"": ""2023-09-12"", ""innovation"": ""student_t"", ""instrument"": ""BTC-USD"", ""origin_index"": 783}",,null,,False,2023-09-12,,,student_t,BTC-USD,783,,,,-0.08562916691287259,2023-09-11,2022-04-30,,
-1.5173852968217483,1.5173852968217483,,,,,,,,"{""error"": ""fit violated GARCH constraints: omega=0.3038283937580427, alpha=0.10557501540565574, beta=0.8944249845943454"", ""error_type"": ""GarchFitError"", ""forecast_date"": ""2023-09-13"", ""innovation"": ""student_t"", ""instrument"": ""BTC-USD"", ""origin_index"": 784}",,null,,False,2023-09-13,,,student_t,BTC-USD,784,,,,-0.0756777056104037,2023-09-12,2022-05-01,,
-1.1800835116729973,1.1800835116729973,5.508621891964963,10.539021657290718,False,False,2298.5323459167025,2315.3907783103914,0,null,-1145.2661729583513,"{""alpha[1]"": 0.10334937575901064, ""beta[1]"": 0.8966506242409803, ""nu"": 2.6255581556136125, ""omega"": 0.2935800448111072}",2.5470793484005063,True,2023-09-14,1.2837140200642958,1.964154658384364,student_t,BTC-USD,785,0.2180379625024468,0.07599084815612125,,-0.07660305105684057,2023-09-13,2022-05-02,3.1806757383759354,6.419001303939122
-0.2597241399935938,0.2597241399935938,,,,,,,,"{""error"": ""fit violated GARCH constraints: omega=0.27200625843595877, alpha=0.10103381234228431, beta=0.8989661876577215"", ""error_type"": ""GarchFitError"", ""forecast_date"": ""2023-09-15"", ""innovation"": ""student_t"", ""instrument"": ""BTC-USD"", ""origin_index"": 786}",,null,,False,2023-09-15,,,student_t,BTC-USD,786,,,,-0.07455579635465805,2023-09-14,2022-05-03,,
0.15199103400260855,-0.15199103400260855,5.192760491031446,9.905496516485332,False,False,2294.940249453405,2311.798681847094,0,null,-1143.4701247267026,"{""alpha[1]"": 0.09785283382628383, ""beta[1]"": 0.9021471661737144, ""nu"": 2.6417250501732368, ""omega"": 0.25405131903384637}",2.393497604993031,True,2023-09-16,1.2262629921514896,1.9041677855964712,student_t,BTC-USD,787,0.14273022836483937,0.05901039756688824,,-0.06995189970649084,2023-09-15,2022-05-04,3.0065956012993933,6.053030790691427
0.12840741866492755,-0.12840741866492755,,,,,,,,"{""error"": ""fit violated GARCH constraints: omega=0.2548301059720066, alpha=0.0961277199392424, beta=0.9038722800607587"", ""error_type"": ""GarchFitError"", ""forecast_date"": ""2023-09-17"", ""innovation"": ""student_t"", ""instrument"": ""BTC-USD"", ""origin_index"": 788}",,null,,False,2023-09-17,,,student_t,BTC-USD,788,,,,-0.08031841728235388,2023-09-16,2022-05-05,,
-0.8260511389751386,0.8260511389751386,4.94194345623343,9.486538503993193,False,False,2283.4882913083293,2300.346723702018,0,null,-1137.7441456541646,"{""alpha[1]"": 0.10456996227748684, ""beta[1]"": 0.8954300377225094, ""nu"": 2.610906571809323, ""omega"": 0.29296556852086475}",2.2950539335366202,True,2023-09-18,1.1731240027714316,1.8568264297380148,student_t,BTC-USD,789,0.18347370499225346,0.06583930686737283,,-0.06418695917260889,2023-09-17,2022-05-06,2.8434229608699275,5.757879547762138
-1.6931102680807226,1.6931102680807226,,,,,,,,"{""error"": ""fit violated GARCH constraints: omega=0.27346829145131846, alpha=0.10184344503268078, beta=0.8981565549673199"", ""error_type"": ""GarchFitError"", ""forecast_date"": ""2023-09-19"", ""innovation"": ""student_t"", ""instrument"": ""BTC-USD"", ""origin_index"": 790}",,null,,False,2023-09-19,,,student_t,BTC-USD,790,,,,-0.05959210087313119,2023-09-18,2022-05-07,,
0.2911478936195143,-0.2911478936195143,,,,,,,,"{""error"": ""fit violated GARCH constraints: omega=0.26928824178217764, alpha=0.10092788130724549, beta=0.8990721186927547"", ""error_type"": ""GarchFitError"", ""forecast_date"": ""2023-09-20"", ""innovation"": ""student_t"", ""instrument"": ""BTC-USD"", ""origin_index"": 791}",,null,,False,2023-09-20,,,student_t,BTC-USD,791,,,,-0.053192420525581804,2023-09-19,2022-05-08,,
2.1020467717089595,-2.1020467717089595,4.730547234331161,9.095293214080575,False,False,2277.0222946061876,2293.8807269998765,0,null,-1134.5111473030938,"{""alpha[1]"": 0.0994646164398552, ""beta[1]"": 0.9005353835601433, ""nu"": 2.6110845545844676, ""omega"": 0.26644136704288957}",2.204297602152107,True,2023-09-21,1.1279745315708563,1.8140343468556575,student_t,BTC-USD,792,0.03064867141463808,0.03412223007761141,,-0.045477596555421405,2023-09-20,2022-05-09,2.7150202000017205,5.514269779470097
-0.04491505455669668,0.04491505455669668,4.924103665394528,9.477339349342653,False,False,2273.624706448457,2290.4831388421458,0,null,-1132.8123532242284,"{""alpha[1]"": 0.1335150065906297, ""beta[1]"": 0.8664849934093682, ""nu"": 2.616224075427598, ""omega"": 0.42196950052387966}",2.301580531594785,True,2023-09-22,1.1668177692927921,1.854977921956038,student_t,BTC-USD,793,0.14324143115525192,0.05788886908588416,,-0.02627069744720923,2023-09-21,2022-05-10,2.819913568548339,5.743971854031715
0.0006686887907461199,-0.0006686887907461199,,,,,,,,"{""error"": ""fit violated GARCH constraints: omega=0.3906413733529228, alpha=0.12797113370466778, beta=0.8720288662953416"", ""error_type"": ""GarchFitError"", ""forecast_date"": ""2023-09-23"", ""innovation"": ""student_t"", ""instrument"": ""BTC-USD"", ""origin_index"": 794}",,null,,False,2023-09-23,,,student_t,BTC-USD,794,,,,-0.030916605815392427,2023-09-22,2022-05-11,,
1.221012707055512,-1.221012707055512,,,,,,,,"{""error"": ""fit violated GARCH constraints: omega=0.48669575809107246, alpha=0.1455999912682689, beta=0.8544000087317427"", ""error_type"": ""GarchFitError"", ""forecast_date"": ""2023-09-24"", ""innovation"": ""student_t"", ""instrument"": ""BTC-USD"", ""origin_index"": 795}",,null,,False,2023-09-24,,,student_t,BTC-USD,795,,,,-0.016992530457397636,2023-09-23,2022-05-12,,
-0.15851607909630958,0.15851607909630958,,,,,,,,"{""error"": ""fit violated GARCH constraints: omega=0.43336826284025787, alpha=0.13907174952827683, beta=0.8609282504717976"", ""error_type"": ""GarchFitError"", ""forecast_date"": ""2023-09-25"", ""innovation"": ""student_t"", ""instrument"": ""BTC-USD"", ""origin_index"": 796}",,null,,False,2023-09-25,,,student_t,BTC-USD,796,,,,-0.020203018997022534,2023-09-24,2022-05-13,,
0.3093569605031251,-0.3093569605031251,,,,,,,,"{""error"": ""fit violated GARCH constraints: omega=0.3856440511006872, alpha=0.1340800033865408, beta=0.8659199966135879"", ""error_type"": ""GarchFitError"", ""forecast_date"": ""2023-09-26"", ""innovation"": ""student_t"", ""instrument"": ""BTC-USD"", ""origin_index"": 797}",,null,,False,2023-09-26,,,student_t,BTC-USD,797,,,,-0.02149990344090875,2023-09-25,2022-05-14,,
-0.5153782857532951,0.5153782857532951,,,,,,,,"{""error"": ""fit violated GARCH constraints: omega=0.3703469501667214, alpha=0.1314472012376979, beta=0.8685527987623094"", ""error_type"": ""GarchFitError"", ""forecast_date"": ""2023-09-27"", ""innovation"": ""student_t"", ""instrument"": ""BTC-USD"", ""origin_index"": 798}",,null,,False,2023-09-27,,,student_t,BTC-USD,798,,,,-0.027629925429524912,2023-09-26,2022-05-15,,
-2.506320623021608,2.506320623021608,4.25887189669034,8.190455683876312,False,False,2253.342585786412,2270.201018180101,0,null,-1122.671292893206,"{""alpha[1]"": 0.12960688992027192, ""beta[1]"": 0.8703931100797219, ""nu"": 2.613541797291489, ""omega"": 0.3673917443998968}",1.9863999535454178,True,2023-09-28,1.0225593160834436,1.7092566570742926,student_t,BTC-USD,799,0.2474508955072475,0.07472088425011805,,-0.034442014778196674,2023-09-27,2022-05-16,2.442697287123337,4.96576780199019
0.40726745749422805,-0.40726745749422805,4.724692630104372,9.158465767045529,False,False,2252.8211775050286,2269.6796098987174,0,null,-1122.4105887525143,"{""alpha[1]"": 0.13293906228930025, ""beta[1]"": 0.8670609377099951, ""nu"": 2.583666511974264, ""omega"": 0.42258425950974027}",2.228948712514223,True,2023-09-29,1.121263322717878,1.816166859706596,student_t,BTC-USD,800,0.11392675845156199,0.05101441519109955,,-0.019996585770238745,2023-09-28,2022-05-17,2.6858026265254655,5.508708976604179
-0.20859581392352888,0.20859581392352888,,,,,,,,"{""error"": ""fit violated GARCH constraints: omega=0.38978650570640533, alpha=0.127988091254884, beta=0.872011908745116"", ""error_type"": ""GarchFitError"", ""forecast_date"": ""2023-09-30"", ""innovation"": ""student_t"", ""instrument"": ""BTC-USD"", ""origin_index"": 801}",,null,,False,2023-09-30,,,student_t,BTC-USD,801,,,,-0.024546182878748116,2023-09-29,2022-05-18,,
-3.6976120842477145,3.6976120842477145,4.445562838354201,8.632124435952456,False,False,2244.4163822299333,2261.274814623622,0,null,-1118.2081911149667,"{""alpha[1]"": 0.1236821933901329, ""beta[1]"": 0.8763178066098609, ""nu"": 2.578672452765048, ""omega"": 0.37294885010382156}",2.103033953174499,True,2023-10-01,1.0591758843725154,1.7560100640867802,student_t,BTC-USD,802,0.3109721925491489,0.0888137044888057,,-0.012591066640677204,2023-09-30,2022-05-19,2.5218317667352577,5.183758364632848
1.6319145797596464,-1.6319145797596464,5.395398637537009,10.569712097193175,False,False,2245.069936922622,2261.928369316311,0,null,-1118.534968461311,"{""alpha[1]"": 0.136861891391914, ""beta[1]"": 0.8631381086080855, ""nu"": 2.536209575293911, ""omega"": 0.4957896798272671}",2.5841075672015053,True,2023-10-02,1.247791649262859,1.952636240639666,student_t,BTC-USD,803,0.07008111035947387,0.0465329790619094,,-0.015999336974498273,2023-10-01,2022-05-20,3.0335367869491225,6.2852124859505825
0.366831704319272,-0.366831704319272,5.444840935280717,10.713626550179994,False,False,2242.758867768709,2259.617300162398,0,null,-1117.3794338843545,"{""alpha[1]"": 0.14209012982947072, ""beta[1]"": 0.8579098701705202, ""nu"": 2.5176742839799493, ""omega"": 0.5490735479229947}",2.625920700719101,True,2023-10-03,1.2542769297145964,1.9633459861892915,student_t,BTC-USD,804,0.13400734737762784,0.05973809028430971,,-0.01177784413400279,2023-10-02,2022-05-21,3.046978651871827,6.340640732750237
-1.3377719279818925,1.3377719279818925,,,,,,,,"{""error"": ""fit violated GARCH constraints: omega=0.4678320093913199, alpha=0.131399184143452, beta=0.8686008158565712"", ""error_type"": ""GarchFitError"", ""forecast_date"": ""2023-10-04"", ""innovation"": ""student_t"", ""instrument"": ""BTC-USD"", ""origin_index"": 805}",,null,,False,2023-10-04,,,student_t,BTC-USD,805,,,,-0.014090738773117449,2023-10-03,2022-05-22,,
1.3890662260528028,-1.3890662260528028,5.167790347777179,10.162775538810443,False,False,2239.171638801309,2256.030071194998,0,null,-1115.5858194006546,"{""alpha[1]"": 0.1326325828752516, ""beta[1]"": 0.8673674171242475, ""nu"": 2.5175347969533957, ""omega"": 0.49204871691984214}",2.4894257397016117,True,2023-10-05,1.2025661601443667,1.9107907939405706,student_t,BTC-USD,806,0.0752760737136922,0.04627898591676194,,-0.017383218226059604,2023-10-04,2022-05-23,2.8945877003266456,6.016964817728993
-1.9171883792888686,1.9171883792888686,,,,,,,,"{""error"": ""fit violated GARCH constraints: omega=0.5441428170160062, alpha=0.13684331441337885, beta=0.8631566855869296"", ""error_type"": ""GarchFitError"", ""forecast_date"": ""2023-10-06"", ""innovation"": ""student_t"", ""instrument"": ""BTC-USD"", ""origin_index"": 807}",,null,,False,2023-10-06,,,student_t,BTC-USD,807,,,,-0.011915428610762405,2023-10-05,2022-05-24,,
-0.07955652380662412,0.07955652380662412,5.295936520200736,10.47650950641713,False,False,2236.4535164926883,2253.311948886377,0,null,-1114.2267582463442,"{""alpha[1]"": 0.13679271698964704, ""beta[1]"": 0.8632072830054456, ""nu"": 2.4932518503937877, ""omega"": 0.5537135834441993}",2.5764363881231986,True,2023-10-07,1.2235108294855017,1.9374250542654043,student_t,BTC-USD,808,0.15135605972184824,0.062427769919975735,,-0.011871008210688816,2023-10-06,2022-05-25,2.947564670630338,6.163220468190944
0.12074286830516874,-0.12074286830516874,5.019463023532931,9.88146194815025,False,False,2235.0628514386926,2251.9212838323815,0,null,-1113.5314257193463,"{""alpha[1]"": 0.1236807352617385, ""beta[1]"": 0.8763192647382585, ""nu"": 2.5153306223082548, ""omega"": 0.4486439603718816}",2.4226153767923173,True,2023-10-08,1.172659366629015,1.882161402085237,student_t,BTC-USD,809,0.13434127698408024,0.05724151071803709,,-0.01108218953282592,2023-10-07,2022-05-26,2.8075684079867713,5.844893940108873
1.2659387750470197,-1.2659387750470197,,,,,,,,"{""error"": ""fit violated GARCH constraints: omega=0.38015499240945255, alpha=0.1144840956338874, beta=0.88551590436612"", ""error_type"": ""GarchFitError"", ""forecast_date"": ""2023-10-09"", ""innovation"": ""student_t"", ""instrument"": ""BTC-USD"", ""origin_index"": 810}",,null,,False,2023-10-09,,,student_t,BTC-USD,810,,,,-0.009316935358744921,2023-10-08,2022-05-27,,
0.7009006008123609,-0.7009006008123609,4.778448582542454,9.383939461703301,False,False,2231.7471525910464,2248.6055849847353,0,null,-1111.8735762955232,"{""alpha[1]"": 0.11326129081431553, ""beta[1]"": 0.8867387091856811, ""nu"": 2.528102102899906, ""omega"": 0.3776373075961771}",2.2978831691679056,True,2023-10-10,1.1247467895980474,1.8321979068293688,student_t,BTC-USD,811,0.09890225689780208,0.048656358352355315,,-0.007429235108635354,2023-10-09,2022-05-28,2.678945738768401,5.566536436047888
1.9081220851750607,-1.9081220851750607,,,,,,,,"{""error"": ""fit violated GARCH constraints: omega=0.3435010765689707, alpha=0.10994903325652086, beta=0.8900509667434793"", ""error_type"": ""GarchFitError"", ""forecast_date"": ""2023-10-11"", ""innovation"": ""student_t"", ""instrument"": ""BTC-USD"", ""origin_index"": 812}",,null,,False,2023-10-11,,,student_t,BTC-USD,812,,,,-0.010135484541899583,2023-10-10,2022-05-29,,
0.43453816332437123,-0.43453816332437123,4.793171084957136,9.390328944116039,False,False,2229.9172050375,2246.775637431189,0,null,-1110.95860251875,"{""alpha[1]"": 0.1141474381479173, ""beta[1]"": 0.8858525618520784, ""nu"": 2.5340683661137327, ""omega"": 0.3751338144428414}",2.2952894546254283,True,2023-10-12,1.1295488457130451,1.8341968050176263,student_t,BTC-USD,813,0.11304666909119589,0.051481671567975756,,-0.01828452674374061,2023-10-11,2022-05-30,2.695471545148287,5.582705320121943
-0.39380057879023117,0.39380057879023117,4.756042005884171,9.344357829567942,False,False,2223.0112124874277,2239.8696448811165,0,null,-1107.5056062437138,"{""alpha[1]"": 0.11716978505916205, ""beta[1]"": 0.8828302149408359, ""nu"": 2.5131934847435473, ""omega"": 0.4061338272198606}",2.285770218660814,True,2023-10-13,1.1206757697700542,1.8269984102715244,student_t,BTC-USD,814,0.15315882595151228,0.05927769340167134,,-0.034072048704871315,2023-10-12,2022-05-31,2.6693759402400117,5.533968761376897
0.002486665103543226,-0.002486665103543226,,,,,,,,"{""error"": ""fit violated GARCH constraints: omega=0.35676643578740597, alpha=0.11216594709200896, beta=0.8878340530210819"", ""error_type"": ""GarchFitError"", ""forecast_date"": ""2023-10-14"", ""innovation"": ""student_t"", ""instrument"": ""BTC-USD"", ""origin_index"": 815}",,null,,False,2023-10-14,,,student_t,BTC-USD,815,,,,-0.03369956904347859,2023-10-13,2022-06-01,,
-1.1030760334382377,1.1030760334382377,4.493772042830591,8.82555177206139,False,False,2214.9200521898283,2231.778484583517,0,null,-1103.4600260949142,"{""alpha[1]"": 0.11240268835722278, ""beta[1]"": 0.8875973116236899, ""nu"": 2.5207928450711, ""omega"": 0.3646320147469889}",2.159614748922196,True,2023-10-15,1.0637708050740753,1.770440095755304,student_t,BTC-USD,816,0.1812217134833287,0.06334765788177837,,-0.020755156237893316,2023-10-14,2022-06-02,2.5213582362283327,5.231689754739595
-4.8854397299944115,4.8854397299944115,4.495329867454087,8.835389556628737,False,False,2213.2391806609285,2230.0976130546173,0,null,-1102.6195903304642,"{""alpha[1]"": 0.11080019246998682, ""beta[1]"": 0.8891998075299716, ""nu"": 2.5161449587073097, ""omega"": 0.36191234404411643}",2.1627199568359177,True,2023-10-16,1.063759715435495,1.770988629349656,student_t,BTC-USD,817,0.37030320408538286,0.10117964457328953,,-0.022985530952411595,2023-10-15,2022-06-03,2.52062435171324,5.232524727334532
0.364339943275841,-0.364339943275841,,,,,,,,"{""error"": ""fit violated GARCH constraints: omega=0.4415371929031181, alpha=0.11761006903310932, beta=0.8823899309669432"", ""error_type"": ""GarchFitError"", ""forecast_date"": ""2023-10-17"", ""innovation"": ""student_t"", ""instrument"": ""BTC-USD"", ""origin_index"": 818}",,null,,False,2023-10-17,,,student_t,BTC-USD,818,,,,-0.008141593552025529,2023-10-16,2022-06-04,,
0.30807197496739624,-0.30807197496739624,5.409941341461134,10.68330442275064,False,False,2216.859171991938,2233.717604385627,0,null,-1104.429585995969,"{""alpha[1]"": 0.10719906938517287, ""beta[1]"": 0.8928009306148255, ""nu"": 2.5021223600250844, ""omega"": 0.3688305201020475}",2.62441973626082,True,2023-10-18,1.2457372488441036,1.9581802950953384,student_t,BTC-USD,819,0.1353982452847755,0.05989715753826147,,-0.009733756509006139,2023-10-17,2022-06-05,3.0160368806629037,6.297787728793538
-1.3724231170117502,1.3724231170117502,,,,,,,,"{""error"": ""fit violated GARCH constraints: omega=0.3247876106948199, alpha=0.10138235844118813, beta=0.8986176415588198"", ""error_type"": ""GarchFitError"", ""forecast_date"": ""2023-10-19"", ""innovation"": ""student_t"", ""instrument"": ""BTC-USD"", ""origin_index"": 820}",,null,,False,2023-10-19,,,student_t,BTC-USD,820,,,,-0.010843697631202333,2023-10-18,2022-06-06,,
-3.298576897791653,3.298576897791653,5.199959538852742,10.278230350277147,False,False,2211.5648231323044,2228.423255525993,0,null,-1101.7824115661522,"{""alpha[1]"": 0.10394313678206865, ""beta[1]"": 0.8960568632178767, ""nu"": 2.494357334838071, ""omega"": 0.3563871959849042}",2.525766392967952,True,2023-10-20,1.205875210183334,1.9187211062778555,student_t,BTC-USD,821,0.30980605265290856,0.09349299218893813,,-0.017657285625479944,2023-10-19,2022-06-07,2.8975441552665124,6.050722321102151
-0.7901299895121375,0.7901299895121375,5.652804652108382,11.16755301731524,False,False,2214.7391640112455,2231.5975964049344,0,null,-1103.3695820056228,"{""alpha[1]"": 0.117402421732958, ""beta[1]"": 0.8825975782670067, ""nu"": 2.5004329696212353, ""omega"": 0.4209147599875111}",2.744165936918865,True,2023-10-21,1.2893991496372896,2.0022457267969176,student_t,BTC-USD,822,0.1970070141744235,0.07370423047018518,,-0.009683464900529931,2023-10-20,2022-06-08,3.150010293976329,6.580293057506373
-0.2519829955267607,0.2519829955267607,,,,,,,,"{""error"": ""fit violated GARCH constraints: omega=0.4166080556850995, alpha=0.11511077053617612, beta=0.884889229464243"", ""error_type"": ""GarchFitError"", ""forecast_date"": ""2023-10-22"", ""innovation"": ""student_t"", ""instrument"": ""BTC-USD"", ""origin_index"": 823}",,null,,False,2023-10-22,,,student_t,BTC-USD,823,,,,-0.001968615524067042,2023-10-21,2022-06-09,,
-9.812340554166363,9.812340554166363,,,,,,,,"{""error"": ""fit violated GARCH constraints: omega=0.39451783020853187, alpha=0.11414306014753668, beta=0.8858569398524634"", ""error_type"": ""GarchFitError"", ""forecast_date"": ""2023-10-23"", ""innovation"": ""student_t"", ""instrument"": ""BTC-USD"", ""origin_index"": 824}",,null,,False,2023-10-23,,,student_t,BTC-USD,824,,,,-0.0007859576230299471,2023-10-22,2022-06-10,,
-2.4342751795147706,2.4342751795147706,,,,,,,,"{""error"": ""fit violated GARCH constraints: omega=0.5239294230445105, alpha=0.13066280720035522, beta=0.8693371927996447"", ""error_type"": ""GarchFitError"", ""forecast_date"": ""2023-10-24"", ""innovation"": ""student_t"", ""instrument"": ""BTC-USD"", ""origin_index"": 825}",,null,,False,2023-10-24,,,student_t,BTC-USD,825,,,,0.02578716733025468,2023-10-23,2022-06-11,,
-1.7581001103261318,1.7581001103261318,,,,,,,,"{""error"": ""fit violated GARCH constraints: omega=0.5803669741793147, alpha=0.141910928016966, beta=0.858089071983034"", ""error_type"": ""GarchFitError"", ""forecast_date"": ""2023-10-25"", ""innovation"": ""student_t"", ""instrument"": ""BTC-USD"", ""origin_index"": 826}",,null,,False,2023-10-25,,,student_t,BTC-USD,826,,,,0.035690357173901545,2023-10-24,2022-06-12,,
1.008381840480271,-1.008381840480271,,,,,,,,"{""error"": ""fit violated GARCH constraints: omega=0.593868056445228, alpha=0.1387038201706878, beta=0.8612961798293122"", ""error_type"": ""GarchFitError"", ""forecast_date"": ""2023-10-26"", ""innovation"": ""student_t"", ""instrument"": ""BTC-USD"", ""origin_index"": 827}",,null,,False,2023-10-26,,,student_t,BTC-USD,827,,,,0.05080677369546266,2023-10-25,2022-06-13,,
0.72531692785828,-0.72531692785828,,,,,,,,"{""error"": ""fit violated GARCH constraints: omega=0.6214575017624496, alpha=0.1466107339574984, beta=0.8533892660425016"", ""error_type"": ""GarchFitError"", ""forecast_date"": ""2023-10-27"", ""innovation"": ""student_t"", ""instrument"": ""BTC-USD"", ""origin_index"": 828}",,null,,False,2023-10-27,,,student_t,BTC-USD,828,,,,0.083600520372461,2023-10-26,2022-06-14,,
-0.528751497610628,0.528751497610628,7.5318490206858355,15.034409597371507,False,False,2206.9950047414213,2223.85343713511,0,null,-1099.4975023707107,"{""alpha[1]"": 0.14296142733298184, ""beta[1]"": 0.857038572667018, ""nu"": 2.4828568386022014, ""omega"": 0.5944056868867703}",3.7286119070584984,True,2023-10-28,1.5683724060638244,2.2942960554920906,student_t,BTC-USD,829,0.23327413988784526,0.09308162762695676,,0.08466116990381613,2023-10-27,2022-06-15,4.136731300146273,8.77941126508504
-1.3082482218042097,1.3082482218042097,,,,,,,,"{""error"": ""fit violated GARCH constraints: omega=0.5868128967587203, alpha=0.14166790954272812, beta=0.8583320904572719"", ""error_type"": ""GarchFitError"", ""forecast_date"": ""2023-10-29"", ""innovation"": ""student_t"", ""instrument"": ""BTC-USD"", ""origin_index"": 830}",,null,,False,2023-10-29,,,student_t,BTC-USD,830,,,,0.08244883788230122,2023-10-28,2022-06-16,,
0.1046255791004814,-0.1046255791004814,5.905977133867046,12.233326533055028,False,False,2198.8577099797626,2215.7161423734515,0,null,-1095.4288549898813,"{""alpha[1]"": 0.8283958201941051, ""beta[1]"": 0.14992001405870056, ""nu"": 2.344087727572894, ""omega"": 7.494255935595767}",3.1710030961567077,True,2023-10-30,1.30275504272183,2.064685785509705,student_t,BTC-USD,831,0.15032924447202747,0.06752421546676492,,0.10548781459046559,2023-10-29,2022-06-17,3.111210468541028,6.857047125776967
-0.4782938808938683,0.4782938808938683,5.416770253240226,11.085729396989729,False,False,2196.543467600141,2213.40189999383,0,null,-1094.2717338000705,"{""alpha[1]"": 0.8730574370971735, ""beta[1]"": 0.10366869367546905, ""nu"": 2.3943879091744047, ""omega"": 6.970058631460986}",2.819229005347027,True,2023-10-31,1.2230197687366928,1.9742183046640776,student_t,BTC-USD,832,0.1684124641281414,0.06781192455396823,,0.10439900125821072,2023-10-30,2022-06-18,2.889955401668957,6.302898574502948
-2.19528756136347,2.19528756136347,5.433065447195628,11.16565853211635,False,False,2191.5745983551615,2208.4330307488503,0,null,-1091.7872991775807,"{""alpha[1]"": 0.798392679865253, ""beta[1]"": 0.13024868698435915, ""nu"": 2.383304653470167, ""omega"": 6.974250577892355}",2.854120382122031,True,2023-11-01,1.2231282543794006,1.979014877168022,student_t,BTC-USD,833,0.2539103252601027,0.0851697091541465,,0.12008873126751204,2023-10-31,2022-06-19,2.88291894383858,6.321683354051172
1.4181643016773482,-1.4181643016773482,6.449767687980441,13.22354227416426,False,False,2183.6298745026197,2200.4883068963086,0,null,-1087.8149372513099,"{""alpha[1]"": 0.7725121813410505, ""beta[1]"": 0.14377429378542614, ""nu"": 2.382358754308828, ""omega"": 6.84499573215457}",3.3728723747466796,True,2023-11-02,1.3969253902462277,2.149095276310529,student_t,BTC-USD,834,0.10093980715894113,0.060808606317781344,,0.10894870248775948,2023-11-01,2022-06-20,3.436960444856169,7.499024933455477
0.5911206962258131,-0.5911206962258131,6.086114334177067,12.412006316235933,False,False,2184.9391081177546,2201.7975405114435,0,null,-1088.4695540588773,"{""alpha[1]"": 0.7361844994731481, ""beta[1]"": 0.15653248785433385, ""nu"": 2.4047298667488426, ""omega"": 6.465048371139822}",3.143370708823021,True,2023-11-03,1.341875307773762,2.089284360962282,student_t,BTC-USD,835,0.13351089111221104,0.06491419657347833,,0.1056626777778812,2023-11-02,2022-06-21,3.2613385184700316,7.0825403535736395
-1.0022958672233773,1.0022958672233773,5.489871859302395,11.12296144371628,False,False,2183.9304603582364,2200.7888927519252,0,null,-1087.9652301791182,"{""alpha[1]"": 0.765751092214653, ""beta[1]"": 0.13350733202312093, ""nu"": 2.43489658372662, ""omega"": 6.1962615511123955}",2.795902518614622,True,2023-11-04,1.2423079902074292,1.9840936029292888,student_t,BTC-USD,836,0.19817748166780666,0.07398911143718563,,0.10340505074258344,2023-11-03,2022-06-22,2.9612537661327525,6.396615276495179
0.09365212956089412,-0.09365212956089412,5.5105581230795595,11.191524254160012,False,False,2181.070591360728,2197.929023754417,0,null,-1086.535295680364,"{""alpha[1]"": 0.7321014898303984, ""beta[1]"": 0.14143159343769007, ""nu"": 2.428214196077366, ""omega"": 6.248678130582394}",2.819970499882574,True,2023-11-05,1.2444296906768368,1.9888681869179727,student_t,BTC-USD,837,0.14348632179963272,0.06327053568968492,,0.11252204353829151,2023-11-04,2022-06-23,2.963378565553546,6.420705698529381
0.03419870125060439,-0.03419870125060439,5.341094748616283,10.93633953346936,False,False,2173.1667913762367,2190.0252237699256,0,null,-1082.5833956881183,"{""alpha[1]"": 0.7639800359941531, ""beta[1]"": 0.15739437200719758, ""nu"": 2.3918669678159894, ""omega"": 6.405158723717101}",2.7832210527816197,True,2023-11-06,1.208701584090484,1.9602932314398833,student_t,BTC-USD,838,0.14070259660668152,0.06179852225927429,,0.10163074935109569,2023-11-05,2022-06-24,2.848250633384232,6.214050927178028
-1.152640529646497,1.152640529646497,5.2750558308948525,10.81627642741895,False,False,2172.3682487207793,2189.226681114468,0,null,-1082.1841243603897,"{""alpha[1]"": 0.7937307831794601, ""beta[1]"": 0.15969314020282535, ""nu"": 2.386157172293921, ""omega"": 6.359156272107741}",2.757957177716328,True,2023-11-07,1.1954550035456397,1.9483332809730323,student_t,BTC-USD,839,0.19807135185769353,0.07288510852088037,,0.1001843900246565,2023-11-06,2022-06-25,2.80878650750737,6.135870322441534
-0.5955525300487081,0.5955525300487081,5.542230903268445,11.33236417787493,False,False,2171.765383728327,2188.623816122016,0,null,-1081.8826918641635,"{""alpha[1]"": 0.8075237840815246, ""beta[1]"": 0.1491202082525962, ""nu"": 2.3954881125635406, ""omega"": 6.287664500120444}",2.8792090396123995,True,2023-11-08,1.2466409448949474,1.996656448605584,student_t,BTC-USD,840,0.17782276113354817,0.0704359669368697,,0.09995599487113654,2023-11-07,2022-06-26,2.9609026926222524,6.448044163638255
-2.8692239817454355,2.8692239817454355,5.361708828380209,11.032232988049742,False,False,2169.411516741565,2186.2699491352537,0,null,-1080.7057583707824,"{""alpha[1]"": 0.8233721819180596, ""beta[1]"": 0.15977736981511073, ""nu"": 2.3737250187185452, ""omega"": 6.425293969560997}",2.8266681309995434,True,2023-11-09,1.2096179520466448,1.965917625467024,student_t,BTC-USD,841,0.28563634970499496,0.0910349875111164,,0.10561516320699248,2023-11-08,2022-06-27,2.8435030123544585,6.234274769366196
-1.6778346050334039,1.6778346050334039,7.103628631800548,14.527656685272339,False,False,2172.137246198822,2188.995678592511,0,null,-1082.068623099411,"{""alpha[1]"": 0.7997121454667065, ""beta[1]"": 0.1472647543795308, ""nu"": 2.3907587617388986, ""omega"": 6.416144930528935}",3.693302249861883,True,2023-11-10,1.4950732839594632,2.2446898304359766,student_t,BTC-USD,842,0.27372468177567144,0.0993877796343492,,0.11414864733701469,2023-11-09,2022-06-28,3.7966590304800203,8.260943358401507
0.4725682325139554,-0.4725682325139554,6.183264325523053,12.694861862569285,False,False,2171.498965982725,2188.357398376414,0,null,-1081.7494829913626,"{""alpha[1]"": 0.7893049635915168, ""beta[1]"": 0.15656224499021212, ""nu"": 2.3824696821932685, ""omega"": 6.461891186512518}",3.24228390834171,True,2023-11-11,1.3534441079023782,2.107725404166751,student_t,BTC-USD,843,0.1407220640548607,0.06719427361419603,,0.12194025510608426,2023-11-10,2022-06-29,3.287009513611167,7.1919955939335525
0.2251742592097214,-0.2251742592097214,5.488864317507942,11.287772793140165,False,False,2170.7276722148026,2187.5861046084915,0,null,-1081.3638361074013,"{""alpha[1]"": 0.8080997098748285, ""beta[1]"": 0.15146903505794398, ""nu"": 2.381194483100054, ""omega"": 6.46274710186826}",2.8878577346777954,True,2023-11-12,1.2329203737552161,1.989493149447985,student_t,BTC-USD,844,0.1342508066071123,0.061611435315383586,,0.12274442109175797,2023-11-11,2022-06-30,2.910190391351965,6.386317790748074
1.5013537041433456,-1.5013537041433456,5.302368089974925,10.940415781718881,False,False,2168.7128773220543,2185.571309715743,0,null,-1080.3564386610271,"{""alpha[1]"": 0.8502265358310909, ""beta[1]"": 0.13868590586731872, ""nu"": 2.370675742933762, ""omega"": 6.634173375419381}",2.8117093321744377,True,2023-11-13,1.1962119504695266,1.9562349471696079,student_t,BTC-USD,845,0.06493032065742846,0.04666537030697387,,0.12549601493462345,2023-11-12,2022-07-01,2.7999601172919135,6.167890734840728
2.6784357846643547,-2.6784357846643547,5.995537855851064,12.408885169926197,False,False,2167.4942828152416,2184.3527152089305,0,null,-1079.7471414076208,"{""alpha[1]"": 0.8370622883435683, ""beta[1]"": 0.1531618506327155, ""nu"": 2.353950627775899, ""omega"": 6.802277886577916}",3.2074800287233187,True,2023-11-14,1.3176826339975936,2.079882175726389,student_t,BTC-USD,846,0.023960847174517207,0.042887736969863845,,0.1277720298496852,2023-11-13,2022-07-02,3.1576527281546984,6.967209481650736
-6.384619926967865,6.384619926967865,7.1997640898163295,14.769981250872048,False,False,2170.888844415089,2187.7472768087778,0,null,-1081.4444222075444,"{""alpha[1]"": 0.7924939549217868, ""beta[1]"": 0.16530892519333817, ""nu"": 2.380288155371263, ""omega"": 6.382077299668101}",3.770386497173469,True,2023-11-15,1.5065609872922034,2.259323273217144,student_t,BTC-USD,847,0.5109292968493299,0.14755158909953928,,0.1226967494607185,2023-11-14,2022-07-03,3.8339660100187243,8.37053898298605
4.662975619098043,-4.662975619098043,12.763180458217606,25.807118660667555,False,False,2177.378221583719,2194.236653977408,0,null,-1084.6891107918595,"{""alpha[1]"": 0.8737942646791296, ""beta[1]"": 0.11595014673514532, ""nu"": 2.4260913322523057, ""omega"": 6.157417261902667}",6.47520075067687,True,2023-11-16,2.0884985082922976,2.826065258723158,student_t,BTC-USD,848,0.11269129685264977,0.10186824668789067,,0.1348970085141586,2023-11-15,2022-07-04,6.916801556151037,14.849800287887101
-1.2148746980425624,1.2148746980425624,,,,,,,,"{""error"": ""fit violated GARCH constraints: omega=6.1955591604232945, alpha=0.8883211650920565, beta=0.11167883490794359"", ""error_type"": ""GarchFitError"", ""forecast_date"": ""2023-11-17"", ""innovation"": ""student_t"", ""instrument"": ""BTC-USD"", ""origin_index"": 849}",,null,,False,2023-11-17,,,student_t,BTC-USD,849,,,,0.11611597183818514,2023-11-16,2022-07-05,,
0.03000850224949625,-0.03000850224949625,,,,,,,,"{""error"": ""fit violated GARCH constraints: omega=6.108060881369159, alpha=0.8872189483499477, beta=0.11278105165005223"", ""error_type"": ""GarchFitError"", ""forecast_date"": ""2023-11-18"", ""innovation"": ""student_t"", ""instrument"": ""BTC-USD"", ""origin_index"": 850}",,null,,False,2023-11-18,,,student_t,BTC-USD,850,,,,0.11895289686571732,2023-11-17,2022-07-06,,
-2.1653391391504333,2.1653391391504333,,,,,,,,"{""error"": ""fit violated GARCH constraints: omega=6.140887946280036, alpha=0.913870665095751, beta=0.086129334904249"", ""error_type"": ""GarchFitError"", ""forecast_date"": ""2023-11-19"", ""innovation"": ""student_t"", ""instrument"": ""BTC-USD"", ""origin_index"": 851}",,null,,False,2023-11-19,,,student_t,BTC-USD,851,,,,0.11537639000349355,2023-11-18,2022-07-07,,
-0.24153344483238076,0.24153344483238076,,,,,,,,"{""error"": ""fit violated GARCH constraints: omega=6.293643207655647, alpha=0.9037592797084399, beta=0.09624072029156007"", ""error_type"": ""GarchFitError"", ""forecast_date"": ""2023-11-20"", ""innovation"": ""student_t"", ""instrument"": ""BTC-USD"", ""origin_index"": 852}",,null,,False,2023-11-20,,,student_t,BTC-USD,852,,,,0.10937578960303802,2023-11-19,2022-07-08,,
4.539262191527766,-4.539262191527766,,,,,,,,"{""error"": ""fit violated GARCH constraints: omega=6.125639939504845, alpha=0.8875277919032789, beta=0.11247220809672114"", ""error_type"": ""GarchFitError"", ""forecast_date"": ""2023-11-21"", ""innovation"": ""student_t"", ""instrument"": ""BTC-USD"", ""origin_index"": 853}",,null,,False,2023-11-21,,,student_t,BTC-USD,853,,,,0.10899621194908256,2023-11-20,2022-07-09,,
-4.420138947451507,4.420138947451507,,,,,,,,"{""error"": ""fit violated GARCH constraints: omega=6.031422219684535, alpha=0.8956296379531463, beta=0.10437036204685367"", ""error_type"": ""GarchFitError"", ""forecast_date"": ""2023-11-22"", ""innovation"": ""student_t"", ""instrument"": ""BTC-USD"", ""origin_index"": 854}",,null,,False,2023-11-22,,,student_t,BTC-USD,854,,,,0.10120023580571333,2023-11-21,2022-07-10,,
0.38199994154082806,-0.38199994154082806,,,,,,,,"{""error"": ""fit violated GARCH constraints: omega=6.042373507984132, alpha=0.9030828660691133, beta=0.09691713393088672"", ""error_type"": ""GarchFitError"", ""forecast_date"": ""2023-11-23"", ""innovation"": ""student_t"", ""instrument"": ""BTC-USD"", ""origin_index"": 855}",,null,,False,2023-11-23,,,student_t,BTC-USD,855,,,,0.11693600964090912,2023-11-22,2022-07-11,,
-1.1482880916928222,1.1482880916928222,5.84361959578236,11.927943046698491,False,False,2171.428638226417,2188.287070620106,0,null,-1081.7143191132086,"{""alpha[1]"": 0.8929747036485834, ""beta[1]"": 0.09623999664222227, ""nu"": 2.4093395404723545, ""omega"": 6.452881587092999}",3.022458625870435,True,2023-11-24,1.3000391217737843,2.049412825490725,student_t,BTC-USD,856,0.21364027959041626,0.07953525782100264,,0.12489120243542226,2023-11-23,2022-07-12,3.1245175001154997,6.805237690407435
-0.20263429422145507,0.20263429422145507,5.544678803894311,11.337451976034437,False,False,2168.9148308973013,2185.77326329099,0,null,-1080.4574154486506,"{""alpha[1]"": 0.8654921181895037, ""beta[1]"": 0.0940066856178353, ""nu"": 2.407847500080107, ""omega"": 6.535392814888705}",2.8778836017976412,True,2023-11-25,1.246061233093441,1.9978356913799447,student_t,BTC-USD,857,0.15795910028906587,0.066618540513325,,0.13377090290554233,2023-11-24,2022-07-13,2.95654771155986,6.459219757111039
0.8440249841035358,-0.8440249841035358,5.248642128850151,10.814955727665952,False,False,2163.0408206102793,2179.899253003968,0,null,-1077.5204103051396,"{""alpha[1]"": 0.892543030251565, ""beta[1]"": 0.09993563320694372, ""nu"": 2.376374112929649, ""omega"": 6.817211503790779}",2.773720006952546,True,2023-11-26,1.1867799208816399,1.9456038478832425,student_t,BTC-USD,858,0.0965756094294677,0.05262898051282351,,0.12518881949737223,2023-11-25,2022-07-14,2.775537172692888,6.106923035385882
0.6020176743881349,-0.6020176743881349,,,,,,,,"{""error"": ""fit violated GARCH constraints: omega=6.873765515909142, alpha=0.8953214888714578, beta=0.10467851112854229"", ""error_type"": ""GarchFitError"", ""forecast_date"": ""2023-11-27"", ""innovation"": ""student_t"", ""instrument"": ""BTC-USD"", ""origin_index"": 859}",,null,,False,2023-11-27,,,student_t,BTC-USD,859,,,,0.1199908392777752,2023-11-26,2022-07-15,,
-1.5367313617739586,1.5367313617739586,,,,,,,,"{""error"": ""fit violated GARCH constraints: omega=6.718927783669479, alpha=0.8912435276164001, beta=0.10875647238359998"", ""error_type"": ""GarchFitError"", ""forecast_date"": ""2023-11-28"", ""innovation"": ""student_t"", ""instrument"": ""BTC-USD"", ""origin_index"": 860}",,null,,False,2023-11-28,,,student_t,BTC-USD,860,,,,0.11621316452163571,2023-11-27,2022-07-16,,
-0.0724175028485301,0.0724175028485301,,,,,,,,"{""error"": ""fit violated GARCH constraints: omega=6.612908804041934, alpha=0.8885064593728563, beta=0.1114935406271437"", ""error_type"": ""GarchFitError"", ""forecast_date"": ""2023-11-29"", ""innovation"": ""student_t"", ""instrument"": ""BTC-USD"", ""origin_index"": 861}",,null,,False,2023-11-29,,,student_t,BTC-USD,861,,,,0.11591736798914917,2023-11-28,2022-07-17,,
0.385718900505034,-0.385718900505034,,,,,,,,"{""error"": ""fit violated GARCH constraints: omega=6.506068170639525, alpha=0.89623379349734, beta=0.10376620650266002"", ""error_type"": ""GarchFitError"", ""forecast_date"": ""2023-11-30"", ""innovation"": ""student_t"", ""instrument"": ""BTC-USD"", ""origin_index"": 862}",,null,,False,2023-11-30,,,student_t,BTC-USD,862,,,,0.11997918293443616,2023-11-29,2022-07-18,,
-2.555073010799917,2.555073010799917,,,,,,,,"{""error"": ""fit violated GARCH constraints: omega=6.396713867252925, alpha=0.8762898383118649, beta=0.12371016168813516"", ""error_type"": ""GarchFitError"", ""forecast_date"": ""2023-12-01"", ""innovation"": ""student_t"", ""instrument"": ""BTC-USD"", ""origin_index"": 863}",,null,,False,2023-12-01,,,student_t,BTC-USD,863,,,,0.10342380948851217,2023-11-30,2022-07-19,,
-2.01524431323875,2.01524431323875,,,,,,,,"{""error"": ""fit violated GARCH constraints: omega=6.6007605970394385, alpha=0.8664015721507669, beta=0.13359842784923326"", ""error_type"": ""GarchFitError"", ""forecast_date"": ""2023-12-02"", ""innovation"": ""student_t"", ""instrument"": ""BTC-USD"", ""origin_index"": 864}",,null,,False,2023-12-02,,,student_t,BTC-USD,864,,,,0.1006528991061789,2023-12-01,2022-07-20,,
-1.263777052682271,1.263777052682271,6.376373176618187,13.12667910572965,False,False,2149.334567762335,2166.193000156024,0,null,-1070.6672838811676,"{""alpha[1]"": 0.8576628176716252, ""beta[1]"": 0.13811284198613244, ""nu"": 2.3656013578657764, ""omega"": 6.471945789720447}",3.3690314745263534,True,2023-12-03,1.3831588374058068,2.139035752515157,student_t,BTC-USD,865,0.23234107918540164,0.0867233061367865,,0.10603643646099185,2023-12-02,2022-07-21,3.3830445310257575,7.4085535609963715
-4.8856566880608,4.8856566880608,5.66535766053193,11.61209724701386,False,False,2149.6695718449932,2166.528004238682,0,null,-1070.8347859224966,"{""alpha[1]"": 0.8605617731810122, ""beta[1]"": 0.1250731805290734, ""nu"": 2.388253904844672, ""omega"": 6.24444591515243}",2.959130366071989,True,2023-12-04,1.2670129637420047,2.0196136223428915,student_t,BTC-USD,866,0.3951634713272083,0.11476290614180483,,0.10914251492360058,2023-12-03,2022-07-22,3.0176127384833586,6.590633926119672
-4.882523457702797,4.882523457702797,9.98670294623729,20.49087143316346,False,False,2154.9394336397672,2171.797866033456,0,null,-1073.4697168198836,"{""alpha[1]"": 0.8684237123436981, ""beta[1]"": 0.1293417532983431, ""nu"": 2.370065065990296, ""omega"": 6.562349434606834}",5.238931121663417,True,2023-12-05,1.8344650293215379,2.5860111355794406,student_t,BTC-USD,867,0.5103769297064393,0.16481005113320024,,0.12283421744723834,2023-12-04,2022-07-23,5.32501513642598,11.598481655617212
0.7610515726170732,-0.7610515726170732,,,,,,,,"{""error"": ""fit violated GARCH constraints: omega=6.195256870100326, alpha=0.8673199282721764, beta=0.13268007172782353"", ""error_type"": ""GarchFitError"", ""forecast_date"": ""2023-12-06"", ""innovation"": ""student_t"", ""instrument"": ""BTC-USD"", ""origin_index"": 868}",,null,,False,2023-12-06,,,student_t,BTC-USD,868,,,,0.13480820648204508,2023-12-05,2022-07-24,,
1.0427160037106356,-1.0427160037106356,6.106557230216176,12.392765541900024,False,False,2158.683660204436,2175.542092598125,0,null,-1075.341830102218,"{""alpha[1]"": 0.8701239444423773, ""beta[1]"": 0.11242365895388036, ""nu"": 2.4338023126452426, ""omega"": 5.842748828087106}",3.12010717303625,True,2023-12-07,1.3473574357923415,2.0914522839855616,student_t,BTC-USD,869,0.11212884472225385,0.06074937592268095,,0.13201100918652073,2023-12-06,2022-07-25,3.2852928981557104,7.117653595978725
-1.998568323502877,1.998568323502877,5.555776764503286,11.292904948691415,False,False,2153.3659447656814,2170.2243771593703,0,null,-1072.6829723828407,"{""alpha[1]"": 0.8422001291320071, ""beta[1]"": 0.08767756030335314, ""nu"": 2.435073311350286, ""omega"": 6.121055369081187}",2.847535430257968,True,2023-12-08,1.2512851155285754,1.9979314994074988,student_t,BTC-USD,870,0.24894736913385365,0.08477949911554689,,0.14127670912991264,2023-12-07,2022-07-26,2.980379059174192,6.479381588051805
1.0026349173407234,-1.0026349173407234,6.014086306844286,12.025500989929178,False,False,2153.681426185868,2170.539858579557,0,null,-1072.840713092934,"{""alpha[1]"": 0.8376051941235165, ""beta[1]"": 0.07041815127124662, ""nu"": 2.503750776686712, ""omega"": 5.564200902850141}",2.992143332059668,True,2023-12-09,1.340224085509143,2.071391179051926,student_t,BTC-USD,871,0.11408878959839565,0.06024607303291219,,0.14641885454581102,2023-12-08,2022-07-27,3.2844107093086343,7.027242220631938
-0.12276882721330908,0.12276882721330908,5.398051801211431,10.780859995685885,False,False,2146.6212304933188,2163.4796628870076,0,null,-1069.3106152466594,"{""alpha[1]"": 0.7926814375961062, ""beta[1]"": 0.08634321661384524, ""nu"": 2.5081407974570467, ""omega"": 5.408771455938911}",2.680297565290611,True,2023-12-10,1.2329151202702406,1.9628635977431315,student_t,BTC-USD,872,0.15374196262862902,0.06430555769575051,,0.12909450039999354,2023-12-09,2022-07-28,2.9520704253592682,6.307786942361736
5.966864670860899,-5.966864670860899,4.973273518604992,10.03341611576498,True,True,2140.731989077505,2157.590421471194,0,null,-1066.3659945387526,"{""alpha[1]"": 0.8247652173734658, ""beta[1]"": 0.09815294591418074, ""nu"": 2.4648208151955413, ""omega"": 5.574661719265086}",2.512565829715628,True,2023-12-11,14.32177751701938,3.500695526157684,student_t,BTC-USD,873,3.112750284302109,0.1605422008795543,,0.1215284718728301,2023-12-10,2022-07-29,2.6902854242270995,5.8047008315886215
-0.49916781643223895,0.49916781643223895,12.234110683857878,24.74922693184075,False,False,2148.835283050365,2165.693715444054,0,null,-1070.4176415251825,"{""alpha[1]"": 0.8616127401033925, ""beta[1]"": 0.10074293886314972, ""nu"": 2.4207767982905772, ""omega"": 6.095970884855849}",6.213703565909118,True,2023-12-12,2.0461481800923997,2.783703026518868,student_t,BTC-USD,874,0.3564539591732169,0.1472771550622642,,0.10992427147569417,2023-12-11,2022-07-30,6.629911367032093,14.228547689794166
-3.41627495887257,3.41627495887257,6.2055018396702515,12.62650074672667,False,False,2149.753970140065,2166.612402533754,0,null,-1070.8769850700326,"{""alpha[1]"": 0.8394880346043945, ""beta[1]"": 0.10145766494096972, ""nu"": 2.415610225997082, ""omega"": 6.193599483195405}",3.188669541652171,True,2023-12-13,1.3625073115898014,2.1080043348591158,student_t,BTC-USD,875,0.33745350793444184,0.10641240704545311,,0.11217354379970777,2023-12-12,2022-07-31,3.332795199816261,7.224965745672732
-0.3101461141735787,0.3101461141735787,7.855832409369337,15.957865706716786,False,False,2153.3481699172908,2170.2066023109796,0,null,-1072.6740849586454,"{""alpha[1]"": 0.804792701066067, ""beta[1]"": 0.13491704211773156, ""nu"": 2.4171624875202977, ""omega"": 5.962001950840902}",4.02319592221467,True,2023-12-14,1.599717844096987,2.342938109136183,student_t,BTC-USD,876,0.2270105125255917,0.09453783802611626,,0.1217240709304744,2023-12-13,2022-08-01,4.230064136338251,9.143637688438039
2.5761678815698477,-2.5761678815698477,5.518213838928108,11.238372768443833,False,False,2153.5525500029808,2170.4109823966696,0,null,-1072.7762750014904,"{""alpha[1]"": 0.8024871363534576, ""beta[1]"": 0.127714813736582, ""nu"": 2.4203245799928474, ""omega"": 5.985664124603983}",2.840081780063604,True,2023-12-15,1.2439086889032906,1.991436050167045,student_t,BTC-USD,877,0.019039581005997536,0.03853327517463232,,0.12253897609512146,2023-12-14,2022-08-02,2.956959501689798,6.429495399033076
-0.7374628572920195,0.7374628572920195,6.985325289976927,14.218447179612015,False,False,2155.779375157028,2172.637807550717,0,null,-1073.889687578514,"{""alpha[1]"": 0.7834040787518289, ""beta[1]"": 0.14496648735333748, ""nu"": 2.412335183450584, ""omega"": 5.997387914524518}",3.5925447875518906,True,2023-12-16,1.4808128332955883,2.226403421872302,student_t,BTC-USD,878,0.22442957112591938,0.0886846960603919,,0.12029068974629706,2023-12-15,2022-08-03,3.751128565226364,8.131006748747161
2.0943422432396863,-2.0943422432396863,5.530569391912075,11.282188965398234,False,False,2155.860807226084,2172.719239619773,0,null,-1073.930403613042,"{""alpha[1]"": 0.772448491705814, ""beta[1]"": 0.15202949550889472, ""nu"": 2.4135407909333875, ""omega"": 5.91892177533662}",2.8565373932158433,True,2023-12-17,1.2451843526003232,1.994248161025351,student_t,BTC-USD,879,0.04319619041061877,0.04348045753742622,,0.12291442781111832,2023-12-16,2022-08-04,2.958266051452061,6.442387996982305
-2.9979669512146616,2.9979669512146616,6.408109246891045,12.974013916566932,False,False,2157.1974431180874,2174.0558755117763,0,null,-1074.5987215590437,"{""alpha[1]"": 0.767103703139465, ""beta[1]"": 0.14384022820549733, ""nu"": 2.437909773450035, ""omega"": 5.732073085735991}",3.2588152249581577,True,2023-12-18,1.3973866167970725,2.138501906349801,student_t,BTC-USD,880,0.32286037997120004,0.10465205796309368,,0.12062164843617543,2023-12-17,2022-08-05,3.459240648209333,7.467238845094698
0.8316570700970463,-0.8316570700970463,7.287408888793503,14.7687125107588,False,False,2157.6315955885725,2174.4900279822614,0,null,-1074.8157977942863,"{""alpha[1]"": 0.7730695897888948, ""beta[1]"": 0.14468018541200597, ""nu"": 2.4291343093458515, ""omega"": 5.83223041141009}",3.7135659642327634,True,2023-12-19,1.5257744657450538,2.2671561741738384,student_t,BTC-USD,881,0.15504106372194612,0.07655113432287651,,0.12088240251983678,2023-12-18,2022-08-06,3.9324783445359657,8.48677050238469
-3.216473723883631,3.216473723883631,5.744293104549822,11.711015568169334,False,False,2157.11782483594,2173.976257229629,0,null,-1074.55891241797,"{""alpha[1]"": 0.767297966374734, ""beta[1]"": 0.15731051562617018, ""nu"": 2.4140525545556155, ""omega"": 5.887788937796074}",2.9632934679091654,True,2023-12-20,1.2836166657289536,2.0318350600928703,student_t,BTC-USD,882,0.3146012294130449,0.09907037342964062,,0.12205616034009134,2023-12-19,2022-08-07,3.075550864377262,6.6905636190804225
-0.4956565645747493,0.4956565645747493,7.426833381415598,14.989000661640501,False,False,2160.279693841869,2177.138126235558,0,null,-1076.1398469209346,"{""alpha[1]"": 0.7558803307074099, ""beta[1]"": 0.15368225106829247, ""nu"": 2.447591094566048, ""omega"": 5.588532433208867}",3.753384300050654,True,2023-12-21,1.547041556347411,2.284732728838817,student_t,BTC-USD,883,0.22602846839474805,0.0915054665890052,,0.1266284572429384,2023-12-20,2022-08-08,4.024912803320208,8.654890094325761
-0.29305657871782415,0.29305657871782415,5.570599585100569,11.345773416361705,False,False,2157.5304377273974,2174.3888701210863,0,null,-1074.7652188636987,"{""alpha[1]"": 0.7547693198674299, ""beta[1]"": 0.16099145305801224, ""nu"": 2.4195192390651163, ""omega"": 5.795321570973003}",2.8674832119496307,True,2023-12-22,1.2533648076463941,2.0008744694184237,student_t,BTC-USD,884,0.1639064924487453,0.06783170054657965,,0.12222546130422221,2023-12-21,2022-08-09,2.985073270257079,6.490113475940135
0.5889392398944143,-0.5889392398944143,5.203897595956535,10.668257459547101,False,False,2154.311217367805,2171.169649761494,0,null,-1073.1556086839025,"{""alpha[1]"": 0.7707973439410016, ""beta[1]"": 0.1570049064350478, ""nu"": 2.3983883002424458, ""omega"": 6.030956587241984}",2.7165503483435955,True,2023-12-23,1.1810392426520262,1.935368725179229,student_t,BTC-USD,885,0.10888079585464507,0.05471654993393008,,0.1283057731631206,2023-12-22,2022-08-10,2.7665551569873137,6.060594233287418
1.667770259057294,-1.667770259057294,5.348483565347875,11.082159817226751,False,False,2150.230185222722,2167.088617616411,0,null,-1071.115092611361,"{""alpha[1]"": 0.8181370850282236, ""beta[1]"": 0.16969125163466167, ""nu"": 2.351966345655739, ""omega"": 6.451620590802893}",2.868680818116116,True,2023-12-24,1.2026203826733086,1.9662203866039887,student_t,BTC-USD,886,0.05722507422860374,0.04548033595233133,,0.12047653567036166,2023-12-23,2022-08-11,2.812271743629368,6.215803854290423
-1.3783631635349636,1.3783631635349636,6.025361681154772,12.370791504142566,False,False,2151.7927854657287,2168.6512178594176,0,null,-1071.8963927328643,"{""alpha[1]"": 0.8033558709452816, ""beta[1]"": 0.14816868810607842, ""nu"": 2.381841796282393, ""omega"": 6.270270307451614}",3.159779977862478,True,2023-12-25,1.3276190280175424,2.081824249969907,student_t,BTC-USD,887,0.22908478042578045,0.08386244347098089,,0.11705844273668604,2023-12-24,2022-08-12,3.2033324449806413,7.007881183563117
2.5374479533951555,-2.5374479533951555,5.761070392027154,11.880189279059683,False,False,2151.550979327416,2168.409411721105,0,null,-1071.775489663708,"{""alpha[1]"": 0.8025341785088463, ""beta[1]"": 0.1552501103198109, ""nu"": 2.365921633369484, ""omega"": 6.454232282307541}",3.053853214966863,True,2023-12-26,1.2801005760589677,2.038581386077722,student_t,BTC-USD,888,0.02550137154374048,0.04159523324450385,,0.11613197265649318,2023-12-25,2022-08-13,3.0474753842699647,6.696971277845537
-2.1462391204215407,2.1462391204215407,6.9387464793323135,14.207705043168104,False,False,2155.041462691598,2171.899895085287,0,null,-1073.520731345799,"{""alpha[1]"": 0.7695096338638314, ""beta[1]"": 0.1551606345457347, ""nu"": 2.385692200418264, ""omega"": 6.286751010603221}",3.6180650453663747,True,2023-12-27,1.470901847388316,2.2216145564753367,student_t,BTC-USD,889,0.29250040774353875,0.10213802127103044,,0.11088299232392841,2023-12-26,2022-08-14,3.7037690344492282,8.067563006681494
1.893848326292364,-1.893848326292364,6.455543452923046,13.152265103744934,False,False,2157.2308672177815,2174.0892996114703,0,null,-1074.6154336088907,"{""alpha[1]"": 0.7464963310006786, ""beta[1]"": 0.1550449283791828, ""nu"": 2.410079140161923, ""omega"": 6.029905324039804}",3.326533468437136,True,2023-12-28,1.4012800351065247,2.147942086833226,student_t,BTC-USD,890,0.07842615822067725,0.05620673243680482,,0.11603494718025105,2023-12-27,2022-08-15,3.4623714907059076,7.514521569972841
1.2474379351935436,-1.2474379351935436,6.346136060233483,12.882340076747834,False,False,2158.559061195444,2175.417493589133,0,null,-1075.279530597722,"{""alpha[1]"": 0.7383877129982606, ""beta[1]"": 0.16086759397394682, ""nu"": 2.425036459030597, ""omega"": 5.807540769241711}",3.244758853249711,True,2023-12-29,1.3862998339993102,2.1295837319365862,student_t,BTC-USD,891,0.10848312559638391,0.06143499949321669,,0.11375262476354486,2023-12-28,2022-08-16,3.41710044712122,7.390937884515207
-0.13648832366752553,0.13648832366752553,5.781189089390463,11.707023593010478,False,False,2158.196223537876,2175.054655931565,0,null,-1075.098111768938,"{""alpha[1]"": 0.7477878155781964, ""beta[1]"": 0.15088606584950748, ""nu"": 2.438733062050256, ""omega"": 5.707440133754682}",2.9411221093628996,True,2023-12-30,1.2941891783287143,2.0357084775807888,student_t,BTC-USD,892,0.1627950565001825,0.06874108791361276,,0.11337089014277309,2023-12-29,2022-08-17,3.1194128063361215,6.737620467693744
-0.25653289461249046,0.25653289461249046,5.229926926825352,10.672884923925656,False,False,2155.771397106367,2172.629829500056,0,null,-1073.8856985531836,"{""alpha[1]"": 0.7548429494409977, ""beta[1]"": 0.1669682150049205, ""nu"": 2.412804142075347, ""omega"": 5.805172817265507}",2.703341283120784,True,2023-12-31,1.1890088929135345,1.9385315776580883,student_t,BTC-USD,893,0.15262562140638666,0.06348884264535691,,0.11828025576895003,2023-12-30,2022-08-18,2.7959795335152404,6.092351369923195
-4.402166483166636,4.402166483166636,4.941036788802783,9.94596272132943,False,False,2152.9441863297066,2169.8026187233954,0,null,-1072.4720931648533,"{""alpha[1]"": 0.7961267302295093, ""beta[1]"": 0.1282320397824593, ""nu"": 2.474181009532903, ""omega"": 5.347140886910165}",2.486150066630098,True,2024-01-01,1.1398554304537916,1.8771549295616863,student_t,BTC-USD,894,0.35407965617739373,0.10170707672068247,,0.11985251296755609,2023-12-31,2022-08-19,2.6794266403812323,5.768541188901602
-1.7742604019265331,1.7742604019265331,8.681742165958601,17.160843005762267,False,False,2149.4385677700166,2166.2970001637054,0,null,-1070.7192838850083,"{""alpha[1]"": 0.6724890265185444, ""beta[1]"": 0.1518418752656637, ""nu"": 2.540469585978497, ""omega"": 4.9043950093705}",4.236737853759332,True,2024-01-02,1.7151160697810308,2.433722018407543,student_t,BTC-USD,895,0.3291512001307881,0.11917893972470306,,0.14986217431566498,2024-01-01,2022-08-20,4.808763600689223,10.143633570543763
4.806495358458989,-4.806495358458989,6.227873647957767,12.35639280950064,True,False,2150.0063896753973,2166.864822069086,0,null,-1071.0031948376986,"{""alpha[1]"": 0.673454014489512, ""beta[1]"": 0.14723785568167214, ""nu"": 2.5387608965505035, ""omega"": 4.950057981954429}",3.0615873324613876,True,2024-01-03,5.802285441023133,2.10361818020967,student_t,BTC-USD,896,1.3083140109733467,0.024769138398034848,,0.15066580885421219,2024-01-02,2022-08-21,3.42932271532915,7.283409198262471
-3.0607357724120687,3.0607357724120687,9.930327178723479,19.783937364336854,False,False,2154.4441118196173,2171.302544213306,0,null,-1073.2220559098087,"{""alpha[1]"": 0.705748924048113, ""beta[1]"": 0.16672422269780915, ""nu"": 2.497108434147288, ""omega"": 5.087090630364038}",4.901897953532204,True,2024-01-04,1.8455075979085889,2.57039694217599,student_t,BTC-USD,897,0.42607817097103756,0.1464475691548369,,0.1376048734336423,2024-01-03,2022-08-22,5.460827647008676,11.584021143071608
0.0390082850813707,-0.0390082850813707,7.794558589544918,15.48131181808554,False,False,2157.558243186792,2174.416675580481,0,null,-1074.779121593396,"{""alpha[1]"": 0.6885111776931508, ""beta[1]"": 0.16426221595187573, ""nu"": 2.5214095370291236, ""omega"": 4.9785362494456065}",3.8324881930098065,True,2024-01-05,1.6043433818461228,2.327729480179729,student_t,BTC-USD,898,0.21275752557755953,0.09065487301256454,,0.14498610549628113,2024-01-04,2022-08-23,4.294158796632558,9.104495586337817
0.3936304133215403,-0.3936304133215403,5.5089197487425885,10.990781027418999,False,False,2157.928383551729,2174.786815945418,0,null,-1074.9641917758645,"{""alpha[1]"": 0.6738188785366752, ""beta[1]"": 0.16553023273635525, ""nu"": 2.517611173600131, ""omega"": 5.02606103659774}",2.732098517537465,True,2024-01-06,1.25350132883006,1.9830852579064384,student_t,BTC-USD,899,0.13102400755936067,0.06047279680784081,,0.1437043701505337,2024-01-05,2022-08-24,3.0141105645087514,6.440910094105616
0.10484807950989289,-0.10484807950989289,5.087227468704192,10.142958355522346,False,False,2157.3887642383534,2174.2471966320422,0,null,-1074.6943821191767,"{""alpha[1]"": 0.6722958666208733, ""beta[1]"": 0.17425622914349556, ""nu"": 2.525476107783658, ""omega"": 4.869123382233344}",2.521798664541024,True,2024-01-07,1.1738762475729665,1.9034887153026925,student_t,BTC-USD,900,0.1339297088956921,0.058461169620673575,,0.14415717598541722,2024-01-06,2022-08-25,2.783442257423733,5.950965041577245
-6.662426635624027,6.662426635624027,4.822079495372243,9.53917511894239,False,False,2154.8728794831613,2171.73131187685,0,null,-1073.4364397415807,"{""alpha[1]"": 0.7174788250526842, ""beta[1]"": 0.14241099646445668, ""nu"": 2.5642809616261335, ""omega"": 4.709977715063073}",2.364474743797525,True,2024-01-08,1.1247083767967823,1.8473795819604426,student_t,BTC-USD,901,0.4660909239884234,0.1230935660600183,,0.14203207649231195,2024-01-07,2022-08-26,2.6593918441444333,5.6469299703777915
1.784541709569723,-1.784541709569723,12.211260634483267,24.040107425720826,False,False,2157.9545117728494,2174.8129441665383,0,null,-1074.9772558864247,"{""alpha[1]"": 0.6914044176643067, ""beta[1]"": 0.1209729907947042, ""nu"": 2.5514230307250756, ""omega"": 5.151628481764839}",5.918781681776509,True,2024-01-09,2.0591299920283603,2.7730694666079168,student_t,BTC-USD,902,0.2507169870507625,0.12479557186418712,,0.16817407307911794,2024-01-08,2022-08-27,6.798881450584969,14.264098895988424
-1.052203275189169,1.052203275189169,7.092769693278816,14.026941275951103,False,False,2158.3454401243694,2175.2038725180582,0,null,-1075.1727200621847,"{""alpha[1]"": 0.6898827336286215, ""beta[1]"": 0.12335035749909178, ""nu"": 2.552253397809558, ""omega"": 5.104100807949253}",3.4700236778117555,True,2024-01-10,1.511691155721044,2.2324669342368,student_t,BTC-USD,903,0.2485887963543924,0.09348957769878165,,0.1667714796227907,2024-01-09,2022-08-28,3.9195726518986747,8.296754494688987
0.5574241142101173,-0.5574241142101173,5.3794259465300645,10.695956744203786,False,False,2156.7566831421605,2173.6151155358493,0,null,-1074.3783415710802,"{""alpha[1]"": 0.687477074550485, ""beta[1]"": 0.11044156740258033, ""nu"": 2.5466933366085134, ""omega"": 5.241819809411587}",2.6585820513165377,True,2024-01-11,1.2307102391382676,1.9588254341434688,student_t,BTC-USD,904,0.1195596474144403,0.0574206270285704,,0.1731618730333998,2024-01-10,2022-08-29,2.948617062498921,6.299486817067152
7.8842628837942765,-7.8842628837942765,5.144330413881407,10.29861618279164,True,True,2152.930392363507,2169.788824757196,0,null,-1072.4651961817535,"{""alpha[1]"": 0.7002116181164173, ""beta[1]"": 0.10976877031865752, ""nu"": 2.515365722947763, ""omega"": 5.429223481634051}",2.5682636542911474,True,2024-01-12,20.950682614746427,20.024368439831132,student_t,BTC-USD,905,4.830571355666102,1.846211670277981,,0.16522002647401365,2024-01-11,2022-08-30,2.799450930461538,6.019402610786215
0.025170868169116685,-0.025170868169116685,14.911118909888923,30.24310036593625,False,False,2159.626337850994,2176.4847702446827,0,null,-1075.813168925497,"{""alpha[1]"": 0.7845280792233335, ""beta[1]"": 0.11606364838463942, ""nu"": 2.4128719355085204, ""omega"": 6.385602589957992}",7.6148731789541255,True,2024-01-13,2.2423067170601176,2.9826403864160334,student_t,BTC-USD,906,0.40149044049226223,0.1731538560237727,,0.15445176626430776,2024-01-12,2022-08-31,8.054979678014353,17.34055647054637
2.472077534966911,-2.472077534966911,7.172276791988638,14.695438111796836,False,False,2160.711583687439,2177.570016081128,0,null,-1076.3557918437195,"{""alpha[1]"": 0.7466737059986069, ""beta[1]"": 0.13253600631387244, ""nu"": 2.39357209682611, ""omega"": 6.571304289790451}",3.7416192804136745,True,2024-01-14,1.502756461327265,2.255572066895863,student_t,BTC-USD,907,0.06736993930956753,0.0587544497401338,,0.1518620996954895,2024-01-13,2022-09-01,3.8194763211582603,8.347522508980285
-1.6978564052401248,1.6978564052401248,7.1001136160400335,14.49901375632677,False,False,2163.305703179705,2180.1641355733937,0,null,-1077.6528515898524,"{""alpha[1]"": 0.7284853753810034, ""beta[1]"": 0.15702311350454928, ""nu"": 2.4059443836032077, ""omega"": 6.201684962349534}",3.676258276216206,True,2024-01-15,1.4946783084265842,2.244229444459945,student_t,BTC-USD,908,0.2746673274323643,0.09964451904779241,,0.14614758115409565,2024-01-14,2022-09-02,3.7954901434071564,8.266595499539106
-1.501136449422046,1.501136449422046,6.08712334286699,12.42283975287514,False,False,2164.6279536286697,2181.4863860223586,0,null,-1078.3139768143349,"{""alpha[1]"": 0.7089601212729658, ""beta[1]"": 0.15619817061651345, ""nu"": 2.4171153072907297, ""omega"": 6.1298107806767925}",3.146108986227809,True,2024-01-16,1.3403899845061695,2.0905930088670317,student_t,BTC-USD,909,0.23764826112738655,0.08595277539887566,,0.15111318990656344,2024-01-15,2022-09-03,3.2518287731256805,7.094141090465511
0.959971280842645,-0.959971280842645,5.765112279389953,11.740027934444056,False,False,2165.709168369527,2182.567600763216,0,null,-1078.8545841847636,"{""alpha[1]"": 0.680544509573105, ""beta[1]"": 0.16830168118197045, ""nu"": 2.4305691755635976, ""omega"": 5.923609315667728}",2.96574418883238,True,2024-01-17,1.2869481236453502,2.035741416872773,student_t,BTC-USD,910,0.10625378729069906,0.057639797168733915,,0.15549915838496967,2024-01-16,2022-09-04,3.0850470266566243,6.723950997716032
3.525390600417059,-3.525390600417059,5.533211688319924,11.224877998406049,True,False,2165.6229111233606,2182.4813435170495,0,null,-1078.8114555616803,"{""alpha[1]"": 0.6629972677284326, ""beta[1]"": 0.18926732758186054, ""nu"": 2.4476377058127454, ""omega"": 5.540685836533419}",2.8249866423603534,True,2024-01-18,3.2456144369040185,1.9934206376979624,student_t,BTC-USD,911,0.5250224497524686,0.029321478314597894,,0.15202592165885973,2024-01-17,2022-09-05,2.9727353901513025,6.457538431876846
-0.8599127732015229,0.8599127732015229,7.992539702523848,15.992555120373389,False,False,2168.3341469211273,2185.192579314816,0,null,-1080.1670734605636,"{""alpha[1]"": 0.6819144733423733, ""beta[1]"": 0.15476120348404707, ""nu"": 2.487668641930593, ""omega"": 5.454464345137551}",3.977058472531989,True,2024-01-19,1.625197473053687,2.3553321770771034,student_t,BTC-USD,912,0.26146727702434397,0.1018691274301236,,0.14672737085848864,2024-01-18,2022-09-06,4.3694327672853515,9.326999969810826
-0.11329834655464514,0.11329834655464514,5.749844580235502,11.588520546835273,False,False,2164.050146272076,2180.9085786657647,0,null,-1078.025073136038,"{""alpha[1]"": 0.6428991847901677, ""beta[1]"": 0.16371600563240546, ""nu"": 2.4758186403109814, ""omega"": 5.553012585717563}",2.9005477544873517,True,2024-01-20,1.290189728756538,2.0295752616672607,student_t,BTC-USD,913,0.16120307294483582,0.06829544345907529,,0.15853680933923325,2024-01-19,2022-09-07,3.1107631123420685,6.7162459993528785
0.28794349425745064,-0.28794349425745064,5.252609877032153,10.675258407847467,False,False,2161.540182293248,2178.398614686937,0,null,-1076.770091146624,"{""alpha[1]"": 0.6593372359877969, ""beta[1]"": 0.17883407570342308, ""nu"": 2.443716451484256, ""omega"": 5.659345345852625}",2.691383577089881,True,2024-01-21,1.194607653227136,1.9422348289499611,student_t,BTC-USD,914,0.12634193210595163,0.058429221367078,,0.15401437528257766,2024-01-20,2022-09-08,2.814782136376481,6.130865630965245
5.030891026258138,-5.030891026258138,5.001313511751831,10.006175223777387,True,False,2159.001409968785,2175.859842362474,0,null,-1075.5007049843925,"{""alpha[1]"": 0.7006185299730605, ""beta[1]"": 0.13371576544761798, ""nu"": 2.514805738547983, ""omega"": 5.243394409715728}",2.493671893914501,True,2024-01-22,10.377148452253346,1.8879133485989148,student_t,BTC-USD,915,2.190958899557631,0.008198289326976676,,0.1530292742398274,2024-01-21,2022-09-09,2.7246185004080004,5.850719958955805
-0.8523584238992167,0.8523584238992167,10.140482883755437,20.246711580496164,False,False,2153.970758245644,2170.829190639333,0,null,-1072.985379122822,"{""alpha[1]"": 0.7091757218703869, ""beta[1]"": 0.13160576710047137, ""nu"": 2.4836195286219733, ""omega"": 5.53437423495076}",5.022814096032442,True,2024-01-23,1.8654794983090923,2.59188146964983,student_t,BTC-USD,916,0.3209457219602197,0.12674192229166972,,0.12279547264751449,2024-01-22,2022-09-10,5.566556015305172,11.821833805267744
-0.5793705740498054,0.5793705740498054,6.183520865045311,12.43706004681149,False,False,2154.2108171945692,2171.069249588258,0,null,-1073.1054085972846,"{""alpha[1]"": 0.6820068515501548, ""beta[1]"": 0.1506428517012118, ""nu"": 2.467882107414222, ""omega"": 5.5623523744487295}",3.1055032174616133,True,2024-01-24,1.3653743507844305,2.100652500648324,student_t,BTC-USD,917,0.19700154122202984,0.07792514326749397,,0.12171914181958411,2024-01-23,2022-09-11,3.360660250390788,7.213143752699586
0.3581157289470559,-0.3581157289470559,5.21136339974031,10.44485841466678,False,False,2153.1487407362765,2170.0071731299654,0,null,-1072.5743703681383,"{""alpha[1]"": 0.7037662097732105, ""beta[1]"": 0.13520832965830923, ""nu"": 2.4913335551277274, ""omega"": 5.389842482510136}",2.6023937842988376,True,2024-01-25,1.195756307849948,1.9288293973424269,student_t,BTC-USD,918,0.12408166508645857,0.057283075471806014,,0.12206115257390743,2024-01-24,2022-09-12,2.839749030676225,6.086423276127652
-4.6076574494534945,4.6076574494534945,5.0856260474558885,10.21844780300155,False,False,2149.6094075713345,2166.4678399650234,0,null,-1070.8047037856672,"{""alpha[1]"": 0.7230729234114824, ""beta[1]"": 0.1284444321942339, ""nu"": 2.478949105588954, ""omega"": 5.468683886345113}",2.550321178401711,True,2024-01-26,1.1699862490637774,1.9051979732607336,student_t,BTC-USD,919,0.3686020795722375,0.10544609123110148,,0.11589648833600018,2024-01-25,2022-09-13,2.7643841419912483,5.936951673656643
-0.7224112861289224,0.7224112861289224,8.838552356696189,17.48244016423656,False,False,2146.5382856267133,2163.396718020402,0,null,-1069.2691428133567,"{""alpha[1]"": 0.6289150498457318, ""beta[1]"": 0.11364591279265884, ""nu"": 2.535352836452476, ""omega"": 5.389982867271039}",4.316411241092919,True,2024-01-27,1.732778185627664,2.451746531895391,student_t,BTC-USD,920,0.28079603621360905,0.11046658876103772,,0.1445682430242905,2024-01-26,2022-09-14,4.893509438143253,10.32424758997484
0.20072560291783054,-0.20072560291783054,5.575101104768961,11.042369688580457,False,False,2146.9032275966883,2163.761659990377,0,null,-1069.4516137983442,"{""alpha[1]"": 0.6253107453114595, ""beta[1]"": 0.10599587077376135, ""nu"": 2.5513882474735188, ""omega"": 5.3238725824007105}",2.735636068123182,True,2024-01-28,1.2696052590380162,1.9925457399103816,student_t,BTC-USD,921,0.14363993408479983,0.06323173506837769,,0.14656185932668947,2024-01-27,2022-09-15,3.073524284613825,6.523899109755594
-2.9364415742689767,2.9364415742689767,5.083198680334609,10.156578264108147,False,False,2143.4388028385447,2160.2972352322336,0,null,-1067.7194014192723,"{""alpha[1]"": 0.64603438438122, ""beta[1]"": 0.10281162051830127, ""nu"": 2.5190545404821374, ""omega"": 5.524552250643639}",2.528886579321291,True,2024-01-29,1.1716116697447618,1.903605804603989,student_t,BTC-USD,922,0.2855097700449664,0.08882957716698418,,0.15156732536650053,2024-01-28,2022-09-16,2.773753826630346,5.9465161424294335
0.7783744995711148,-0.7783744995711148,6.720297223603957,13.27573299261223,False,False,2147.312133440657,2164.170565834346,0,null,-1069.6560667203285,"{""alpha[1]"": 0.6212896585379614, ""beta[1]"": 0.10143250900316848, ""nu"": 2.5569610386142227, ""omega"": 5.348072794820669}",3.282584805110361,True,2024-01-30,1.45841171308362,2.1781231965832992,student_t,BTC-USD,923,0.14699135222602674,0.0708332095160568,,0.15671696288922093,2024-01-29,2022-09-17,3.718201544091647,7.8616954511767885
0.865155280317589,-0.865155280317589,5.382566322107218,10.686187576624981,False,False,2145.9307574205927,2162.7891898142816,0,null,-1068.9653787102964,"{""alpha[1]"": 0.6340324842470871, ""beta[1]"": 0.09858686308186522, ""nu"": 2.544642965079066, ""omega"": 5.403818484724215}",2.6514326375877246,True,2024-01-31,1.2327998110197127,1.9584295238471494,student_t,BTC-USD,924,0.10466445394816284,0.05434111824532548,,0.15160131534189616,2024-01-30,2022-09-18,2.958444359280844,6.2992671048501325
-1.1514890299976,1.1514890299976,5.275254129253963,10.50422473679862,False,False,2141.8355314273813,2158.69396382107,0,null,-1066.9177657136906,"{""alpha[1]"": 0.6343202399716469, ""beta[1]"": 0.09437389522082142, ""nu"": 2.5345564499024955, ""omega"": 5.486083540939072}",2.6108932286316167,True,2024-02-01,1.210691625893694,1.9394996309469654,student_t,BTC-USD,925,0.20202799387293693,0.07325054038799808,,0.1570335659958653,2024-01-31,2022-09-19,2.8890708474611353,6.173565008802202
-0.25523745186371083,0.25523745186371083,5.190948914693265,10.273617854756642,False,False,2141.6340036083993,2158.492436002088,0,null,-1066.8170018041997,"{""alpha[1]"": 0.6506389209889842, ""beta[1]"": 0.08278972182934988, ""nu"": 2.564358259687842, ""omega"": 5.306739288764833}",2.5477489237773443,True,2024-02-02,1.1979960411103616,1.9213634750576132,student_t,BTC-USD,926,0.155793155818812,0.06335002576593016,,0.158057161649974,2024-02-01,2022-09-20,2.860625664512527,6.079765124729299
0.4493245492150753,-0.4493245492150753,4.924378578916611,9.792215702267429,False,False,2137.5544146697584,2154.4128470634473,0,null,-1064.7772073348792,"{""alpha[1]"": 0.6503832857972012, ""beta[1]"": 0.08115062819861728, ""nu"": 2.549307504948935, ""omega"": 5.391566011220161}",2.4350336481366193,True,2024-02-03,1.1420445523501637,1.870637822745374,student_t,BTC-USD,927,0.11242394177674514,0.05318780783911879,,0.1653677320658542,2024-02-02,2022-09-21,2.6978033847499763,5.768105333126949
0.9551086234616667,-0.9551086234616667,5.004726290000955,9.980482571572606,False,False,2135.5219539055743,2152.380386299263,0,null,-1063.7609769527871,"{""alpha[1]"": 0.66551140356971, ""beta[1]"": 0.07868831450520844, ""nu"": 2.536161930814431, ""omega"": 5.450836598983049}",2.484931889639427,True,2024-02-04,1.1565694051950635,1.8878144757879172,student_t,BTC-USD,928,0.08892031096837114,0.049052614014081425,,0.16813804566113152,2024-02-03,2022-09-22,2.733514842829088,5.8603700248698045
-0.17617075433793974,0.17617075433793974,5.245639288221551,10.468668598046497,False,False,2129.454356431792,2146.3127888254808,0,null,-1060.727178215896,"{""alpha[1]"": 0.6713322389212794, ""beta[1]"": 0.0797079958910429, ""nu"": 2.524739158956355, ""omega"": 5.462575372976474}",2.6050389379410266,True,2024-02-05,1.2037367986334266,1.934665198552441,student_t,BTC-USD,929,0.15210358194665236,0.06313724457142167,,0.15709949291100156,2024-02-04,2022-09-23,2.8659008845951046,6.1375537028042215
-0.9936804702838731,0.9936804702838731,4.906943017612038,9.818586991080727,False,False,2128.6733478476563,2145.531780241345,0,null,-1060.3366739238281,"{""alpha[1]"": 0.6968415577201593, ""beta[1]"": 0.07512512934515413, ""nu"": 2.5180334150179555, ""omega"": 5.480933614096176}",2.448013033228473,True,2024-02-06,1.1350815832749461,1.8691076224886536,student_t,BTC-USD,930,0.18325848050292848,0.06735888641499824,,0.15864954967514863,2024-02-05,2022-09-24,2.6714891397746934,5.742208171215944
-2.822864620463972,2.822864620463972,5.082186257655833,10.194807429619114,False,False,2127.010556504474,2143.868988898163,0,null,-1059.505278252237,"{""alpha[1]"": 0.701301964808828, ""beta[1]"": 0.07875738715155362, ""nu"": 2.5068104427104285, ""omega"": 5.519606992517028}",2.545456672571286,True,2024-02-07,1.168712832097638,1.9050707199211407,student_t,BTC-USD,931,0.27911729432255084,0.08768396842665276,,0.16440979875623737,2024-02-06,2022-09-25,2.75948126598704,5.945532222201297
-2.1945671282237322,2.1945671282237322,6.636069402589816,13.186319520535378,False,False,2130.3441077763277,2147.2025401700166,0,null,-1061.1720538881639,"{""alpha[1]"": 0.6852003909899768, ""beta[1]"": 0.07025983101086128, ""nu"": 2.5354325276457663, ""omega"": 5.438532830090306}",3.2709633061598664,True,2024-02-08,1.4420195372231293,2.1678178805866706,student_t,BTC-USD,932,0.29205426584711686,0.09956535725027665,,0.17148549960988257,2024-02-07,2022-09-26,3.6465181887186002,7.761968596803925
-3.9932995419232835,3.9932995419232835,6.080355238711407,12.111729733424204,False,False,2130.188825919829,2147.047258313518,0,null,-1061.0944129599145,"{""alpha[1]"": 0.6892873644779893, ""beta[1]"": 0.07279545606025148, ""nu"": 2.529430702464782, ""omega"": 5.45400930540923}",3.0097675112117366,True,2024-02-09,1.352769896317442,2.0814794148306826,student_t,BTC-USD,933,0.3661775649150758,0.1110657936465272,,0.17145024023221167,2024-02-08,2022-09-27,3.330251756378226,7.113279822729426
-1.314996069499494,1.314996069499494,8.198902136733512,16.206061060885112,False,False,2135.208323716891,2152.0667561105797,0,null,-1063.6041618584454,"{""alpha[1]"": 0.69249491971092, ""beta[1]"": 0.0679550946515511, ""nu"": 2.5513258503719536, ""omega"": 5.379749084619439}",4.006478057936662,True,2024-02-10,1.6571500952111053,2.3770420372895926,student_t,BTC-USD,934,0.29251087195482994,0.10903421089439426,,0.18060684615009215,2024-02-09,2022-09-28,4.5352213695970995,9.588425019939923
-1.0881064258527218,1.0881064258527218,5.5272272414853525,11.017243388233139,False,False,2135.099081673904,2151.957514067593,0,null,-1063.549540836952,"{""alpha[1]"": 0.6830991868727787, ""beta[1]"": 0.07262809562217201, ""nu"": 2.5360364017718227, ""omega"": 5.470617000283982}",2.741716369068978,True,2024-02-11,1.2563128135185568,1.9868347371903887,student_t,BTC-USD,935,0.20547177276157474,0.0755933894961693,,0.17995501845893996,2024-02-10,2022-09-29,3.0213290293787693,6.4712325237642006
-3.3881478521470476,3.3881478521470476,5.150974834526012,10.264215045313689,False,False,2135.5493923226445,2152.4078247163334,0,null,-1063.7746961613223,"{""alpha[1]"": 0.6791794931680072, ""beta[1]"": 0.06890923648786858, ""nu"": 2.5429615126538896, ""omega"": 5.46014777233393}",2.555714289529978,True,2024-02-12,1.1855856795682702,1.9165193245737697,student_t,BTC-USD,936,0.31013194641780173,0.09422025645390503,,0.18063039416089471,2024-02-11,2022-09-30,2.8144910762089808,6.033877793243447
0.43285887601391343,-0.43285887601391343,7.2417885026616915,14.302347091622599,False,False,2140.127076567972,2156.985508961661,0,null,-1066.063538283986,"{""alpha[1]"": 0.6497987791373162, ""beta[1]"": 0.07059839132590368, ""nu"": 2.5643910628474007, ""omega"": 5.418782171386674}",3.5392065153240586,True,2024-02-13,1.5328555839205826,2.2530890214633033,student_t,BTC-USD,937,0.1785879377428978,0.08043646888896687,,0.1888553545661308,2024-02-12,2022-10-01,4.004617630871866,8.476505764910593
-4.104684950578733,4.104684950578733,5.194579714324393,10.322806024443768,False,False,2140.070837946925,2156.929270340614,0,null,-1066.0354189734626,"{""alpha[1]"": 0.6484630515046417, ""beta[1]"": 0.07341996428899954, ""nu"": 2.5586896417295426, ""omega"": 5.42585300944104}",2.568532752266801,True,2024-02-14,1.1953880417485987,1.9241554353733488,student_t,BTC-USD,938,0.3475065972368077,0.10193073989534505,,0.18922538011156104,2024-02-13,2022-10-02,2.8454469941574145,6.088389038955764
-0.21560092483824447,0.21560092483824447,8.103061280306159,15.97905643666362,False,False,2144.51808486517,2161.3765172588587,0,null,-1068.259042432585,"{""alpha[1]"": 0.6350503579655717, ""beta[1]"": 0.07810374062566897, ""nu"": 2.5684585881567363, ""omega"": 5.405980576156478}",3.950281271255994,True,2024-02-15,1.6463214532825772,2.36478345707443,student_t,BTC-USD,939,0.2352670643804298,0.09699243864331387,,0.2002295275973668,2024-02-14,2022-10-03,4.489740362770347,9.483642939493134
-0.42584326001350464,0.42584326001350464,5.284877138547565,10.565374420907206,False,False,2141.662700366424,2158.521132760113,0,null,-1066.831350183212,"{""alpha[1]"": 0.6240934243711058, ""beta[1]"": 0.08537576100383663, ""nu"": 2.531947547665117, ""omega"": 5.6038101690609565}",2.635821213823408,True,2024-02-16,1.2090779609895153,1.9435149241466414,student_t,BTC-USD,940,0.16510122444454473,0.06616443036319725,,0.19466589418816116,2024-02-15,2022-10-04,2.876181228877387,6.190599776306214
0.9578029492949207,-0.9578029492949207,5.028001192790483,10.142191312378719,False,False,2136.701952802415,2153.5603851961037,0,null,-1064.3509764012074,"{""alpha[1]"": 0.6546026070486867, ""beta[1]"": 0.08412856167538522, ""nu"": 2.49326111604565, ""omega"": 5.825404560674702}",2.5434241641116584,True,2024-02-17,1.15394789809526,1.8968722968252414,student_t,BTC-USD,941,0.08759572272911856,0.0492637409329863,,0.1883771215663586,2024-02-16,2022-10-05,2.70971740387729,5.884177042593547
-0.8855834275874713,0.8855834275874713,5.319559066868923,10.710739663574714,False,False,2136.7542858838306,2153.6127182775194,0,null,-1064.3771429419153,"{""alpha[1]"": 0.652943194603182, ""beta[1]"": 0.08520507668406935, ""nu"": 2.4968333316435865, ""omega"": 5.78672266919461}",2.6819052994784127,True,2024-02-18,1.2117140123179229,1.9523628250858334,student_t,BTC-USD,942,0.1879933352054204,0.07109764333908798,,0.18820115688153374,2024-02-17,2022-10-06,2.8742832765209334,6.22418090632132
0.661016369887485,-0.661016369887485,5.116877183517466,10.31698739367357,False,False,2135.942281818365,2152.8007142120537,0,null,-1063.9711409091824,"{""alpha[1]"": 0.6685074762804295, ""beta[1]"": 0.08012489103582708, ""nu"": 2.495301762959753, ""omega"": 5.792629747432387}",2.586549935716738,True,2024-02-19,1.1717123548143888,1.9142500859423919,student_t,BTC-USD,943,0.10489201026147893,0.053275644671077836,,0.1920191320934261,2024-02-18,2022-10-07,2.7588565751170617,5.988580836995264
-0.9719679342147746,0.9719679342147746,5.184409460216567,10.497374985261462,False,False,2133.9485504374493,2150.806982831138,0,null,-1062.9742752187246,"{""alpha[1]"": 0.6742115731419241, ""beta[1]"": 0.0855219904685848, ""nu"": 2.476979395954053, ""omega"": 5.888523093242152}",2.6395450247512326,True,2024-02-20,1.1823584878577158,1.9288383151790747,student_t,BTC-USD,944,0.18772268469241601,0.070364388809228,,0.19483466496722487,2024-02-19,2022-10-08,2.782485759633542,6.06447094670802
0.8560904305584711,-0.8560904305584711,5.149310494114065,10.420875508942835,False,False,2134.183066977794,2151.041499371483,0,null,-1063.091533488897,"{""alpha[1]"": 0.6603239716413529, ""beta[1]"": 0.0912987429963643, ""nu"": 2.481128624167878, ""omega"": 5.832963257305253}",2.619584486091562,True,2024-02-21,1.1757235630456053,1.9219678890888874,student_t,BTC-USD,945,0.0954186110976245,0.05168809964553845,,0.19811607831911254,2024-02-20,2022-10-09,2.7644626525109595,6.0249003951123115
1.0358547654532269,-1.0358547654532269,5.248094119247806,10.575742495035085,False,False,2134.4165986283756,2151.2750310220645,0,null,-1063.2082993141878,"{""alpha[1]"": 0.6719100131668772, ""beta[1]"": 0.08150192652727611, ""nu"": 2.4973791059378208, ""omega"": 5.735437755798704}",2.6504136534418015,True,2024-02-22,1.1973787116776573,1.9393607536428474,student_t,BTC-USD,946,0.0897782023318622,0.05106513408687117,,0.1960965878588758,2024-02-21,2022-10-10,2.8314188120904693,6.142368174140339
1.1231806105711861,-1.1231806105711861,5.377690120330014,10.851951761981857,False,False,2133.8758770725717,2150.7343094662606,0,null,-1062.9379385362859,"{""alpha[1]"": 0.6660508099497263, ""beta[1]"": 0.08406243964851838, ""nu"": 2.4897812746313717, ""omega"": 5.798243811785251}",2.7218191562940923,True,2024-02-23,1.2210781735231708,1.9641566375194603,student_t,BTC-USD,947,0.08872111390037775,0.05168907856615011,,0.19718594875481574,2024-02-22,2022-10-11,2.8976028885787395,6.2920884671861925
-1.6405594115594633,1.6405594115594633,5.431462275805599,10.924089196899555,False,False,2134.9283904554813,2151.78682284917,0,null,-1063.4641952277407,"{""alpha[1]"": 0.6457914423769847, ""beta[1]"": 0.08583724773721398, ""nu"": 2.5031534482983564, ""omega"": 5.722917716086731}",2.7337803387843507,True,2024-02-24,1.233057494591649,1.9728798702410995,student_t,BTC-USD,948,0.22890804507363416,0.0799739070980962,,0.1958828682735899,2024-02-23,2022-10-12,2.937601489913216,6.356831298250149
-0.31390133730995157,0.31390133730995157,5.492422270895356,10.992043280540702,False,False,2136.3227353132324,2153.1811677069213,0,null,-1064.1613676566162,"{""alpha[1]"": 0.6312211865093286, ""beta[1]"": 0.08386335801794771, ""nu"": 2.5253881445694106, ""omega"": 5.59942865627783}",2.7431848230384865,True,2024-02-25,1.247100585511081,1.9823171671092403,student_t,BTC-USD,949,0.1650151378281025,0.06745845934736526,,0.19805400782965893,2024-02-24,2022-10-13,2.9864014192520956,6.431944597426567
-5.251118766636306,5.251118766636306,4.999446114344058,10.06419768220317,False,False,2135.4072399681572,2152.265672361846,0,null,-1063.7036199840786,"{""alpha[1]"": 0.6499116506342343, ""beta[1]"": 0.08299757454078052, ""nu"": 2.5060853342287546, ""omega"": 5.710981068755591}",2.521460972210478,True,2024-02-26,1.1491388757858254,1.8906816288385566,student_t,BTC-USD,950,0.3974939252874359,0.11105435249828864,,0.19634180519330957,2024-02-25,2022-10-14,2.698759739112404,5.854316483192547
-4.593621644026722,4.593621644026722,9.559168720712103,19.128428526616233,False,False,2142.675958663705,2159.534391057394,0,null,-1067.3379793318525,"{""alpha[1]"": 0.6348892325172324, ""beta[1]"": 0.08339766281386415, ""nu"": 2.4949859314991722, ""omega"": 5.960286553228998}",4.759663483405962,True,2024-02-27,1.803589682400827,2.534754941936927,student_t,BTC-USD,951,0.4906888850041066,0.1575657674442227,,0.2088897479737463,2024-02-26,2022-10-15,5.220156056055401,11.162955100395536
-9.069529296466424,9.069529296466424,9.00439350351923,17.923421474615807,False,False,2147.314925934339,2164.173358328028,0,null,-1069.6574629671695,"{""alpha[1]"": 0.6411425152287898, ""beta[1]"": 0.07675958962169807, ""nu"": 2.52419843471179, ""omega"": 5.790323299505455}",4.448196524093244,True,2024-02-28,1.7464470844171025,2.4734375966440636,student_t,BTC-USD,952,0.7005275147742736,0.19596479469276,,0.21931110059298473,2024-02-27,2022-10-16,4.941020999019034,10.526950172809562
2.1122414270190517,-2.1122414270190517,16.053834873250622,31.842243720653325,False,False,2156.1207630294393,2172.979195423128,0,null,-1074.0603815147197,"{""alpha[1]"": 0.698910493298757, ""beta[1]"": 0.0752669274717327, ""nu"": 2.518853410899247, ""omega"": 5.816082995599981}",7.869758933811541,True,2024-02-29,2.328280062773899,3.049324963660453,student_t,BTC-USD,953,0.3377405127009266,0.16627910460313253,,0.2353585248924875,2024-02-28,2022-10-17,8.867051681037578,18.74015188733229
-2.0095465788587368,2.0095465788587368,7.6283849205362415,15.306387101151184,False,False,2157.0796313279134,2173.9380637216022,0,null,-1074.5398156639567,"{""alpha[1]"": 0.7018214500483864, ""beta[1]"": 0.07699955630735669, ""nu"": 2.5003974760119294, ""omega"": 5.9450069734962545}",3.8206005537564245,True,2024-03-01,1.5750903603288955,2.3110117127734684,student_t,BTC-USD,954,0.30766968424309765,0.10929213770441526,,0.2282213432172709,2024-02-29,2022-10-18,4.143847106003212,8.919667191582779
0.6600547308113965,-0.6600547308113965,6.011272363545738,12.092083251957913,False,False,2158.176387775814,2175.034820169503,0,null,-1075.088193887907,"{""alpha[1]"": 0.6910238232066112, ""beta[1]"": 0.07467887106560171, ""nu"": 2.508812669407758, ""omega"": 5.922680233766935}",3.0280440758922307,True,2024-03-02,1.3339235558865323,2.074701327237757,student_t,BTC-USD,955,0.12938791570283134,0.06379355953551046,,0.23446590183586008,2024-03-01,2022-10-19,3.247813044868021,7.039410684362436
-1.8172204667000722,1.8172204667000722,5.296794298281735,10.695097766073564,False,False,2158.1510319252366,2175.0094643189254,0,null,-1075.0755159626183,"{""alpha[1]"": 0.6863434944331577, ""beta[1]"": 0.07088719363273704, ""nu"": 2.5036612342127, ""omega"": 6.018812748130506}",2.6869504833857407,True,2024-03-03,1.2043243201017577,1.9501042125816177,student_t,BTC-USD,956,0.23313888553403214,0.08023786006712219,,0.23517191675991694,2024-03-02,2022-10-20,2.8455572439805668,6.20656554001214
-7.856708083773169,7.856708083773169,5.6411088541119465,11.307061126789701,False,False,2160.0804087508577,2176.9388411445466,0,null,-1076.0402043754289,"{""alpha[1]"": 0.6500918411842069, ""beta[1]"": 0.06973207259487853, ""nu"": 2.5324457952555837, ""omega"": 5.891338522038416}",2.8283880255358005,True,2024-03-04,1.271885940280967,2.0103044957344087,student_t,BTC-USD,957,0.5456545347690507,0.14469949054685555,,0.23970489352646704,2024-03-03,2022-10-21,3.056382611607835,6.613240970912375
6.858298180368454,-6.858298180368454,13.587433614078568,27.036372654831695,False,False,2170.586553507933,2187.4449859016217,0,null,-1081.2932767539664,"{""alpha[1]"": 0.6595173248164158, ""beta[1]"": 0.07368470536467776, ""nu"": 2.5133418061791013, ""omega"": 6.158020008534753}",6.699979805436627,True,2024-03-05,2.1589918447464207,2.8840905251035434,student_t,BTC-USD,958,0.03063521695069918,0.09009549819323699,,0.25417592755939844,2024-03-04,2022-10-22,7.471002519382437,15.867847999692145
-3.5499700204511377,3.5499700204511377,13.848899457096987,27.568972907833764,False,False,2174.526997577004,2191.3854299706927,0,null,-1083.263498788502,"{""alpha[1]"": 0.7412160433432406, ""beta[1]"": 0.06478652530602458, ""nu"": 2.508302052634001, ""omega"": 6.109173567599212}",6.8318277061105706,True,2024-03-06,2.1780147988461525,2.903144849568526,student_t,BTC-USD,959,0.558211000535112,0.19717901127934176,,0.2400870529211525,2024-03-05,2022-10-23,7.614249990251094,16.16793110748302
-1.2308140044951856,1.2308140044951856,8.375961128682711,16.760833771242815,False,False,2176.1980413960064,2193.0564737896952,0,null,-1084.0990206980032,"{""alpha[1]"": 0.734010575614398, ""beta[1]"": 0.07274134297261886, ""nu"": 2.5106748448487752, ""omega"": 6.023798782373465}",4.176110427455391,True,2024-03-07,1.6702892662421753,2.403462716730895,student_t,BTC-USD,960,0.2897535750723958,0.11026144864114755,,0.24348536277502944,2024-03-06,2022-10-24,4.564257496952725,9.79533085961956
-2.0331312236987973,2.0331312236987973,5.5014210369902745,11.058145842902736,False,False,2175.170721429317,2192.029153823006,0,null,-1083.5853607146585,"{""alpha[1]"": 0.7383319999981823, ""beta[1]"": 0.0596276824962339, ""nu"": 2.5254206838679125, ""omega"": 5.969247586287601}",2.771677731472485,True,2024-03-08,1.2447517770997978,1.9865126592479907,student_t,BTC-USD,961,0.25012488175480185,0.08483848876844963,,0.248223251426086,2024-03-07,2022-10-25,2.9693664113972353,6.4507176531461585
-0.2906296624719626,0.2906296624719626,5.8995539006907585,11.853794196248453,False,False,2173.0353435384777,2189.8937759321666,0,null,-1082.5176717692389,"{""alpha[1]"": 0.719469218019652, ""beta[1]"": 0.06446944079232834, ""nu"": 2.5192698834941316, ""omega"": 6.00582386278835}",2.9680275844677095,True,2024-03-09,1.315432853660702,2.055828327842598,student_t,BTC-USD,962,0.17398348015781595,0.07203529228220898,,0.2446794887561438,2024-03-08,2022-10-26,3.1890399406843533,6.912899565748929
-0.757582565726195,0.757582565726195,5.118958008708795,10.404928443765973,False,False,2169.2909468406015,2186.1493792342903,0,null,-1080.6454734203007,"{""alpha[1]"": 0.7390984041030981, ""beta[1]"": 0.06595447096368368, ""nu"": 2.479315511010417, ""omega"": 6.289045706699132}",2.6264693651265363,True,2024-03-10,1.1659327371118953,1.9185349658927744,student_t,BTC-USD,963,0.1742947093351635,0.06753478592962092,,0.23865730921294953,2024-03-09,2022-10-27,2.728311620977072,5.995896027235892
-4.399229858999064,4.399229858999064,5.163625946757192,10.552675899818286,False,False,2167.219659712703,2184.078092106392,0,null,-1079.6098298563516,"{""alpha[1]"": 0.7480106914030675, ""beta[1]"": 0.06536965622757308, ""nu"": 2.457841873405239, ""omega"": 6.495550479864828}",2.675294213766978,True,2024-03-11,1.1713241211397696,1.9292137343079907,student_t,BTC-USD,964,0.3567162755220095,0.10444164220362473,,0.24489407120138942,2024-03-10,2022-10-28,2.73509565144112,6.0449343613634
0.8949836056342727,-0.8949836056342727,8.71563058577367,17.655629009318062,False,False,2172.9088560969176,2189.7672884906065,0,null,-1082.4544280484588,"{""alpha[1]"": 0.7292720607323745, ""beta[1]"": 0.06433789901640469, ""nu"": 2.4563954839779614, ""omega"": 6.672537791613774}",4.437934765315775,True,2024-03-12,1.7029882120462911,2.447426898388719,student_t,BTC-USD,965,0.18964470902150776,0.09281230867106062,,0.250664032413289,2024-03-11,2022-10-29,4.6878777860644245,10.176214472740327
-2.216689907107027,2.216689907107027,5.7893338401057735,11.834073428290342,False,False,2173.2202286354814,2190.0786610291702,0,null,-1082.6101143177407,"{""alpha[1]"": 0.7306401022540806, ""beta[1]"": 0.06406634098444577, ""nu"": 2.4469767553730524, ""omega"": 6.777008186643902}",3.0002099906312387,True,2024-03-13,1.2863594197305668,2.043106543543132,student_t,BTC-USD,966,0.26435089422967767,0.08987242533883545,,0.2467189670713155,2024-03-12,2022-10-30,3.0703279774865213,6.77055262677651
2.33524614583823,-2.33524614583823,6.1352137498559856,12.469342468076533,False,False,2175.2667868466588,2192.1252192403476,0,null,-1083.6333934233294,"{""alpha[1]"": 0.6995467562599164, ""beta[1]"": 0.06328835386586536, ""nu"": 2.4684395934181476, ""omega"": 6.64173881981904}",3.1455962008617107,True,2024-03-14,1.3479640900484915,2.0989644914033265,student_t,BTC-USD,967,0.04702310480467986,0.048432478523478435,,0.2529169426210165,2024-03-13,2022-10-31,3.2757082419318264,7.178493998186069
2.83089232847963,-2.83089232847963,6.7476977846046955,13.640573818126445,False,False,2177.896263946097,2194.754696339786,0,null,-1084.9481319730485,"{""alpha[1]"": 0.6821000799303074, ""beta[1]"": 0.07475896134299745, ""nu"": 2.482774559513207, ""omega"": 6.448977587285222}",3.4255946164906725,True,2024-03-15,1.4469435638234294,2.1917499640115907,student_t,BTC-USD,968,0.03988147145553932,0.050629247049001236,,0.24960629409867535,2024-03-14,2022-11-01,3.628521757590416,7.89381703337975
6.071772520584587,-6.071772520584587,7.391331147954684,14.866179526425107,True,False,2180.145751792404,2197.004184186093,0,null,-1086.072875896202,"{""alpha[1]"": 0.7107445558167731, ""beta[1]"": 0.06078993495364847, ""nu"": 2.4965110649970534, ""omega"": 6.394023525822602}",3.718356834650179,True,2024-03-16,7.144489462944097,2.2806320439802557,student_t,BTC-USD,969,1.967095421796399,0.02573553709042059,,0.2440469958448725,2024-03-15,2022-11-02,4.001145760798904,8.645326229626644
-4.601224069695517,4.601224069695517,12.274269205546318,24.699496306628404,False,False,2185.4511885165,2202.309620910189,0,null,-1088.72559425825,"{""alpha[1]"": 0.7640751844425624, ""beta[1]"": 0.08312020429474755, ""nu"": 2.464654976830753, ""omega"": 6.452730222230734}",6.169591480203256,True,2024-03-17,2.050798308579525,2.7863743996182375,student_t,BTC-USD,970,0.5634875359325925,0.1891684338459404,,0.2351095356142361,2024-03-16,2022-11-03,6.668526648956321,14.315619314898509
1.2388507554368626,-1.2388507554368626,9.741152455030132,19.36469855894878,False,False,2187.041934073025,2203.900366466714,0,null,-1089.5209670365125,"{""alpha[1]"": 0.79255162119839, ""beta[1]"": 0.05311118630006784, ""nu"": 2.531642703460776, ""omega"": 5.988915343531139}",4.803535897657938,True,2024-03-18,1.8257390467742538,2.551712772026243,student_t,BTC-USD,971,0.20563699113173947,0.10152646676626396,,0.24381176045546346,2024-03-17,2022-11-04,5.351590578071648,11.39149743206325
8.712073184893233,-8.712073184893233,6.039386363593174,12.189379104727124,True,True,2183.956039917968,2200.814472311657,0,null,-1087.978019958984,"{""alpha[1]"": 0.795914640859374, ""beta[1]"": 0.05715114275981195, ""nu"": 2.4928287094154613, ""omega"": 6.27809643680354}",3.058459512870752,True,2024-03-19,19.419051052304845,15.562635602581995,student_t,BTC-USD,972,5.187291111858086,1.6269583629732618,,0.23226765929021723,2024-03-18,2022-11-05,3.2517667513584065,7.068680899061656
-9.25108529606983,9.25108529606983,,,,,,,,"{""error"": ""fit violated GARCH constraints: omega=6.8325573025708755, alpha=0.924298227995918, beta=0.0757017720040821"", ""error_type"": ""GarchFitError"", ""forecast_date"": ""2024-03-20"", ""innovation"": ""student_t"", ""instrument"": ""BTC-USD"", ""origin_index"": 973}",,null,,False,2024-03-20,,,student_t,BTC-USD,973,,,,0.21356647642120205,2024-03-19,2022-11-06,,
3.6318674226213323,-3.6318674226213323,,,,,,,,"{""error"": ""fit violated GARCH constraints: omega=6.385121536092847, alpha=0.9169610778803367, beta=0.0830389221196634"", ""error_type"": ""GarchFitError"", ""forecast_date"": ""2024-03-21"", ""innovation"": ""student_t"", ""instrument"": ""BTC-USD"", ""origin_index"": 974}",,null,,False,2024-03-21,,,student_t,BTC-USD,974,,,,0.2354443444657977,2024-03-20,2022-11-07,,
2.6498446648239526,-2.6498446648239526,10.024694674468545,20.073332867765398,False,False,2195.4578848023666,2212.3163171960555,0,null,-1093.7289424011833,"{""alpha[1]"": 0.9219096323071522, ""beta[1]"": 0.060752927475051, ""nu"": 2.494682363113518, ""omega"": 6.003384671800045}",4.997987300640254,True,2024-03-22,1.85055870479446,2.582678266423747,student_t,BTC-USD,975,0.14093491711966208,0.09058650478966236,,0.2312981815948327,2024-03-21,2022-11-08,5.468543007217192,11.70849514379018
-0.443428866148036,0.443428866148036,7.685202762062613,15.454670926592742,False,False,2193.6114969856194,2210.4699293793083,0,null,-1092.8057484928097,"{""alpha[1]"": 0.8533853512233452, ""beta[1]"": 0.06977288627288304, ""nu"": 2.4953806479592946, ""omega"": 6.0624173783280275}",3.864579274514383,True,2024-03-23,1.5808629688582219,2.31946222463551,student_t,BTC-USD,976,0.2302737492172305,0.09431107296198722,,0.24708422162909513,2024-03-22,2022-11-09,4.16204611819657,8.987678430050678
-4.832709315067971,4.832709315067971,5.201299400178312,10.475373792339727,False,False,2189.2783262611224,2206.1367586548113,0,null,-1090.6391631305612,"{""alpha[1]"": 0.7395778239343606, ""beta[1]"": 0.06719523530009165, ""nu"": 2.535015845180244, ""omega"": 5.987643951273818}",2.633556598938891,True,2024-03-24,1.1861506937712125,1.9320719177716854,student_t,BTC-USD,977,0.38135334621991335,0.1094032120138297,,0.2789489889968854,2024-03-23,2022-11-10,2.7943576093302886,6.10761188631499
-3.9725047694879403,3.9725047694879403,9.239835542029622,18.240021532301633,False,False,2186.3435677254993,2203.202000119188,0,null,-1089.1717838627496,"{""alpha[1]"": 0.6781742915364969, ""beta[1]"": 0.07452480484762786, ""nu"": 2.573278620242632, ""omega"": 5.77241565304369}",4.517355271236682,True,2024-03-25,1.7763129582168196,2.496922413359612,student_t,BTC-USD,978,0.4540091514435152,0.14794387032137962,,0.2682069258235193,2024-03-24,2022-11-11,5.107678259382356,10.821882262650009
-0.04147786137080192,0.04147786137080192,8.228605670915302,16.185319809625963,False,False,2186.720746922609,2203.579179316298,0,null,-1089.3603734613046,"{""alpha[1]"": 0.6679261799768262, ""beta[1]"": 0.06844664192437014, ""nu"": 2.60278704356179, ""omega"": 5.642907167187359}",4.0125665506714485,True,2024-03-26,1.6616591671892884,2.3803714230789126,student_t,BTC-USD,979,0.23002379179833968,0.09692246327075071,,0.28253562607555555,2024-03-25,2022-11-12,4.558997974595988,9.65076846570426
0.7637444550095894,-0.7637444550095894,5.251478956623438,10.46685301738166,False,False,2185.996905940443,2202.855338334132,0,null,-1088.9984529702215,"{""alpha[1]"": 0.6644075325434812, ""beta[1]"": 0.06479160364358733, ""nu"": 2.5848696592169893, ""omega"": 5.79295323227085}",2.622373821563365,True,2024-03-27,1.2017326510865,1.9381075464268784,student_t,BTC-USD,980,0.10444896078984599,0.05410590784620896,,0.2853982097492205,2024-03-26,2022-11-13,2.8527236708065074,6.17433523963048
-1.8397189971880865,1.8397189971880865,5.278764514297168,10.531832085276866,False,False,2183.1430227146952,2200.001455108384,0,null,-1087.5715113573476,"{""alpha[1]"": 0.6631728000725354, ""beta[1]"": 0.06794110349016512, ""nu"": 2.5811108570582655, ""omega"": 5.764273450102962}",2.639767997660718,True,2024-03-28,1.2062558693441554,1.9436923346395107,student_t,BTC-USD,981,0.2351892745918986,0.08046022710309861,,0.2892500618422154,2024-03-27,2022-11-14,2.8640664946498813,6.206303713121767
1.2118158012204416,-1.2118158012204416,5.608314206747323,11.159210246253261,False,False,2183.5727992027387,2200.4312315964276,0,null,-1087.7863996013693,"{""alpha[1]"": 0.6578708157862092, ""beta[1]"": 0.0678068556000337, ""nu"": 2.586853357715185, ""omega"": 5.743934084745449}",2.791960446830349,True,2024-03-29,1.268881410329564,2.002956313949245,student_t,BTC-USD,982,0.09213236425360724,0.053798306640180205,,0.28971655334807683,2024-03-28,2022-11-15,3.054463086292585,6.591646465238457
0.3547757041502807,-0.3547757041502807,5.601715526833129,11.154936271447516,False,False,2183.43550750497,2200.2939398986587,0,null,-1087.717753752485,"{""alpha[1]"": 0.6659248077726622, ""beta[1]"": 0.0669417250334699, ""nu"": 2.5809764587536357, ""omega"": 5.771484282903859}",2.7905423871027817,True,2024-03-30,1.2673878756961972,2.001950734371802,student_t,BTC-USD,983,0.13471609876187135,0.06227402142231163,,0.2841120583157029,2024-03-29,2022-11-16,3.0490976793877054,6.5821778463814375
-2.3952858696132515,2.3952858696132515,5.1382580754711125,10.297247880283901,False,False,2182.343391136721,2199.20182353041,0,null,-1087.1716955683605,"{""alpha[1]"": 0.6729212009812294, ""beta[1]"": 0.07249004442246242, ""nu"": 2.5621709661691576, ""omega"": 5.832853394328528}",2.585200945022094,True,2024-03-31,1.1765368907520863,1.9183700645159862,student_t,BTC-USD,984,0.2584517274432236,0.08434553800608306,,0.28596764298008837,2024-03-30,2022-11-17,2.7737486792512147,6.039267930995048
2.3137002333093912,-2.3137002333093912,6.0561712052711885,11.985583386239377,False,False,2185.474780557054,2202.333212950743,0,null,-1088.737390278527,"{""alpha[1]"": 0.6294971406658662, ""beta[1]"": 0.07041395917598917, ""nu"": 2.604346609056709, ""omega"": 5.699631679811712}",2.9909956211407316,True,2024-04-01,1.349427974351301,2.07749252509846,student_t,BTC-USD,985,0.05036011936195519,0.048031951390743295,,0.2905414308351834,2024-03-31,2022-11-18,3.320902620548494,7.116895372383716
6.299090438087903,-6.299090438087903,6.5912889107275205,12.947328460026727,True,False,2188.3310293209083,2205.189461714597,0,null,-1090.1655146604542,"{""alpha[1]"": 0.6151108348192798, ""beta[1]"": 0.07014681289321477, ""nu"": 2.6303665022002205, ""omega"": 5.6029355615205505}",3.221164129551058,True,2024-04-02,9.484105579187492,2.1590475931269966,student_t,BTC-USD,986,2.518758124574666,0.01445459248662393,,0.2857911047949316,2024-04-01,2022-11-19,3.64776609643036,7.744549686750295
-0.8123743077139974,0.8123743077139974,12.472703304297111,24.380455079529728,False,False,2194.606518435957,2211.4649508296457,0,null,-1093.3032592179784,"{""alpha[1]"": 0.6867556863897287, ""beta[1]"": 0.0600349713909724, ""nu"": 2.604334454133066, ""omega"": 5.7619816470500185}",6.0066593798074965,True,2024-04-03,2.083132979219975,2.792740668333633,student_t,BTC-USD,987,0.3895990033598647,0.15415264335914972,,0.2730280653698143,2024-04-02,2022-11-20,6.979605759483289,14.60289002820096
-3.7598862711861405,3.7598862711861405,,,,,,,,"{""error"": ""fit violated GARCH constraints: omega=0.19651750436803442, alpha=0.07943543778583577, beta=0.9205645622141643"", ""error_type"": ""GarchFitError"", ""forecast_date"": ""2024-04-04"", ""innovation"": ""student_t"", ""instrument"": ""BTC-USD"", ""origin_index"": 988}",,null,,False,2024-04-04,,,student_t,BTC-USD,988,,,,0.2797400200471954,2024-04-03,2022-11-21,,
0.9845630418288567,-0.9845630418288567,,,,,,,,"{""error"": ""fit violated GARCH constraints: omega=0.1818138010241404, alpha=0.07450360668399222, beta=0.9254963933160079"", ""error_type"": ""GarchFitError"", ""forecast_date"": ""2024-04-05"", ""innovation"": ""student_t"", ""instrument"": ""BTC-USD"", ""origin_index"": 989}",,null,,False,2024-04-05,,,student_t,BTC-USD,989,,,,0.2935516050999546,2024-04-04,2022-11-22,,
-1.5482496362565017,1.5482496362565017,,,,,,,,"{""error"": ""fit violated GARCH constraints: omega=0.24349306260347656, alpha=0.08562205583316367, beta=0.9143779441668364"", ""error_type"": ""GarchFitError"", ""forecast_date"": ""2024-04-06"", ""innovation"": ""student_t"", ""instrument"": ""BTC-USD"", ""origin_index"": 990}",,null,,False,2024-04-06,,,student_t,BTC-USD,990,,,,0.28654753600726585,2024-04-05,2022-11-23,,
-0.6747455370834807,0.6747455370834807,,,,,,,,"{""error"": ""fit violated GARCH constraints: omega=0.5048459053414269, alpha=0.13035533499758886, beta=0.8696446650024111"", ""error_type"": ""GarchFitError"", ""forecast_date"": ""2024-04-07"", ""innovation"": ""student_t"", ""instrument"": ""BTC-USD"", ""origin_index"": 991}",,null,,False,2024-04-07,,,student_t,BTC-USD,991,,,,0.284510443882553,2024-04-06,2022-11-24,,
-3.218579408981321,3.218579408981321,6.923307356265419,13.765714444857947,False,False,2193.4836701534514,2210.3421025471403,0,null,-1092.7418350767257,"{""alpha[1]"": 0.15238548404621013, ""beta[1]"": 0.8476145159537898, ""nu"": 2.5670391059045605, ""omega"": 0.6299828535627122}",3.431165038462431,True,2024-04-08,1.4815779828512996,2.2121774988912244,student_t,BTC-USD,992,0.35017217191742694,0.11340302182083177,,0.28593510767715,2024-04-07,2022-11-25,3.7848640293672116,8.121722773101846
3.5413761203788403,-3.5413761203788403,,,,,,,,"{""error"": ""fit violated GARCH constraints: omega=0.36254837850978666, alpha=0.1087397109923674, beta=0.8912602890076328"", ""error_type"": ""GarchFitError"", ""forecast_date"": ""2024-04-09"", ""innovation"": ""student_t"", ""instrument"": ""BTC-USD"", ""origin_index"": 993}",,null,,False,2024-04-09,,,student_t,BTC-USD,993,,,,0.2933699414756314,2024-04-08,2022-11-26,,
-2.0739301235451193,2.0739301235451193,,,,,,,,"{""error"": ""fit violated GARCH constraints: omega=0.17193034135007973, alpha=0.07096989963047, beta=0.9290301003695334"", ""error_type"": ""GarchFitError"", ""forecast_date"": ""2024-04-10"", ""innovation"": ""student_t"", ""instrument"": ""BTC-USD"", ""origin_index"": 994}",,null,,False,2024-04-10,,,student_t,BTC-USD,994,,,,0.2869851870607115,2024-04-09,2022-11-27,,
0.7497782577428672,-0.7497782577428672,7.570773132149417,14.319038622142322,False,False,2203.189117417785,2220.047549811474,0,null,-1097.5945587088925,"{""alpha[1]"": 0.06772597860593606, ""beta[1]"": 0.9322740213940638, ""nu"": 2.822227670852599, ""omega"": 0.15130541889621013}",3.569198539395548,True,2024-04-11,1.6003565389188514,2.284016041327215,student_t,BTC-USD,995,0.18057257500779197,0.0816276392445664,,0.29137194067023814,2024-04-10,2022-11-28,4.361229757898704,8.9125421821995
4.174897017399369,-4.174897017399369,,,,,,,,"{""error"": ""fit violated GARCH constraints: omega=0.17289410162415692, alpha=0.07163328322956815, beta=0.9283667167704318"", ""error_type"": ""GarchFitError"", ""forecast_date"": ""2024-04-12"", ""innovation"": ""student_t"", ""instrument"": ""BTC-USD"", ""origin_index"": 996}",,null,,False,2024-04-12,,,student_t,BTC-USD,996,,,,0.29265615379680177,2024-04-11,2022-11-29,,
5.152204972659255,-5.152204972659255,7.611207972873079,14.391833732061393,True,False,2205.6084439974693,2222.466876391158,0,null,-1098.8042219987346,"{""alpha[1]"": 0.06428743632964244, ""beta[1]"": 0.9357125636701824, ""nu"": 2.8197396107312507, ""omega"": 0.14166352448448682}",3.5841104819837626,True,2024-04-13,3.6159489935248565,2.289096067644861,student_t,BTC-USD,997,0.7266434233037131,0.03805777839018321,,0.28151826694303833,2024-04-12,2022-11-30,4.387317158655346,8.957982811677573
-2.9598501491270075,2.9598501491270075,,,,,,,,"{""error"": ""fit violated GARCH constraints: omega=0.13727972668224306, alpha=0.06265259647667215, beta=0.9373474035233278"", ""error_type"": ""GarchFitError"", ""forecast_date"": ""2024-04-14"", ""innovation"": ""student_t"", ""instrument"": ""BTC-USD"", ""origin_index"": 998}",,null,,False,2024-04-14,,,student_t,BTC-USD,998,,,,0.2626019036853635,2024-04-13,2022-12-01,,
3.5810999481019588,-3.5810999481019588,,,,,,,,"{""error"": ""fit violated GARCH constraints: omega=0.13854293307091728, alpha=0.06228426476076883, beta=0.9377157352392316"", ""error_type"": ""GarchFitError"", ""forecast_date"": ""2024-04-15"", ""innovation"": ""student_t"", ""instrument"": ""BTC-USD"", ""origin_index"": 999}",,null,,False,2024-04-15,,,student_t,BTC-USD,999,,,,0.27088201770567244,2024-04-14,2022-12-02,,
-0.606192016542794,0.606192016542794,,,,,,,,"{""error"": ""fit violated GARCH constraints: omega=0.12051436873159976, alpha=0.05971763276369002, beta=0.9402823672363299"", ""error_type"": ""GarchFitError"", ""forecast_date"": ""2024-04-16"", ""innovation"": ""student_t"", ""instrument"": ""BTC-USD"", ""origin_index"": 1000}",,null,,False,2024-04-16,,,student_t,BTC-USD,1000,,,,0.2622924205973397,2024-04-15,2022-12-03,,
4.053958535010698,-4.053958535010698,7.759701477880576,14.596983044185075,False,False,2208.9297734778875,2225.7882058715763,0,null,-1100.4648867389437,"{""alpha[1]"": 0.06104472090501773, ""beta[1]"": 0.9389552789514244, ""nu"": 2.842902682564717, ""omega"": 0.13117147502131418}",3.6349305724974332,True,2024-04-17,1.6287512597845941,2.306358076447375,student_t,BTC-USD,1001,0.02225868850462482,0.050770850932387236,,0.2656276516025372,2024-04-16,2022-12-04,4.499132305103194,9.131043628249417
-3.584120208629144,3.584120208629144,,,,,,,,"{""error"": ""fit violated GARCH constraints: omega=0.12262365138780253, alpha=0.0594625730475162, beta=0.9405374269524838"", ""error_type"": ""GarchFitError"", ""forecast_date"": ""2024-04-18"", ""innovation"": ""student_t"", ""instrument"": ""BTC-USD"", ""origin_index"": 1002}",,null,,False,2024-04-18,,,student_t,BTC-USD,1002,,,,0.2549079660398235,2024-04-17,2022-12-05,,
-0.5195142873016739,0.5195142873016739,,,,,,,,"{""error"": ""fit violated GARCH constraints: omega=0.11895889860652384, alpha=0.05862180879175552, beta=0.9413781912083012"", ""error_type"": ""GarchFitError"", ""forecast_date"": ""2024-04-19"", ""innovation"": ""student_t"", ""instrument"": ""BTC-USD"", ""origin_index"": 1003}",,null,,False,2024-04-19,,,student_t,BTC-USD,1003,,,,0.26390186029758045,2024-04-18,2022-12-06,,
-1.7865871890489375,1.7865871890489375,7.6754575331034305,14.363293961439943,False,False,2216.2321795175685,2233.0906119112574,0,null,-1104.1160897587843,"{""alpha[1]"": 0.059118906419391624, ""beta[1]"": 0.9408810935806082, ""nu"": 2.87481072804781, ""omega"": 0.11892277167369068}",3.584223412900123,True,2024-04-20,1.6208234416838425,2.293670205466695,student_t,BTC-USD,1004,0.3129904790174624,0.10821016985176796,,0.2635942818264185,2024-04-19,2022-12-07,4.473222391300306,9.03442979612785
0.10436624765706005,-0.10436624765706005,,,,,,,,"{""error"": ""fit violated GARCH constraints: omega=0.12833607744553022, alpha=0.06013487803995782, beta=0.9398651219600432"", ""error_type"": ""GarchFitError"", ""forecast_date"": ""2024-04-21"", ""innovation"": ""student_t"", ""instrument"": ""BTC-USD"", ""origin_index"": 1005}",,null,,False,2024-04-21,,,student_t,BTC-USD,1005,,,,0.270012451769562,2024-04-20,2022-12-08,,
-2.9008901770607283,2.9008901770607283,,,,,,,,"{""error"": ""fit violated GARCH constraints: omega=0.1528434771539661, alpha=0.06372655325751594, beta=0.9362734467452055"", ""error_type"": ""GarchFitError"", ""forecast_date"": ""2024-04-22"", ""innovation"": ""student_t"", ""instrument"": ""BTC-USD"", ""origin_index"": 1006}",,null,,False,2024-04-22,,,student_t,BTC-USD,1006,,,,0.2652808792609081,2024-04-21,2022-12-09,,
0.6460398489866108,-0.6460398489866108,,,,,,,,"{""error"": ""fit violated GARCH constraints: omega=0.14455402537791312, alpha=0.06210549533372551, beta=0.9378945367194729"", ""error_type"": ""GarchFitError"", ""forecast_date"": ""2024-04-23"", ""innovation"": ""student_t"", ""instrument"": ""BTC-USD"", ""origin_index"": 1007}",,null,,False,2024-04-23,,,student_t,BTC-USD,1007,,,,0.2722503337089369,2024-04-22,2022-12-10,,
3.260630131602263,-3.260630131602263,,,,,,,,"{""error"": ""fit violated GARCH constraints: omega=0.1448249362206304, alpha=0.06333019314382322, beta=0.9366698069577313"", ""error_type"": ""GarchFitError"", ""forecast_date"": ""2024-04-24"", ""innovation"": ""student_t"", ""instrument"": ""BTC-USD"", ""origin_index"": 1008}",,null,,False,2024-04-24,,,student_t,BTC-USD,1008,,,,0.27100994685932367,2024-04-23,2022-12-11,,
-0.3181282757535826,0.3181282757535826,7.166380670711301,13.471727000997856,False,False,2221.6696328422126,2238.5280652359015,0,null,-1106.8348164211063,"{""alpha[1]"": 0.06001661007265752, ""beta[1]"": 0.9399833899254602, ""nu"": 2.8543336802773025, ""omega"": 0.12520236444066066}",3.3617704631866143,True,2024-04-25,1.549203735586067,2.226869325680402,student_t,BTC-USD,1009,0.22366086307338964,0.08755149360889335,,0.26477532595560316,2024-04-24,2022-12-12,4.155088985714206,8.437021085135743
1.1328935222981407,-1.1328935222981407,,,,,,,,"{""error"": ""fit violated GARCH constraints: omega=0.1306776034989852, alpha=0.06249456630196516, beta=0.9375054336980349"", ""error_type"": ""GarchFitError"", ""forecast_date"": ""2024-04-26"", ""innovation"": ""student_t"", ""instrument"": ""BTC-USD"", ""origin_index"": 1010}",,null,,False,2024-04-26,,,student_t,BTC-USD,1010,,,,0.2642195969202645,2024-04-25,2022-12-13,,
0.5286917948514204,-0.5286917948514204,6.812463435253052,12.901768900062033,False,False,2218.5942370537823,2235.452669447471,0,null,-1105.2971185268912,"{""alpha[1]"": 0.06351190563126535, ""beta[1]"": 0.9364880943687157, ""nu"": 2.811899955153377, ""omega"": 0.1419506804566918}",3.212485693904601,True,2024-04-27,1.4942028923094295,2.1788195944296174,student_t,BTC-USD,1011,0.1695767077636702,0.0748917916994049,,0.25538085213374034,2024-04-26,2022-12-14,3.920225950124822,8.017870964791904
0.4835296286193211,-0.4835296286193211,,,,,,,,"{""error"": ""fit violated GARCH constraints: omega=0.14682151016849246, alpha=0.06631272720765032, beta=0.9336872727923498"", ""error_type"": ""GarchFitError"", ""forecast_date"": ""2024-04-28"", ""innovation"": ""student_t"", ""instrument"": ""BTC-USD"", ""origin_index"": 1012}",,null,,False,2024-04-28,,,student_t,BTC-USD,1012,,,,0.2539376824071756,2024-04-27,2022-12-15,,
-1.1467091787511219,1.1467091787511219,6.4121025474874624,12.239774353893651,False,False,2216.205944401222,2233.064376794911,0,null,-1104.102972200611,"{""alpha[1]"": 0.06882065854342834, ""beta[1]"": 0.9311793414565712, ""nu"": 2.773987992505111, ""omega"": 0.16533944856034904}",3.046387293557796,True,2024-04-29,1.4286720209969586,2.1212578744632604,student_t,BTC-USD,1013,0.24023580876493192,0.08693350532907126,,0.25809629936267064,2024-04-28,2022-12-16,3.6580069965475124,7.546641354155995
5.149462971633521,-5.149462971633521,,,,,,,,"{""error"": ""fit violated GARCH constraints: omega=0.17048288648123422, alpha=0.07101667357519872, beta=0.9289833264248013"", ""error_type"": ""GarchFitError"", ""forecast_date"": ""2024-04-30"", ""innovation"": ""student_t"", ""instrument"": ""BTC-USD"", ""origin_index"": 1014}",,null,,False,2024-04-30,,,student_t,BTC-USD,1014,,,,0.26882767951215375,2024-04-29,2022-12-17,,
4.008992348048858,-4.008992348048858,,,,,,,,"{""error"": ""fit violated GARCH constraints: omega=0.15216286215852515, alpha=0.0652651627148252, beta=0.9347348372877617"", ""error_type"": ""GarchFitError"", ""forecast_date"": ""2024-05-01"", ""innovation"": ""student_t"", ""instrument"": ""BTC-USD"", ""origin_index"": 1015}",,null,,False,2024-05-01,,,student_t,BTC-USD,1015,,,,0.25676323909681975,2024-04-30,2022-12-18,,
-1.4814392549634572,1.4814392549634572,,,,,,,,"{""error"": ""fit violated GARCH constraints: omega=0.1413552763815573, alpha=0.06330232482079308, beta=0.9366976751792071"", ""error_type"": ""GarchFitError"", ""forecast_date"": ""2024-05-02"", ""innovation"": ""student_t"", ""instrument"": ""BTC-USD"", ""origin_index"": 1016}",,null,,False,2024-05-02,,,student_t,BTC-USD,1016,,,,0.24918772064244973,2024-05-01,2022-12-19,,
-6.175720650196985,6.175720650196985,,,,,,,,"{""error"": ""fit violated GARCH constraints: omega=0.15793616496514734, alpha=0.06512989608771741, beta=0.9348701039127862"", ""error_type"": ""GarchFitError"", ""forecast_date"": ""2024-05-03"", ""innovation"": ""student_t"", ""instrument"": ""BTC-USD"", ""origin_index"": 1017}",,null,,False,2024-05-03,,,student_t,BTC-USD,1017,,,,0.2559858895192972,2024-05-02,2022-12-20,,
-1.580134437718437,1.580134437718437,,,,,,,,"{""error"": ""fit violated GARCH constraints: omega=0.17127182156650814, alpha=0.06631916708428019, beta=0.9336808329166987"", ""error_type"": ""GarchFitError"", ""forecast_date"": ""2024-05-04"", ""innovation"": ""student_t"", ""instrument"": ""BTC-USD"", ""origin_index"": 1018}",,null,,False,2024-05-04,,,student_t,BTC-USD,1018,,,,0.2627395898033646,2024-05-03,2022-12-21,,
-0.2183511053069046,0.2183511053069046,,,,,,,,"{""error"": ""fit violated GARCH constraints: omega=0.1842299035217598, alpha=0.06732961512954308, beta=0.9326703864274066"", ""error_type"": ""GarchFitError"", ""forecast_date"": ""2024-05-05"", ""innovation"": ""student_t"", ""instrument"": ""BTC-USD"", ""origin_index"": 1019}",,null,,False,2024-05-05,,,student_t,BTC-USD,1019,,,,0.2669527605717248,2024-05-04,2022-12-22,,
1.3667364751957338,-1.3667364751957338,7.172212127241426,13.772781311216868,False,False,2222.6498055416646,2239.5082379353535,0,null,-1107.3249027708323,"{""alpha[1]"": 0.06823995362421505, ""beta[1]"": 0.931760046375602, ""nu"": 2.733321025392564, ""omega"": 0.1926554117120611}",3.417867923958477,True,2024-05-06,1.5376923553242454,2.23501726975948,student_t,BTC-USD,1020,0.13516688584436667,0.07066654213401038,,0.2672372196956644,2024-05-05,2022-12-23,4.070074192083065,8.433390688596766
1.318193000361541,-1.318193000361541,7.042866750234641,13.533510141499345,False,False,2224.747983344128,2241.606415737817,0,null,-1108.373991672064,"{""alpha[1]"": 0.06871400710176698, ""beta[1]"": 0.9312859928981956, ""nu"": 2.7305470313171343, ""omega"": 0.19621066642205962}",3.3588289153843807,True,2024-05-07,1.5190515411623147,2.217088317448369,student_t,BTC-USD,1021,0.13376838580015957,0.06963225419673166,,0.26490090843252273,2024-05-06,2022-12-24,3.9935607163647298,8.2814184200347
1.8569986258569031,-1.8569986258569031,,,,,,,,"{""error"": ""fit violated GARCH constraints: omega=0.19292579287639477, alpha=0.06854967705899681, beta=0.9314503229946022"", ""error_type"": ""GarchFitError"", ""forecast_date"": ""2024-05-08"", ""innovation"": ""student_t"", ""instrument"": ""BTC-USD"", ""origin_index"": 1022}",,null,,False,2024-05-08,,,student_t,BTC-USD,1022,,,,0.2616605312053063,2024-05-07,2022-12-25,,
-2.997730861619504,2.997730861619504,6.830967005012022,13.062677298768838,False,False,2229.716171898594,2246.574604292283,0,null,-1110.858085949297,"{""alpha[1]"": 0.06727163457885338, ""beta[1]"": 0.9327283654204683, ""nu"": 2.7576328422380074, ""omega"": 0.18327282964089303}",3.2450397997792173,True,2024-05-09,1.491286349272348,2.1848852839723363,student_t,BTC-USD,1023,0.34450765944564127,0.11032925665023967,,0.25801503588541946,2024-05-08,2022-12-26,3.892422327293316,8.035194803404453
3.6456454639306775,-3.6456454639306775,,,,,,,,"{""error"": ""fit violated GARCH constraints: omega=0.16385161975956225, alpha=0.06412596275540083, beta=0.9358741891939829"", ""error_type"": ""GarchFitError"", ""forecast_date"": ""2024-05-10"", ""innovation"": ""student_t"", ""instrument"": ""BTC-USD"", ""origin_index"": 1024}",,null,,False,2024-05-10,,,student_t,BTC-USD,1024,,,,0.26308852640432956,2024-05-09,2022-12-27,,
-0.0015356870869507036,0.0015356870869507036,,,,,,,,"{""error"": ""fit violated GARCH constraints: omega=0.16596332694307592, alpha=0.06322920780008118, beta=0.9367707922000134"", ""error_type"": ""GarchFitError"", ""forecast_date"": ""2024-05-11"", ""innovation"": ""student_t"", ""instrument"": ""BTC-USD"", ""origin_index"": 1025}",,null,,False,2024-05-11,,,student_t,BTC-USD,1025,,,,0.25820688485754967,2024-05-10,2022-12-28,,
-1.0711364140500748,1.0711364140500748,,,,,,,,"{""error"": ""fit violated GARCH constraints: omega=0.18967842611342578, alpha=0.06580862971475365, beta=0.9341913702859106"", ""error_type"": ""GarchFitError"", ""forecast_date"": ""2024-05-12"", ""innovation"": ""student_t"", ""instrument"": ""BTC-USD"", ""origin_index"": 1026}",,null,,False,2024-05-12,,,student_t,BTC-USD,1026,,,,0.26018896628574706,2024-05-11,2022-12-29,,
-2.337149424591931,2.337149424591931,5.430091268951264,10.639302039773968,False,False,2239.65250457953,2256.510936973219,0,null,-1115.826252289765,"{""alpha[1]"": 0.5576559611312308, ""beta[1]"": 0.11781919757715197, ""nu"": 2.654253813816911, ""omega"": 5.76775072651444}",2.6521260264203566,True,2024-05-13,1.246123281620103,1.9648991340087179,student_t,BTC-USD,1027,0.26731643282754153,0.08724393228315987,,0.2612495101517722,2024-05-12,2022-12-30,3.0091792319588944,6.387243803724047
2.167403812367686,-2.167403812367686,6.130625019337114,11.89443001559706,False,False,2242.1560345303524,2259.0144669240412,0,null,-1117.0780172651762,"{""alpha[1]"": 0.530712681930747, ""beta[1]"": 0.11371593022158481, ""nu"": 2.69366879959829, ""omega"": 5.694172418507098}",2.9584933265793647,True,2024-05-14,1.3738823207967972,2.0823238439793803,student_t,BTC-USD,1028,0.06346681931544097,0.05043637434754635,,0.26640214817218705,2024-05-13,2022-12-31,3.4367401986765045,7.211041247122317
-7.380429767716663,7.380429767716663,6.488488133074914,12.506297843193662,False,False,2244.5583443213227,2261.4167767150116,0,null,-1118.2791721606613,"{""alpha[1]"": 0.5171492555699935, ""beta[1]"": 0.10956260423158784, ""nu"": 2.721266498088205, ""omega"": 5.658026793299101}",3.107634874791823,True,2024-05-15,1.4348695162274083,2.1364653979710755,student_t,BTC-USD,1029,0.5522693591936435,0.15012186083368662,,0.2627320736803649,2024-05-14,2023-01-01,3.664957416156197,7.631756315651984
1.5755724408528884,-1.5755724408528884,12.270118849207813,23.45151685944027,False,False,2253.4755607449633,2270.333993138652,0,null,-1122.7377803724817,"{""alpha[1]"": 0.5255157097406508, ""beta[1]"": 0.10104736983849166, ""nu"": 2.7217953614936596, ""omega"": 5.8324955908908676}",5.774828787351664,True,2024-05-16,2.079571208050862,2.7687507688743453,student_t,BTC-USD,1030,0.2723947949281598,0.12819334245617023,,0.2765574119580081,2024-05-15,2023-01-02,7.02346833941608,14.394906686469898
-2.7522834908880274,2.7522834908880274,6.9021569425722396,13.269763039122926,False,False,2255.3789681705753,2272.237400564264,0,null,-1123.6894840852876,"{""alpha[1]"": 0.5034376909319245, ""beta[1]"": 0.10263069160645215, ""nu"": 2.7325666608002224, ""omega"": 5.83657608060378}",3.2966704625292267,True,2024-05-17,1.4982972876786418,2.1972841629136473,student_t,BTC-USD,1031,0.33310511295784356,0.10870673716461089,,0.27264512693935566,2024-05-16,2023-01-03,3.9098187682688375,8.118390225573052
0.16578567978228032,-0.16578567978228032,6.580087808121251,12.577563111644485,False,False,2258.1128759717685,2274.9713083654574,0,null,-1125.0564379858843,"{""alpha[1]"": 0.4870526747029564, ""beta[1]"": 0.10780218137525545, ""nu"": 2.7715664972756873, ""omega"": 5.680457364543994}",3.133346769052204,True,2024-05-18,1.4534427599403346,2.1478058733357113,student_t,BTC-USD,1032,0.17904406231235154,0.07580626671723631,,0.27825294489803454,2024-05-17,2023-01-04,3.7466669260293077,7.746412351505906
0.994515955314362,-0.994515955314362,5.463751063917092,10.501264432295079,False,False,2258.111016798851,2274.9694491925397,0,null,-1125.0555083994254,"{""alpha[1]"": 0.48162193071900905, ""beta[1]"": 0.10505504730634223, ""nu"": 2.761787218696967, ""omega"": 5.766611849616393}",2.625744145139372,True,2024-05-19,1.2631298815016887,1.964665612029442,student_t,BTC-USD,1033,0.10462361797084097,0.05444543726484383,,0.2757345427505268,2024-05-18,2023-01-05,3.0869883147311796,6.4390596817987396
-7.510908881075612,7.510908881075612,5.60881698699619,10.735353448548935,False,False,2258.9777883763145,2275.8362207700034,0,null,-1125.4888941881572,"{""alpha[1]"": 0.47134233934770037, ""beta[1]"": 0.10233740515044133, ""nu"": 2.7809204594886148, ""omega"": 5.747720903233613}",2.6843121918851995,True,2024-05-20,1.2919853741099727,1.9892612502824112,student_t,BTC-USD,1034,0.5347364449464459,0.14120868839741182,,0.2740600743821056,2024-05-19,2023-01-06,3.1838200178532965,6.609959958665559
1.8528857175297109,-1.8528857175297109,11.922108171581547,22.628684876359806,False,False,2268.4512468904236,2285.3096792841125,0,null,-1130.2256234452118,"{""alpha[1]"": 0.4680920243369092, ""beta[1]"": 0.09502281666654541, ""nu"": 2.7642484361462585, ""omega"": 6.046017630516807}",5.583911642549092,True,2024-05-21,2.054544917269953,2.737783805996094,student_t,BTC-USD,1035,0.25080209041792273,0.12144437202178439,,0.2877177336956613,2024-05-20,2023-01-07,6.868927525888161,13.99732291970814
1.4565869502951432,-1.4565869502951432,,,,,,,,"{""error"": ""fit violated GARCH constraints: omega=0.041951457766218316, alpha=0.038096340634808164, beta=0.9619036595307218"", ""error_type"": ""GarchFitError"", ""forecast_date"": ""2024-05-22"", ""innovation"": ""student_t"", ""instrument"": ""BTC-USD"", ""origin_index"": 1036}",,null,,False,2024-05-22,,,student_t,BTC-USD,1036,,,,0.28397528109494125,2024-05-21,2023-01-08,,
1.7406596594991304,-1.7406596594991304,7.175804719267523,12.853579253596967,False,False,2266.0444352503605,2282.9028676440494,0,null,-1129.0222176251802,"{""alpha[1]"": 0.037770659097030854, ""beta[1]"": 0.9622293406502257, ""nu"": 3.1913693249179187, ""omega"": 0.03911148716783603}",3.3041347273070416,True,2024-05-23,1.5779742066116387,2.2119574828317337,student_t,BTC-USD,1037,0.13084572286215082,0.06721303612471181,,0.2794634907274722,2024-05-22,2023-01-09,4.3575741167421445,8.461963271970305
-0.8743394660751237,0.8743394660751237,,,,,,,,"{""error"": ""fit violated GARCH constraints: omega=0.03655835083203539, alpha=0.03763075494982481, beta=0.9623692742431437"", ""error_type"": ""GarchFitError"", ""forecast_date"": ""2024-05-24"", ""innovation"": ""student_t"", ""instrument"": ""BTC-USD"", ""origin_index"": 1038}",,null,,False,2024-05-24,,,student_t,BTC-USD,1038,,,,0.274752453562272,2024-05-23,2023-01-10,,
-1.0738658385506552,1.0738658385506552,,,,,,,,"{""error"": ""fit violated GARCH constraints: omega=0.03702784541515011, alpha=0.03786344516378854, beta=0.9621365551778182"", ""error_type"": ""GarchFitError"", ""forecast_date"": ""2024-05-25"", ""innovation"": ""student_t"", ""instrument"": ""BTC-USD"", ""origin_index"": 1039}",,null,,False,2024-05-25,,,student_t,BTC-USD,1039,,,,0.273617505723194,2024-05-24,2023-01-11,,
1.0855523050819569,-1.0855523050819569,6.861328828958772,12.356710152220742,False,False,2264.347639396742,2281.206071790431,0,null,-1128.173819698371,"{""alpha[1]"": 0.038369207384569524, ""beta[1]"": 0.9616307926094606, ""nu"": 3.1513134837721624, ""omega"": 0.040104605393563364}",3.1649484405077652,True,2024-05-26,1.530010964878036,2.1690128998510705,student_t,BTC-USD,1040,0.15297219610147234,0.07005790198437271,,0.2702410073077967,2024-05-25,2023-01-12,4.144996227111401,8.091342503519222
-1.2710549000964497,1.2710549000964497,5.733833067422873,10.997771635979985,False,False,2265.5428298607526,2282.4012622544415,0,null,-1128.7714149303763,"{""alpha[1]"": 0.4437258368174678, ""beta[1]"": 0.10654828260247376, ""nu"": 2.7592544170183624, ""omega"": 5.970631526649782}",2.742133785378648,True,2024-05-27,1.3133857873793136,2.0116172163340207,student_t,BTC-USD,1041,0.2261073519943497,0.0802285682138674,,0.25790926659143887,2024-05-26,2023-01-13,3.2510921397905403,6.751801921290282
1.59539990531628,-1.59539990531628,5.650844979789142,10.887554720725229,False,False,2260.947013019374,2277.805445413063,0,null,-1126.473506509687,"{""alpha[1]"": 0.4267529729793678, ""beta[1]"": 0.11857934236505449, ""nu"": 2.7325754996552205, ""omega"": 6.002827190009487}",2.7111823131469155,True,2024-05-28,1.296313146989931,1.9985084653145018,student_t,BTC-USD,1042,0.07972738131612328,0.05055677680477617,,0.24972153383236137,2024-05-27,2023-01-14,3.1899475316387442,6.651077585793892
1.0570529093847765,-1.0570529093847765,6.025692471216553,11.619276932259954,False,False,2255.7068607445294,2272.5652931382183,0,null,-1123.8534303722647,"{""alpha[1]"": 0.42845012948215944, ""beta[1]"": 0.13428436627643994, ""nu"": 2.7157013983203906, ""omega"": 5.89545991961346}",2.884977640136882,True,2024-05-29,1.3608210161862533,2.062473894472204,student_t,BTC-USD,1043,0.11730947841615603,0.06028479430315155,,0.23609224591326358,2024-05-28,2023-01-15,3.403242477707895,7.085532339699926
-1.1577009913585985,1.1577009913585985,,,,,,,,"{""error"": ""fit violated GARCH constraints: omega=0.05392143798059279, alpha=0.04175157534761877, beta=0.9582484246523831"", ""error_type"": ""GarchFitError"", ""forecast_date"": ""2024-05-30"", ""innovation"": ""student_t"", ""instrument"": ""BTC-USD"", ""origin_index"": 1044}",,null,,False,2024-05-30,,,student_t,BTC-USD,1044,,,,0.23489077064997224,2024-05-29,2023-01-16,,
1.2860492785527855,-1.2860492785527855,,,,,,,,"{""error"": ""fit violated GARCH constraints: omega=0.05358143552065128, alpha=0.0418081234926139, beta=0.9581918765073861"", ""error_type"": ""GarchFitError"", ""forecast_date"": ""2024-05-31"", ""innovation"": ""student_t"", ""instrument"": ""BTC-USD"", ""origin_index"": 1045}",,null,,False,2024-05-31,,,student_t,BTC-USD,1045,,,,0.23445862864576048,2024-05-30,2023-01-17,,
-0.31882581122634485,0.31882581122634485,,,,,,,,"{""error"": ""fit violated GARCH constraints: omega=0.04923987294793015, alpha=0.04121354469588877, beta=0.9587864553041113"", ""error_type"": ""GarchFitError"", ""forecast_date"": ""2024-06-01"", ""innovation"": ""student_t"", ""instrument"": ""BTC-USD"", ""origin_index"": 1046}",,null,,False,2024-06-01,,,student_t,BTC-USD,1046,,,,0.2319631949621609,2024-05-31,2023-01-18,,
-0.06594499531426937,0.06594499531426937,,,,,,,,"{""error"": ""fit violated GARCH constraints: omega=0.055924050675621485, alpha=0.04255110146205873, beta=0.9574488985384584"", ""error_type"": ""GarchFitError"", ""forecast_date"": ""2024-06-02"", ""innovation"": ""student_t"", ""instrument"": ""BTC-USD"", ""origin_index"": 1047}",,null,,False,2024-06-02,,,student_t,BTC-USD,1047,,,,0.23711941281291093,2024-06-01,2023-01-19,,
-1.5425138665509537,1.5425138665509537,5.3804328494078,10.403370184987038,False,False,2252.2566851258457,2269.1151175195346,0,null,-1122.1283425629229,"{""alpha[1]"": 0.45599814723558085, ""beta[1]"": 0.1257336238361847, ""nu"": 2.711533850068186, ""omega"": 5.829830397386019}",2.5882665138181533,True,2024-06-03,1.2453431224014406,1.9506093161204863,student_t,BTC-USD,1048,0.22847035449854813,0.0787275141972837,,0.23344023598058875,2024-06-02,2023-01-20,3.0268932234200046,6.33023755317741
-2.5300225248925363,2.5300225248925363,,,,,,,,"{""error"": ""fit violated GARCH constraints: omega=0.10013921935649801, alpha=0.055466105851438505, beta=0.9445338941485616"", ""error_type"": ""GarchFitError"", ""forecast_date"": ""2024-06-04"", ""innovation"": ""student_t"", ""instrument"": ""BTC-USD"", ""origin_index"": 1049}",,null,,False,2024-06-04,,,student_t,BTC-USD,1049,,,,0.2219883531971596,2024-06-03,2023-01-21,,
-0.7272217809568716,0.7272217809568716,5.907040031569342,10.837034952576358,False,False,2242.4800194918894,2259.3384518855783,0,null,-1117.2400097459447,"{""alpha[1]"": 0.05047282986122095, ""beta[1]"": 0.9495271701387774, ""nu"": 3.0144812301119037, ""omega"": 0.07728930103185407}",2.739514650526711,True,2024-06-05,1.3697731059551117,2.025438572515985,student_t,BTC-USD,1050,0.21169037812668742,0.0768968233180029,,0.2261589536447467,2024-06-04,2023-01-22,3.5065857815768733,6.962460550843412
0.4591890272049992,-0.4591890272049992,,,,,,,,"{""error"": ""fit violated GARCH constraints: omega=0.07222686145718726, alpha=0.04999572870448674, beta=0.9500042712955133"", ""error_type"": ""GarchFitError"", ""forecast_date"": ""2024-06-06"", ""innovation"": ""student_t"", ""instrument"": ""BTC-USD"", ""origin_index"": 1051}",,null,,False,2024-06-06,,,student_t,BTC-USD,1051,,,,0.22811635524944582,2024-06-05,2023-01-23,,
2.019455706561508,-2.019455706561508,5.399116660491463,10.355180548948955,False,False,2246.01497709812,2262.873409491809,0,null,-1119.00748854906,"{""alpha[1]"": 0.43753097386356243, ""beta[1]"": 0.15475328620603956, ""nu"": 2.75133677611012, ""omega"": 5.3760099248164055}",2.5769828642571717,True,2024-06-07,1.2537541542513053,1.9510993895496087,student_t,BTC-USD,1052,0.052232223855390815,0.04334612092787909,,0.22532288875535278,2024-06-06,2023-01-24,3.0641001836693236,6.354067799349414
0.05310196389011168,-0.05310196389011168,,,,,,,,"{""error"": ""fit violated GARCH constraints: omega=0.0634163868218518, alpha=0.047929761470633, beta=0.9520702385293673"", ""error_type"": ""GarchFitError"", ""forecast_date"": ""2024-06-08"", ""innovation"": ""student_t"", ""instrument"": ""BTC-USD"", ""origin_index"": 1053}",,null,,False,2024-06-08,,,student_t,BTC-USD,1053,,,,0.22389939318568114,2024-06-07,2023-01-25,,
-0.4925659126553645,0.4925659126553645,,,,,,,,"{""error"": ""fit violated GARCH constraints: omega=0.07058941613014756, alpha=0.04990738443660373, beta=0.9500926155634163"", ""error_type"": ""GarchFitError"", ""forecast_date"": ""2024-06-09"", ""innovation"": ""student_t"", ""instrument"": ""BTC-USD"", ""origin_index"": 1054}",,null,,False,2024-06-09,,,student_t,BTC-USD,1054,,,,0.2195845523176362,2024-06-08,2023-01-26,,
0.19504270532021564,-0.19504270532021564,5.373054535560415,9.872452309818936,False,False,2240.881660406906,2257.740092800595,0,null,-1116.440830203453,"{""alpha[1]"": 0.05043048066368855, ""beta[1]"": 0.9495695193363056, ""nu"": 3.0127314924718105, ""omega"": 0.0688479981548339}",2.499093713176941,True,2024-06-10,1.2737414828672864,1.9315043643652765,student_t,BTC-USD,1055,0.14938294301946844,0.06140663596979647,,0.22130711385954507,2024-06-09,2023-01-27,3.1827015657095816,6.335706302299857
3.1867374917879587,-3.1867374917879587,,,,,,,,"{""error"": ""fit violated GARCH constraints: omega=0.06664553267306673, alpha=0.0510800704230703, beta=0.9489199295769297"", ""error_type"": ""GarchFitError"", ""forecast_date"": ""2024-06-11"", ""innovation"": ""student_t"", ""instrument"": ""BTC-USD"", ""origin_index"": 1056}",,null,,False,2024-06-11,,,student_t,BTC-USD,1056,,,,0.2205184191529927,2024-06-10,2023-01-28,,
-1.3412234174301008,1.3412234174301008,5.4433572005652975,9.912589788437666,False,False,2243.8074619100644,2260.6658943037532,0,null,-1117.9037309550322,"{""alpha[1]"": 0.04649913167463818, ""beta[1]"": 0.953500868325356, ""nu"": 3.069695752038561, ""omega"": 0.053308561587337364}",2.519669484464644,True,2024-06-12,1.2921258705442265,1.941282085701066,student_t,BTC-USD,1057,0.22974402980231481,0.07759391771558366,,0.21455820703311423,2024-06-11,2023-01-29,3.2536571786161916,6.418168354128258
2.199815541367184,-2.199815541367184,,,,,,,,"{""error"": ""fit violated GARCH constraints: omega=0.05914692958193947, alpha=0.04782569007530215, beta=0.9521743099246979"", ""error_type"": ""GarchFitError"", ""forecast_date"": ""2024-06-13"", ""innovation"": ""student_t"", ""instrument"": ""BTC-USD"", ""origin_index"": 1058}",,null,,False,2024-06-13,,,student_t,BTC-USD,1058,,,,0.21088638679523963,2024-06-12,2023-01-30,,
1.1227334412877759,-1.1227334412877759,,,,,,,,"{""error"": ""fit violated GARCH constraints: omega=0.06314688423900564, alpha=0.04809212557386325, beta=0.9519078744261369"", ""error_type"": ""GarchFitError"", ""forecast_date"": ""2024-06-14"", ""innovation"": ""student_t"", ""instrument"": ""BTC-USD"", ""origin_index"": 1059}",,null,,False,2024-06-14,,,student_t,BTC-USD,1059,,,,0.214506138642498,2024-06-13,2023-01-31,,
-0.27216870164859935,0.27216870164859935,,,,,,,,"{""error"": ""fit violated GARCH constraints: omega=0.06019686262535419, alpha=0.04752468182941779, beta=0.9524753181705823"", ""error_type"": ""GarchFitError"", ""forecast_date"": ""2024-06-15"", ""innovation"": ""student_t"", ""instrument"": ""BTC-USD"", ""origin_index"": 1060}",,null,,False,2024-06-15,,,student_t,BTC-USD,1060,,,,0.2096582140541946,2024-06-14,2023-02-01,,
-0.6746193121199441,0.6746193121199441,,,,,,,,"{""error"": ""fit violated GARCH constraints: omega=0.06847965821117996, alpha=0.04972202584527829, beta=0.9502780945782124"", ""error_type"": ""GarchFitError"", ""forecast_date"": ""2024-06-16"", ""innovation"": ""student_t"", ""instrument"": ""BTC-USD"", ""origin_index"": 1061}",,null,,False,2024-06-16,,,student_t,BTC-USD,1061,,,,0.20521340454051817,2024-06-15,2023-02-02,,
0.22346697987336211,-0.22346697987336211,,,,,,,,"{""error"": ""fit violated GARCH constraints: omega=0.07004946778270303, alpha=0.0505720705012126, beta=0.9494279295177195"", ""error_type"": ""GarchFitError"", ""forecast_date"": ""2024-06-17"", ""innovation"": ""student_t"", ""instrument"": ""BTC-USD"", ""origin_index"": 1062}",,null,,False,2024-06-17,,,student_t,BTC-USD,1062,,,,0.20869759313599395,2024-06-16,2023-02-03,,
2.050577187931411,-2.050577187931411,,,,,,,,"{""error"": ""fit violated GARCH constraints: omega=0.0674929407240154, alpha=0.05099472939142044, beta=0.9490052706085802"", ""error_type"": ""GarchFitError"", ""forecast_date"": ""2024-06-18"", ""innovation"": ""student_t"", ""instrument"": ""BTC-USD"", ""origin_index"": 1063}",,null,,False,2024-06-18,,,student_t,BTC-USD,1063,,,,0.20844288642471334,2024-06-17,2023-02-04,,
0.27739875191645824,-0.27739875191645824,,,,,,,,"{""error"": ""fit violated GARCH constraints: omega=0.05854665672599445, alpha=0.04814739573505546, beta=0.9518526042649446"", ""error_type"": ""GarchFitError"", ""forecast_date"": ""2024-06-19"", ""innovation"": ""student_t"", ""instrument"": ""BTC-USD"", ""origin_index"": 1064}",,null,,False,2024-06-19,,,student_t,BTC-USD,1064,,,,0.20534619480276478,2024-06-18,2023-02-05,,
0.20285342777122792,-0.20285342777122792,,,,,,,,"{""error"": ""fit violated GARCH constraints: omega=0.06248227013406921, alpha=0.049496719081206245, beta=0.9505032809187938"", ""error_type"": ""GarchFitError"", ""forecast_date"": ""2024-06-20"", ""innovation"": ""student_t"", ""instrument"": ""BTC-USD"", ""origin_index"": 1065}",,null,,False,2024-06-20,,,student_t,BTC-USD,1065,,,,0.20804229493977688,2024-06-19,2023-02-06,,
1.1362664072090682,-1.1362664072090682,,,,,,,,"{""error"": ""fit violated GARCH constraints: omega=0.06330789841104172, alpha=0.05056458978238262, beta=0.9494354102176173"", ""error_type"": ""GarchFitError"", ""forecast_date"": ""2024-06-21"", ""innovation"": ""student_t"", ""instrument"": ""BTC-USD"", ""origin_index"": 1066}",,null,,False,2024-06-21,,,student_t,BTC-USD,1066,,,,0.20934766337175864,2024-06-20,2023-02-07,,
-0.2436781816177768,0.2436781816177768,4.72835269341293,8.742936359774014,False,False,2232.8250866641156,2249.6835190578045,0,null,-1112.4125433320578,"{""alpha[1]"": 0.05043569583887062, ""beta[1]"": 0.9495643041573035, ""nu"": 2.9752578538027423, ""omega"": 0.06377495501041992}",2.208071650357974,True,2024-06-22,1.1420496309862846,1.8060110135916063,student_t,BTC-USD,1067,0.1513092463398271,0.05819616223325944,,0.20269309141113012,2024-06-21,2023-02-08,2.7825067451787624,5.575938041708162
1.6821441362000096,-1.6821441362000096,,,,,,,,"{""error"": ""fit violated GARCH constraints: omega=0.06732490566267167, alpha=0.05214095705333774, beta=0.9478592712045523"", ""error_type"": ""GarchFitError"", ""forecast_date"": ""2024-06-23"", ""innovation"": ""student_t"", ""instrument"": ""BTC-USD"", ""origin_index"": 1068}",,null,,False,2024-06-23,,,student_t,BTC-USD,1068,,,,0.20599319227003135,2024-06-22,2023-02-09,,
4.70429340017076,-4.70429340017076,4.633737960470936,8.620971176914123,True,False,2227.8723009405808,2244.7307333342696,0,null,-1109.9361504702904,"{""alpha[1]"": 0.053038965608476735, ""beta[1]"": 0.9469610343884561, ""nu"": 2.9437243103409325, ""omega"": 0.07489333836737506}",2.175098699446143,True,2024-06-24,9.732573574334094,1.788216181032821,student_t,BTC-USD,1069,1.8961216889761812,0.007615612722886265,,0.21264349359079726,2024-06-23,2023-02-10,2.7083758328274117,5.465854672459386
-2.502097859815237,2.502097859815237,5.219736320313572,9.668256301611253,False,False,2233.532165386622,2250.390597780311,0,null,-1112.766082693311,"{""alpha[1]"": 0.04820723641980681, ""beta[1]"": 0.9517927635799097, ""nu"": 2.9533531609776085, ""omega"": 0.06624911527158102}",2.432817404183873,True,2024-06-25,1.240436557302194,1.9051000282249548,student_t,BTC-USD,1070,0.27856244482288317,0.08653545804158008,,0.20477947032854416,2024-06-24,2023-02-11,3.069151036642422,6.151447944342764
1.6203198259949259,-1.6203198259949259,,,,,,,,"{""error"": ""fit violated GARCH constraints: omega=0.05993640882648859, alpha=0.04651908517501666, beta=0.9534809148250477"", ""error_type"": ""GarchFitError"", ""forecast_date"": ""2024-06-26"", ""innovation"": ""student_t"", ""instrument"": ""BTC-USD"", ""origin_index"": 1071}",,null,,False,2024-06-26,,,student_t,BTC-USD,1071,,,,0.20776452192611877,2024-06-25,2023-02-12,,
-1.2964547855288486,1.2964547855288486,,,,,,,,"{""error"": ""fit violated GARCH constraints: omega=0.055111194737939996, alpha=0.045577578638566096, beta=0.9544237580847356"", ""error_type"": ""GarchFitError"", ""forecast_date"": ""2024-06-27"", ""innovation"": ""student_t"", ""instrument"": ""BTC-USD"", ""origin_index"": 1072}",,null,,False,2024-06-27,,,student_t,BTC-USD,1072,,,,0.20528131442671801,2024-06-26,2023-02-13,,
2.1073812000409062,-2.1073812000409062,5.09302028755924,9.348577689084419,False,False,2236.132508665799,2252.990941059488,0,null,-1114.0662543328995,"{""alpha[1]"": 0.04542622907236959, ""beta[1]"": 0.9545737709276267, ""nu"": 3.0183329440839857, ""omega"": 0.05219861594355383}",2.367127966282954,True,2024-06-28,1.2208473075416864,1.877597207720644,student_t,BTC-USD,1073,0.04563295024120675,0.03897892647270839,,0.2076916540435135,2024-06-27,2023-02-14,3.0200402048650403,6.0052738473117415
-0.9359920056441934,0.9359920056441934,5.121372612004168,9.391758203674003,False,False,2236.6097595941233,2253.468191987812,0,null,-1114.3048797970616,"{""alpha[1]"": 0.044976939025430526, ""beta[1]"": 0.9550230609745674, ""nu"": 3.0194573692748268, ""omega"": 0.05147314767501824}",2.3760758015467447,True,2024-06-29,1.2271894233328524,1.8826472969017924,student_t,BTC-USD,1074,0.19884468543685724,0.06973152980431246,,0.19972739842431872,2024-06-28,2023-02-15,3.040901703092948,6.037160974787047
-2.8989272739819554,2.8989272739819554,,,,,,,,"{""error"": ""fit violated GARCH constraints: omega=0.05075280772855392, alpha=0.047221176341816634, beta=0.9527788236584879"", ""error_type"": ""GarchFitError"", ""forecast_date"": ""2024-06-30"", ""innovation"": ""student_t"", ""instrument"": ""BTC-USD"", ""origin_index"": 1075}",,null,,False,2024-06-30,,,student_t,BTC-USD,1075,,,,0.1836453808664396,2024-06-29,2023-02-16,,
-0.2767262526893227,0.2767262526893227,,,,,,,,"{""error"": ""fit violated GARCH constraints: omega=0.052946006375836525, alpha=0.046545024614890525, beta=0.9534549755996664"", ""error_type"": ""GarchFitError"", ""forecast_date"": ""2024-07-01"", ""innovation"": ""student_t"", ""instrument"": ""BTC-USD"", ""origin_index"": 1076}",,null,,False,2024-07-01,,,student_t,BTC-USD,1076,,,,0.19515485571491994,2024-06-30,2023-02-17,,
1.31801760602684,-1.31801760602684,,,,,,,,"{""error"": ""fit violated GARCH constraints: omega=0.06280656700293771, alpha=0.049175283227351665, beta=0.9508247167843253"", ""error_type"": ""GarchFitError"", ""forecast_date"": ""2024-07-02"", ""innovation"": ""student_t"", ""instrument"": ""BTC-USD"", ""origin_index"": 1077}",,null,,False,2024-07-02,,,student_t,BTC-USD,1077,,,,0.18788705833597444,2024-07-01,2023-02-18,,
3.0363202506616576,-3.0363202506616576,,,,,,,,"{""error"": ""fit violated GARCH constraints: omega=0.05518957628171749, alpha=0.0475752004207891, beta=0.952424799579211"", ""error_type"": ""GarchFitError"", ""forecast_date"": ""2024-07-03"", ""innovation"": ""student_t"", ""instrument"": ""BTC-USD"", ""origin_index"": 1078}",,null,,False,2024-07-03,,,student_t,BTC-USD,1078,,,,0.1846358583880581,2024-07-02,2023-02-19,,
5.457904895434864,-5.457904895434864,,,,,,,,"{""error"": ""fit violated GARCH constraints: omega=0.05251426309068645, alpha=0.04584464540532814, beta=0.9541553545947301"", ""error_type"": ""GarchFitError"", ""forecast_date"": ""2024-07-04"", ""innovation"": ""student_t"", ""instrument"": ""BTC-USD"", ""origin_index"": 1079}",,null,,False,2024-07-04,,,student_t,BTC-USD,1079,,,,0.18112516170867946,2024-07-03,2023-02-20,,
0.5549607840752044,-0.5549607840752044,,,,,,,,"{""error"": ""fit violated GARCH constraints: omega=0.05644539159619262, alpha=0.04527539178297503, beta=0.9547246082173501"", ""error_type"": ""GarchFitError"", ""forecast_date"": ""2024-07-05"", ""innovation"": ""student_t"", ""instrument"": ""BTC-USD"", ""origin_index"": 1080}",,null,,False,2024-07-05,,,student_t,BTC-USD,1080,,,,0.16612834296389134,2024-07-04,2023-02-21,,
-2.85523856165116,2.85523856165116,5.615677445618352,10.25458881382709,False,False,2231.824114911132,2248.6825473048207,0,null,-1111.912057455566,"{""alpha[1]"": 0.04488004852087066, ""beta[1]"": 0.9551199514791145, ""nu"": 3.021392717978461, ""omega"": 0.056290364558070044}",2.582435352003256,True,2024-07-06,1.3230263808378684,1.9724280543251722,student_t,BTC-USD,1081,0.3105202258541335,0.09466400270229831,,0.16820769770424399,2024-07-05,2023-02-22,3.3551659554315054,6.611161708578663
4.300921718074345,-4.300921718074345,,,,,,,,"{""error"": ""fit violated GARCH constraints: omega=0.05373346670715981, alpha=0.04424316452868179, beta=0.955756835631785"", ""error_type"": ""GarchFitError"", ""forecast_date"": ""2024-07-07"", ""innovation"": ""student_t"", ""instrument"": ""BTC-USD"", ""origin_index"": 1082}",,null,,False,2024-07-07,,,student_t,BTC-USD,1082,,,,0.17595425420681612,2024-07-06,2023-02-23,,
-1.5210533786245186,1.5210533786245186,5.92095361111423,10.761459335798179,False,False,2238.118447382247,2254.9768797759357,0,null,-1115.0592236911234,"{""alpha[1]"": 0.044560734771359564, ""beta[1]"": 0.9554392652285474, ""nu"": 3.050011021849651, ""omega"": 0.054695785327248815}",2.714945995747613,True,2024-07-08,1.3788316014379087,2.0236400362279605,student_t,BTC-USD,1083,0.253780181630464,0.08490915529017855,,0.16935799411889527,2024-07-07,2023-02-24,3.5545502539847567,6.969862150393328
-2.2737964107938504,2.2737964107938504,,,,,,,,"{""error"": ""fit violated GARCH constraints: omega=0.05973266614236646, alpha=0.04511931250437556, beta=0.954880687521301"", ""error_type"": ""GarchFitError"", ""forecast_date"": ""2024-07-09"", ""innovation"": ""student_t"", ""instrument"": ""BTC-USD"", ""origin_index"": 1084}",,null,,False,2024-07-09,,,student_t,BTC-USD,1084,,,,0.1787585143626865,2024-07-08,2023-02-25,,
0.4608673356897976,-0.4608673356897976,,,,,,,,"{""error"": ""fit violated GARCH constraints: omega=0.054524397383989905, alpha=0.04433284795477237, beta=0.9556671520475986"", ""error_type"": ""GarchFitError"", ""forecast_date"": ""2024-07-10"", ""innovation"": ""student_t"", ""instrument"": ""BTC-USD"", ""origin_index"": 1085}",,null,,False,2024-07-10,,,student_t,BTC-USD,1085,,,,0.18350235679982935,2024-07-09,2023-02-26,,
0.690924599131751,-0.690924599131751,,,,,,,,"{""error"": ""fit violated GARCH constraints: omega=0.053679224065910774, alpha=0.044041217400809025, beta=0.955958782599196"", ""error_type"": ""GarchFitError"", ""forecast_date"": ""2024-07-11"", ""innovation"": ""student_t"", ""instrument"": ""BTC-USD"", ""origin_index"": 1086}",,null,,False,2024-07-11,,,student_t,BTC-USD,1086,,,,0.17927831295849272,2024-07-10,2023-02-27,,
-0.9623984571141139,0.9623984571141139,5.58223684318656,10.158252224435378,False,False,2236.0473922935466,2252.9058246872355,0,null,-1114.0236961467733,"{""alpha[1]"": 0.04379098233604693, ""beta[1]"": 0.9562090176639486, ""nu"": 3.051627593857711, ""omega"": 0.05070546241592637}",2.5676861198620493,True,2024-07-12,1.3187634524622096,1.9654813371227213,student_t,BTC-USD,1087,0.21535645063210207,0.07536767844453295,,0.17822219425962585,2024-07-11,2023-02-28,3.344730555527924,6.574369387339174
-2.2753003238264378,2.2753003238264378,,,,,,,,"{""error"": ""fit violated GARCH constraints: omega=0.05163891246278323, alpha=0.043968257277718865, beta=0.956031742722292"", ""error_type"": ""GarchFitError"", ""forecast_date"": ""2024-07-13"", ""innovation"": ""student_t"", ""instrument"": ""BTC-USD"", ""origin_index"": 1088}",,null,,False,2024-07-13,,,student_t,BTC-USD,1088,,,,0.18336553734776012,2024-07-12,2023-03-01,,
-2.5927850267118404,2.5927850267118404,5.477460888986847,9.998273981089635,False,False,2235.1293589916395,2251.9877913853284,0,null,-1113.5646794958197,"{""alpha[1]"": 0.04433148256060814, ""beta[1]"": 0.9556685173737293, ""nu"": 3.0349793016995275, ""omega"": 0.05289008854130639}",2.525666822806151,True,2024-07-14,1.2978326170602963,1.947736868136142,student_t,BTC-USD,1089,0.2931937590109262,0.09044915103913591,,0.18364877701293486,2024-07-13,2023-03-02,3.2710901535066794,6.452130077201743
-6.49986203947215,6.49986203947215,,,,,,,,"{""error"": ""fit violated GARCH constraints: omega=0.05214761248828524, alpha=0.04471568405808156, beta=0.9552843159419184"", ""error_type"": ""GarchFitError"", ""forecast_date"": ""2024-07-15"", ""innovation"": ""student_t"", ""instrument"": ""BTC-USD"", ""origin_index"": 1090}",,null,,False,2024-07-15,,,student_t,BTC-USD,1090,,,,0.19028661710507547,2024-07-14,2023-03-03,,
-0.3493129786500064,0.3493129786500064,6.16591940277927,11.271985108021937,False,False,2240.625032306084,2257.483464699773,0,null,-1116.312516153042,"{""alpha[1]"": 0.04481926262097654, ""beta[1]"": 0.9551807362131244, ""nu"": 3.0275680768432145, ""omega"": 0.06022744903253398}",2.847098239588147,True,2024-07-16,1.415219864646721,2.0667484236307976,student_t,BTC-USD,1091,0.201266343983664,0.07613295461746687,,0.21299882632656728,2024-07-15,2023-03-04,3.67601390102327,7.263982483096674
1.5143242458604966,-1.5143242458604966,6.024293612672214,11.012679530215186,False,False,2240.0724698477065,2256.9309022413954,0,null,-1116.0362349238533,"{""alpha[1]"": 0.044423284366401077, ""beta[1]"": 0.9555767156335978, ""nu"": 3.0306741624244693, ""omega"": 0.057579103435044174}",2.783745815998794,True,2024-07-17,1.391872418235565,2.0435944379100377,student_t,BTC-USD,1092,0.10382948158320492,0.055838668972834564,,0.21378091299611815,2024-07-16,2023-03-05,3.590913877524593,7.098191143143948
0.22597141681593375,-0.22597141681593375,,,,,,,,"{""error"": ""fit violated GARCH constraints: omega=0.05702882443734443, alpha=0.045330292179416344, beta=0.9546697103467257"", ""error_type"": ""GarchFitError"", ""forecast_date"": ""2024-07-18"", ""innovation"": ""student_t"", ""instrument"": ""BTC-USD"", ""origin_index"": 1093}",,null,,False,2024-07-18,,,student_t,BTC-USD,1093,,,,0.210018473564863,2024-07-17,2023-03-06,,
-4.187942011354337,4.187942011354337,5.840878964038279,10.661270448979108,False,False,2239.64735902858,2256.505791422269,0,null,-1115.82367951429,"{""alpha[1]"": 0.04599249329039108, ""beta[1]"": 0.9540075067096088, ""nu"": 3.042418745063645, ""omega"": 0.05716058312025532}",2.6982897462550244,True,2024-07-19,1.3617642053901582,2.0122031211005424,student_t,BTC-USD,1094,0.3837131429000961,0.11070703948740616,,0.2096178475724421,2024-07-18,2023-03-07,3.4863208466475792,6.882761937386269
-0.6774946355776393,0.6774946355776393,,,,,,,,"{""error"": ""fit violated GARCH constraints: omega=0.06255330575604764, alpha=0.04841670547108393, beta=0.9515832945289161"", ""error_type"": ""GarchFitError"", ""forecast_date"": ""2024-07-20"", ""innovation"": ""student_t"", ""instrument"": ""BTC-USD"", ""origin_index"": 1095}",,null,,False,2024-07-20,,,student_t,BTC-USD,1095,,,,0.21987495938615098,2024-07-19,2023-03-08,,
-1.4645375370035403,1.4645375370035403,5.9430400872995754,10.885597371758093,False,False,2241.5391555485603,2258.397587942249,0,null,-1116.7695777742802,"{""alpha[1]"": 0.04890355480854526, ""beta[1]"": 0.9510964451914546, ""nu"": 3.02461809748066, ""omega"": 0.0663609809216263}",2.753798000433815,True,2024-07-21,1.376811626447672,2.0309389490133305,student_t,BTC-USD,1096,0.24991073221324894,0.08469401762740193,,0.22579741166843353,2024-07-20,2023-03-09,3.533677107261434,7.004864225736645
0.8387766697449086,-0.8387766697449086,,,,,,,,"{""error"": ""fit violated GARCH constraints: omega=0.05760974643886306, alpha=0.04480627462962233, beta=0.9551937253703777"", ""error_type"": ""GarchFitError"", ""forecast_date"": ""2024-07-22"", ""innovation"": ""student_t"", ""instrument"": ""BTC-USD"", ""origin_index"": 1097}",,null,,False,2024-07-22,,,student_t,BTC-USD,1097,,,,0.24161138941067933,2024-07-21,2023-03-10,,
2.483150354628474,-2.483150354628474,,,,,,,,"{""error"": ""fit violated GARCH constraints: omega=0.05997077285499265, alpha=0.04609571008000359, beta=0.9539042899199965"", ""error_type"": ""GarchFitError"", ""forecast_date"": ""2024-07-23"", ""innovation"": ""student_t"", ""instrument"": ""BTC-USD"", ""origin_index"": 1098}",,null,,False,2024-07-23,,,student_t,BTC-USD,1098,,,,0.2416677674404139,2024-07-22,2023-03-11,,
0.8462196565224508,-0.8462196565224508,,,,,,,,"{""error"": ""fit violated GARCH constraints: omega=0.0650787077433409, alpha=0.04810838963902847, beta=0.9518916103609716"", ""error_type"": ""GarchFitError"", ""forecast_date"": ""2024-07-24"", ""innovation"": ""student_t"", ""instrument"": ""BTC-USD"", ""origin_index"": 1099}",,null,,False,2024-07-24,,,student_t,BTC-USD,1099,,,,0.23233902248847332,2024-07-23,2023-03-12,,
-0.6177613679992737,0.6177613679992737,,,,,,,,"{""error"": ""fit violated GARCH constraints: omega=0.054388248978255394, alpha=0.043795733776581386, beta=0.9562042662242327"", ""error_type"": ""GarchFitError"", ""forecast_date"": ""2024-07-25"", ""innovation"": ""student_t"", ""instrument"": ""BTC-USD"", ""origin_index"": 1100}",,null,,False,2024-07-25,,,student_t,BTC-USD,1100,,,,0.21632580080168315,2024-07-24,2023-03-13,,
-3.193999220079834,3.193999220079834,5.500849687723428,9.878817156613719,False,False,2222.3514296275634,2239.2098620212523,0,null,-1107.1757148137817,"{""alpha[1]"": 0.037374889473643584, ""beta[1]"": 0.9626251105263494, ""nu"": 3.1628478631006285, ""omega"": 0.034743657150855346}",2.528966430984451,True,2024-07-26,1.3110311405988408,1.9467656786810492,student_t,BTC-USD,1101,0.32641106919858137,0.09678187037121665,,0.2000045966672737,2024-07-25,2023-03-14,3.3342221638917877,6.484187817041822
0.14547988887650753,-0.14547988887650753,,,,,,,,"{""error"": ""fit violated GARCH constraints: omega=0.036544341265192376, alpha=0.03772135203052367, beta=0.9622786479695075"", ""error_type"": ""GarchFitError"", ""forecast_date"": ""2024-07-27"", ""innovation"": ""student_t"", ""instrument"": ""BTC-USD"", ""origin_index"": 1102}",,null,,False,2024-07-27,,,student_t,BTC-USD,1102,,,,0.20190936214487853,2024-07-26,2023-03-15,,
-0.6504525639622997,0.6504525639622997,5.482693300745213,9.895523982297798,False,False,2222.533042194086,2239.391474587775,0,null,-1107.266521097043,"{""alpha[1]"": 0.03844380653732233, ""beta[1]"": 0.9615561934626775, ""nu"": 3.128196684979906, ""omega"": 0.038748443801162255}",2.526220522854781,True,2024-07-28,1.3047322632260414,1.9452461047586302,student_t,BTC-USD,1103,0.19786306000902118,0.07113848363529388,,0.20463228633016722,2024-07-27,2023-03-16,3.3068086362181206,6.463395799567081
2.1262245678894924,-2.1262245678894924,,,,,,,,"{""error"": ""fit violated GARCH constraints: omega=0.042197393455827924, alpha=0.03914030412005933, beta=0.960859695880297"", ""error_type"": ""GarchFitError"", ""forecast_date"": ""2024-07-29"", ""innovation"": ""student_t"", ""instrument"": ""BTC-USD"", ""origin_index"": 1104}",,null,,False,2024-07-29,,,student_t,BTC-USD,1104,,,,0.20045564707225572,2024-07-28,2023-03-17,,
0.9305346223190455,-0.9305346223190455,5.926807630074485,10.977766712732494,False,False,2218.260917301546,2235.119349695235,0,null,-1105.130458650773,"{""alpha[1]"": 0.34514156952222563, ""beta[1]"": 0.1556274611341164, ""nu"": 2.92707497929673, ""omega"": 4.787069894080277}",2.7435158517340787,True,2024-07-30,1.3687889132634883,2.031186186648968,student_t,BTC-USD,1105,0.12810760029706927,0.060437960942916674,,0.17811703445788124,2024-07-29,2023-03-18,3.4926866282604285,6.974330716610708
2.418345057748668,-2.418345057748668,5.4410756373288764,10.105342414957322,False,False,2217.295191093507,2234.153623487196,0,null,-1104.6475955467536,"{""alpha[1]"": 0.34762565589595296, ""beta[1]"": 0.15251346636269653, ""nu"": 2.9182759855580755, ""omega"": 4.809844584487523}",2.527725013315608,True,2024-07-31,1.2813075810088619,1.9469031871374978,student_t,BTC-USD,1106,0.038868315788154584,0.0398681457966151,,0.17962469640173312,2024-07-30,2023-03-19,3.195711373511759,6.405159637410175
-1.1359846111043197,1.1359846111043197,6.16814484812548,11.44998780413548,False,False,2215.20834259646,2232.066774990149,0,null,-1103.60417129823,"{""alpha[1]"": 0.3479788503613203, ""beta[1]"": 0.1609464700545125, ""nu"": 2.904578324394987, ""omega"": 4.777866606593525}",2.8523314345595727,True,2024-08-01,1.4078644755223904,2.071536913309845,student_t,BTC-USD,1107,0.2382865165746113,0.08390104329201613,,0.16698550380677216,2024-07-31,2023-03-20,3.629745720387902,7.254119718097287
6.221701386894225,-6.221701386894225,5.453022659873144,10.142992020047895,True,False,2215.2002468594474,2232.0586792531362,0,null,-1103.6001234297237,"{""alpha[1]"": 0.34565885217296705, ""beta[1]"": 0.16383676852916548, ""nu"": 2.9040605896240748, ""omega"": 4.759422549071661}",2.532367497748815,True,2024-08-02,12.368399722177282,1.9494475244247447,student_t,BTC-USD,1108,2.8713615694956727,0.0019540957555789634,,0.17120308476351295,2024-08-01,2023-03-21,3.1992155242672005,6.417110962452121
1.203948678801457,-1.203948678801457,9.92715315226656,18.493262433126954,False,False,2221.6809461053845,2238.5393784990733,0,null,-1106.8404730526922,"{""alpha[1]"": 0.36360349388539, ""beta[1]"": 0.16124728710935973, ""nu"": 2.8508229823678715, ""omega"": 4.957765941754145}",4.563090877290894,True,2024-08-03,1.8833578170839411,2.547413559215395,student_t,BTC-USD,1109,0.23170259839118418,0.10446937702307665,,0.15583823009913655,2024-08-02,2023-03-22,5.838000646625137,11.650886381109112
4.315788273281263,-4.315788273281263,,,,,,,,"{""error"": ""fit violated GARCH constraints: omega=0.0352381326037719, alpha=0.03458985467977802, beta=0.9654101456874209"", ""error_type"": ""GarchFitError"", ""forecast_date"": ""2024-08-04"", ""innovation"": ""student_t"", ""instrument"": ""BTC-USD"", ""origin_index"": 1110}",,null,,False,2024-08-04,,,student_t,BTC-USD,1110,,,,0.15969131969696415,2024-08-03,2023-03-23,,
7.3631985817227825,-7.3631985817227825,,,,,,,,"{""error"": ""fit violated GARCH constraints: omega=0.04364472370464944, alpha=0.03686328071186272, beta=0.9631369584676215"", ""error_type"": ""GarchFitError"", ""forecast_date"": ""2024-08-05"", ""innovation"": ""student_t"", ""instrument"": ""BTC-USD"", ""origin_index"": 1111}",,null,,False,2024-08-05,,,student_t,BTC-USD,1111,,,,0.14367925696787795,2024-08-04,2023-03-24,,
-3.7138465099285796,3.7138465099285796,7.1185621187923935,12.839950378387655,False,False,2220.4097818891037,2237.2682142827925,0,null,-1106.2048909445518,"{""alpha[1]"": 0.04333429148290849, ""beta[1]"": 0.9566657085170795, ""nu"": 3.0743291501363603, ""omega"": 0.06607661948123307}",3.229528616414445,True,2024-08-06,1.5687172135387777,2.204307619719549,student_t,BTC-USD,1112,0.4013888359618168,0.12082235198457533,,0.13497680644159749,2024-08-05,2023-03-25,4.313930209307749,8.368388688528944
1.8131945607875768,-1.8131945607875768,7.140286638081347,12.776773867281927,False,False,2224.3579503357196,2241.2163827294085,0,null,-1108.1789751678598,"{""alpha[1]"": 0.043242374654018534, ""beta[1]"": 0.956757625138354, ""nu"": 3.136584387238947, ""omega"": 0.05968429813342101}",3.233792381554084,True,2024-08-07,1.576169755006669,2.2047741832986962,student_t,BTC-USD,1113,0.12726783015963095,0.06583001086541733,,0.1423941562942011,2024-08-06,2023-03-26,4.358551163980193,8.396195647329304
-11.4615857427923,11.4615857427923,,,,,,,,"{""error"": ""fit violated GARCH constraints: omega=0.061216704143334154, alpha=0.0434624114778764, beta=0.956537588522165"", ""error_type"": ""GarchFitError"", ""forecast_date"": ""2024-08-08"", ""innovation"": ""student_t"", ""instrument"": ""BTC-USD"", ""origin_index"": 1114}",,null,,False,2024-08-08,,,student_t,BTC-USD,1114,,,,0.1351660715910062,2024-08-07,2023-03-27,,
1.3541633560825024,-1.3541633560825024,,,,,,,,"{""error"": ""fit violated GARCH constraints: omega=0.11431663690726605, alpha=0.058522025765889815, beta=0.9414779745024874"", ""error_type"": ""GarchFitError"", ""forecast_date"": ""2024-08-09"", ""innovation"": ""student_t"", ""instrument"": ""BTC-USD"", ""origin_index"": 1115}",,null,,False,2024-08-09,,,student_t,BTC-USD,1115,,,,0.16428873108598324,2024-08-08,2023-03-28,,
-0.10785754337256274,0.10785754337256274,9.024519534280047,16.354154816200914,False,False,2233.100857526125,2249.9592899198137,0,null,-1112.5504287630624,"{""alpha[1]"": 0.05271921586857786, ""beta[1]"": 0.9472807841250724, ""nu"": 3.0372954782522936, ""omega"": 0.09271451596509553}",4.097372938703673,True,2024-08-10,1.8034535806659626,2.443002483683417,student_t,BTC-USD,1116,0.27771150608797707,0.10713862225134846,,0.16063758435870704,2024-08-09,2023-03-29,5.446372578386973,10.606004681762274
3.721354652343721,-3.721354652343721,,,,,,,,"{""error"": ""fit violated GARCH constraints: omega=0.11999984946511505, alpha=0.05813843889754439, beta=0.941861561917242"", ""error_type"": ""GarchFitError"", ""forecast_date"": ""2024-08-11"", ""innovation"": ""student_t"", ""instrument"": ""BTC-USD"", ""origin_index"": 1117}",,null,,False,2024-08-11,,,student_t,BTC-USD,1117,,,,0.15308261958192712,2024-08-10,2023-03-30,,
-1.075659964060797,1.075659964060797,9.157878325406225,16.783077403408658,False,False,2230.8599791337565,2247.7184115274454,0,null,-1111.4299895668782,"{""alpha[1]"": 0.061248887178793766, ""beta[1]"": 0.9387511128211149, ""nu"": 2.9558038006862684, ""omega"": 0.128296719710784}",4.172746752389214,True,2024-08-12,1.8119676918099685,2.4612767091937493,student_t,BTC-USD,1118,0.32730737777958874,0.11832028724810598,,0.14787383002374255,2024-08-11,2023-03-31,5.470487591530973,10.75636876074979
-2.0924539272990286,2.0924539272990286,8.859512269948556,16.31401905091642,False,False,2230.7224699292788,2247.5809023229676,0,null,-1111.3612349646394,"{""alpha[1]"": 0.059067769285639275, ""beta[1]"": 0.9409322306893179, ""nu"": 2.9258891115435373, ""omega"": 0.12795474892297762}",4.0478029352707985,True,2024-08-13,1.7760626188433446,2.429808333323419,student_t,BTC-USD,1119,0.368003107456158,0.12497266597186699,,0.14687586697417343,2024-08-12,2023-04-01,5.2676082218241245,10.40481266988766
3.137830139179582,-3.137830139179582,,,,,,,,"{""error"": ""fit violated GARCH constraints: omega=0.10703139519531749, alpha=0.05453390611629398, beta=0.9454660947073563"", ""error_type"": ""GarchFitError"", ""forecast_date"": ""2024-08-14"", ""innovation"": ""student_t"", ""instrument"": ""BTC-USD"", ""origin_index"": 1120}",,null,,False,2024-08-14,,,student_t,BTC-USD,1120,,,,0.15153502211481146,2024-08-13,2023-04-02,,
2.0244862097222986,-2.0244862097222986,8.484523224842137,15.44863391637641,False,False,2235.572526753118,2252.430959146807,0,null,-1113.786263376559,"{""alpha[1]"": 0.05388157632568995, ""beta[1]"": 0.946118422803548, ""nu"": 3.002840064099075, ""omega"": 0.1001654003128406}",3.858062237120122,True,2024-08-15,1.7391242225952306,2.382843503888601,student_t,BTC-USD,1121,0.15368492411482837,0.07944871402638504,,0.1467553962019146,2024-08-14,2023-04-03,5.098184692018863,9.969357612360795
-2.291143010993103,2.291143010993103,,,,,,,,"{""error"": ""fit violated GARCH constraints: omega=0.10453970624388098, alpha=0.05437668464331058, beta=0.945623315356691"", ""error_type"": ""GarchFitError"", ""forecast_date"": ""2024-08-16"", ""innovation"": ""student_t"", ""instrument"": ""BTC-USD"", ""origin_index"": 1122}",,null,,False,2024-08-16,,,student_t,BTC-USD,1122,,,,0.1456290786152215,2024-08-15,2023-04-04,,
-0.988184062881442,0.988184062881442,,,,,,,,"{""error"": ""fit violated GARCH constraints: omega=0.09910864074908732, alpha=0.05278376010799008, beta=0.9472162403113447"", ""error_type"": ""GarchFitError"", ""forecast_date"": ""2024-08-17"", ""innovation"": ""student_t"", ""instrument"": ""BTC-USD"", ""origin_index"": 1123}",,null,,False,2024-08-17,,,student_t,BTC-USD,1123,,,,0.1475102474596055,2024-08-16,2023-04-05,,
1.6870237917994075,-1.6870237917994075,7.883171841898379,14.279500244427464,False,False,2238.4222314691033,2255.280663862792,0,null,-1115.2111157345516,"{""alpha[1]"": 0.04702260657534136, ""beta[1]"": 0.9529773486369078, ""nu"": 3.0439928722343312, ""omega"": 0.07723032231152659}",3.581922624142698,True,2024-08-18,1.6683300964542305,2.307756221549574,student_t,BTC-USD,1124,0.15356284025263342,0.07579390324536418,,0.1494163744462022,2024-08-17,2023-04-06,4.758280596852073,9.266414116335818
-1.7113663551731564,1.7113663551731564,,,,,,,,"{""error"": ""fit violated GARCH constraints: omega=0.06467640982943329, alpha=0.04386445024638901, beta=0.9561355499293371"", ""error_type"": ""GarchFitError"", ""forecast_date"": ""2024-08-19"", ""innovation"": ""student_t"", ""instrument"": ""BTC-USD"", ""origin_index"": 1125}",,null,,False,2024-08-19,,,student_t,BTC-USD,1125,,,,0.14699457833191928,2024-08-18,2023-04-07,,
0.8112024600520998,-0.8112024600520998,,,,,,,,"{""error"": ""fit violated GARCH constraints: omega=0.05515155397353082, alpha=0.04130647859761702, beta=0.9586935312863296"", ""error_type"": ""GarchFitError"", ""forecast_date"": ""2024-08-20"", ""innovation"": ""student_t"", ""instrument"": ""BTC-USD"", ""origin_index"": 1126}",,null,,False,2024-08-20,,,student_t,BTC-USD,1126,,,,0.15126263122152472,2024-08-19,2023-04-08,,
-3.5987487766428643,3.5987487766428643,,,,,,,,"{""error"": ""fit violated GARCH constraints: omega=0.04808781148179959, alpha=0.03949550674216961, beta=0.9605044932578304"", ""error_type"": ""GarchFitError"", ""forecast_date"": ""2024-08-21"", ""innovation"": ""student_t"", ""instrument"": ""BTC-USD"", ""origin_index"": 1127}",,null,,False,2024-08-21,,,student_t,BTC-USD,1127,,,,0.1494831895125943,2024-08-20,2023-04-09,,
1.3052114109737414,-1.3052114109737414,,,,,,,,"{""error"": ""fit violated GARCH constraints: omega=0.02161049123710069, alpha=1.560788515348927e-09, beta=0.9999999993972278"", ""error_type"": ""GarchFitError"", ""forecast_date"": ""2024-08-22"", ""innovation"": ""student_t"", ""instrument"": ""BTC-USD"", ""origin_index"": 1128}",,null,,False,2024-08-22,,,student_t,BTC-USD,1128,,,,0.15394254856275774,2024-08-21,2023-04-10,,
-5.96666778021062,5.96666778021062,,,,,,,,"{""error"": ""fit violated GARCH constraints: omega=0.05665821913597695, alpha=0.04209007288647991, beta=0.9579099271135202"", ""error_type"": ""GarchFitError"", ""forecast_date"": ""2024-08-23"", ""innovation"": ""student_t"", ""instrument"": ""BTC-USD"", ""origin_index"": 1129}",,null,,False,2024-08-23,,,student_t,BTC-USD,1129,,,,0.14222539638588133,2024-08-22,2023-04-11,,
-0.1319630816975196,0.1319630816975196,7.673373976973156,13.747637049665224,False,False,2244.5856922521834,2261.4441246458723,0,null,-1118.2928461260917,"{""alpha[1]"": 0.04349460252194569, ""beta[1]"": 0.9565053974749657, ""nu"": 3.126088429757028, ""omega"": 0.060804805796100383}",3.475431753220525,True,2024-08-24,1.6475199636362543,2.2771560855959647,student_t,BTC-USD,1130,0.24054534279585416,0.09154387801876923,,0.15027083403346858,2024-08-23,2023-04-12,4.678943774219559,9.022424720179396
-0.2405226156639131,0.2405226156639131,,,,,,,,"{""error"": ""fit violated GARCH constraints: omega=0.052846068291267104, alpha=0.041027168888309096, beta=0.9589728311117739"", ""error_type"": ""GarchFitError"", ""forecast_date"": ""2024-08-25"", ""innovation"": ""student_t"", ""instrument"": ""BTC-USD"", ""origin_index"": 1131}",,null,,False,2024-08-25,,,student_t,BTC-USD,1131,,,,0.15117083376423263,2024-08-24,2023-04-13,,
2.2842512086996263,-2.2842512086996263,,,,,,,,"{""error"": ""fit violated GARCH constraints: omega=0.04878933914040882, alpha=0.03980658743743151, beta=0.960193412811422"", ""error_type"": ""GarchFitError"", ""forecast_date"": ""2024-08-26"", ""innovation"": ""student_t"", ""instrument"": ""BTC-USD"", ""origin_index"": 1132}",,null,,False,2024-08-26,,,student_t,BTC-USD,1132,,,,0.14993385224106048,2024-08-25,2023-04-14,,
5.519287756533485,-5.519287756533485,,,,,,,,"{""error"": ""fit violated GARCH constraints: omega=0.04441618124374225, alpha=0.03963965170858721, beta=0.9603605393028241"", ""error_type"": ""GarchFitError"", ""forecast_date"": ""2024-08-27"", ""innovation"": ""student_t"", ""instrument"": ""BTC-USD"", ""origin_index"": 1133}",,null,,False,2024-08-27,,,student_t,BTC-USD,1133,,,,0.14479619022797272,2024-08-26,2023-04-15,,
0.8040214500864198,-0.8040214500864198,7.54108252623062,13.334860906353947,False,False,2252.036783110384,2268.895215504073,0,null,-1122.018391555192,"{""alpha[1]"": 0.04100561857341309, ""beta[1]"": 0.9589943811486938, ""nu"": 3.2225252550235863, ""omega"": 0.044152255513716945}",3.3988261463909812,True,2024-08-28,1.6377988820975418,2.2552117708444146,student_t,BTC-USD,1134,0.19260464037699346,0.08061394712811422,,0.13485756214840114,2024-08-27,2023-04-16,4.656114257626285,8.865416162897835
-0.6089656751158125,0.6089656751158125,7.401196822249708,13.080948994415344,False,False,2252.4689753128187,2269.3274077065075,0,null,-1122.2344876564093,"{""alpha[1]"": 0.041294922623932494, ""beta[1]"": 0.9587050320333765, ""nu"": 3.2270097945779788, ""omega"": 0.04284229964555166}",3.335774915038033,True,2024-08-29,1.6193426370640642,2.2363324258143633,student_t,BTC-USD,1135,0.2590345870279432,0.09310092846579472,,0.13327023787270523,2024-08-28,2023-04-17,4.5717260654430465,8.701127171463652
0.4534788636904129,-0.4534788636904129,7.264528268738844,12.910792549880858,False,False,2250.1407371990886,2266.9991695927774,0,null,-1121.0703685995443,"{""alpha[1]"": 0.04039682383951041, ""beta[1]"": 0.9596031751348121, ""nu"": 3.187157249856881, ""omega"": 0.04463752222619393}",3.2822210380411234,True,2024-08-30,1.5973798301382138,2.2196778552017022,student_t,BTC-USD,1136,0.20048381751942118,0.08088485618989694,,0.1403139138791014,2024-08-29,2023-04-18,4.463155214078833,8.541964482680099
0.2533305032646818,-0.2533305032646818,7.154555873166375,12.785859523044268,False,False,2247.304952555895,2264.163384949584,0,null,-1119.6524762779475,"{""alpha[1]"": 0.03996613488041319, ""beta[1]"": 0.9600338243095665, ""nu"": 3.141925804715395, ""omega"": 0.047350264701575474}",3.235316602330515,True,2024-08-31,1.5790801906898997,2.206205401097245,student_t,BTC-USD,1137,0.20602351166144958,0.08158046203442972,,0.13303966395547362,2024-08-30,2023-04-19,4.37380073649367,8.411376706707646
2.828177127056141,-2.828177127056141,7.018840242264409,12.496244733972047,False,False,2242.531518880529,2259.3899512742178,0,null,-1117.2657594402644,"{""alpha[1]"": 0.035785556361252815, ""beta[1]"": 0.9642144423790968, ""nu"": 3.1769239222507255, ""omega"": 0.042477481864590785}",3.175637564117405,True,2024-09-01,1.5618225283462683,2.1859723699646887,student_t,BTC-USD,1138,0.0737973946481126,0.05426144754706693,,0.14317291026874196,2024-08-31,2023-04-20,4.304125020018391,8.254321881762829
-3.069673109123938,3.069673109123938,,,,,,,,"{""error"": ""fit violated GARCH constraints: omega=0.04425396162014191, alpha=0.036047537933723006, beta=0.9639524738911944"", ""error_type"": ""GarchFitError"", ""forecast_date"": ""2024-09-02"", ""innovation"": ""student_t"", ""instrument"": ""BTC-USD"", ""origin_index"": 1139}",,null,,False,2024-09-02,,,student_t,BTC-USD,1139,,,,0.14155878134372551,2024-09-01,2023-04-21,,
2.8857442232226385,-2.8857442232226385,,,,,,,,"{""error"": ""fit violated GARCH constraints: omega=0.04903935682500016, alpha=0.036545563949903895, beta=0.9634544379676222"", ""error_type"": ""GarchFitError"", ""forecast_date"": ""2024-09-03"", ""innovation"": ""student_t"", ""instrument"": ""BTC-USD"", ""origin_index"": 1140}",,null,,False,2024-09-03,,,student_t,BTC-USD,1140,,,,0.15468030301637878,2024-09-02,2023-04-22,,
-0.9367548949505721,0.9367548949505721,,,,,,,,"{""error"": ""fit violated GARCH constraints: omega=0.05123725844925482, alpha=0.0371269719589523, beta=0.9628730286831003"", ""error_type"": ""GarchFitError"", ""forecast_date"": ""2024-09-04"", ""innovation"": ""student_t"", ""instrument"": ""BTC-USD"", ""origin_index"": 1141}",,null,,False,2024-09-04,,,student_t,BTC-USD,1141,,,,0.14498386325682083,2024-09-03,2023-04-23,,
3.1738730141318277,-3.1738730141318277,,,,,,,,"{""error"": ""fit violated GARCH constraints: omega=0.04940846755481015, alpha=0.03658050689742358, beta=0.9634194980909221"", ""error_type"": ""GarchFitError"", ""forecast_date"": ""2024-09-05"", ""innovation"": ""student_t"", ""instrument"": ""BTC-USD"", ""origin_index"": 1142}",,null,,False,2024-09-05,,,student_t,BTC-USD,1142,,,,0.14848972128947946,2024-09-04,2023-04-24,,
4.0178859905722675,-4.0178859905722675,,,,,,,,"{""error"": ""fit violated GARCH constraints: omega=0.023064743791323155, alpha=0.0, beta=1.0"", ""error_type"": ""GarchFitError"", ""forecast_date"": ""2024-09-06"", ""innovation"": ""student_t"", ""instrument"": ""BTC-USD"", ""origin_index"": 1143}",,null,,False,2024-09-06,,,student_t,BTC-USD,1143,,,,0.14262128497403181,2024-09-05,2023-04-25,,
-0.35329178608047923,0.35329178608047923,,,,,,,,"{""error"": ""fit violated GARCH constraints: omega=0.046607627304166045, alpha=0.03611172418152368, beta=0.963888797673315"", ""error_type"": ""GarchFitError"", ""forecast_date"": ""2024-09-07"", ""innovation"": ""student_t"", ""instrument"": ""BTC-USD"", ""origin_index"": 1144}",,null,,False,2024-09-07,,,student_t,BTC-USD,1144,,,,0.1289808714416793,2024-09-06,2023-04-26,,
-1.28809053911437,1.28809053911437,,,,,,,,"{""error"": ""fit violated GARCH constraints: omega=0.043181070961294726, alpha=0.03559661788760096, beta=0.9644040992558612"", ""error_type"": ""GarchFitError"", ""forecast_date"": ""2024-09-08"", ""innovation"": ""student_t"", ""instrument"": ""BTC-USD"", ""origin_index"": 1145}",,null,,False,2024-09-08,,,student_t,BTC-USD,1145,,,,0.12887586983747826,2024-09-07,2023-04-27,,
-3.8945513665620797,3.8945513665620797,,,,,,,,"{""error"": ""fit violated GARCH constraints: omega=0.0533860822664934, alpha=0.03787219822542363, beta=0.9621283511462001"", ""error_type"": ""GarchFitError"", ""forecast_date"": ""2024-09-09"", ""innovation"": ""student_t"", ""instrument"": ""BTC-USD"", ""origin_index"": 1146}",,null,,False,2024-09-09,,,student_t,BTC-USD,1146,,,,0.1241894243466723,2024-09-08,2023-04-28,,
-1.0973955172451775,1.0973955172451775,,,,,,,,"{""error"": ""fit violated GARCH constraints: omega=0.04451241851066039, alpha=0.035416225891984204, beta=0.9645837777061368"", ""error_type"": ""GarchFitError"", ""forecast_date"": ""2024-09-10"", ""innovation"": ""student_t"", ""instrument"": ""BTC-USD"", ""origin_index"": 1147}",,null,,False,2024-09-10,,,student_t,BTC-USD,1147,,,,0.1328866476534981,2024-09-09,2023-04-29,,
0.5314110432054191,-0.5314110432054191,6.829579896816521,12.110590248240026,False,False,2248.576552330822,2265.4349847245107,0,null,-1120.288276165411,"{""alpha[1]"": 0.03505182156893175, ""beta[1]"": 0.964948178185459, ""nu"": 3.206834692427834, ""omega"": 0.041473726911889726}",3.0855335031562325,True,2024-09-11,1.5368396026726887,2.1572412118974995,student_t,BTC-USD,1148,0.18363587164806383,0.07499859066468073,,0.1357079993369789,2024-09-10,2023-04-30,4.204128476166693,8.031270109673486
-1.3576697633701555,1.3576697633701555,,,,,,,,"{""error"": ""fit violated GARCH constraints: omega=0.03964231787811288, alpha=0.035458595426610846, beta=0.9645414248580493"", ""error_type"": ""GarchFitError"", ""forecast_date"": ""2024-09-12"", ""innovation"": ""student_t"", ""instrument"": ""BTC-USD"", ""origin_index"": 1149}",,null,,False,2024-09-12,,,student_t,BTC-USD,1149,,,,0.13450628934849662,2024-09-11,2023-05-01,,
-4.119072289882206,4.119072289882206,,,,,,,,"{""error"": ""fit violated GARCH constraints: omega=0.04119049977213476, alpha=0.033988641564988875, beta=0.9660113647748004"", ""error_type"": ""GarchFitError"", ""forecast_date"": ""2024-09-13"", ""innovation"": ""student_t"", ""instrument"": ""BTC-USD"", ""origin_index"": 1150}",,null,,False,2024-09-13,,,student_t,BTC-USD,1150,,,,0.14543220012267222,2024-09-12,2023-05-02,,
0.9391286280247685,-0.9391286280247685,6.765661190093766,11.979455523017494,False,False,2247.718969290037,2264.577401683726,0,null,-1119.8594846450185,"{""alpha[1]"": 0.032581053369943026, ""beta[1]"": 0.9674189463263456, ""nu"": 3.2264139557858367, ""omega"": 0.040209351481256886}",3.06164479749994,True,2024-09-14,1.5279818605463618,2.1475593154353527,student_t,BTC-USD,1151,0.16146715872919032,0.07019616387763727,,0.14952049064415768,2024-09-13,2023-05-03,4.168471802608572,7.95874501578849
1.379834377513664,-1.379834377513664,6.674160019211706,11.830506341128828,False,False,2247.9559342631355,2264.8143666568244,0,null,-1119.9779671315678,"{""alpha[1]"": 0.03305716768452716, ""beta[1]"": 0.9669428306829917, ""nu"": 3.216414146789858, ""omega"": 0.04022364670944698}",3.0201374169215836,True,2024-09-15,1.5137792547858737,2.1342819239512516,student_t,BTC-USD,1152,0.1364175352443061,0.06470894900110011,,0.14538331321876366,2024-09-14,2023-05-04,4.108185082399784,7.850729277623668
1.6874951673221383,-1.6874951673221383,,,,,,,,"{""error"": ""fit violated GARCH constraints: omega=0.038392225788634195, alpha=0.03321732694192484, beta=0.9667828060811374"", ""error_type"": ""GarchFitError"", ""forecast_date"": ""2024-09-16"", ""innovation"": ""student_t"", ""instrument"": ""BTC-USD"", ""origin_index"": 1153}",,null,,False,2024-09-16,,,student_t,BTC-USD,1153,,,,0.14372018402706865,2024-09-15,2023-05-05,,
-3.571708866100921,3.571708866100921,8.41635265995249,15.905834312585815,False,False,2248.2033941912327,2265.0618265849216,0,null,-1120.1016970956164,"{""alpha[1]"": 1.0096295855006065e-12, ""beta[1]"": 0.9999999982843545, ""nu"": 2.767662808027995, ""omega"": 0.02385802592705487}",3.9092180229260136,True,2024-09-17,1.7099899713911708,2.387229377044547,student_t,BTC-USD,1154,0.42258115124394335,0.1344196932613296,,0.13564028896628103,2024-09-16,2023-05-06,4.879914158777939,9.870260460032027
-2.1994330584795745,2.1994330584795745,,,,,,,,"{""error"": ""fit violated GARCH constraints: omega=0.04121520854260198, alpha=0.03206265866477991, beta=0.9679373436033245"", ""error_type"": ""GarchFitError"", ""forecast_date"": ""2024-09-18"", ""innovation"": ""student_t"", ""instrument"": ""BTC-USD"", ""origin_index"": 1155}",,null,,False,2024-09-18,,,student_t,BTC-USD,1155,,,,0.14709443080198673,2024-09-17,2023-05-07,,
-2.0721119041834015,2.0721119041834015,,,,,,,,"{""error"": ""fit violated GARCH constraints: omega=0.042775708920430665, alpha=0.03204514269230083, beta=0.9679548607633653"", ""error_type"": ""GarchFitError"", ""forecast_date"": ""2024-09-19"", ""innovation"": ""student_t"", ""instrument"": ""BTC-USD"", ""origin_index"": 1156}",,null,,False,2024-09-19,,,student_t,BTC-USD,1156,,,,0.15462897938117362,2024-09-18,2023-05-08,,
-0.40040116434652784,0.40040116434652784,6.574562598683309,11.81354740947631,False,False,2246.8220150682737,2263.6804474619626,0,null,-1119.4110075341368,"{""alpha[1]"": 0.034119622683661, ""beta[1]"": 0.9658803735509561, ""nu"": 3.121632497405921, ""omega"": 0.051963395180313565}",2.994038305609368,True,2024-09-20,1.4905691643785728,2.124129370435159,student_t,BTC-USD,1157,0.2196767412340814,0.08136885585679027,,0.16419269925108312,2024-09-19,2023-05-09,3.9931336603350966,7.736484421332492
-0.31893030283339635,0.31893030283339635,,,,,,,,"{""error"": ""fit violated GARCH constraints: omega=0.049290907537417016, alpha=0.0342164065892176, beta=0.965783594253652"", ""error_type"": ""GarchFitError"", ""forecast_date"": ""2024-09-21"", ""innovation"": ""student_t"", ""instrument"": ""BTC-USD"", ""origin_index"": 1158}",,null,,False,2024-09-21,,,student_t,BTC-USD,1158,,,,0.16525002260340454,2024-09-20,2023-05-10,,
-0.3996604791941567,0.3996604791941567,6.316418945807433,11.3208999118236,False,False,2248.5796957775533,2265.438128171242,0,null,-1120.2898478887766,"{""alpha[1]"": 0.03505756597111517, ""beta[1]"": 0.9649424304759425, ""nu"": 3.145120336747301, ""omega"": 0.04812574561180919}",2.8775843524642015,True,2024-09-22,1.451781137333315,2.0833508469620683,student_t,BTC-USD,1159,0.2122007204152225,0.07834098619282623,,0.16615574993680904,2024-09-21,2023-05-11,3.8443539291102895,7.434438140088459
0.5023067654882961,-0.5023067654882961,,,,,,,,"{""error"": ""fit violated GARCH constraints: omega=0.06632179073782488, alpha=0.040554004179001964, beta=0.959445995882207"", ""error_type"": ""GarchFitError"", ""forecast_date"": ""2024-09-23"", ""innovation"": ""student_t"", ""instrument"": ""BTC-USD"", ""origin_index"": 1160}",,null,,False,2024-09-23,,,student_t,BTC-USD,1160,,,,0.17150259647074648,2024-09-22,2023-05-12,,
-1.523424417613416,1.523424417613416,6.065172725909764,11.039335938905174,False,False,2245.9928005081642,2262.851232901853,0,null,-1118.9964002540821,"{""alpha[1]"": 0.04217688934076125, ""beta[1]"": 0.9578231104992545, ""nu"": 3.039186477087512, ""omega"": 0.0696255333931648}",2.782008139539635,True,2024-09-24,1.4021155891881536,2.0481628769323748,student_t,BTC-USD,1161,0.25799071506101273,0.08662540762067691,,0.1719535863700493,2024-09-23,2023-05-13,3.636389883606834,7.139116344454268
1.818596456284792,-1.818596456284792,,,,,,,,"{""error"": ""fit violated GARCH constraints: omega=0.060999086411192546, alpha=0.04057341484631879, beta=0.9594265854529427"", ""error_type"": ""GarchFitError"", ""forecast_date"": ""2024-09-25"", ""innovation"": ""student_t"", ""instrument"": ""BTC-USD"", ""origin_index"": 1162}",,null,,False,2024-09-25,,,student_t,BTC-USD,1162,,,,0.17515652756292946,2024-09-24,2023-05-14,,
-3.1764030655747932,3.1764030655747932,,,,,,,,"{""error"": ""fit violated GARCH constraints: omega=0.02535094330874816, alpha=0.0, beta=1.0"", ""error_type"": ""GarchFitError"", ""forecast_date"": ""2024-09-26"", ""innovation"": ""student_t"", ""instrument"": ""BTC-USD"", ""origin_index"": 1163}",,null,,False,2024-09-26,,,student_t,BTC-USD,1163,,,,0.17042793237224235,2024-09-25,2023-05-15,,
-0.9309629644913833,0.9309629644913833,,,,,,,,"{""error"": ""fit violated GARCH constraints: omega=0.02575874819992743, alpha=0.0, beta=1.0"", ""error_type"": ""GarchFitError"", ""forecast_date"": ""2024-09-27"", ""innovation"": ""student_t"", ""instrument"": ""BTC-USD"", ""origin_index"": 1164}",,null,,False,2024-09-27,,,student_t,BTC-USD,1164,,,,0.1748440008711335,2024-09-26,2023-05-16,,
-0.1473050370948805,0.1473050370948805,8.645406607230319,16.79894981093031,False,False,2254.932821152621,2271.7912535463097,0,null,-1123.4664105763104,"{""alpha[1]"": 0.0, ""beta[1]"": 0.9999999978170762, ""nu"": 2.6307332714721037, ""omega"": 0.02589238435159602}",4.132399764428808,True,2024-09-28,1.7202454805200502,2.424038735518053,student_t,BTC-USD,1165,0.25082739259180303,0.10272407751581814,,0.17785691545592267,2024-09-27,2023-05-17,4.869242814741176,10.125102714486923
0.38372626775838253,-0.38372626775838253,5.737741314922106,10.31415124320122,False,False,2252.365136760099,2269.223569153788,0,null,-1122.1825683800496,"{""alpha[1]"": 0.039822211183121084, ""beta[1]"": 0.9601777887916407, ""nu"": 3.1367170416730383, ""omega"": 0.050702290819070225}",2.6256905207366987,True,2024-09-29,1.353427297181542,1.988683531042975,student_t,BTC-USD,1166,0.15477100501549143,0.06373761873116186,,0.1754903356959297,2024-09-28,2023-05-18,3.479146368068208,6.757488140874563
3.576247705718591,-3.576247705718591,,,,,,,,"{""error"": ""fit violated GARCH constraints: omega=0.06002075963930189, alpha=0.042425006077359675, beta=0.9575749942100817"", ""error_type"": ""GarchFitError"", ""forecast_date"": ""2024-09-30"", ""innovation"": ""student_t"", ""instrument"": ""BTC-USD"", ""origin_index"": 1167}",,null,,False,2024-09-30,,,student_t,BTC-USD,1167,,,,0.1789021477481692,2024-09-29,2023-05-19,,
4.0152970425468855,-4.0152970425468855,,,,,,,,"{""error"": ""fit violated GARCH constraints: omega=0.04888644049667681, alpha=0.038618457993526964, beta=0.9613815866014084"", ""error_type"": ""GarchFitError"", ""forecast_date"": ""2024-10-01"", ""innovation"": ""student_t"", ""instrument"": ""BTC-USD"", ""origin_index"": 1168}",,null,,False,2024-10-01,,,student_t,BTC-USD,1168,,,,0.17131839824976233,2024-09-30,2023-05-20,,
0.3362528961842855,-0.3362528961842855,,,,,,,,"{""error"": ""fit violated GARCH constraints: omega=0.029509183382074873, alpha=5.686250738434854e-14, beta=1.0"", ""error_type"": ""GarchFitError"", ""forecast_date"": ""2024-10-02"", ""innovation"": ""student_t"", ""instrument"": ""BTC-USD"", ""origin_index"": 1169}",,null,,False,2024-10-02,,,student_t,BTC-USD,1169,,,,0.1615146841020363,2024-10-01,2023-05-21,,
-0.20860853820139236,0.20860853820139236,9.102481676128559,18.239079718468624,False,False,2260.0824621783595,2276.9408945720484,0,null,-1126.0412310891797,"{""alpha[1]"": 1.4780978675422643e-13, ""beta[1]"": 0.9999999964794428, ""nu"": 2.4806621867859855, ""omega"": 0.03137565583227534}",4.540101355223757,True,2024-10-03,1.7544881177640015,2.4858095478767717,student_t,BTC-USD,1170,0.25890133789091924,0.10828185368778681,,0.16363165167532664,2024-10-02,2023-05-22,4.969418219616987,10.619576830577278
-2.130028354721691,2.130028354721691,,,,,,,,"{""error"": ""fit violated GARCH constraints: omega=0.030704735679359905, alpha=0.0, beta=1.0"", ""error_type"": ""GarchFitError"", ""forecast_date"": ""2024-10-04"", ""innovation"": ""student_t"", ""instrument"": ""BTC-USD"", ""origin_index"": 1171}",,null,,False,2024-10-04,,,student_t,BTC-USD,1171,,,,0.1633216896365733,2024-10-03,2023-05-23,,
-0.03620026285830821,0.03620026285830821,,,,,,,,"{""error"": ""fit violated GARCH constraints: omega=0.03251704596094079, alpha=2.5543661979486998e-09, beta=0.99999999872516"", ""error_type"": ""GarchFitError"", ""forecast_date"": ""2024-10-05"", ""innovation"": ""student_t"", ""instrument"": ""BTC-USD"", ""origin_index"": 1172}",,null,,False,2024-10-05,,,student_t,BTC-USD,1172,,,,0.16481195382286654,2024-10-04,2023-05-24,,
-1.1672701779490875,1.1672701779490875,,,,,,,,"{""error"": ""fit violated GARCH constraints: omega=0.05415398400305312, alpha=0.04080337527841597, beta=0.9591966260006755"", ""error_type"": ""GarchFitError"", ""forecast_date"": ""2024-10-06"", ""innovation"": ""student_t"", ""instrument"": ""BTC-USD"", ""origin_index"": 1173}",,null,,False,2024-10-06,,,student_t,BTC-USD,1173,,,,0.17153843438533734,2024-10-05,2023-05-25,,
0.9312611597088969,-0.9312611597088969,5.52704514580481,9.973128480967269,False,False,2255.7678564686703,2272.626288862359,0,null,-1123.8839282343351,"{""alpha[1]"": 0.042548741641093735, ""beta[1]"": 0.9574512583581163, ""nu"": 3.1106231756502263, ""omega"": 0.05454761728169237}",2.533606946245151,True,2024-10-07,1.3137561888406477,1.9526184908827355,student_t,BTC-USD,1174,0.1203821276377007,0.05578440817078276,,0.1728020694992485,2024-10-06,2023-05-26,3.338903712462909,6.509701976787167
0.16835665336023015,-0.16835665336023015,,,,,,,,"{""error"": ""fit violated GARCH constraints: omega=0.032957860221315985, alpha=2.3827117768662375e-08, beta=1.0"", ""error_type"": ""GarchFitError"", ""forecast_date"": ""2024-10-08"", ""innovation"": ""student_t"", ""instrument"": ""BTC-USD"", ""origin_index"": 1175}",,null,,False,2024-10-08,,,student_t,BTC-USD,1175,,,,0.1691116806427238,2024-10-07,2023-05-27,,
2.526115547671742,-2.526115547671742,9.169685996837684,18.67662957450075,False,False,2261.747317836525,2278.6057502302137,0,null,-1126.8736589182624,"{""alpha[1]"": 4.37722888162201e-15, ""beta[1]"": 0.9999999999943637, ""nu"": 2.4118855816161844, ""omega"": 0.032598450138022976}",4.722017385751944,True,2024-10-09,1.7523568681911517,2.498844771022778,student_t,BTC-USD,1176,0.11964987894506098,0.08148918939799002,,0.16766230126704915,2024-10-08,2023-05-28,4.9191131265729595,10.675034487470736
0.5090366967699504,-0.5090366967699504,,,,,,,,"{""error"": ""fit violated GARCH constraints: omega=0.05088654910055265, alpha=0.041639385580990305, beta=0.9583606149551056"", ""error_type"": ""GarchFitError"", ""forecast_date"": ""2024-10-10"", ""innovation"": ""student_t"", ""instrument"": ""BTC-USD"", ""origin_index"": 1177}",,null,,False,2024-10-10,,,student_t,BTC-USD,1177,,,,0.1537481702264473,2024-10-09,2023-05-29,,
-3.537847936445078,3.537847936445078,5.296736357182557,9.560199395428707,False,False,2252.3206308888393,2269.179063282528,0,null,-1122.1603154444197,"{""alpha[1]"": 0.04376725659778989, ""beta[1]"": 0.9562327425486953, ""nu"": 3.102299605589271, ""omega"": 0.05521155678787159}",2.424260746674754,True,2024-10-11,1.271305159703208,1.909952945668767,student_t,BTC-USD,1178,0.33691059211477664,0.09774390107447578,,0.15516431924900084,2024-10-10,2023-05-30,3.200363905850449,6.236542171002491
-1.1906298336165697,1.1906298336165697,,,,,,,,"{""error"": ""fit violated GARCH constraints: omega=0.05267762792882717, alpha=0.043023397215764245, beta=0.9569766225844554"", ""error_type"": ""GarchFitError"", ""forecast_date"": ""2024-10-12"", ""innovation"": ""student_t"", ""instrument"": ""BTC-USD"", ""origin_index"": 1179}",,null,,False,2024-10-12,,,student_t,BTC-USD,1179,,,,0.16255407501170796,2024-10-11,2023-05-31,,
0.5421094137271204,-0.5421094137271204,,,,,,,,"{""error"": ""fit violated GARCH constraints: omega=0.056733717797519644, alpha=0.04415213707616343, beta=0.9558478629569388"", ""error_type"": ""GarchFitError"", ""forecast_date"": ""2024-10-13"", ""innovation"": ""student_t"", ""instrument"": ""BTC-USD"", ""origin_index"": 1180}",,null,,False,2024-10-13,,,student_t,BTC-USD,1180,,,,0.16845089322180523,2024-10-12,2023-06-01,,
-4.958054928829012,4.958054928829012,5.243768613883402,9.503902213607317,False,False,2254.4567198729005,2271.3151522665894,0,null,-1123.2283599364503,"{""alpha[1]"": 0.045968751593229246, ""beta[1]"": 0.9540312464078794, ""nu"": 3.0821717220106377, ""omega"": 0.061500543467197154}",2.4096438472143378,True,2024-10-14,1.2584473258883229,1.9016220665105168,student_t,BTC-USD,1181,0.40558467381090735,0.11134827186604966,,0.1703251907935344,2024-10-13,2023-06-02,3.1536385473891277,6.176772257775945
-1.4952642422039788,1.4952642422039788,,,,,,,,"{""error"": ""fit violated GARCH constraints: omega=0.04484152966050653, alpha=0.0, beta=1.0"", ""error_type"": ""GarchFitError"", ""forecast_date"": ""2024-10-15"", ""innovation"": ""student_t"", ""instrument"": ""BTC-USD"", ""origin_index"": 1182}",,null,,False,2024-10-15,,,student_t,BTC-USD,1182,,,,0.17706297843433405,2024-10-14,2023-06-03,,
-0.8490108547449184,0.8490108547449184,,,,,,,,"{""error"": ""fit violated GARCH constraints: omega=0.06659155721175508, alpha=0.04699157795080278, beta=0.9530084277749673"", ""error_type"": ""GarchFitError"", ""forecast_date"": ""2024-10-16"", ""innovation"": ""student_t"", ""instrument"": ""BTC-USD"", ""origin_index"": 1183}",,null,,False,2024-10-16,,,student_t,BTC-USD,1183,,,,0.18133809000930742,2024-10-15,2023-06-04,,
0.31535287798086625,-0.31535287798086625,,,,,,,,"{""error"": ""fit violated GARCH constraints: omega=0.06939368509470396, alpha=0.049719875780959336, beta=0.9502801364878555"", ""error_type"": ""GarchFitError"", ""forecast_date"": ""2024-10-17"", ""innovation"": ""student_t"", ""instrument"": ""BTC-USD"", ""origin_index"": 1184}",,null,,False,2024-10-17,,,student_t,BTC-USD,1184,,,,0.1827118149237343,2024-10-16,2023-06-05,,
-1.5004897034938922,1.5004897034938922,,,,,,,,"{""error"": ""fit violated GARCH constraints: omega=0.05342552476553258, alpha=0.041424602021987555, beta=0.9585754012637455"", ""error_type"": ""GarchFitError"", ""forecast_date"": ""2024-10-18"", ""innovation"": ""student_t"", ""instrument"": ""BTC-USD"", ""origin_index"": 1185}",,null,,False,2024-10-18,,,student_t,BTC-USD,1185,,,,0.1923631783076482,2024-10-17,2023-06-06,,
0.08196237142198878,-0.08196237142198878,,,,,,,,"{""error"": ""fit violated GARCH constraints: omega=0.03698511350910183, alpha=0.030987189980246136, beta=0.9690128200905112"", ""error_type"": ""GarchFitError"", ""forecast_date"": ""2024-10-19"", ""innovation"": ""student_t"", ""instrument"": ""BTC-USD"", ""origin_index"": 1186}",,null,,False,2024-10-19,,,student_t,BTC-USD,1186,,,,0.1842011340011456,2024-10-18,2023-06-07,,
-0.9303330181939203,0.9303330181939203,5.57094553285598,10.05289036834873,False,False,2242.1799093685167,2259.0383417622056,0,null,-1117.0899546842584,"{""alpha[1]"": 0.027856740997972952, ""beta[1]"": 0.9721432587938863, ""nu"": 3.119707342057799, ""omega"": 0.03656324117364561}",2.5601091692507065,True,2024-10-20,1.3212312967991648,1.9608433772509142,student_t,BTC-USD,1187,0.2146663112412766,0.07494701391925312,,0.1907022940805967,2024-10-19,2023-06-08,3.362993206631608,6.564368373731385
2.3963262928724545,-2.3963262928724545,,,,,,,,"{""error"": ""fit violated GARCH constraints: omega=0.03785515744134823, alpha=0.0306634361040973, beta=0.9693365651323672"", ""error_type"": ""GarchFitError"", ""forecast_date"": ""2024-10-21"", ""innovation"": ""student_t"", ""instrument"": ""BTC-USD"", ""origin_index"": 1188}",,null,,False,2024-10-21,,,student_t,BTC-USD,1188,,,,0.19133528690424947,2024-10-20,2023-06-09,,
0.00956779857557693,-0.00956779857557693,,,,,,,,"{""error"": ""fit violated GARCH constraints: omega=0.03683197791316835, alpha=0.031198407350616134, beta=0.9688015940286511"", ""error_type"": ""GarchFitError"", ""forecast_date"": ""2024-10-22"", ""innovation"": ""student_t"", ""instrument"": ""BTC-USD"", ""origin_index"": 1189}",,null,,False,2024-10-22,,,student_t,BTC-USD,1189,,,,0.18675280634699568,2024-10-21,2023-06-10,,
1.389043822122552,-1.389043822122552,,,,,,,,"{""error"": ""fit violated GARCH constraints: omega=0.03962047139540016, alpha=0.03094194057048706, beta=0.96905806066445"", ""error_type"": ""GarchFitError"", ""forecast_date"": ""2024-10-23"", ""innovation"": ""student_t"", ""instrument"": ""BTC-USD"", ""origin_index"": 1190}",,null,,False,2024-10-23,,,student_t,BTC-USD,1190,,,,0.19154273368824012,2024-10-22,2023-06-11,,
-2.5691547982315286,2.5691547982315286,,,,,,,,"{""error"": ""fit violated GARCH constraints: omega=0.03976602243533069, alpha=0.03284821972010044, beta=0.9671519612321361"", ""error_type"": ""GarchFitError"", ""forecast_date"": ""2024-10-24"", ""innovation"": ""student_t"", ""instrument"": ""BTC-USD"", ""origin_index"": 1191}",,null,,False,2024-10-24,,,student_t,BTC-USD,1191,,,,0.18807783079429755,2024-10-23,2023-06-12,,
2.2532133487633317,-2.2532133487633317,,,,,,,,"{""error"": ""fit violated GARCH constraints: omega=0.03954175652903319, alpha=0.03364169520395004, beta=0.966358341657173"", ""error_type"": ""GarchFitError"", ""forecast_date"": ""2024-10-25"", ""innovation"": ""student_t"", ""instrument"": ""BTC-USD"", ""origin_index"": 1192}",,null,,False,2024-10-25,,,student_t,BTC-USD,1192,,,,0.19350677339329903,2024-10-24,2023-06-13,,
-0.5570705733291693,0.5570705733291693,,,,,,,,"{""error"": ""fit violated GARCH constraints: omega=0.040016235377449964, alpha=0.03495576158929678, beta=0.9650444148692235"", ""error_type"": ""GarchFitError"", ""forecast_date"": ""2024-10-26"", ""innovation"": ""student_t"", ""instrument"": ""BTC-USD"", ""origin_index"": 1193}",,null,,False,2024-10-26,,,student_t,BTC-USD,1193,,,,0.18887508130168387,2024-10-25,2023-06-14,,
-1.3555484065027974,1.3555484065027974,5.2248272199412975,9.393926358207779,False,False,2245.8588125710885,2262.7172449647774,0,null,-1118.9294062855442,"{""alpha[1]"": 0.032325931369297324, ""beta[1]"": 0.9676739473425164, ""nu"": 3.157951775747828, ""omega"": 0.03861438683650724}",2.405251316086294,True,2024-10-27,1.2587291827483704,1.8957920344707784,student_t,BTC-USD,1194,0.2259087632725196,0.07515415395006984,,0.19621229325974998,2024-10-26,2023-06-15,3.1626268589475908,6.15986698850418
-2.8709215095404734,2.8709215095404734,,,,,,,,"{""error"": ""fit violated GARCH constraints: omega=0.041948056728324946, alpha=0.03371645712555571, beta=0.9662835635470323"", ""error_type"": ""GarchFitError"", ""forecast_date"": ""2024-10-28"", ""innovation"": ""student_t"", ""instrument"": ""BTC-USD"", ""origin_index"": 1195}",,null,,False,2024-10-28,,,student_t,BTC-USD,1195,,,,0.19535951499069718,2024-10-27,2023-06-16,,
-3.9446590591790267,3.9446590591790267,8.434509275984341,17.063293012398983,False,False,2246.473565282437,2263.331997676126,0,null,-1119.2367826412185,"{""alpha[1]"": 0.003919966874191295, ""beta[1]"": 0.9960799957726663, ""nu"": 2.450324467382135, ""omega"": 0.05491751083673815}",4.282934873946079,True,2024-10-29,1.6718956823665896,2.413513134246486,student_t,BTC-USD,1196,0.42478089233526517,0.13783073724093756,,0.19531280335190004,2024-10-28,2023-06-17,4.550958787526269,9.838414664914717
0.5252363431974749,-0.5252363431974749,,,,,,,,"{""error"": ""fit violated GARCH constraints: omega=0.043047837938353255, alpha=0.03048390995209207, beta=0.9695160946874318"", ""error_type"": ""GarchFitError"", ""forecast_date"": ""2024-10-30"", ""innovation"": ""student_t"", ""instrument"": ""BTC-USD"", ""origin_index"": 1197}",,null,,False,2024-10-30,,,student_t,BTC-USD,1197,,,,0.20181514131635153,2024-10-29,2023-06-18,,
2.9806220890013004,-2.9806220890013004,,,,,,,,"{""error"": ""fit violated GARCH constraints: omega=0.0466192756772144, alpha=0.033246689362426064, beta=0.9667533110515013"", ""error_type"": ""GarchFitError"", ""forecast_date"": ""2024-10-31"", ""innovation"": ""student_t"", ""instrument"": ""BTC-USD"", ""origin_index"": 1198}",,null,,False,2024-10-31,,,student_t,BTC-USD,1198,,,,0.20208518931288555,2024-10-30,2023-06-19,,
1.0490161236778448,-1.0490161236778448,,,,,,,,"{""error"": ""fit violated GARCH constraints: omega=0.050018241266441305, alpha=0.03279426847243278, beta=0.9672057316650449"", ""error_type"": ""GarchFitError"", ""forecast_date"": ""2024-11-01"", ""innovation"": ""student_t"", ""instrument"": ""BTC-USD"", ""origin_index"": 1199}",,null,,False,2024-11-01,,,student_t,BTC-USD,1199,,,,0.19225209569645124,2024-10-31,2023-06-20,,
0.27843627783140934,-0.27843627783140934,5.753404601884081,10.406817297305619,False,False,2242.539726338557,2259.398158732246,0,null,-1117.2698631692786,"{""alpha[1]"": 0.022004073151633073, ""beta[1]"": 0.9779959266094416, ""nu"": 3.0925660358839275, ""omega"": 0.03590412350322169}",2.639263397490427,True,2024-11-02,1.3525162388702592,1.993570166331998,student_t,BTC-USD,1200,0.15946406864958315,0.06497536808287123,,0.1794483643947637,2024-11-01,2023-06-21,3.467717650823069,6.775973086118527
0.794258611019124,-0.794258611019124,,,,,,,,"{""error"": ""fit violated GARCH constraints: omega=0.029452625115519993, alpha=0.01485018441752831, beta=0.985149820756446"", ""error_type"": ""GarchFitError"", ""forecast_date"": ""2024-11-03"", ""innovation"": ""student_t"", ""instrument"": ""BTC-USD"", ""origin_index"": 1201}",,null,,False,2024-11-03,,,student_t,BTC-USD,1201,,,,0.16723664919597162,2024-11-02,2023-06-22,,
1.36156113769128,-1.36156113769128,,,,,,,,"{""error"": ""fit violated GARCH constraints: omega=0.028787008862008405, alpha=0.015884999741655526, beta=0.9841150044062834"", ""error_type"": ""GarchFitError"", ""forecast_date"": ""2024-11-04"", ""innovation"": ""student_t"", ""instrument"": ""BTC-USD"", ""origin_index"": 1202}",,null,,False,2024-11-04,,,student_t,BTC-USD,1202,,,,0.1664156766898724,2024-11-03,2023-06-23,,
-2.2572112498305326,2.2572112498305326,6.132352704852205,10.966597775668424,False,False,2227.068269831144,2243.9267022248328,0,null,-1109.534134915572,"{""alpha[1]"": 0.014785334219619624, ""beta[1]"": 0.9852146655447157, ""nu"": 3.1606213005096055, ""omega"": 0.03121540126676457}",2.7909244588999473,True,2024-11-05,1.4235360138988367,2.052984021746731,student_t,BTC-USD,1203,0.29988429972105146,0.0947465752580755,,0.15852337326085908,2024-11-04,2023-06-24,3.7404747445904922,7.21744627597701
-8.666903126846401,8.666903126846401,6.116214354117129,10.92633274227266,False,False,2229.6871676579885,2246.5456000516774,0,null,-1110.8435838289943,"{""alpha[1]"": 0.014696501254048143, ""beta[1]"": 0.9853034983283968, ""nu"": 3.1718715575429637, ""omega"": 0.030699539532251872}",2.785115169931455,True,2024-11-06,1.4213654959847872,2.050092979332324,student_t,BTC-USD,1204,0.6200187953307569,0.1586645231171972,,0.1639964093442924,2024-11-05,2023-06-25,3.7334727797687255,7.199549184873303
-0.35076496874788743,0.35076496874788743,6.752654247578885,12.18318009551131,False,False,2240.5681273588943,2257.426559752583,0,null,-1116.2840636794472,"{""alpha[1]"": 0.011801149132063605, ""beta[1]"": 0.9881988508675421, ""nu"": 3.097654221714164, ""omega"": 0.03287438689666048}",3.0841190269052423,True,2024-11-07,1.5147021435351595,2.152426391271331,student_t,BTC-USD,1205,0.22172720018906988,0.08298707038541553,,0.18177874773755706,2024-11-06,2023-06-26,4.083779035033507,7.947942069793658
-0.8404323332784064,0.8404323332784064,,,,,,,,"{""error"": ""fit violated GARCH constraints: omega=0.03373701777612862, alpha=0.012317955176100025, beta=0.9876820448339314"", ""error_type"": ""GarchFitError"", ""forecast_date"": ""2024-11-08"", ""innovation"": ""student_t"", ""instrument"": ""BTC-USD"", ""origin_index"": 1206}",,null,,False,2024-11-08,,,student_t,BTC-USD,1206,,,,0.18385724486680616,2024-11-07,2023-06-27,,
-0.30444063943801697,0.30444063943801697,6.694902357622499,12.19832789290739,False,False,2240.6498875266525,2257.5083199203414,0,null,-1116.3249437633262,"{""alpha[1]"": 0.012425546910097677, ""beta[1]"": 0.9875744530885278, ""nu"": 3.0286494189283784, ""omega"": 0.03569880605565652}",3.069532274322542,True,2024-11-09,1.5004439146913118,2.1471953355373086,student_t,BTC-USD,1207,0.2157670019358192,0.0818329733542863,,0.18280159685109537,2024-11-08,2023-06-28,4.0108993992783635,7.8788566959906055
-4.70070453653307,4.70070453653307,,,,,,,,"{""error"": ""fit violated GARCH constraints: omega=0.0392693825338153, alpha=0.012143856633284584, beta=0.9878561433667772"", ""error_type"": ""GarchFitError"", ""forecast_date"": ""2024-11-10"", ""innovation"": ""student_t"", ""instrument"": ""BTC-USD"", ""origin_index"": 1208}",,null,,False,2024-11-10,,,student_t,BTC-USD,1208,,,,0.1873722617076585,2024-11-09,2023-06-29,,
-9.734014312496264,9.734014312496264,,,,,,,,"{""error"": ""fit violated GARCH constraints: omega=0.041847363464743305, alpha=0.01046701020274261, beta=0.9895329897972575"", ""error_type"": ""GarchFitError"", ""forecast_date"": ""2024-11-11"", ""innovation"": ""student_t"", ""instrument"": ""BTC-USD"", ""origin_index"": 1209}",,null,,False,2024-11-11,,,student_t,BTC-USD,1209,,,,0.19440063127812485,2024-11-10,2023-06-30,,
0.8442066269106776,-0.8442066269106776,7.5746229513269725,14.201438427284927,False,False,2253.741196709185,2270.5996291028737,0,null,-1122.8705983545924,"{""alpha[1]"": 0.008527755423266808, ""beta[1]"": 0.99147224455371, ""nu"": 2.846497638795419, ""omega"": 0.043095566755625946}",3.5262144677261364,True,2024-11-12,1.6074023743570178,2.280444286757698,student_t,BTC-USD,1210,0.17843798059881244,0.08061530032422391,,0.21365921124482012,2024-11-11,2023-07-01,4.4129662388869235,8.905736659333062
-2.9444850482241858,2.9444850482241858,,,,,,,,"{""error"": ""fit violated GARCH constraints: omega=0.04137559754568534, alpha=0.009238687933799295, beta=0.99076131209417"", ""error_type"": ""GarchFitError"", ""forecast_date"": ""2024-11-13"", ""innovation"": ""student_t"", ""instrument"": ""BTC-USD"", ""origin_index"": 1211}",,null,,False,2024-11-13,,,student_t,BTC-USD,1211,,,,0.2112317691175628,2024-11-12,2023-07-02,,
3.7496922307561005,-3.7496922307561005,,,,,,,,"{""error"": ""fit violated GARCH constraints: omega=0.038980957530464835, alpha=0.009593731221358771, beta=0.9904062692905042"", ""error_type"": ""GarchFitError"", ""forecast_date"": ""2024-11-14"", ""innovation"": ""student_t"", ""instrument"": ""BTC-USD"", ""origin_index"": 1212}",,null,,False,2024-11-14,,,student_t,BTC-USD,1212,,,,0.21692017732181526,2024-11-13,2023-07-03,,
-4.280211828020498,4.280211828020498,,,,,,,,"{""error"": ""fit violated GARCH constraints: omega=0.04227530903376156, alpha=0.008088474687200914, beta=0.9919115293084758"", ""error_type"": ""GarchFitError"", ""forecast_date"": ""2024-11-15"", ""innovation"": ""student_t"", ""instrument"": ""BTC-USD"", ""origin_index"": 1213}",,null,,False,2024-11-15,,,student_t,BTC-USD,1213,,,,0.20595230759588054,2024-11-14,2023-07-04,,
0.5588812244149194,-0.5588812244149194,,,,,,,,"{""error"": ""fit violated GARCH constraints: omega=0.045284391273843545, alpha=0.006820235012887039, beta=0.9931797825716382"", ""error_type"": ""GarchFitError"", ""forecast_date"": ""2024-11-16"", ""innovation"": ""student_t"", ""instrument"": ""BTC-USD"", ""origin_index"": 1214}",,null,,False,2024-11-16,,,student_t,BTC-USD,1214,,,,0.21695960706283246,2024-11-15,2023-07-05,,
0.7900350440361926,-0.7900350440361926,,,,,,,,"{""error"": ""fit violated GARCH constraints: omega=0.049242969655045835, alpha=0.006652165584767078, beta=0.9933478349825972"", ""error_type"": ""GarchFitError"", ""forecast_date"": ""2024-11-17"", ""innovation"": ""student_t"", ""instrument"": ""BTC-USD"", ""origin_index"": 1215}",,null,,False,2024-11-17,,,student_t,BTC-USD,1215,,,,0.21756095131417877,2024-11-16,2023-07-06,,
-0.7725465411640614,0.7725465411640614,,,,,,,,"{""error"": ""fit violated GARCH constraints: omega=0.05490905965812233, alpha=0.006656701930512621, beta=0.9933433007496251"", ""error_type"": ""GarchFitError"", ""forecast_date"": ""2024-11-18"", ""innovation"": ""student_t"", ""instrument"": ""BTC-USD"", ""origin_index"": 1216}",,null,,False,2024-11-18,,,student_t,BTC-USD,1216,,,,0.21998494115404593,2024-11-17,2023-07-07,,
-1.9697543178236978,1.9697543178236978,,,,,,,,"{""error"": ""fit violated GARCH constraints: omega=0.06400716899236086, alpha=0.006394726879965742, beta=0.9936056006158798"", ""error_type"": ""GarchFitError"", ""forecast_date"": ""2024-11-19"", ""innovation"": ""student_t"", ""instrument"": ""BTC-USD"", ""origin_index"": 1217}",,null,,False,2024-11-19,,,student_t,BTC-USD,1217,,,,0.21865585224282202,2024-11-18,2023-07-08,,
-2.1381445009147364,2.1381445009147364,,,,,,,,"{""error"": ""fit violated GARCH constraints: omega=0.061302347279821465, alpha=0.006621298337389621, beta=0.9933787016626145"", ""error_type"": ""GarchFitError"", ""forecast_date"": ""2024-11-20"", ""innovation"": ""student_t"", ""instrument"": ""BTC-USD"", ""origin_index"": 1218}",,null,,False,2024-11-20,,,student_t,BTC-USD,1218,,,,0.22292338778513493,2024-11-19,2023-07-09,,
-4.320463737183629,4.320463737183629,8.248209484332245,16.264541509905968,False,False,2266.3246752943132,2283.183107688002,0,null,-1129.1623376471566,"{""alpha[1]"": 0.006583777991522153, ""beta[1]"": 0.9934162220082431, ""nu"": 2.5753652930574584, ""omega"": 0.06194502090142011}",4.02480731519272,True,2024-11-21,1.6636401216795083,2.3828565184485786,student_t,BTC-USD,1219,0.4443517619980265,0.13979473140999454,,0.2280021857469081,2024-11-20,2023-07-10,4.566571502776894,9.659009403815814
-0.4991722095086362,0.4991722095086362,,,,,,,,"{""error"": ""fit violated GARCH constraints: omega=0.06112677903525536, alpha=0.006086468589112124, beta=0.9939135314109522"", ""error_type"": ""GarchFitError"", ""forecast_date"": ""2024-11-22"", ""innovation"": ""student_t"", ""instrument"": ""BTC-USD"", ""origin_index"": 1220}",,null,,False,2024-11-22,,,student_t,BTC-USD,1220,,,,0.23503720546106407,2024-11-21,2023-07-11,,
1.24040025247433,-1.24040025247433,,,,,,,,"{""error"": ""fit violated GARCH constraints: omega=0.06099499337901782, alpha=0.006479271140616049, beta=0.9935207288611037"", ""error_type"": ""GarchFitError"", ""forecast_date"": ""2024-11-23"", ""innovation"": ""student_t"", ""instrument"": ""BTC-USD"", ""origin_index"": 1221}",,null,,False,2024-11-23,,,student_t,BTC-USD,1221,,,,0.234682360205326,2024-11-22,2023-07-12,,
-0.24162403213775488,0.24162403213775488,,,,,,,,"{""error"": ""fit violated GARCH constraints: omega=0.0683744664314478, alpha=0.006177147325749343, beta=0.9938228526766474"", ""error_type"": ""GarchFitError"", ""forecast_date"": ""2024-11-24"", ""innovation"": ""student_t"", ""instrument"": ""BTC-USD"", ""origin_index"": 1222}",,null,,False,2024-11-24,,,student_t,BTC-USD,1222,,,,0.23370489361145513,2024-11-23,2023-07-13,,
5.1409637288189165,-5.1409637288189165,,,,,,,,"{""error"": ""fit violated GARCH constraints: omega=0.07379830468459694, alpha=0.0069941473811015635, beta=0.9930058619113844"", ""error_type"": ""GarchFitError"", ""forecast_date"": ""2024-11-25"", ""innovation"": ""student_t"", ""instrument"": ""BTC-USD"", ""origin_index"": 1223}",,null,,False,2024-11-25,,,student_t,BTC-USD,1223,,,,0.22717631807416402,2024-11-24,2023-07-14,,
1.2069852539716708,-1.2069852539716708,,,,,,,,"{""error"": ""fit violated GARCH constraints: omega=0.06269174046279037, alpha=0.008597349092147738, beta=0.9914026509078523"", ""error_type"": ""GarchFitError"", ""forecast_date"": ""2024-11-26"", ""innovation"": ""student_t"", ""instrument"": ""BTC-USD"", ""origin_index"": 1224}",,null,,False,2024-11-26,,,student_t,BTC-USD,1224,,,,0.2242854811721568,2024-11-25,2023-07-15,,
-4.232881331039264,4.232881331039264,,,,,,,,"{""error"": ""fit violated GARCH constraints: omega=0.06138161975472476, alpha=0.008880972158407394, beta=0.9911190278415927"", ""error_type"": ""GarchFitError"", ""forecast_date"": ""2024-11-27"", ""innovation"": ""student_t"", ""instrument"": ""BTC-USD"", ""origin_index"": 1225}",,null,,False,2024-11-27,,,student_t,BTC-USD,1225,,,,0.222123938848037,2024-11-26,2023-07-16,,
0.3236310003132818,-0.3236310003132818,,,,,,,,"{""error"": ""fit violated GARCH constraints: omega=0.058305634139757034, alpha=0.008666285493077776, beta=0.9913337145069223"", ""error_type"": ""GarchFitError"", ""forecast_date"": ""2024-11-28"", ""innovation"": ""student_t"", ""instrument"": ""BTC-USD"", ""origin_index"": 1226}",,null,,False,2024-11-28,,,student_t,BTC-USD,1226,,,,0.2308980598215943,2024-11-27,2023-07-17,,
-1.8736162912337877,1.8736162912337877,,,,,,,,"{""error"": ""fit violated GARCH constraints: omega=0.060353479174876205, alpha=0.008877163072421524, beta=0.9911228369275785"", ""error_type"": ""GarchFitError"", ""forecast_date"": ""2024-11-29"", ""innovation"": ""student_t"", ""instrument"": ""BTC-USD"", ""origin_index"": 1227}",,null,,False,2024-11-29,,,student_t,BTC-USD,1227,,,,0.23093459087565527,2024-11-28,2023-07-18,,
1.044273046504378,-1.044273046504378,,,,,,,,"{""error"": ""fit violated GARCH constraints: omega=0.07040048103175521, alpha=0.008411109323931045, beta=0.9915888906761827"", ""error_type"": ""GarchFitError"", ""forecast_date"": ""2024-11-30"", ""innovation"": ""student_t"", ""instrument"": ""BTC-USD"", ""origin_index"": 1228}",,null,,False,2024-11-30,,,student_t,BTC-USD,1228,,,,0.23661060075793422,2024-11-29,2023-07-19,,
-0.8576311609966155,0.8576311609966155,,,,,,,,"{""error"": ""fit violated GARCH constraints: omega=0.06488973259986071, alpha=0.008957372019937177, beta=0.9910426280557485"", ""error_type"": ""GarchFitError"", ""forecast_date"": ""2024-12-01"", ""innovation"": ""student_t"", ""instrument"": ""BTC-USD"", ""origin_index"": 1229}",,null,,False,2024-12-01,,,student_t,BTC-USD,1229,,,,0.2341381772757045,2024-11-30,2023-07-20,,
1.4647119788005198,-1.4647119788005198,7.942974929791508,15.48987396971056,False,False,2276.1028789525267,2292.9613113462156,0,null,-1134.0514394762633,"{""alpha[1]"": 0.009119235908973126, ""beta[1]"": 0.9908807640909449, ""nu"": 2.6345700336386617, ""omega"": 0.06829393949381184}",3.827691409619288,True,2024-12-02,1.6320000999155466,2.3415719653502878,student_t,BTC-USD,1230,0.14905340704564285,0.07850672805393864,,0.2366701648583912,2024-12-01,2023-07-21,4.445780119713374,9.315384784194377
-0.1426603458136385,0.1426603458136385,7.791098411360453,15.045141277217548,False,False,2278.879414789575,2295.737847183264,0,null,-1135.4397073947875,"{""alpha[1]"": 0.009515734258980765, ""beta[1]"": 0.9904842657409965, ""nu"": 2.6851806290331095, ""omega"": 0.06335709843882441}",3.7166880284173867,True,2024-12-03,1.6183449704307242,2.318901376781659,student_t,BTC-USD,1231,0.2273730017163088,0.09287793449586285,,0.2329586492476491,2024-12-02,2023-07-22,4.404799688512534,9.145133103772638
-2.8408310877214493,2.8408310877214493,,,,,,,,"{""error"": ""fit violated GARCH constraints: omega=0.0670774442741425, alpha=0.009700538816573397, beta=0.9902994611834923"", ""error_type"": ""GarchFitError"", ""forecast_date"": ""2024-12-04"", ""innovation"": ""student_t"", ""instrument"": ""BTC-USD"", ""origin_index"": 1232}",,null,,False,2024-12-04,,,student_t,BTC-USD,1232,,,,0.23416180098812955,2024-12-03,2023-07-23,,
2.2266865317398263,-2.2266865317398263,7.914497756832486,15.484971953758379,False,False,2282.6816494206487,2299.5400818143376,0,null,-1137.3408247103243,"{""alpha[1]"": 0.009272646150034905, ""beta[1]"": 0.9907273538498873, ""nu"": 2.6188409106960022, ""omega"": 0.07040211047556963}",3.828535838350438,True,2024-12-05,1.6264799300986077,2.3391349199331053,student_t,BTC-USD,1233,0.10939456291571062,0.07052913911673966,,0.23775353140769895,2024-12-04,2023-07-24,4.414577790054037,9.279600443413786
-3.3864801777989415,3.3864801777989415,7.893625328321342,15.429770343890898,False,False,2277.0523188811812,2293.91075127487,0,null,-1134.5261594405906,"{""alpha[1]"": 0.010094143910270768, ""beta[1]"": 0.9899058560896598, ""nu"": 2.6241363319225495, ""omega"": 0.07539022365877987}",3.8148375599839035,True,2024-12-06,1.6243313226396254,2.3362065214788,student_t,BTC-USD,1234,0.38966501234070994,0.12642918817390558,,0.23942686597129656,2024-12-05,2023-07-25,4.40682006901525,9.256438639591606
-0.002627048482238426,0.002627048482238426,,,,,,,,"{""error"": ""fit violated GARCH constraints: omega=0.06644502026079668, alpha=0.010318380213467706, beta=0.989681619839142"", ""error_type"": ""GarchFitError"", ""forecast_date"": ""2024-12-07"", ""innovation"": ""student_t"", ""instrument"": ""BTC-USD"", ""origin_index"": 1235}",,null,,False,2024-12-07,,,student_t,BTC-USD,1235,,,,0.24585413523341684,2024-12-06,2023-07-26,,
-1.3051327814737121,1.3051327814737121,,,,,,,,"{""error"": ""fit violated GARCH constraints: omega=0.06389313931683652, alpha=0.010932994621610922, beta=0.9890670053784689"", ""error_type"": ""GarchFitError"", ""forecast_date"": ""2024-12-08"", ""innovation"": ""student_t"", ""instrument"": ""BTC-USD"", ""origin_index"": 1236}",,null,,False,2024-12-08,,,student_t,BTC-USD,1236,,,,0.24498825866539167,2024-12-07,2023-07-27,,
3.829250346621322,-3.829250346621322,,,,,,,,"{""error"": ""fit violated GARCH constraints: omega=0.06696307785978682, alpha=0.01103911794679401, beta=0.988960882053364"", ""error_type"": ""GarchFitError"", ""forecast_date"": ""2024-12-09"", ""innovation"": ""student_t"", ""instrument"": ""BTC-USD"", ""origin_index"": 1237}",,null,,False,2024-12-09,,,student_t,BTC-USD,1237,,,,0.24858397194435036,2024-12-08,2023-07-28,,
0.7802793548815968,-0.7802793548815968,,,,,,,,"{""error"": ""fit violated GARCH constraints: omega=0.06227393283262031, alpha=0.010609925860494605, beta=0.9893900741410503"", ""error_type"": ""GarchFitError"", ""forecast_date"": ""2024-12-10"", ""innovation"": ""student_t"", ""instrument"": ""BTC-USD"", ""origin_index"": 1238}",,null,,False,2024-12-10,,,student_t,BTC-USD,1238,,,,0.24018358240763976,2024-12-09,2023-07-29,,
-4.547294956559111,4.547294956559111,,,,,,,,"{""error"": ""fit violated GARCH constraints: omega=0.05918085702699671, alpha=0.011100471686937698, beta=0.9888995283131106"", ""error_type"": ""GarchFitError"", ""forecast_date"": ""2024-12-11"", ""innovation"": ""student_t"", ""instrument"": ""BTC-USD"", ""origin_index"": 1239}",,null,,False,2024-12-11,,,student_t,BTC-USD,1239,,,,0.2383662115440643,2024-12-10,2023-07-30,,
1.1232138149604487,-1.1232138149604487,7.53232730677318,14.244671906197981,False,False,2298.3942228418305,2315.2526552355193,0,null,-1145.1971114209152,"{""alpha[1]"": 0.010504834278154842, ""beta[1]"": 0.9894951657215376, ""nu"": 2.80814862540537, ""omega"": 0.05630265478053734}",3.5379218141596684,True,2024-12-12,1.5961481281417265,2.2782940735781576,student_t,BTC-USD,1240,0.16112588518667786,0.07735706302105115,,0.24801755621466562,2024-12-11,2023-07-31,4.345731518694003,8.858920117065557
-1.405722346736902,1.405722346736902,7.451983381400954,14.046250309066615,False,False,2300.384353428597,2317.242785822286,0,null,-1146.1921767142985,"{""alpha[1]"": 0.010765696185404523, ""beta[1]"": 0.9892343037601996, ""nu"": 2.827743956041142, ""omega"": 0.05480095903540781}",3.492516084453959,True,2024-12-13,1.5873111305851046,2.266451156183506,student_t,BTC-USD,1241,0.2859580326651166,0.1017192645588926,,0.24608014115179627,2024-12-12,2023-08-01,4.313438306565425,8.76620410915235
0.08508417884890124,-0.08508417884890124,,,,,,,,"{""error"": ""fit violated GARCH constraints: omega=0.06076609095288992, alpha=0.010633277539959567, beta=0.9893667224610471"", ""error_type"": ""GarchFitError"", ""forecast_date"": ""2024-12-14"", ""innovation"": ""student_t"", ""instrument"": ""BTC-USD"", ""origin_index"": 1242}",,null,,False,2024-12-14,,,student_t,BTC-USD,1242,,,,0.24586553907835468,2024-12-13,2023-08-02,,
-2.84523776917349,2.84523776917349,7.776787540601273,15.182695800828318,False,False,2297.9184482447417,2314.7768806384306,0,null,-1144.9592241223709,"{""alpha[1]"": 0.010558692802735426, ""beta[1]"": 0.9894413071613033, ""nu"": 2.634329949860802, ""omega"": 0.07547229587782657}",3.756012738523936,True,2024-12-15,1.6098636368476482,2.321063199799833,student_t,BTC-USD,1243,0.3595143404636892,0.11968623747380581,,0.2492568722274539,2024-12-14,2023-08-03,4.345049040100287,9.12338597820708
-1.6460567447824037,1.6460567447824037,7.628936831016873,14.71255822137453,False,False,2301.8537187146103,2318.712151108299,0,null,-1146.9268593573051,"{""alpha[1]"": 0.010667419940967439, ""beta[1]"": 0.9893325800590325, ""nu"": 2.7007397799204766, ""omega"": 0.06720204924961595}",3.6414948897418804,True,2024-12-16,1.5975426061753666,2.2977988211983362,student_t,BTC-USD,1244,0.2980469245617214,0.10607437577463617,,0.254764111603966,2024-12-15,2023-08-04,4.314881746452019,8.961380832681204
-0.10452246283255587,0.10452246283255587,7.569323202415461,14.583333166887682,False,False,2303.7729140799383,2320.631346473627,0,null,-1147.8864570399692,"{""alpha[1]"": 0.010859453147843182, ""beta[1]"": 0.9891405468519213, ""nu"": 2.707897975369969, ""omega"": 0.06663244512507893}",3.6113517654234735,True,2024-12-17,1.5901418268561818,2.2897049586483593,student_t,BTC-USD,1245,0.2194524153058949,0.08997813031087719,,0.2587743918053574,2024-12-16,2023-08-05,4.284525843285339,8.893290568255155
5.917915465405747,-5.917915465405747,,,,,,,,"{""error"": ""fit violated GARCH constraints: omega=0.06524574804152632, alpha=0.011476868469878363, beta=0.9885231315301218"", ""error_type"": ""GarchFitError"", ""forecast_date"": ""2024-12-18"", ""innovation"": ""student_t"", ""instrument"": ""BTC-USD"", ""origin_index"": 1246}",,null,,False,2024-12-18,,,student_t,BTC-USD,1246,,,,0.25920344311072735,2024-12-17,2023-08-06,,
2.5825905120144728,-2.5825905120144728,,,,,,,,"{""error"": ""fit violated GARCH constraints: omega=0.06402454513220154, alpha=0.010233424491345452, beta=0.9897665755086641"", ""error_type"": ""GarchFitError"", ""forecast_date"": ""2024-12-19"", ""innovation"": ""student_t"", ""instrument"": ""BTC-USD"", ""origin_index"": 1247}",,null,,False,2024-12-19,,,student_t,BTC-USD,1247,,,,0.24736948177623952,2024-12-18,2023-08-07,,
-0.2714273558298057,0.2714273558298057,7.654633262708483,14.639715515426795,False,False,2315.743437004327,2332.601869398016,0,null,-1153.8717185021635,"{""alpha[1]"": 0.010048378108014806, ""beta[1]"": 0.9899516218919747, ""nu"": 2.7409646233180647, ""omega"": 0.05986902561115296}",3.6233033087577815,True,2024-12-20,1.605988408078443,2.298099520198011,student_t,BTC-USD,1248,0.23198763546347773,0.09265504117587298,,0.24125124599345665,2024-12-19,2023-08-08,4.368325353439745,8.994076761757483
0.5448791182377208,-0.5448791182377208,7.863184424591422,15.354645156460863,False,False,2314.171840603577,2331.030272997266,0,null,-1153.0859203017885,"{""alpha[1]"": 0.009935730997824499, ""beta[1]"": 0.9900642690021723, ""nu"": 2.6289938024805677, ""omega"": 0.07272126839932301}",3.795613096959477,True,2024-12-21,1.6210679989302452,2.3319829293261476,student_t,BTC-USD,1249,0.19248342732842483,0.08676581584611569,,0.237824823305946,2024-12-20,2023-08-09,4.394547664806214,9.221460702849283
2.204418037687263,-2.204418037687263,7.951323004266851,15.698064262129398,False,False,2314.9269110513815,2331.7853434450703,0,null,-1153.4634555256907,"{""alpha[1]"": 0.009922080832558683, ""beta[1]"": 0.9900779191615057, ""nu"": 2.5748721333454117, ""omega"": 0.0804326435659697}",3.889161960434614,True,2024-12-22,1.625921861931336,2.346877489478664,student_t,BTC-USD,1250,0.10946760539727095,0.07109872669516798,,0.23811048535370544,2024-12-21,2023-08-10,4.39377014563268,9.314290707204055
0.44121754438402727,-0.44121754438402727,,,,,,,,"{""error"": ""fit violated GARCH constraints: omega=0.0802914443826429, alpha=0.009630156561018908, beta=0.9903698434397376"", ""error_type"": ""GarchFitError"", ""forecast_date"": ""2024-12-23"", ""innovation"": ""student_t"", ""instrument"": ""BTC-USD"", ""origin_index"": 1251}",,null,,False,2024-12-23,,,student_t,BTC-USD,1251,,,,0.23459603907788412,2024-12-22,2023-08-11,,
-4.127399406299881,4.127399406299881,,,,,,,,"{""error"": ""fit violated GARCH constraints: omega=0.07737290866954559, alpha=0.010145027976539768, beta=0.9898549720234602"", ""error_type"": ""GarchFitError"", ""forecast_date"": ""2024-12-24"", ""innovation"": ""student_t"", ""instrument"": ""BTC-USD"", ""origin_index"": 1252}",,null,,False,2024-12-24,,,student_t,BTC-USD,1252,,,,0.23393035337262608,2024-12-23,2023-08-12,,
-0.6294761557701811,0.6294761557701811,,,,,,,,"{""error"": ""fit violated GARCH constraints: omega=0.06983503897185052, alpha=0.00971120127367214, beta=0.9902887987263388"", ""error_type"": ""GarchFitError"", ""forecast_date"": ""2024-12-25"", ""innovation"": ""student_t"", ""instrument"": ""BTC-USD"", ""origin_index"": 1253}",,null,,False,2024-12-25,,,student_t,BTC-USD,1253,,,,0.24206103139779978,2024-12-24,2023-08-13,,
3.5921593291768423,-3.5921593291768423,7.751814664589925,15.166444446379428,False,False,2325.116291151311,2341.974723545,0,null,-1158.5581455756555,"{""alpha[1]"": 0.010172587490742629, ""beta[1]"": 0.9898274125092565, ""nu"": 2.6223571432713437, ""omega"": 0.07230218382083378}",3.7521081294313845,True,2024-12-26,1.6054921466264358,2.3185248760164834,student_t,BTC-USD,1254,0.036499130635788524,0.05499206405825848,,0.24422665185934359,2024-12-25,2023-08-14,4.322141941892612,9.091365735002686
1.716880486495554,-1.716880486495554,,,,,,,,"{""error"": ""fit violated GARCH constraints: omega=0.06826105978278015, alpha=0.009557726342875186, beta=0.9904422736571249"", ""error_type"": ""GarchFitError"", ""forecast_date"": ""2024-12-27"", ""innovation"": ""student_t"", ""instrument"": ""BTC-USD"", ""origin_index"": 1255}",,null,,False,2024-12-27,,,student_t,BTC-USD,1255,,,,0.23618681038518194,2024-12-26,2023-08-15,,
-1.0553910912166653,1.0553910912166653,,,,,,,,"{""error"": ""fit violated GARCH constraints: omega=0.07241637085557272, alpha=0.009141482760816753, beta=0.9908585172391833"", ""error_type"": ""GarchFitError"", ""forecast_date"": ""2024-12-28"", ""innovation"": ""student_t"", ""instrument"": ""BTC-USD"", ""origin_index"": 1256}",,null,,False,2024-12-28,,,student_t,BTC-USD,1256,,,,0.23437887343510533,2024-12-27,2023-08-16,,
1.7316317379201487,-1.7316317379201487,,,,,,,,"{""error"": ""fit violated GARCH constraints: omega=0.0899693827078329, alpha=0.008840797651349475, beta=0.9911592023486506"", ""error_type"": ""GarchFitError"", ""forecast_date"": ""2024-12-29"", ""innovation"": ""student_t"", ""instrument"": ""BTC-USD"", ""origin_index"": 1257}",,null,,False,2024-12-29,,,student_t,BTC-USD,1257,,,,0.23972837258269433,2024-12-28,2023-08-17,,
0.9528989180985912,-0.9528989180985912,6.906080814796937,12.573486036255165,False,False,2316.735910182416,2333.5943425761047,0,null,-1154.367955091208,"{""alpha[1]"": 0.014402187318700533, ""beta[1]"": 0.9846688898000318, ""nu"": 3.061775254574636, ""omega"": 0.05732191857383322}",3.188553028042531,True,2024-12-30,1.5306836817137288,2.1789049907408846,student_t,BTC-USD,1258,0.15894403235044985,0.07186103130883273,,0.25098993312881257,2024-12-29,2023-08-18,4.1317795651075855,8.139002048981858
-0.844829004747529,0.844829004747529,6.990208088284202,12.888820579776533,False,False,2313.4667700210057,2330.3252024146946,0,null,-1152.7333850105028,"{""alpha[1]"": 0.01486904098499123, ""beta[1]"": 0.984286950229941, ""nu"": 2.974751585811984, ""omega"": 0.06496408376563974}",3.2438826628418864,True,2024-12-31,1.5355305454384638,2.1953120362625422,student_t,BTC-USD,1259,0.24880916642007214,0.09080163113273479,,0.2537509850186234,2024-12-30,2023-08-19,4.131354323653909,8.235334108525942
-1.054638645165077,1.054638645165077,6.862338055037043,12.584909591967858,False,False,2315.11188828833,2331.970320682019,0,null,-1153.555944144165,"{""alpha[1]"": 0.015235716143940451, ""beta[1]"": 0.9837104297573112, ""nu"": 3.0136995542535416, ""omega"": 0.0635753954301318}",3.179285149032115,True,2025-01-01,1.5200471928830868,2.17510153126017,student_t,BTC-USD,1260,0.25654302418229213,0.09141740392179798,,0.25508281184179765,2024-12-31,2023-08-20,4.076221838480761,8.087101747014712
-2.5793710698841616,2.5793710698841616,6.740388578407941,12.299648539572392,False,False,2316.7525857568016,2333.6110181504905,0,null,-1154.3762928784008,"{""alpha[1]"": 0.015719810853716102, ""beta[1]"": 0.9830733311741666, ""nu"": 3.0510196623151793, ""omega"": 0.062234182575532905}",3.118905709652922,True,2025-01-02,1.5048630683360247,2.15556104354658,student_t,BTC-USD,1261,0.33008337858430403,0.10524825403655547,,0.256477715250012,2025-01-01,2023-08-21,4.022296501801914,7.945454333771375
-1.2519038758588825,1.2519038758588825,6.678602983988564,12.119187285055204,False,False,2319.597289099881,2336.45572149357,0,null,-1155.7986445499405,"{""alpha[1]"": 0.0153953444681866, ""beta[1]"": 0.9831576210457375, ""nu"": 3.0945798238824604, ""omega"": 0.06048126988696869}",3.087347571727333,True,2025-01-03,1.4986871166917144,2.1445796925500966,student_t,BTC-USD,1262,0.2628792460390603,0.09126827792532763,,0.262136849159838,2025-01-02,2023-08-22,4.005681044922319,7.874923916673873
-0.13119536931715858,0.13119536931715858,6.592111122675014,11.948747716408686,False,False,2320.856331758707,2337.7147641523957,0,null,-1156.4281658793534,"{""alpha[1]"": 0.016135357605632766, ""beta[1]"": 0.9824300049344331, ""nu"": 3.1059694595693013, ""omega"": 0.06040181732725584}",3.048777017734143,True,2025-01-04,1.486162173706985,2.131261078820132,student_t,BTC-USD,1263,0.20441820127276464,0.07905464054784991,,0.2653499508154062,2025-01-03,2023-08-23,3.9571686561381303,7.774268685467825
-0.08011590386483379,0.08011590386483379,6.587644532780168,12.042252910124699,False,False,2320.501168928245,2337.359601321934,0,null,-1156.2505844641225,"{""alpha[1]"": 0.017422096809825992, ""beta[1]"": 0.981597790663258, ""nu"": 3.0441050087157917, ""omega"": 0.06315914906096352}",3.054652318109642,True,2025-01-05,1.480673004115797,2.1334237019756923,student_t,BTC-USD,1264,0.2001453847824503,0.07847395052017321,,0.2625626504442083,2025-01-04,2023-08-24,3.9227917917841695,7.76727914815248
-3.7561856516630305,3.7561856516630305,6.576683256791014,12.128924175231159,False,False,2320.2047432760864,2337.0631756697753,0,null,-1156.1023716380432,"{""alpha[1]"": 0.01882821304506753, ""beta[1]"": 0.9807018466182164, ""nu"": 2.9849488884316755, ""omega"": 0.06652378517544408}",3.0615402981590605,True,2025-01-06,1.4738712212517209,2.1348089638231933,student_t,BTC-USD,1265,0.38193346170985293,0.1150918727152574,,0.26477079540320747,2025-01-05,2023-08-25,3.8824835825340207,7.7530016198627
5.1824282983593495,-5.1824282983593495,6.607976675306202,12.129852365227013,True,False,2324.3629079511725,2341.2213403448613,0,null,-1158.1814539755862,"{""alpha[1]"": 0.017534508631390607, ""beta[1]"": 0.9815696848027182, ""nu"": 3.019740083779762, ""omega"": 0.06484114730613288}",3.072642185280421,True,2025-01-07,5.309004888576519,2.138073416705011,student_t,BTC-USD,1266,1.2014817565321851,0.02609835741339326,,0.2731619651929574,2025-01-06,2023-08-26,3.917710659904418,7.792264039698673
1.9578857691304887,-1.9578857691304887,6.829524136172152,12.528139460180187,False,False,2330.684011889224,2347.542444282913,0,null,-1161.342005944612,"{""alpha[1]"": 0.015947217038423132, ""beta[1]"": 0.9830960002763381, ""nu"": 3.0158921921840394, ""omega"": 0.06299844091670201}",3.1677943721214357,True,2025-01-08,1.5149088556687573,2.170537949678529,student_t,BTC-USD,1267,0.10482437882631934,0.060922040241616335,,0.2630983609925637,2025-01-07,2023-08-27,4.054373345656874,8.050089793292116
2.7298849189702925,-2.7298849189702925,6.729758489208926,12.247581700751612,False,False,2333.2344828636597,2350.0929152573485,0,null,-1162.6172414318298,"{""alpha[1]"": 0.016487468648770025, ""beta[1]"": 0.982298945034927, ""nu"": 3.0710387758288338, ""omega"": 0.061930905332466826}",3.111939851905775,True,2025-01-09,1.50476268445209,2.1531148182341036,student_t,BTC-USD,1268,0.06480071341472775,0.05203930873088001,,0.2585589164518624,2025-01-08,2023-08-28,4.025899187264846,7.933815792058288
-2.3693265634565543,2.3693265634565543,6.667902493572563,12.040433388892462,False,False,2336.594343052518,2353.452775446207,0,null,-1164.297171526259,"{""alpha[1]"": 0.01714521117276517, ""beta[1]"": 0.9813279217680043, ""nu"": 3.126598126852695, ""omega"": 0.06221412641568486}",3.0743395621320513,True,2025-01-10,1.5000827092133413,2.1411782602034615,student_t,BTC-USD,1269,0.31942936375435044,0.10230619742049593,,0.25297302904315006,2025-01-09,2023-08-29,4.019260711630449,7.861293178593029
0.14250624978636736,-0.14250624978636736,6.541285523270471,11.490239525592504,False,False,2327.5020585206794,2344.3604909143683,0,null,-1159.7510292603397,"{""alpha[1]"": 0.012866075758337146, ""beta[1]"": 0.9830574090078168, ""nu"": 3.34820352392745, ""omega"": 0.06657288789866636}",2.997161880562314,True,2025-01-11,1.4967598689695123,2.112643798297792,student_t,BTC-USD,1270,0.1952052046243228,0.07569120440690154,,0.24566170365966747,2025-01-10,2023-08-30,4.04661034227282,7.711626690476514
0.08268095689983133,-0.08268095689983133,6.571347787732551,11.664026061174887,False,False,2326.1482815623376,2343.0067139560265,0,null,-1159.0741407811688,"{""alpha[1]"": 0.013464408285677536, ""beta[1]"": 0.9825878678298782, ""nu"": 3.260638395285797, ""omega"": 0.07051018616443919}",3.016826151006123,True,2025-01-12,1.4953489895248402,2.1207699450595,student_t,BTC-USD,1271,0.19715620352577182,0.07665271240232246,,0.24850354903345767,2025-01-11,2023-08-31,4.025805027415264,7.74795219713207
-0.029719789435525154,0.029719789435525154,6.288505871958699,10.836591857398114,False,False,2314.6308488693294,2331.4892812630183,0,null,-1153.3154244346647,"{""alpha[1]"": 0.012705735096891126, ""beta[1]"": 0.9793304902014142, ""nu"": 3.5408874002896162, ""omega"": 0.09176615203744004}",2.886081867392757,True,2025-01-13,1.4678384080401488,2.0671206501692296,student_t,BTC-USD,1272,0.1992956284266319,0.07444030414716095,,0.25860401621150403,2025-01-12,2023-09-01,3.956192779097109,7.414310625280563
-2.1121093066269276,2.1121093066269276,6.246959583670221,10.803178634017026,False,False,2315.381849007049,2332.240281400738,0,null,-1153.6909245035245,"{""alpha[1]"": 0.01349149364309317, ""beta[1]"": 0.9783842328072244, ""nu"": 3.507740080146473, ""omega"": 0.0946702439867282}",2.868684078873203,True,2025-01-14,1.45913085223172,2.061723171711815,student_t,BTC-USD,1273,0.30145888451676994,0.09478610601910262,,0.25967441865148844,2025-01-13,2023-09-02,3.917068383708466,7.366501295283325
-4.030666141120203,4.030666141120203,6.172992774982103,10.604228996263233,False,False,2318.1097079867495,2334.9681403804384,0,null,-1155.0548539933748,"{""alpha[1]"": 0.013291876683132881, ""beta[1]"": 0.9782922931960976, ""nu"": 3.5788060510032826, ""omega"": 0.09354831883726879}",2.8369388793394315,True,2025-01-15,1.4508964540358118,2.0476678938139257,student_t,BTC-USD,1274,0.3962025482157103,0.1130956809732726,,0.2633716398871065,2025-01-14,2023-09-03,3.8933848231939963,7.278901956207048
0.746613592597455,-0.746613592597455,6.192432279626567,10.550160593468725,False,False,2323.083842009388,2339.9422744030767,0,null,-1157.541921004694,"{""alpha[1]"": 0.011861016591893897, ""beta[1]"": 0.9796144671672251, ""nu"": 3.670070014157821, ""omega"": 0.0905188714266902}",2.848615297791865,True,2025-01-16,1.458627227921836,2.0481332429109864,student_t,BTC-USD,1275,0.15937170926004904,0.06554014835110573,,0.27065541906196844,2025-01-15,2023-09-04,3.934047777798433,7.3006284277080224
-4.608745388217137,4.608745388217137,6.157519047869631,10.51034733152898,False,False,2323.8650663835174,2340.7234987772063,0,null,-1157.9325331917587,"{""alpha[1]"": 0.012380582674483309, ""beta[1]"": 0.9789713280205041, ""nu"": 3.650756610810815, ""omega"": 0.09217392550987488}",2.833053218261905,True,2025-01-17,1.4518782318378287,2.043126370609619,student_t,BTC-USD,1276,0.4256935184024589,0.11868937429211553,,0.27037613437274943,2025-01-16,2023-09-05,3.9051249798320335,7.260192040994403
0.051676854445834315,-0.051676854445834315,6.215767775662917,10.545389367018942,False,False,2329.256157199213,2346.1145895929017,0,null,-1160.6280785996064,"{""alpha[1]"": 0.01088194618506844, ""beta[1]"": 0.9805209024341601, ""nu"": 3.7222063655614726, ""omega"": 0.08918505505987914}",2.863262730200756,True,2025-01-18,1.4646337793190467,2.0505975639892045,student_t,BTC-USD,1277,0.19555759331536418,0.07276407294668316,,0.27984508543600545,2025-01-17,2023-09-06,3.9628287207531145,7.328084149114144
3.229962927245754,-3.229962927245754,6.1448940836324795,10.414085008394268,False,False,2330.419471918889,2347.277904312578,0,null,-1161.2097359594445,"{""alpha[1]"": 0.011605247599296662, ""beta[1]"": 0.9796880622637217, ""nu"": 3.7365168435085696, ""omega"": 0.08940797200869682}",2.8321927938655698,True,2025-01-19,1.4537070057965034,2.038821076755082,student_t,BTC-USD,1278,0.034550244055512755,0.040147188110622324,,0.279949334489373,2025-01-18,2023-09-07,3.9209678083560084,7.244681738307983
-0.9128828069664908,0.9128828069664908,6.2448434084079345,10.611167273930237,False,False,2332.133244638135,2348.9916770318237,0,null,-1162.0666223190674,"{""alpha[1]"": 0.010768697397512007, ""beta[1]"": 0.9805926597445961, ""nu"": 3.6969666861559927, ""omega"": 0.09031106285657839}",2.8714444582001155,True,2025-01-20,1.4686387437913542,2.055622069727364,student_t,BTC-USD,1279,0.24450576916925137,0.08274009845246937,,0.26974298753733156,2025-01-19,2023-09-08,3.977232576418532,7.361127038280438
-3.9681834263664206,3.9681834263664206,6.244033196798396,10.686395786375947,False,False,2331.3298613458956,2348.1882937395844,0,null,-1161.6649306729478,"{""alpha[1]"": 0.011354043836734282, ""beta[1]"": 0.9798684774197538, ""nu"": 3.622527319407361, ""omega"": 0.09418712504959455}",2.872833201140088,True,2025-01-21,1.4643122496394358,2.057971360668816,student_t,BTC-USD,1280,0.39593476894928525,0.11331108519979256,,0.2741349831185903,2025-01-20,2023-09-09,3.9505119526192765,7.362925093612825
2.376854699786613,-2.376854699786613,6.249127592094511,10.617988925882019,False,False,2335.8467418553328,2352.7051742490216,0,null,-1163.9233709276664,"{""alpha[1]"": 0.010260109862419424, ""beta[1]"": 0.9809073777859668, ""nu"": 3.705964556007607, ""omega"": 0.09153868415606416}",2.8788593817447063,True,2025-01-22,1.469109036727807,2.056467909778395,student_t,BTC-USD,1281,0.08008798333317634,0.04991161897584667,,0.28214838708780027,2025-01-21,2023-09-10,3.978614366450138,7.368016597371275
-0.2958402689039636,0.2958402689039636,6.231811837880067,10.538195802319306,False,False,2338.6151699717516,2355.4736023654405,0,null,-1165.3075849858758,"{""alpha[1]"": 0.009951250435262956, ""beta[1]"": 0.9811917240508296, ""nu"": 3.7572178688324716, ""omega"": 0.0900542296509585}",2.8698104056617595,True,2025-01-23,1.4691261454147515,2.0520434180687177,student_t,BTC-USD,1282,0.21404143115619864,0.07641353350393591,,0.27788533127017334,2025-01-22,2023-09-11,3.9849883542200057,7.345513081489621
-0.8231811162781291,0.8231811162781291,6.2199173435612005,10.56800933275247,False,False,2334.325393272104,2351.183825665793,0,null,-1163.162696636052,"{""alpha[1]"": 0.010303657196065236, ""beta[1]"": 0.9799931639696048, ""nu"": 3.708364780967844, ""omega"": 0.09880947588771404}",2.866697717866543,True,2025-01-24,1.4643853984900845,2.0518131525069085,student_t,BTC-USD,1283,0.2391479755207428,0.08157186221601023,,0.2837293880166127,2025-01-23,2023-09-12,3.9597783941367224,7.334005105322888
0.10006574522288521,-0.10006574522288521,6.232007937013838,10.672845234314481,False,False,2331.0029751471275,2347.8614075408163,0,null,-1161.5014875735637,"{""alpha[1]"": 0.011204482979305685, ""beta[1]"": 0.9784811392364793, ""nu"": 3.6199752864355106, ""omega"": 0.10772376515953873}",2.870172197706534,True,2025-01-25,1.4618780754486522,2.0563594249599135,student_t,BTC-USD,1284,0.191984093729158,0.07249861036953395,,0.280114724659579,2025-01-24,2023-09-13,3.9397476198060417,7.349926782176274
1.959731356869931,-1.959731356869931,6.23050068720759,10.748295995098164,False,False,2330.5699265906223,2347.428358984311,0,null,-1161.2849632953112,"{""alpha[1]"": 0.012158128022623536, ""beta[1]"": 0.9772275918244241, ""nu"": 3.5433825965579206, ""omega"": 0.11395285147491126}",2.8685411287430287,True,2025-01-26,1.4575334967317914,2.0585225130516056,student_t,BTC-USD,1285,0.09767507886794984,0.05389687780302454,,0.2768798225754897,2025-01-25,2023-09-14,3.913232934228926,7.34941913717238
0.5809577851448121,-0.5809577851448121,6.242309481671938,10.767443971491176,False,False,2332.306985809411,2349.1654182030998,0,null,-1162.1534929047054,"{""alpha[1]"": 0.011878405085289145, ""beta[1]"": 0.9771908806323456, ""nu"": 3.5401414772156317, ""omega"": 0.11656366904857669}",2.8710141465872323,True,2025-01-27,1.4596293011566797,2.060278047963411,student_t,BTC-USD,1286,0.16704773303158735,0.06781291866576787,,0.27060019283840386,2025-01-26,2023-09-15,3.921912445776556,7.3622496517215925
0.7425167620330358,-0.7425167620330358,6.1557240575254175,10.575684453750476,False,False,2333.892353409242,2350.7507858029307,0,null,-1162.946176704621,"{""alpha[1]"": 0.012465853179052131, ""beta[1]"": 0.9760403160241713, ""nu"": 3.581905027151794, ""omega"": 0.11913262069833157}",2.8317538267718736,True,2025-01-28,1.4479067541562958,2.044994990976931,student_t,BTC-USD,1287,0.15694086176034835,0.06517030104539,,0.2689188289881271,2025-01-27,2023-09-16,3.8813339972400005,7.2595468665720295
-2.312612075628607,2.312612075628607,6.080991722739576,10.420369782997941,False,False,2335.287084057049,2352.145516450738,0,null,-1163.6435420285245,"{""alpha[1]"": 0.013144175373689324, ""beta[1]"": 0.9748301609076799, ""nu"": 3.6099708992047197, ""omega"": 0.1222052539656063}",2.798177972838893,True,2025-01-29,1.4371241023471013,2.0319440678363305,student_t,BTC-USD,1288,0.30777665749627253,0.09483718245372266,,0.26773777753206623,2025-01-28,2023-09-17,3.842921074296837,7.17110616974365
-0.9903181107679305,0.9903181107679305,6.026899622474367,10.269867674408527,False,False,2337.7066505852736,2354.5650829789624,0,null,-1164.8533252926368,"{""alpha[1]"": 0.012904280868600626, ""beta[1]"": 0.9746514627551303, ""nu"": 3.6747950923447448, ""omega"": 0.1224868466730505}",2.776539889071895,True,2025-01-30,1.431247578606793,2.021231331293301,student_t,BTC-USD,1289,0.2408744462027676,0.08097243102141259,,0.27261981652065326,2025-01-29,2023-09-18,3.8271708132874176,7.1069249913733215
2.250049117220034,-2.250049117220034,5.9444728983159205,10.118768458140199,False,False,2338.696170019724,2355.554602413413,0,null,-1165.348085009862,"{""alpha[1]"": 0.014071183316005636, ""beta[1]"": 0.9728730289979011, ""nu"": 3.6892074995980204, ""omega"": 0.12701173593143547}",2.7404199134704985,True,2025-01-31,1.417993512167178,2.0071683352221483,student_t,BTC-USD,1290,0.07639257730827176,0.04759994590670849,,0.2729483504642388,2025-01-30,2023-09-19,3.7779006633854677,7.010043707890878
1.7227936976711378,-1.7227936976711378,6.0015232598045065,10.23740618951539,False,False,2339.7452632384516,2356.6036956321404,0,null,-1165.8726316192258,"{""alpha[1]"": 0.013499494811100575, ""beta[1]"": 0.9734077140562902, ""nu"": 3.6588350930976956, ""omega"": 0.12867968928801957}",2.7619733992484234,True,2025-02-01,1.4265580431836868,2.01727000083955,student_t,BTC-USD,1291,0.10427206280330688,0.0535352376702218,,0.26506203169363735,2025-01-31,2023-09-20,3.8082349537372737,7.076317464693314
2.991910821166705,-2.991910821166705,5.959876236419208,10.123920070647415,False,False,2341.7132912401116,2358.5717236338005,0,null,-1166.8566456200558,"{""alpha[1]"": 0.013584696844353664, ""beta[1]"": 0.9728673408233577, ""nu"": 3.7037625201499558, ""omega"": 0.13027378454818642}",2.7425552972553344,True,2025-02-02,1.422005303223953,2.0088865525984634,student_t,BTC-USD,1292,0.04021328258945193,0.04033943973866691,,0.2621987400855341,2025-02-01,2023-09-21,3.796176472955743,7.025854795033393
-3.7337836669765228,3.7337836669765228,6.080637684773936,10.379665881163888,False,False,2341.6380184345544,2358.4964508282433,0,null,-1166.8190092172772,"{""alpha[1]"": 0.012508040862877965, ""beta[1]"": 0.9738641953971147, ""nu"": 3.6455992242671456, ""omega"": 0.13404835022296113}",2.794772416732527,True,2025-02-03,1.439417697368874,2.0304823276726367,student_t,BTC-USD,1293,0.37953907763651235,0.10902330087806689,,0.2604190119866186,2025-02-02,2023-09-22,3.8569978857537173,7.168546420830157
3.546789334572817,-3.546789334572817,6.092561437286251,10.315605180644853,False,False,2345.859754968533,2362.7181873622217,0,null,-1168.9298774842664,"{""alpha[1]"": 0.010875279677648321, ""beta[1]"": 0.9753830896677028, ""nu"": 3.740135578294934, ""omega"": 0.13030452232494716}",2.803800394256216,True,2025-02-04,1.4458915717603973,2.029807674496348,student_t,BTC-USD,1294,0.017263946299754532,0.036344177649984925,,0.26779674921145824,2025-02-03,2023-09-23,3.8920682605679073,7.181207099571306
1.2920048753819853,-1.2920048753819853,6.139280493625982,10.32569991417057,False,False,2350.126920860418,2366.985353254107,0,null,-1171.063460430209,"{""alpha[1]"": 0.009344488962948054, ""beta[1]"": 0.9770505413389303, ""nu"": 3.8106002334829943, ""omega"": 0.12618656700227748}",2.8221262151722506,True,2025-02-05,1.4575122734675778,2.0350833623239,student_t,BTC-USD,1295,0.1327176806646172,0.05940605169654602,,0.26070450791989414,2025-02-04,2023-09-24,3.946358488674327,7.232610045036582
0.022926951282130143,-0.022926951282130143,6.136948686175144,10.357852065096852,False,False,2350.2464397981776,2367.1048721918664,0,null,-1171.1232198990888,"{""alpha[1]"": 0.00984259308652447, ""beta[1]"": 0.9761338212665825, ""nu"": 3.7697315610045945, ""omega"": 0.13127513578792976}",2.82049493173846,True,2025-02-06,1.4551432070233234,2.0358710855872793,student_t,BTC-USD,1296,0.19548625829571195,0.07208160949797121,,0.26056252358324117,2025-02-05,2023-09-25,3.9326521171963655,7.231087901079245
0.06649766684819063,-0.06649766684819063,6.039771318706192,10.16666023745433,False,False,2351.230426898367,2368.088859292056,0,null,-1171.6152134491836,"{""alpha[1]"": 0.011385277787931752, ""beta[1]"": 0.9734073303264815, ""nu"": 3.803745169691688, ""omega"": 0.1398206270281689}",2.777927143617508,True,2025-02-07,1.4406290981330514,2.019070415955637,student_t,BTC-USD,1297,0.19063118329091466,0.07049723809135107,,0.2601996375224843,2025-02-06,2023-09-26,3.87912133266648,7.116221475983291
0.04832127046265531,-0.04832127046265531,5.941483940635623,9.987545787242745,False,False,2351.8949828657337,2368.7534152594226,0,null,-1171.9474914328669,"{""alpha[1]"": 0.013479382267257995, ""beta[1]"": 0.9694611503568958, ""nu"": 3.823645155266091, ""omega"": 0.15444560369618868}",2.7350877024976152,True,2025-02-08,1.4249062118823415,2.002274915936973,student_t,BTC-USD,1298,0.1885869858087339,0.06952309327212516,,0.26068535610979415,2025-02-07,2023-09-27,3.8200609866373303,7.0006305976751655
-0.018282093727943365,0.018282093727943365,5.824103798905444,9.762237683655963,False,False,2352.6278846730065,2369.4863170666954,0,null,-1172.3139423365033,"{""alpha[1]"": 0.01626466402212093, ""beta[1]"": 0.9636185632350966, ""nu"": 3.8614624901972943, ""omega"": 0.1778640173428235}",2.6834235643211026,True,2025-02-09,1.4065032417256909,1.9814225426877607,student_t,BTC-USD,1299,0.18859529875536063,0.06880167724885641,,0.2595579569973622,2025-02-08,2023-09-28,3.7536238813792657,6.8618856311576915
-0.9667728233126498,0.9667728233126498,5.83150964903567,9.859848136440773,False,False,2350.5120598355657,2367.3704922292545,0,null,-1171.2560299177828,"{""alpha[1]"": 0.01723665911974377, ""beta[1]"": 0.962633952475369, ""nu"": 3.754681593203689, ""omega"": 0.18358211148431997}",2.683037170886007,True,2025-02-10,1.4029312719328337,1.9855210189282362,student_t,BTC-USD,1300,0.23484646140272347,0.07839582455602108,,0.25458187993877496,2025-02-09,2023-09-29,3.7301564047418148,6.872809632289451
1.7497924369292563,-1.7497924369292563,5.735658335895625,9.678230329215204,False,False,2351.1260225131964,2367.9844549068853,0,null,-1171.5630112565982,"{""alpha[1]"": 0.019187488924299053, ""beta[1]"": 0.9582079260190555, ""nu"": 3.783421723199157, ""omega"": 0.20236096615399568}",2.6423089488161575,True,2025-02-11,1.3873631686183563,1.9683777696559592,student_t,BTC-USD,1301,0.09624090286457768,0.050104388886888625,,0.25732996050038864,2025-02-10,2023-09-30,3.674610494220808,6.760231325618115
-2.2088315914125256,2.2088315914125256,5.67527621211348,9.5091687674805,False,False,2352.9590571724643,2369.817489566153,0,null,-1172.4795285862322,"{""alpha[1]"": 0.02015653699851859, ""beta[1]"": 0.9543845374233383, ""nu"": 3.8665096397457184, ""omega"": 0.2206291410457464}",2.615150713659484,True,2025-02-12,1.3808234563574784,1.9554171276342398,student_t,BTC-USD,1302,0.293385306442743,0.08895304987995378,,0.2534131839986831,2025-02-11,2023-10-01,3.6588745374423297,6.686473396582844
1.2976316584345413,-1.2976316584345413,5.7378878709253955,9.66465391769805,False,False,2349.7666310787813,2366.62506347247,0,null,-1170.8833155393907,"{""alpha[1]"": 0.018885395981790416, ""beta[1]"": 0.9582356215338976, ""nu"": 3.798836976575635, ""omega"": 0.20437104688840124}",2.640444157227372,True,2025-02-13,1.3889226032624777,1.968058335797489,student_t,BTC-USD,1303,0.11925625519686116,0.054635962283787996,,0.25043562301301275,2025-02-12,2023-10-02,3.6827567623717625,6.761227886813336
-0.9118577912054653,0.9118577912054653,5.7469700676750906,9.724894284177925,False,False,2349.1953443320062,2366.053776725695,0,null,-1170.5976721660031,"{""alpha[1]"": 0.019383203845357293, ""beta[1]"": 0.9573068199031203, ""nu"": 3.7454775803510456, ""omega"": 0.21166607329663595}",2.6441458018653594,True,2025-02-14,1.387854750330555,1.971196538850183,student_t,BTC-USD,1304,0.2292608746610851,0.07685319790623767,,0.25110418885566294,2025-02-13,2023-10-03,3.6733597020162327,6.773461999418295
-0.0731796236425837,0.0731796236425837,5.659957410094377,9.55881546779992,False,False,2349.8130128479734,2366.6714452416622,0,null,-1170.9065064239867,"{""alpha[1]"": 0.021033915734749196, ""beta[1]"": 0.9531867005748401, ""nu"": 3.7730989511053385, ""omega"": 0.23009838604127628}",2.6071966324496736,True,2025-02-15,1.3735855699950994,1.9553793887656212,student_t,BTC-USD,1305,0.18482550225986877,0.06744425811636748,,0.2536615678467124,2025-02-14,2023-10-04,3.623330421554788,6.671246187994158
1.4506383622331687,-1.4506383622331687,5.59995402568695,9.475311838246963,False,False,2349.6461217959463,2366.504554189635,0,null,-1170.8230608979732,"{""alpha[1]"": 0.022685636554750834, ""beta[1]"": 0.9499230020966324, ""nu"": 3.751586402042725, ""omega"": 0.24477519523127067}",2.5794058756569416,True,2025-02-16,1.3618484000719917,1.9453557537317336,student_t,BTC-USD,1306,0.10641181617986467,0.051504901029657824,,0.25113238323803383,2025-02-15,2023-10-05,3.5788746858304603,6.601128465198946
0.41849684058829945,-0.41849684058829945,5.607248983959378,9.510538277317556,False,False,2349.723573968126,2366.582006361815,0,null,-1170.861786984063,"{""alpha[1]"": 0.023075859387128243, ""beta[1]"": 0.9487174259810395, ""nu"": 3.7239813679817457, ""omega"": 0.25398013416689774}",2.582330476573915,True,2025-02-17,1.3617842355607124,1.9474587079876882,student_t,BTC-USD,1307,0.15786902430532687,0.06191881078310729,,0.25100923896567306,2025-02-16,2023-10-06,3.575877326694834,6.610377918899023
0.24445399882640312,-0.24445399882640312,5.592408296882636,9.542809996748048,False,False,2348.80293692688,2365.661369320569,0,null,-1170.40146846344,"{""alpha[1]"": 0.024426809608139293, ""beta[1]"": 0.9468908104960901, ""nu"": 3.654650566845938, ""omega"": 0.264154413294778}",2.5733962697418216,True,2025-02-18,1.3557732779343503,1.9467713698035283,student_t,BTC-USD,1308,0.16515821831849628,0.06349469095867818,,0.24633786852591874,2025-02-17,2023-10-07,3.5476183651963256,6.593923094694215
-1.140703518992484,1.140703518992484,5.494608516839017,9.338176507483038,False,False,2349.3661728372335,2366.2246052309224,0,null,-1170.6830864186168,"{""alpha[1]"": 0.0260529938525644, ""beta[1]"": 0.9425002597938423, ""nu"": 3.7014558589596565, ""omega"": 0.28267617001486806}",2.530185230896565,True,2025-02-19,1.3403531882651887,1.9278337519940791,student_t,BTC-USD,1309,0.23192467663554067,0.07618809038983296,,0.24568984748065267,2025-02-18,2023-10-08,3.4977900137183258,6.478105519990804
-1.7421911358032411,1.7421911358032411,5.407068950164987,9.149572292346651,False,False,2350.03917811561,2366.897610509299,0,null,-1171.019589057805,"{""alpha[1]"": 0.027468457593088663, ""beta[1]"": 0.9382826044216824, ""nu"": 3.755537612989286, ""omega"": 0.3006171351494354}",2.4931239157464313,True,2025-02-20,1.3266288066336762,1.9104213818545608,student_t,BTC-USD,1310,0.25984422601334367,0.08116828511926617,,0.24821274025524798,2025-02-19,2023-10-09,3.454693384463627,6.374637376123369
2.271409470424543,-2.271409470424543,5.391374311290987,9.130212013724815,False,False,2350.2057827999574,2367.0642151936463,0,null,-1171.1028913999787,"{""alpha[1]"": 0.028076893097497273, ""beta[1]"": 0.9364004658200752, ""nu"": 3.7521134463164825, ""omega"": 0.31174563185646315}",2.4888251224417406,True,2025-02-21,1.323119082768705,1.9078898493416672,student_t,BTC-USD,1311,0.058500293676753544,0.040859656763953665,,0.2542290000769485,2025-02-20,2023-10-10,3.441415343959613,6.357375146819906
-0.4693347297019459,0.4693347297019459,5.435499227075955,9.148128499980931,False,False,2352.1546980322055,2369.0131304258944,0,null,-1172.0773490161027,"{""alpha[1]"": 0.0277541596891859, ""beta[1]"": 0.9330297951768025, ""nu"": 3.819850483671632, ""omega"": 0.33563838949522123}",2.5076700769337754,True,2025-02-22,1.3349236461137268,1.9138787904850343,student_t,BTC-USD,1312,0.19793872689037748,0.06876038691987278,,0.2510879823377241,2025-02-21,2023-10-11,3.4894398081056,6.406703962285326
0.31509830651644544,-0.31509830651644544,5.4148114252539035,9.193506605974777,False,False,2350.547938973192,2367.4063713668806,0,null,-1171.273969486596,"{""alpha[1]"": 0.028946364989532146, ""beta[1]"": 0.9335195746226919, ""nu"": 3.723489138270521, ""omega"": 0.33170739673118554}",2.4996307458607205,True,2025-02-23,1.3259757409434174,1.9130994992569281,student_t,BTC-USD,1313,0.15666288347821164,0.06070730395057259,,0.25584289596747817,2025-02-22,2023-10-12,3.4483559760806752,6.3858287015737
5.175320553649131,-5.175320553649131,5.333779797507464,9.030522966762987,True,False,2350.6963316834385,2367.5547640771274,0,null,-1171.3481658417193,"{""alpha[1]"": 0.030464314007145884, ""beta[1]"": 0.9298335665921607, ""nu"": 3.7586595600554977, ""omega"": 0.34557160896006206}",2.4643131798950275,True,2025-02-24,7.951223764914033,1.8971452979501153,student_t,BTC-USD,1314,1.681973388043453,0.01114754922001155,,0.256081775681094,2025-02-23,2023-10-13,3.404822250445496,6.290075475650285
2.9776669354997205,-2.9776669354997205,5.762857175920379,9.690055912400625,False,False,2356.889997744179,2373.7484301378677,0,null,-1174.4449988720894,"{""alpha[1]"": 0.028782021531019192, ""beta[1]"": 0.9241311766028748, ""nu"": 3.813883474406709, ""omega"": 0.4010852266880944}",2.649234661075188,True,2025-02-25,1.394382595592722,1.9717250547915057,student_t,BTC-USD,1315,0.03637787561332451,0.03811427119811531,,0.24494353341621528,2025-02-24,2023-10-14,3.70522444776621,6.7890940553112475
5.072808621504297,-5.072808621504297,5.837373012130177,9.699335611024981,True,False,2359.755858223324,2376.614290617013,0,null,-1175.877929111662,"{""alpha[1]"": 0.030909076323207458, ""beta[1]"": 0.9096481734640286, ""nu"": 3.953865216141549, ""omega"": 0.4877333459123167}",2.681971028839236,True,2025-02-26,5.796390688491974,1.9804616921350604,student_t,BTC-USD,1316,1.21507467165893,0.017982424584859494,,0.2389931728754229,2025-02-25,2023-10-15,3.7937826513370023,6.871051079990245
-0.4225980649120052,0.4225980649120052,6.801095764399283,11.0998134248778,False,False,2364.465143225655,2381.323575619344,0,null,-1178.2325716128275,"{""alpha[1]"": 0.071302302599721, ""beta[1]"": 0.6486630057916665, ""nu"": 4.1612645042079475, ""omega"": 2.1879270564566187}",3.1078494248739297,True,2025-02-27,1.5780813136279597,2.1266463646098397,student_t,BTC-USD,1317,0.24590529281150814,0.0841133430495255,,0.22664140356553783,2025-02-26,2023-10-16,4.495507791318153,7.988736240040539
0.391796299392022,-0.391796299392022,6.114185236712156,10.255441835614864,False,False,2359.7274558439376,2376.5858882376265,0,null,-1175.8637279219688,"{""alpha[1]"": 0.0297158444716553, ""beta[1]"": 0.9174639099261458, ""nu"": 3.8113280683202424, ""omega"": 0.4536987648346072}",2.7921145289650284,True,2025-02-28,1.4558004303482992,2.0294712426047568,student_t,BTC-USD,1318,0.17765041051182512,0.06804065396940832,,0.21771572023537306,2025-02-27,2023-10-17,3.9448045096285216,7.195861696332848
-1.947078336253007,1.947078336253007,6.024442089218244,10.075920060276951,False,False,2360.017259231253,2376.8756916249417,0,null,-1176.0086296156264,"{""alpha[1]"": 0.030111097388265628, ""beta[1]"": 0.9139519645020759, ""nu"": 3.8483724713350016, ""omega"": 0.47275927912122884}",2.75308868984406,True,2025-03-01,1.4425853555001398,2.0137720372519095,student_t,BTC-USD,1319,0.2921724695933102,0.09036733608017795,,0.21766080752314068,2025-02-28,2023-10-18,3.896371055613193,7.089655271764779
-9.121501495737187,9.121501495737187,5.953014677098696,9.777306056944022,False,False,2361.0365945080925,2377.8950269017814,0,null,-1176.5182972540463,"{""alpha[1]"": 0.06677998204405453, ""beta[1]"": 0.6653131467564819, ""nu"": 4.092009203667571, ""omega"": 2.097342583116773}",2.7289288351293943,True,2025-03-02,1.4408417717968298,1.9958990340122709,student_t,BTC-USD,1320,0.651614942099688,0.16120439789712265,,0.2221711081455815,2025-03-01,2023-10-19,3.910797346256559,6.9989382939750655
9.082270482415094,-9.082270482415094,7.729193406964467,12.755999562234681,True,False,2369.8773844579946,2386.7358168516835,0,null,-1180.9386922289973,"{""alpha[1]"": 0.06415528289193934, ""beta[1]"": 0.7055596690465213, ""nu"": 3.9917084582587727, ""omega"": 1.8664403324867873}",3.517484835225271,True,2025-03-03,12.101778963081273,2.2580500413762277,student_t,BTC-USD,1321,3.8188838856081473,6.17659305849117e-06,,0.23766926490303236,2025-03-02,2023-10-20,5.062392708090728,9.082888141720943
-1.3348200628639828,1.3348200628639828,9.886131687026039,16.44119056209572,False,False,2374.9554362329586,2391.8138686266475,0,null,-1183.4777181164793,"{""alpha[1]"": 0.09794222818407945, ""beta[1]"": 0.5745069193407342, ""nu"": 3.8482148626595585, ""omega"": 2.781929015965716}",4.454191947765794,True,2025-03-04,1.9428614514269462,2.5059149374444054,student_t,BTC-USD,1322,0.3888946998480531,0.12944357915793545,,0.21290757014261885,2025-03-03,2023-10-21,6.443073934097072,11.60953785292955
-3.8255419058768814,3.8255419058768814,8.289833996682797,13.749193967382961,False,False,2375.823177365682,2392.681609759371,0,null,-1183.911588682841,"{""alpha[1]"": 0.08616363803318526, ""beta[1]"": 0.61829049079753, ""nu"": 3.902712804359816, ""omega"": 2.4669884744805604}",3.7519606727812422,True,2025-03-05,1.7677780684862068,2.3292907187971683,student_t,BTC-USD,1323,0.46183577480113125,0.1356424059265332,,0.21399695028932256,2025-03-04,2023-10-22,5.411173590145736,9.738698686776427
0.732993152088372,-0.732993152088372,7.650155562604396,12.547279284755053,False,False,2377.977443770277,2394.835876163966,0,null,-1184.9887218851386,"{""alpha[1]"": 0.09657967251150906, ""beta[1]"": 0.5835887329515184, ""nu"": 4.066890312855665, ""omega"": 2.609471753824033}",3.4776368151422186,True,2025-03-06,1.693438623524833,2.2455504536868407,student_t,BTC-USD,1324,0.21531305109718699,0.08251443539974514,,0.2211440681100228,2025-03-05,2023-10-23,5.0392541740321075,8.984436692062879
3.6438378263752256,-3.6438378263752256,7.615112871327824,12.521947916732938,False,False,2365.842268141413,2382.700700535102,0,null,-1178.9211340707066,"{""alpha[1]"": 0.040454833035229426, ""beta[1]"": 0.912159173325479, ""nu"": 4.017755421929345, ""omega"": 0.42301848458601704}",3.451286617795244,True,2025-03-07,1.6877002654817876,2.2415849935289676,student_t,BTC-USD,1325,0.06817986745150818,0.05298110920521725,,0.20005340069751332,2025-03-06,2023-10-24,5.007435175405388,8.941948746896946
0.6802656950121628,-0.6802656950121628,7.729389314999535,12.731829847933719,False,False,2366.390456643687,2383.2488890373756,0,null,-1179.1952283218434,"{""alpha[1]"": 0.04359028821328127, ""beta[1]"": 0.9085218894620507, ""nu"": 3.9844592983925313, ""omega"": 0.4375655279000902}",3.4953827722141475,True,2025-03-08,1.701848551824264,2.256882796080682,student_t,BTC-USD,1326,0.21982708512481688,0.08394698075366762,,0.18789717468573336,2025-03-07,2023-10-25,5.076807397508497,9.074963770378918
6.663174322773564,-6.663174322773564,7.279555903348748,11.852488720857869,True,False,2366.791495848405,2383.6499282420937,0,null,-1179.3957479242024,"{""alpha[1]"": 0.057802019829267276, ""beta[1]"": 0.8457042740229578, ""nu"": 4.151046303298821, ""omega"": 0.7726493539283705}",3.2997985037083466,True,2025-03-09,6.689121582164179,2.1931548368046117,student_t,BTC-USD,1327,1.7429894539215571,0.018779302174593403,,0.18302044307505674,2025-03-08,2023-10-26,4.828448581803504,8.541104540232903
2.6005355981073452,-2.6005355981073452,8.154434175335167,13.507127844758049,False,False,2371.737526123181,2388.59595851687,0,null,-1181.8687630615905,"{""alpha[1]"": 0.047768173408204266, ""beta[1]"": 0.9016479593534871, ""nu"": 3.895761467012901, ""omega"": 0.4813128596127455}",3.6733856305724797,True,2025-03-10,1.7526102264408383,2.3119780346394005,student_t,BTC-USD,1328,0.13664294179671935,0.06972783087130142,,0.17171085811047015,2025-03-09,2023-10-27,5.33339443404173,9.573318685237481
-5.367293407115892,5.367293407115892,7.984091649366891,13.182849610172829,False,False,2373.754900527809,2390.6133329214977,0,null,-1182.8774502639044,"{""alpha[1]"": 0.048645515128807326, ""beta[1]"": 0.8966720574767009, ""nu"": 3.9365062950126846, ""omega"": 0.5119702821998697}",3.59764635038653,True,2025-03-11,1.733305137957183,2.2898107086510135,student_t,BTC-USD,1329,0.5301846404445445,0.14738902042534238,,0.16796042076997203,2025-03-10,2023-10-28,5.236399401774987,9.371608635418333
-1.0326959809781286,1.0326959809781286,8.175159432898079,13.37807496344973,False,False,2378.5472628673933,2395.405695261082,0,null,-1185.2736314336967,"{""alpha[1]"": 0.05346495295376891, ""beta[1]"": 0.886975180054315, ""nu"": 4.060384331088585, ""omega"": 0.5496236940565631}",3.6901427172008265,True,2025-03-12,1.761930674292754,2.3105630055623196,student_t,BTC-USD,1330,0.32175451551944817,0.10624051111622254,,0.17763750458898256,2025-03-11,2023-10-29,5.402394329410829,9.591355130644116
3.223376776091148,-3.223376776091148,7.820105775178249,12.832422864348647,False,False,2379.1692802846583,2396.027712678347,0,null,-1185.5846401423291,"{""alpha[1]"": 0.051708101441706095, ""beta[1]"": 0.8850813743351177, ""nu"": 4.0271044285955675, ""omega"": 0.5784100923814964}",3.53196534707069,True,2025-03-13,1.7158611031612105,2.2671513314722387,student_t,BTC-USD,1331,0.09656738913076861,0.05954068274525816,,0.1770864001073304,2025-03-12,2023-10-30,5.154724558706518,9.177445050616958
-3.517658146996988,3.517658146996988,7.688751055242156,12.521797139797178,False,False,2382.0761927174335,2398.9346251111224,0,null,-1187.0380963587168,"{""alpha[1]"": 0.0532874568882866, ""beta[1]"": 0.8790647756356891, ""nu"": 4.131408796574999, ""omega"": 0.6061300035695761}",3.474658712044215,True,2025-03-14,1.7032468562365475,2.247676672358511,student_t,BTC-USD,1332,0.4309528015957817,0.1253592876634653,,0.17084889771334907,2025-03-13,2023-10-31,5.101397884918639,9.018270619349531
-0.44442221572258533,0.44442221572258533,7.546814093390049,12.205428121103807,False,False,2384.9320262190577,2401.7904586127465,0,null,-1188.4660131095288,"{""alpha[1]"": 0.05476492359189231, ""beta[1]"": 0.8737842701370757, ""nu"": 4.242515236194211, ""omega"": 0.6285552138644956}",3.418609927829708,True,2025-03-15,1.6884055608978197,2.2268503458852065,student_t,BTC-USD,1333,0.27401303924542003,0.09292986132999438,,0.1769276262455553,2025-03-14,2023-11-01,5.0358385691858105,8.848563917276843
2.1129378542194646,-2.1129378542194646,7.257738640179208,11.81865769850502,False,False,2384.010431995668,2400.868864389357,0,null,-1188.005215997834,"{""alpha[1]"": 0.054346816643664995, ""beta[1]"": 0.8704697573134337, ""nu"": 4.142084279390331, ""omega"": 0.6667338975261563}",3.2856072814425556,True,2025-03-16,1.645420303819455,2.1900951011404377,student_t,BTC-USD,1334,0.1350748814331661,0.06401408202384949,,0.1734258955542735,2025-03-15,2023-11-02,4.814435482882784,8.514346056604408
-1.7953698574085317,1.7953698574085317,7.083087091961519,11.548369107297658,False,False,2384.7010214037814,2401.5594537974703,0,null,-1188.3505107018907,"{""alpha[1]"": 0.05504868802643483, ""beta[1]"": 0.8662626029339415, ""nu"": 4.126463080681758, ""omega"": 0.6988495680927144}",3.207265205321382,True,2025-03-17,1.6203245516818598,2.1661741702070927,student_t,BTC-USD,1335,0.3244363775088689,0.10105922094951472,,0.1720363484491893,2025-03-16,2023-11-03,4.69335769276884,8.310552237542932
1.6274157682194461,-1.6274157682194461,6.787444405367973,11.03633416222082,False,False,2385.830833261698,2402.689265655387,0,null,-1188.915416630849,"{""alpha[1]"": 0.05617788654819061, ""beta[1]"": 0.8558767036195287, ""nu"": 4.176005085630155, ""omega"": 0.7674148512364265}",3.0802490730815886,True,2025-03-18,1.5790222898103479,2.1227899187853367,student_t,BTC-USD,1336,0.14395464902960095,0.0633636967325007,,0.17680932955645798,2025-03-17,2023-11-04,4.506508748811463,7.96378544146951
-4.878787944730416,4.878787944730416,6.553005542427292,10.622004426886463,False,False,2386.90949313982,2403.767925533509,0,null,-1189.45474656991,"{""alpha[1]"": 0.057260241897192234, ""beta[1]"": 0.8463944473243131, ""nu"": 4.2236497817660785, ""omega"": 0.8291391965528341}",2.9757460463586756,True,2025-03-19,1.5456192038050705,2.0866204141382,student_t,BTC-USD,1337,0.46205467885762824,0.12565854746239952,,0.17154990628557235,2025-03-18,2023-11-05,4.3623056324221405,7.687066801509525
3.1425915618494367,-3.1425915618494367,6.874547090293431,11.078561776061553,False,False,2391.3840244388275,2408.2424568325164,0,null,-1191.6920122194138,"{""alpha[1]"": 0.05355111939171121, ""beta[1]"": 0.8638300598165157, ""nu"": 4.316053651057327, ""omega"": 0.7119238533653472}",3.125656382423261,True,2025-03-20,1.5967878249400993,2.132618232574314,student_t,BTC-USD,1338,0.07281098152020216,0.04918240482458325,,0.18149478643415498,2025-03-19,2023-11-06,4.5988111922534785,8.060832044307757
0.1473786624400053,-0.1473786624400053,6.857338552750734,10.975257816794322,False,False,2393.9674428012954,2410.8258751949843,0,null,-1192.9837214006477,"{""alpha[1]"": 0.052728325709855944, ""beta[1]"": 0.8680601879406126, ""nu"": 4.424488850809931, ""omega"": 0.6750578107662336}",3.1192267087040104,True,2025-03-21,1.5982579254944267,2.1277766104882794,student_t,BTC-USD,1339,0.22335943147011916,0.0788797153052763,,0.1752780007129573,2025-03-20,2023-11-07,4.614567291842385,8.035350192967627
0.2510880256987361,-0.2510880256987361,6.594547350227009,10.552165379982485,False,False,2394.0878439765215,2410.9462763702104,0,null,-1193.0439219882608,"{""alpha[1]"": 0.05267174092530228, ""beta[1]"": 0.8637738885657347, ""nu"": 4.432419492293505, ""omega"": 0.7046920493649148}",3.001799331475035,True,2025-03-22,1.559245330286858,2.088673524073397,student_t,BTC-USD,1340,0.20935283643897434,0.0747671047295725,,0.1726779623287843,2025-03-21,2023-11-08,4.438144754478219,7.727798498655979
-2.615878981767563,2.615878981767563,6.3379066246677125,10.120432157189455,False,False,2394.3133784709744,2411.1718108646633,0,null,-1193.1566892354872,"{""alpha[1]"": 0.05353141565601104, ""beta[1]"": 0.857189494631821, ""nu"": 4.47339230430697, ""omega"": 0.7422881082432694}",2.8886262337768995,True,2025-03-23,1.5206389815975112,2.0483568299327537,student_t,BTC-USD,1341,0.3444100664905735,0.10042256791614287,,0.17098468121728938,2025-03-22,2023-11-09,4.272322348043901,7.426377809846715
-1.6647018668033704,1.6647018668033704,6.318793474229052,10.116239127067972,False,False,2393.9436738918653,2410.802106285554,0,null,-1192.9718369459326,"{""alpha[1]"": 0.05318441007455293, ""beta[1]"": 0.859807809337925, ""nu"": 4.428398225653272, ""omega"": 0.729400607858776}",2.878366904832582,True,2025-03-24,1.516144081542686,2.0461972805704063,student_t,BTC-USD,1342,0.29574110896240574,0.09070348472833734,,0.17047799121733365,2025-03-23,2023-11-10,4.250120312444739,7.405646606030354
0.031103436287578466,-0.031103436287578466,6.1724153338532295,9.875501938686845,False,False,2393.9873303373492,2410.845762731038,0,null,-1192.9936651686746,"{""alpha[1]"": 0.053558116371441276, ""beta[1]"": 0.857511571989579, ""nu"": 4.4434538218679815, ""omega"": 0.741125270920757}",2.8139336418161234,True,2025-03-25,1.49300094459154,2.0225975355724506,student_t,BTC-USD,1343,0.20611905023571706,0.07203100672901078,,0.1704517257408736,2025-03-24,2023-11-11,4.153484441001916,7.234204109188649
0.6547157042622869,-0.6547157042622869,5.947830608813501,9.493265481708498,False,False,2393.8600100173753,2410.718442411064,0,null,-1192.9300050086877,"{""alpha[1]"": 0.05547538714721223, ""beta[1]"": 0.849131475485526, ""nu"": 4.492990875191072, ""omega"": 0.7840063608009953}",2.7163097847633804,True,2025-03-26,1.4571692003685182,1.9848342788645073,student_t,BTC-USD,1344,0.16774852946021837,0.06315729933626421,,0.17133465533332634,2025-03-25,2023-11-12,4.009686293466651,6.9704456378887025
-0.31735085032545135,0.31735085032545135,5.748238409519937,9.140178563162396,False,False,2393.7418930056847,2410.6003253993736,0,null,-1192.8709465028423,"{""alpha[1]"": 0.058270260297695185, ""beta[1]"": 0.8389849806837693, ""nu"": 4.566278167359187, ""omega"": 0.8319049096254899}",2.6296764164249637,True,2025-03-27,1.4250764667979663,1.9495241175128788,student_t,BTC-USD,1345,0.21021060360320398,0.07052238373045012,,0.1704755724432212,2025-03-26,2023-11-13,3.8868612217386245,6.734887522719554
3.292956548866608,-3.292956548866608,5.5605643512047065,8.84399964121471,False,False,2392.7058286892798,2409.5642610829686,0,null,-1192.3529143446399,"{""alpha[1]"": 0.062072405564367, ""beta[1]"": 0.826098263263028, ""nu"": 4.572568085974688, ""omega"": 0.8994584121112453}",2.548105749905744,True,2025-03-28,1.39155660175004,1.9165472264430656,student_t,BTC-USD,1346,0.023259488653458348,0.03223373174295742,,0.1741129815521588,2025-03-27,2023-11-14,3.7581463219357745,6.516329723162347
2.103168000800167,-2.103168000800167,5.818031926837593,9.253518727339602,False,False,2393.6478526955343,2410.506285089223,0,null,-1192.8239263477672,"{""alpha[1]"": 0.05826877541528391, ""beta[1]"": 0.8375340483769642, ""nu"": 4.561990024632488, ""omega"": 0.8413176582042767}",2.6616157347226133,True,2025-03-29,1.4369940255970124,1.96168181189858,student_t,BTC-USD,1347,0.09150038152158285,0.04713695018191376,,0.1728839400237543,2025-03-28,2023-11-15,3.9331756312318227,6.816863018991539
0.3189951599693388,-0.3189951599693388,5.9066208793219035,9.430839584607996,False,False,2389.1762047049906,2406.0346370986795,0,null,-1190.5881023524953,"{""alpha[1]"": 0.052583510002320026, ""beta[1]"": 0.8602927475390888, ""nu"": 4.471375339966085, ""omega"": 0.7138226245571491}",2.690466733259352,True,2025-03-30,1.4502839398291272,1.9778028576046673,student_t,BTC-USD,1348,0.18316539553720776,0.06601522150714675,,0.15590836416821824,2025-03-29,2023-11-16,3.982303070713491,6.9205173106840085
-0.26005127994860766,0.26005127994860766,5.819837029233079,9.373919698559677,False,False,2384.078457043543,2400.936889437232,0,null,-1188.0392285217715,"{""alpha[1]"": 0.05395290706858969, ""beta[1]"": 0.8597133723898289, ""nu"": 4.335772788704226, ""omega"": 0.7221829429049929}",2.6515597233145365,True,2025-03-31,1.4303196833860339,1.966046196091368,student_t,BTC-USD,1349,0.20768991258929895,0.07085341537303327,,0.16459632508647565,2025-03-30,2023-11-17,3.893746971837368,6.825290257354713
-3.124852053762556,3.124852053762556,5.678930601025074,9.147157432660272,False,False,2383.8912372135246,2400.7496696072135,0,null,-1187.9456186067623,"{""alpha[1]"": 0.055752615637685285, ""beta[1]"": 0.8537264640272009, ""nu"": 4.337615891543957, ""omega"": 0.7532465109590861}",2.5883363377605693,True,2025-04-01,1.40575706217966,1.9415740686286007,student_t,BTC-USD,1350,0.346201162152458,0.09785180034088471,,0.16268667825028774,2025-03-31,2023-11-18,3.799171189286598,6.660327980325907
3.201445831692351,-3.201445831692351,5.7484716408310605,9.187747713748486,False,False,2386.4035081862066,2403.2619405798955,0,null,-1189.2017540931033,"{""alpha[1]"": 0.054986897589001105, ""beta[1]"": 0.8533291956756277, ""nu"": 4.4725461296, ""omega"": 0.7503555402380806}",2.626127608698603,True,2025-04-02,1.422228898623548,1.9512462749955315,student_t,BTC-USD,1351,0.03344853480802622,0.03536622771149803,,0.16899639936231184,2025-04-01,2023-11-19,3.870416527852875,6.738068602842151
-0.7453656485979318,0.7453656485979318,5.9227956827783546,9.454218829667447,False,False,2387.937985028899,2404.796417422588,0,null,-1189.9689925144496,"{""alpha[1]"": 0.05351902783373088, ""beta[1]"": 0.8574702798456005, ""nu"": 4.477973380901073, ""omega"": 0.7312672775915741}",2.698904384092084,True,2025-04-03,1.4531287304256564,1.980478618564895,student_t,BTC-USD,1352,0.23696130588090866,0.07684928093553826,,0.15826282942062628,2025-04-02,2023-11-20,3.9938604690202375,6.939562444955888
-0.8876865812469575,0.8876865812469575,5.760012722677317,9.163089977128617,False,False,2388.1155371120253,2404.973969505714,0,null,-1190.0577685560127,"{""alpha[1]"": 0.05519274344408566, ""beta[1]"": 0.851681925328549, ""nu"": 4.544749492229879, ""omega"": 0.7545705496536149}",2.6292364288280243,True,2025-04-04,1.4270854524844179,1.9515596020515944,student_t,BTC-USD,1353,0.23911474064807264,0.07635167468657192,,0.1592704938281574,2025-04-03,2023-11-21,3.894608231714491,6.7474808874102274
0.4051522075037158,-0.4051522075037158,5.69261788346839,9.134638266990072,False,False,2383.4077837582267,2400.2662161519156,0,null,-1187.7038918791134,"{""alpha[1]"": 0.05401063510519046, ""beta[1]"": 0.8613494522386248, ""nu"": 4.407591748740822, ""omega"": 0.6996659692300551}",2.5998227088748256,True,2025-04-05,1.4101640464426577,1.9428339541781057,student_t,BTC-USD,1354,0.1707279603523163,0.06270079374842782,,0.17012439137370683,2025-04-04,2023-11-22,3.8197114145500386,6.675231582346492
6.544922522509501,-6.544922522509501,5.6350372419593135,9.120746519776132,True,False,2377.9761390047393,2394.834571398428,0,null,-1184.9880695023696,"{""alpha[1]"": 0.05757171236122689, ""beta[1]"": 0.8597642517178978, ""nu"": 4.259277965871626, ""omega"": 0.7042542402092079}",2.5656296037355366,True,2025-04-06,11.29950849956114,1.935410985827947,student_t,BTC-USD,1355,2.6510132685436467,0.0006633568757499481,,0.16047380906379638,2025-04-05,2023-11-23,3.754382239831978,6.611258210084496
-1.2967507567108378,1.2967507567108378,6.627020326804589,10.73581945815577,False,False,2385.4462800922056,2402.3047124858945,0,null,-1188.7231400461028,"{""alpha[1]"": 0.054020270047007574, ""beta[1]"": 0.8633203714034735, ""nu"": 4.210615407475645, ""omega"": 0.7176214311694726}",2.997720658391743,True,2025-04-07,1.5576132348610425,2.0973416428376392,student_t,BTC-USD,1356,0.28566905840340534,0.09066863208014773,,0.14814796390185905,2025-04-06,2023-11-24,4.416630411357263,7.770112451303928
3.811707626806006,-3.811707626806006,6.450455142382642,10.451824863091508,False,False,2385.972517118572,2402.8309495122608,0,null,-1188.986258559286,"{""alpha[1]"": 0.052974301827881085, ""beta[1]"": 0.862588425795376, ""nu"": 4.211387805811626, ""omega"": 0.729009003957665}",2.919753818410503,True,2025-04-08,1.530422738359579,2.0704568285347325,student_t,BTC-USD,1357,0.02430251571125166,0.0375207147057011,,0.14844488923189508,2025-04-07,2023-11-25,4.297757941031039,7.563779097376113
-7.9389009442381075,7.9389009442381075,6.586332981146864,10.582936799334464,False,False,2389.617006774555,2406.475439168244,0,null,-1190.8085033872776,"{""alpha[1]"": 0.054599664094732256, ""beta[1]"": 0.8550056407968756, ""nu"": 4.333205761162418, ""omega"": 0.7698178113991377}",2.980374024287148,True,2025-04-09,1.5561960272542525,2.0883980134119664,student_t,BTC-USD,1358,0.6179821468095396,0.15655502704746144,,0.14041620538984015,2025-04-08,2023-11-26,4.4207419919526725,7.716601760508022
3.6351854577404503,-3.6351854577404503,7.738161657290502,12.441462324888535,False,False,2397.11644583466,2413.974878228349,0,null,-1194.55822291733,"{""alpha[1]"": 0.060878027057745684, ""beta[1]"": 0.840674912455837, ""nu"": 4.317673847461292, ""omega"": 0.8587916627048985}",3.4978660219224564,True,2025-04-10,1.7171132173872201,2.2496961444431083,student_t,BTC-USD,1359,0.0778363454763511,0.05430429313902571,,0.15798205724652342,2025-04-09,2023-11-27,5.191912367267471,9.065614771643016
-4.636385380126949,4.636385380126949,7.708251692102646,12.311006612007814,False,False,2399.796682168518,2416.655114562207,0,null,-1195.898341084259,"{""alpha[1]"": 0.06445577619719764, ""beta[1]"": 0.8305258742573949, ""nu"": 4.424118312899822, ""omega"": 0.9068310863101064}",3.486260893712703,True,2025-04-11,1.7170841071405984,2.2435694565521977,student_t,BTC-USD,1360,0.4918928690355984,0.13661285758463906,,0.1519157216798188,2025-04-10,2023-11-28,5.201472000585011,9.024900378336946
-2.2317029482572552,2.2317029482572552,7.809899523244902,12.415659208538054,False,False,2402.68461171638,2419.543044110069,0,null,-1197.34230585819,"{""alpha[1]"": 0.06922403717991409, ""beta[1]"": 0.8206016737222349, ""nu"": 4.508608781378997, ""omega"": 0.9505098804653356}",3.53768736332686,True,2025-04-12,1.7327413490878936,2.255188438563191,student_t,BTC-USD,1361,0.3760866268249716,0.1137248277464323,,0.15811502971652477,2025-04-11,2023-11-29,5.29002958824217,9.140779826385964
1.8963852142846946,-1.8963852142846946,7.434519126398732,11.772539052441457,False,False,2404.058995661152,2420.917428054841,0,null,-1198.029497830576,"{""alpha[1]"": 0.06769846558219215, ""beta[1]"": 0.8232921097454776, ""nu"": 4.590958398149572, ""omega"": 0.9274810499217871}",3.3763386613330266,True,2025-04-13,1.6855251417184398,2.204766208658678,student_t,BTC-USD,1362,0.15772809802926466,0.06803480980730393,,0.16243360060734222,2025-04-12,2023-11-30,5.050947174869985,8.699866195015082
-1.0193602881419856,1.0193602881419856,7.134588983183514,11.25603002944597,False,False,2405.1008984235605,2421.9593308172493,0,null,-1198.5504492117802,"{""alpha[1]"": 0.0670158254487551, ""beta[1]"": 0.8246295071331592, ""nu"": 4.664334992426661, ""omega"": 0.9107138257295412}",3.2446349145864093,True,2025-04-14,1.6463736259630535,2.162412981068159,student_t,BTC-USD,1363,0.29405023265029745,0.09365807784938668,,0.15941226797978292,2025-04-13,2023-12-01,4.861644364863958,8.346447496796674
1.038462761979903,-1.038462761979903,6.827334882686972,10.817236150867279,False,False,2404.104410440873,2420.962842834562,0,null,-1198.0522052204365,"{""alpha[1]"": 0.06569048840283223, ""beta[1]"": 0.8254377922106492, ""nu"": 4.587387414017371, ""omega"": 0.9162371575241893}",3.103641662529416,True,2025-04-15,1.5998875707603122,2.119839302827054,student_t,BTC-USD,1364,0.1798488986644469,0.06952213367201382,,0.15634084253446703,2025-04-14,2023-12-02,4.635440735268838,7.99067612918128
-0.4351453244199029,0.4351453244199029,6.571734125003368,10.424721164378681,False,False,2403.64094261608,2420.4993750097688,0,null,-1197.82047130804,"{""alpha[1]"": 0.06561015351632189, ""beta[1]"": 0.8231597269156928, ""nu"": 4.565021597374259, ""omega"": 0.9325029650874473}",2.986514862612403,True,2025-04-16,1.5610595774668834,2.0820734754838637,student_t,BTC-USD,1365,0.24463165990882993,0.08127478841594851,,0.15023342838402973,2025-04-15,2023-12-03,4.457487873756691,7.69233351717494
-1.0204134774203657,1.0204134774203657,6.256656665902514,9.911244379007321,False,False,2403.277877301157,2420.1363096948457,0,null,-1197.6389386505784,"{""alpha[1]"": 0.06813057306386518, ""beta[1]"": 0.8102132394952403, ""nu"": 4.596478781808731, ""omega"": 1.007511475878978}",2.8468920236381225,True,2025-04-17,1.512608928619775,2.0325590177948847,student_t,BTC-USD,1366,0.2634225819482233,0.08343724008909101,,0.148576164927505,2025-04-16,2023-12-04,4.248038161544096,7.323310531488729
0.5254861389965583,-0.5254861389965583,6.124712356894576,9.774758875630278,False,False,2399.433943994096,2416.2923763877848,0,null,-1195.716971997048,"{""alpha[1]"": 0.06652046473849497, ""beta[1]"": 0.8141355200694279, ""nu"": 4.457446900732552, ""omega"": 0.9997971053383662}",2.7801025037570604,True,2025-04-18,1.4871694596960627,2.0136384534221916,student_t,BTC-USD,1367,0.1803850227980494,0.06647574190150334,,0.14084567850622412,2025-04-17,2023-12-05,4.133186594957543,7.173060329146886
-0.7227854341703919,0.7227854341703919,5.964725987507717,9.590665862387032,False,False,2394.536450196713,2411.3948825904017,0,null,-1193.2682250983564,"{""alpha[1]"": 0.07072261419003519, ""beta[1]"": 0.8012303510582343, ""nu"": 4.325038507985981, ""omega"": 1.090707828261527}",2.7001075485532384,True,2025-04-19,1.4566234209913418,1.9895286505899166,student_t,BTC-USD,1368,0.23618434230562033,0.07711871268994304,,0.13002965931282542,2025-04-18,2023-12-06,4.00090141194201,6.989085834823905
-0.13027740561616474,0.13027740561616474,5.744818673827512,9.226971061112625,False,False,2394.5843588265393,2411.442791220228,0,null,-1193.2921794132697,"{""alpha[1]"": 0.07508791453455117, ""beta[1]"": 0.7819207731358708, ""nu"": 4.351015137734903, ""omega"": 1.2071620997824462}",2.6047791897049324,True,2025-04-20,1.419524399570045,1.9517148066043117,student_t,BTC-USD,1369,0.1993174679453401,0.0686212762349929,,0.13299733332640035,2025-04-19,2023-12-07,3.856071953290634,6.731850217883118
-2.7155041272672675,2.7155041272672675,5.57005066535871,8.948608790576783,False,False,2394.1909296652275,2411.0493620589164,0,null,-1193.0954648326137,"{""alpha[1]"": 0.07958302014688645, ""beta[1]"": 0.7657847940716083, ""nu"": 4.3536690008901, ""omega"": 1.2997997391414788}",2.5284475107563122,True,2025-04-21,1.388352890864284,1.9210016678908488,student_t,BTC-USD,1370,0.32263613038351907,0.09243546366215928,,0.13534332014505396,2025-04-20,2023-12-08,3.737218480403108,6.528042238948652
-6.548491099549585,6.548491099549585,5.723632272606643,9.181760322752941,False,False,2395.045386670677,2411.903819064366,0,null,-1193.5226933353385,"{""alpha[1]"": 0.07712920277000936, ""beta[1]"": 0.7730804903970308, ""nu"": 4.375652543626663, ""omega"": 1.2577330264667015}",2.597811235584337,True,2025-04-22,1.4164334661513265,1.9476801892198736,student_t,BTC-USD,1371,0.5196899054214311,0.13255411191617253,,0.1367771917525827,2025-04-21,2023-12-09,3.845307008879027,6.706920092067657
-0.274893168226587,0.274893168226587,6.826671608647847,10.951195468220273,False,False,2401.4927973063695,2418.3512297000584,0,null,-1196.7463986531848,"{""alpha[1]"": 0.07214702840943207, ""beta[1]"": 0.789443842036283, ""nu"": 4.365650884010388, ""omega"": 1.1787368043131448}",3.0931011754316833,True,2025-04-23,1.5928550676763438,2.1237765181026216,student_t,BTC-USD,1372,0.24312691120776803,0.08272856676194533,,0.15187944378636334,2025-04-22,2023-12-10,4.587645055928769,7.997963507967938
-0.2608013738239919,0.2608013738239919,6.476764957567968,10.358877632386346,False,False,2401.6385591775734,2418.4969915712622,0,null,-1196.8192795887867,"{""alpha[1]"": 0.07120463512062866, ""beta[1]"": 0.7905092720847937, ""nu"": 4.423567356123963, ""omega"": 1.1602625237647897}",2.94015277222918,True,2025-04-24,1.5417873120269245,2.0702778994581825,student_t,BTC-USD,1373,0.2311665541855047,0.07847995606846428,,0.1521836924683899,2025-04-23,2023-12-11,4.362529709886098,7.587194233022428
-0.8233751969906926,0.8233751969906926,6.234867411156652,10.022855936847712,False,False,2395.3053056036338,2412.1637379973226,0,null,-1193.6526528018169,"{""alpha[1]"": 0.06784980562449835, ""beta[1]"": 0.8072033404795868, ""nu"": 4.356290967088854, ""omega"": 1.0588581162324344}",2.836142263098179,True,2025-04-25,1.500519340196501,2.034132469272774,student_t,BTC-USD,1374,0.25014967749776373,0.08132687123748107,,0.1646390245577597,2025-04-24,2023-12-12,4.179618352964577,7.309311926757408
0.07770112930475831,-0.07770112930475831,6.0126488537165415,9.64185931496774,False,False,2395.7307980088885,2412.5892304025774,0,null,-1193.8653990044443,"{""alpha[1]"": 0.06935610101069069, ""beta[1]"": 0.79945718904071, ""nu"": 4.403851536977491, ""omega"": 1.098540690635285}",2.739473747500131,True,2025-04-26,1.4654987611842145,1.997116290514155,student_t,BTC-USD,1375,0.19802972375151406,0.06970520452013379,,0.16528743931887657,2025-04-25,2023-12-13,4.038295604335036,7.04822158131813
0.9470108362421255,-0.9470108362421255,5.899317085012158,9.53746092773623,False,False,2392.7505244423473,2409.608956836036,0,null,-1192.3752622211737,"{""alpha[1]"": 0.069301238278787, ""beta[1]"": 0.8029390756325523, ""nu"": 4.26779719475003, ""omega"": 1.0878578561286976}",2.6819159746909826,True,2025-04-27,1.441936058062069,1.980724071665223,student_t,BTC-USD,1376,0.14942102091190698,0.05972386277634158,,0.15829948714252193,2025-04-26,2023-12-14,3.9354312544802625,6.919397113876277
-1.2969852186459676,1.2969852186459676,5.752237437691609,9.264297233994846,False,False,2393.340527847049,2410.198960240738,0,null,-1192.6702639235245,"{""alpha[1]"": 0.07186504094632823, ""beta[1]"": 0.7919712417576267, ""nu"": 4.329899785477391, ""omega"": 1.1444870419326507}",2.6175269565713446,True,2025-04-28,1.4188172684181626,1.9542372289226435,student_t,BTC-USD,1377,0.2573272850593375,0.08042034914507612,,0.15578517324169053,2025-04-27,2023-12-15,3.849560482540777,6.745049695861637
0.7333309430747814,-0.7333309430747814,5.6858930400727425,9.21072322311604,False,False,2391.5744091480424,2408.4328415417312,0,null,-1191.7872045740212,"{""alpha[1]"": 0.072556112914011, ""beta[1]"": 0.792972747565302, ""nu"": 4.248008051978296, ""omega"": 1.1433360155176095}",2.5891738375506685,True,2025-04-29,1.4037414018041452,1.9446944373749986,student_t,BTC-USD,1378,0.1526035271192024,0.05938235958819516,,0.16353147944212215,2025-04-28,2023-12-16,3.7854014854588267,6.671566901894292
0.082206698021976,-0.082206698021976,5.568533158124017,8.99679789498985,False,False,2391.821472843201,2408.6799052368897,0,null,-1191.9107364216004,"{""alpha[1]"": 0.07543442764272701, ""beta[1]"": 0.7829948317008373, ""nu"": 4.289773796521616, ""omega"": 1.192209293845851}",2.537106024488043,True,2025-04-30,1.3843729803539793,1.9229698087839937,student_t,BTC-USD,1379,0.1816674324835255,0.06450378007871285,,0.16058989184138855,2025-04-29,2023-12-17,3.7155553476924825,6.532584705893256
-2.3965778901370007,2.3965778901370007,5.483218392905247,8.907934360505433,False,False,2390.2690620779726,2407.1274944716615,0,null,-1191.1345310389863,"{""alpha[1]"": 0.0767049183563589, ""beta[1]"": 0.7847846208664125, ""nu"": 4.211312631089367, ""omega"": 1.1784260300407843}",2.4989418295411383,True,2025-05-01,1.3656751835259548,1.9094540744311903,student_t,BTC-USD,1380,0.301867072621976,0.08832664631992328,,0.164614162931824,2025-04-30,2023-12-18,3.6407635623025136,6.436086741855318
-0.4319853425982961,0.4319853425982961,5.612752623497033,9.149449979454033,False,False,2389.3273090632156,2406.1857414569045,0,null,-1190.6636545316078,"{""alpha[1]"": 0.075033028641796, ""beta[1]"": 0.791840288007751, ""nu"": 4.155579433678886, ""omega"": 1.1465351354293072}",2.554220758669337,True,2025-05-02,1.3872007066735912,1.9338537744601463,student_t,BTC-USD,1381,0.207426124884003,0.07021053317705508,,0.16341138480966866,2025-05-01,2023-12-19,3.71653715508176,6.589067975107206
1.056299837574167,-1.056299837574167,5.499325166922121,8.967694075364392,False,False,2389.105303825461,2405.9637362191497,0,null,-1190.5526519127304,"{""alpha[1]"": 0.07715495618579139, ""beta[1]"": 0.7869165274724914, ""nu"": 4.156274447615494, ""omega"": 1.167409068982928}",2.5051986587822066,True,2025-05-03,1.366463704090168,1.9136435196309773,student_t,BTC-USD,1382,0.12916821358518046,0.05400573940035663,,0.16593866963505935,2025-05-02,2023-12-20,3.6396641092777737,6.456873777609824
1.6569841905869114,-1.6569841905869114,5.519786210600925,9.070650851981918,False,False,2386.5597750084803,2403.418207402169,0,null,-1189.2798875042402,"{""alpha[1]"": 0.07906873727322472, ""beta[1]"": 0.7879765878607488, ""nu"": 4.038190600973698, ""omega"": 1.1701882864740123}",2.507580852703175,True,2025-05-04,1.3660057094477533,1.9197687483887407,student_t,BTC-USD,1383,0.09865973640828476,0.048260342730415955,,0.15739312251214374,2025-05-03,2023-12-21,3.630178918752605,6.483018463628502
-0.45707147506657597,0.45707147506657597,5.551678801821287,9.073539938033466,False,False,2387.7649159333623,2404.623348327051,0,null,-1189.8824579666812,"{""alpha[1]"": 0.07918018093480378, ""beta[1]"": 0.7818091120900668, ""nu"": 4.1093992625794336, ""omega"": 1.2056465741975095}",2.521471473523091,True,2025-05-05,1.3749598145679123,1.9236467706906337,student_t,BTC-USD,1384,0.20629754254680166,0.06974452684071468,,0.15308784100182043,2025-05-04,2023-12-22,3.668879375869454,6.517381209004885
-2.145126551902964,2.145126551902964,5.439676971636018,8.876454449300635,False,False,2387.856744210449,2404.715176604138,0,null,-1189.9283721052245,"{""alpha[1]"": 0.07963709601180936, ""beta[1]"": 0.7836875627998513, ""nu"": 4.135557647968467, ""omega"": 1.1774416245279278}",2.472760053593723,True,2025-05-06,1.3554009503643125,1.9027963064120161,student_t,BTC-USD,1385,0.2872229463450113,0.08530795537091376,,0.15341587079451793,2025-05-05,2023-12-23,3.599332374997257,6.3856689851884045
-0.23715438242361345,0.23715438242361345,5.488012817941515,8.912703705759004,False,False,2388.9788931683033,2405.837325561992,0,null,-1190.4894465841517,"{""alpha[1]"": 0.07952423616863616, ""beta[1]"": 0.7811882484593641, ""nu"": 4.210391830408643, ""omega"": 1.1847560671794937}",2.4985030313049665,True,2025-05-07,1.3668638859790407,1.910126193964837,student_t,BTC-USD,1386,0.19414142275169854,0.06677906812464555,,0.15888400237811268,2025-05-06,2023-12-24,3.645674072610354,6.440752430040936
-6.202640354374137,6.202640354374137,5.3872174623797475,8.785305051069734,False,False,2387.8687263163765,2404.7271587100654,0,null,-1189.9343631581883,"{""alpha[1]"": 0.07942353077829323, ""beta[1]"": 0.7895446755980682, ""nu"": 4.155708086029005, ""omega"": 1.1235230361833712}",2.4541750356880283,True,2025-05-08,1.345837021741783,1.8930652928788003,student_t,BTC-USD,1387,0.48839720136241205,0.12527926874089715,,0.1626938516610745,2025-05-07,2023-12-25,3.565303672874095,6.3252865197155685
0.2624572005983363,-0.2624572005983363,6.605205550076932,10.761673871286357,False,False,2394.1160313439445,2410.9744637376334,0,null,-1193.0580156719723,"{""alpha[1]"": 0.07941757462314278, ""beta[1]"": 0.7726047551407038, ""nu"": 4.146546164107573, ""omega"": 1.2784800565115773}",2.9967545911085525,True,2025-05-09,1.5506608296923794,2.096243296651686,student_t,BTC-USD,1388,0.20577456732408975,0.07488661970796663,,0.17234240604275286,2025-05-08,2023-12-26,4.377948547080128,7.751119171394993
-1.6618093186724157,1.6618093186724157,6.29907308206695,10.34526902770638,False,False,2392.41206875674,2409.270501150429,0,null,-1192.20603437837,"{""alpha[1]"": 0.07477303443105121, ""beta[1]"": 0.79295231805567, ""nu"": 4.043871612298565, ""omega"": 1.1598287933366476}",2.860548851413602,True,2025-05-10,1.4984472142282086,2.051603522358289,student_t,BTC-USD,1389,0.29034405552906256,0.09059444353695903,,0.17689238754834646,2025-05-09,2023-12-27,4.145071791908831,7.397635035023479
0.5650983970075977,-0.5650983970075977,6.14987304242713,10.124753745033287,False,False,2391.9793263115434,2408.8377587052323,0,null,-1191.9896631557717,"{""alpha[1]"": 0.07319403142200745, ""beta[1]"": 0.8003140251836296, ""nu"": 4.013529646686004, ""omega"": 1.1139729958781703}",2.793456245910143,True,2025-05-11,1.4730405915465905,2.0284812319347627,student_t,BTC-USD,1390,0.17364822675997402,0.06658892550331541,,0.17592352794484825,2025-05-10,2023-12-28,4.038062932207075,7.223990947339132
1.2501714607270615,-1.2501714607270615,5.988009592306812,9.904247413471195,False,False,2390.9658999168114,2407.8243323105003,0,null,-1191.4829499584057,"{""alpha[1]"": 0.07149991094139274, ""beta[1]"": 0.8097099151781347, ""nu"": 3.9579072162624063, ""omega"": 1.0555171999143682}",2.7218814684101464,True,2025-05-12,1.4435868804239846,2.0034574700929495,student_t,BTC-USD,1391,0.13324778744620017,0.05786734655731372,,0.17858102780341775,2025-05-11,2023-12-29,3.9151272096510628,7.036906116458429
-1.3111031807523907,1.3111031807523907,5.877081793634112,9.706726810260436,False,False,2390.936052686894,2407.794485080583,0,null,-1191.468026343447,"{""alpha[1]"": 0.07012758080655832, ""beta[1]"": 0.8158146208306064, ""nu"": 3.9797469191502293, ""omega"": 1.0069434120863263}",2.6733917878971805,True,2025-05-13,1.425641733911962,1.984327306004472,student_t,BTC-USD,1392,0.25790657716470733,0.08217518661183643,,0.17857556075235073,2025-05-12,2023-12-30,3.847028362541751,6.906415480431245
0.6070027644235592,-0.6070027644235592,5.726393791263559,9.407882551043816,False,False,2391.109880247904,2407.968312641593,0,null,-1191.554940123952,"{""alpha[1]"": 0.06947432400698206, ""beta[1]"": 0.8193977450146773, ""nu"": 4.057660961609412, ""omega"": 0.9625017797624804}",2.6097000011518854,True,2025-05-14,1.4025298304114564,1.9566984140370343,student_t,BTC-USD,1393,0.15788898185043815,0.06121049210847421,,0.18092479046652044,2025-05-13,2023-12-31,3.7647824014323192,6.728051975270975
-0.19801487419520594,0.19801487419520594,5.577835805610416,9.122992235579169,False,False,2390.779010583107,2407.6374429767957,0,null,-1191.3895052915534,"{""alpha[1]"": 0.07068781509387227, ""beta[1]"": 0.8175376324311827, ""nu"": 4.123470187108482, ""omega"": 0.9516670725125517}",2.5449296157534733,True,2025-05-15,1.3787156802502372,1.9289767052334676,student_t,BTC-USD,1394,0.19394557139689247,0.06749955028175654,,0.17919771914844837,2025-05-14,2024-01-01,3.68089655374264,6.551940153980442
0.2464381123482543,-0.2464381123482543,5.524489161826685,9.121702407880388,False,False,2387.095938126792,2403.954370520481,0,null,-1189.547969063396,"{""alpha[1]"": 0.07074124746399836, ""beta[1]"": 0.822212209787645, ""nu"": 3.9863195165589156, ""omega"": 0.9325471853340532}",2.514433346711454,True,2025-05-16,1.3638759094116066,1.922406108672956,student_t,BTC-USD,1395,0.16851813844408783,0.062459304246952216,,0.1707894159305055,2025-05-15,2024-01-02,3.6168008812300076,6.492368537043471
0.2885647279545516,-0.2885647279545516,5.41879723768922,8.950359855816872,False,False,2385.960668658383,2402.819101052072,0,null,-1188.9803343291915,"{""alpha[1]"": 0.07264196096161074, ""beta[1]"": 0.8204579263448856, ""nu"": 3.980899690383096, ""omega"": 0.9289900439137033}",2.4658749722188746,True,2025-05-17,1.3443749321797394,1.9031945019598062,student_t,BTC-USD,1396,0.1629021885648587,0.060796231397248636,,0.16674801890195592,2025-05-16,2024-01-03,3.5466084992517226,6.36818786767941
-3.1055414948863795,3.1055414948863795,5.381379195530377,8.992833676795955,False,False,2381.31111060943,2398.169543003119,0,null,-1186.655555304715,"{""alpha[1]"": 0.07450363058997962, ""beta[1]"": 0.8233484072954401, ""nu"": 3.842220071388514, ""omega"": 0.9192406791187182}",2.4509054249268036,True,2025-05-18,1.3305993481807352,1.9003079640226836,student_t,BTC-USD,1397,0.3295408379332938,0.09435416921601075,,0.1757838801629648,2025-05-17,2024-01-04,3.4852752637794904,6.329875426714688
0.7920998363214709,-0.7920998363214709,5.657392202958273,9.478320787250272,False,False,2381.60726574387,2398.465698137559,0,null,-1186.803632871935,"{""alpha[1]"": 0.07351941835959505, ""beta[1]"": 0.8223770265782897, ""nu"": 3.8040437630338366, ""omega"": 0.9485085505034805}",2.5721406513389704,True,2025-05-19,1.3793536297642444,1.951039754002604,student_t,BTC-USD,1398,0.14323926103686194,0.05861990212832876,,0.17587349160791343,2025-05-18,2024-01-05,3.656885057058707,6.654090049154342
-1.1157568710024277,1.1157568710024277,5.531207648415898,9.212482319095828,False,False,2381.7291051550865,2398.5875375487753,0,null,-1186.8645525775432,"{""alpha[1]"": 0.07307475381179858, ""beta[1]"": 0.8242460675549619, ""nu"": 3.877717485163716, ""omega"": 0.9154179807544026}",2.516917536175914,True,2025-05-20,1.360088827834232,1.926561357223548,student_t,BTC-USD,1399,0.23546432703395834,0.07619787987730335,,0.17436730850543322,2025-05-19,2024-01-06,3.593529669676735,6.504031116727901
-2.6675054492193824,2.6675054492193824,5.4094323572485195,8.95890981707801,False,False,2381.5812014254298,2398.4396338191186,0,null,-1186.7906007127149,"{""alpha[1]"": 0.07432504887542228, ""beta[1]"": 0.8214586808140537, ""nu"": 3.9558159366320416, ""omega"": 0.9093039463463349}",2.465933831945185,True,2025-05-21,1.3408828784758846,1.9025311728353973,student_t,BTC-USD,1400,0.3099225689771408,0.09027279871357434,,0.17738608307408116,2025-05-20,2024-01-07,3.5309459303234285,6.3597744221380434
-1.802796394236439,1.802796394236439,5.499515119128472,9.004610189064369,False,False,2382.974862804892,2399.833295198581,0,null,-1187.487431402446,"{""alpha[1]"": 0.07756868048538922, ""beta[1]"": 0.803416434957639, ""nu"": 4.1141299680390535, ""omega"": 1.003294042630157}",2.5117235989278215,True,2025-05-22,1.3638302883136255,1.9152903832249835,student_t,BTC-USD,1401,0.2713956877898857,0.08264087696729254,,0.1829307901315397,2025-05-21,2024-01-08,3.6251173615612706,6.461291302492808
4.006256233899459,-4.006256233899459,5.522236559232042,9.112175188615858,True,False,2377.489367796991,2394.3478001906797,0,null,-1184.7446838984954,"{""alpha[1]"": 0.07382038043079135, ""beta[1]"": 0.8209429449162468, ""nu"": 3.997102516920307, ""omega"": 0.9116291417958367}",2.5147379977352937,True,2025-05-23,2.7734501388355755,1.921825538851858,student_t,BTC-USD,1402,0.3697662193939304,0.024835632963547894,,0.17321152964876452,2025-05-22,2024-01-09,3.6170286345374274,6.4898195302542465
-0.4680702474076876,0.4680702474076876,6.049474837566916,9.94712808436566,False,False,2380.4586153357354,2397.3170477294243,0,null,-1186.2293076678677,"{""alpha[1]"": 0.076162470018722, ""beta[1]"": 0.8040949693268745, ""nu"": 4.02668026578196, ""omega"": 1.0339269015277208}",2.746280787249882,True,2025-05-24,1.4573660898176972,2.0115495923694846,student_t,BTC-USD,1403,0.22224812456063275,0.07572962826637548,,0.16876810060010508,2025-05-23,2024-01-10,3.976892243804964,7.104892579229855
-1.1476897551184373,1.1476897551184373,5.8298239744999405,9.566668687141386,False,False,2380.1093599367605,2396.9677923304494,0,null,-1186.0546799683802,"{""alpha[1]"": 0.0751671506080351, ""beta[1]"": 0.8085379476668039, ""nu"": 4.058818278579225, ""omega"": 0.9927200654454665}",2.649534762638796,True,2025-05-25,1.4214230692220209,1.9739702247381299,student_t,BTC-USD,1404,0.2493128631577585,0.07994412751130106,,0.16759983454454208,2025-05-24,2024-01-11,3.8385675080367276,6.846722996011661
-0.3707294858598121,0.3707294858598121,5.6722716077209725,9.256539964971871,False,False,2379.9229325495385,2396.7813649432273,0,null,-1185.9614662747692,"{""alpha[1]"": 0.07916928286858899, ""beta[1]"": 0.7938401967526995, ""nu"": 4.145352945991024, ""omega"": 1.0613065557874037}",2.5836286848044234,True,2025-05-26,1.3970129796570667,1.9448500206558976,student_t,BTC-USD,1405,0.20612510622108565,0.07030992304825907,,0.1710100622831992,2025-05-25,2024-01-12,3.751772638561897,6.66026281896609
0.40810965797726856,-0.40810965797726856,5.4615494320431495,8.953700384608107,False,False,2370.772878533159,2387.631310926848,0,null,-1181.3864392665796,"{""alpha[1]"": 0.06904806231861917, ""beta[1]"": 0.844861153564855, ""nu"": 4.101979260395992, ""omega"": 0.7389795790018048}",2.4966712151702244,True,2025-05-27,1.3560645448285928,1.9088714841693988,student_t,BTC-USD,1406,0.1593701596599685,0.060099438441759405,,0.18752004702250738,2025-05-26,2024-01-13,3.595512851176636,6.418053502153204
1.0999457493792042,-1.0999457493792042,5.3344176890338835,8.719953039588276,False,False,2371.0323090707634,2387.8907414644523,0,null,-1181.5161545353817,"{""alpha[1]"": 0.07048285465660735, ""beta[1]"": 0.8418259752562547, ""nu"": 4.147271458619875, ""omega"": 0.743201210712121}",2.4412545887630253,True,2025-05-28,1.3340803682434532,1.8844121491255827,student_t,BTC-USD,1407,0.12101199452039643,0.05167941641799958,,0.18675416944289108,2025-05-27,2024-01-14,3.520185639787131,6.2678873911791575
2.024552801398748,-2.024552801398748,5.313863917351654,8.74595982258705,False,False,2369.273208102991,2386.1316404966797,0,null,-1180.6366040514954,"{""alpha[1]"": 0.0688786486583632, ""beta[1]"": 0.8508248656620471, ""nu"": 4.053945063302961, ""omega"": 0.6960810755631648}",2.43115858806507,True,2025-05-29,1.3262597658858493,1.8828801960298032,student_t,BTC-USD,1408,0.07305129490166185,0.04222584294468759,,0.1894984330140665,2025-05-28,2024-01-15,3.4855786994319837,6.247137095867504
1.5676574887686565,-1.5676574887686565,5.3969926779591235,8.86139558827523,False,False,2370.063195892527,2386.9216282862158,0,null,-1181.0315979462634,"{""alpha[1]"": 0.06920002445418934, ""beta[1]"": 0.8472184798111141, ""nu"": 4.07726398150677, ""omega"": 0.720240925845334}",2.4651337944295286,True,2025-05-30,1.3433764723085293,1.897437364821299,student_t,BTC-USD,1409,0.09905259269624936,0.04774736619386596,,0.18205361460078873,2025-05-29,2024-01-16,3.548709342693642,6.342394108155248
-0.6130518275123142,0.6130518275123142,5.39745094848273,8.84131679130703,False,False,2370.4820335078116,2387.3404659015005,0,null,-1181.2410167539058,"{""alpha[1]"": 0.07011248843812933, ""beta[1]"": 0.8434569307944232, ""nu"": 4.104368050221485, ""omega"": 0.7394496298938309}",2.4632714237409297,True,2025-05-31,1.3449297314327993,1.8966439207859795,student_t,BTC-USD,1410,0.20849939244393897,0.0695411581782244,,0.17591602672440734,2025-05-30,2024-01-17,3.5569360213664614,6.341063990310119
-0.9643965279089796,0.9643965279089796,5.281066674271367,8.653700450016983,False,False,2370.112384629867,2386.970817023556,0,null,-1181.0561923149335,"{""alpha[1]"": 0.07123379540859008, ""beta[1]"": 0.8430348876237682, ""nu"": 4.106437646258944, ""omega"": 0.7316303848792582}",2.413272487088003,True,2025-06-01,1.3227797929238219,1.875072815413879,student_t,BTC-USD,1411,0.22213900194351702,0.07169842136471948,,0.17906207294111726,2025-05-31,2024-01-18,3.478383510961357,6.205445608562962
-0.21692037801663375,0.21692037801663375,5.2434976230444805,8.714726168825717,False,False,2366.2235951326957,2383.0820275263845,0,null,-1179.1117975663478,"{""alpha[1]"": 0.06889868578615091, ""beta[1]"": 0.8597906266516082, ""nu"": 3.9256156095678776, ""omega"": 0.6426898503331274}",2.3968384415336783,True,2025-06-02,1.3073626762717638,1.872813406991754,student_t,BTC-USD,1412,0.1813577228476014,0.06385196145713108,,0.18804164719776936,2025-06-01,2024-01-19,3.410234078935391,6.168275767696469
0.42501980559301383,-0.42501980559301383,5.134074439370873,8.518053925677076,False,False,2366.1262886515046,2382.9847210451935,0,null,-1179.0631443257523,"{""alpha[1]"": 0.07072602455308374, ""beta[1]"": 0.8565751006528136, ""nu"": 3.9504943890239357, ""omega"": 0.6491200806110793}",2.3484320008867257,True,2025-06-03,1.2872001526002026,1.8511900191635426,student_t,BTC-USD,1413,0.1459402904068529,0.05614298459509166,,0.18675566240739958,2025-06-02,2024-01-20,3.3438256137300697,6.039318265102175
0.6666084188030525,-0.6666084188030525,5.0295897950688255,8.303841531707649,False,False,2366.2536242091946,2383.1120566028835,0,null,-1179.1268121045973,"{""alpha[1]"": 0.0737138866951002, ""beta[1]"": 0.8493930204044928, ""nu"": 4.018096510581243, ""omega"": 0.6725411472820386}",2.3031425162302015,True,2025-06-04,1.2693657809829308,1.8290407524318226,student_t,BTC-USD,1414,0.1311440437936588,0.0524840482004252,,0.18567902610310424,2025-06-03,2024-01-21,3.2894892946762258,5.915013238845568
3.0597731847037197,-3.0597731847037197,4.948526298900742,8.126204450325341,False,False,2366.279713669831,2383.13814606352,0,null,-1179.1398568349155,"{""alpha[1]"": 0.07817312244347774, ""beta[1]"": 0.8379302291272895, ""nu"": 4.094548019424257, ""omega"": 0.718351946590168}",2.268621617499452,True,2025-06-05,1.2561203507358902,1.811041241691822,student_t,BTC-USD,1415,0.009577985062902004,0.027581608241683195,,0.18492169625401303,2025-06-04,2024-01-22,3.2513328859617596,5.817934008872037
-2.733035306445883,2.733035306445883,5.305283865652643,8.764743465133842,False,False,2362.811627002674,2379.670059396363,0,null,-1177.405813501337,"{""alpha[1]"": 0.07201248480990498, ""beta[1]"": 0.857374829721934, ""nu"": 4.002577558670183, ""omega"": 0.6303405180980227}",2.4259710092490323,True,2025-06-06,1.322513802957178,1.8825103618518773,student_t,BTC-USD,1416,0.31008428633082685,0.08971544038536866,,0.18886393193712187,2025-06-05,2024-01-23,3.4686504201706487,6.238508732090975
-1.1669145986995246,1.1669145986995246,5.437748035621611,8.905253951395363,False,False,2365.030767070991,2381.8891994646797,0,null,-1178.5153835354954,"{""alpha[1]"": 0.0751335216634648, ""beta[1]"": 0.8419626020964205, ""nu"": 4.122912442358245, ""omega"": 0.7158967988037834}",2.488924834817766,True,2025-06-07,1.3521713993034954,1.9042446049858652,student_t,BTC-USD,1417,0.2374668870947096,0.07557353071066678,,0.19262528570221518,2025-06-06,2024-01-24,3.582423143194663,6.390438472367146
-0.16841596130920813,0.16841596130920813,5.3294499983625565,8.695862921357367,False,False,2365.519238925848,2382.377671319537,0,null,-1178.759619462924,"{""alpha[1]"": 0.07663038419515068, ""beta[1]"": 0.8368094991666246, ""nu"": 4.1816546925481815, ""omega"": 0.735526686568421}",2.44304680643576,True,2025-06-08,1.3340345172883197,1.88298470078047,student_t,BTC-USD,1418,0.18450222176711883,0.06430631332748432,,0.19380037375151465,2025-06-07,2024-01-25,3.5216284740331654,6.262215371439218
-4.165996455560834,4.165996455560834,5.193072340858974,8.460126401495216,False,False,2365.4450342308514,2382.3034666245403,0,null,-1178.7225171154257,"{""alpha[1]"": 0.07856610175395819, ""beta[1]"": 0.8328416425475298, ""nu"": 4.211420155267899, ""omega"": 0.7456505304716864}",2.383946153145591,True,2025-06-09,1.3088657192732804,1.856640280573377,student_t,BTC-USD,1419,0.380071134772531,0.10268083990237126,,0.19485343713202719,2025-06-08,2024-01-26,3.43542623988978,6.102087534676281
0.03343184223913254,-0.03343184223913254,5.69709942429919,9.31775353061973,False,False,2363.9582150464885,2380.8166474401773,0,null,-1177.9791075232442,"{""alpha[1]"": 0.07697096363371982, ""beta[1]"": 0.8402517030615385, ""nu"": 4.134348737461886, ""omega"": 0.7209810428728068}",2.6044665038631987,True,2025-06-10,1.3996680370903447,1.950284554735993,student_t,BTC-USD,1420,0.1862503272622377,0.0666009746813833,,0.19397011514424184,2025-06-09,2024-01-27,3.758438387483883,6.693529310377458
1.434738860972619,-1.434738860972619,5.53126333308157,9.04754634031735,False,False,2364.229547702247,2381.087980095936,0,null,-1178.1147738511236,"{""alpha[1]"": 0.0759510908632942, ""beta[1]"": 0.8417456644239137, ""nu"": 4.136774669430338, ""omega"": 0.7126680382953409}",2.530543598891099,True,2025-06-11,1.369976447413726,1.9208442558566627,student_t,BTC-USD,1421,0.1106731164375546,0.050645720015558136,,0.19245842888750572,2025-06-10,2024-01-28,3.6482011897237094,6.499310862528428
2.569916684061177,-2.569916684061177,5.484763066038312,8.92722038795127,False,False,2365.305824687655,2382.1642570813437,0,null,-1178.6529123438274,"{""alpha[1]"": 0.07814403511219901, ""beta[1]"": 0.8320107950148419, ""nu"": 4.208919452066225, ""omega"": 0.7631655641225675}",2.5107885970578296,True,2025-06-12,1.3643601587686032,1.9107462128343249,student_t,BTC-USD,1422,0.05315575124843937,0.038723327525462335,,0.18999040237139617,2025-06-11,2024-01-29,3.6330317090299635,6.4422494366074075
-0.15273471896704055,0.15273471896704055,5.674996800472229,9.264510012649183,False,False,2364.8624045925535,2381.7208369862424,0,null,-1178.4312022962768,"{""alpha[1]"": 0.07987900848699417, ""beta[1]"": 0.8281914316207791, ""nu"": 4.147419129122157, ""omega"": 0.7959316845764536}",2.588411313853432,True,2025-06-13,1.3971170546639806,1.9455737521578271,student_t,BTC-USD,1423,0.1952087320782512,0.06817463684088552,,0.17897768585473586,2025-06-12,2024-01-30,3.75143992259798,6.6647289651215065
0.5847555254663668,-0.5847555254663668,5.518441115942297,9.02944078173899,False,False,2364.8453511087328,2381.7037835024216,0,null,-1178.4226755543664,"{""alpha[1]"": 0.07853186096185745, ""beta[1]"": 0.8314109610299467, ""nu"": 4.121232693705206, ""omega"": 0.7810057298961848}",2.5193433387353816,True,2025-06-14,1.3677098318647056,1.9184578088667354,student_t,BTC-USD,1424,0.15276438997248717,0.058980883458295726,,0.18083990429181215,2025-06-13,2024-01-31,3.6400433249161077,6.482843871295934
-0.07545779594851873,0.07545779594851873,5.408126647308299,8.859664989700551,False,False,2364.8849882337577,2381.7434206274465,0,null,-1178.4424941168788,"{""alpha[1]"": 0.07795753794548062, ""beta[1]"": 0.8328294381422541, ""nu"": 4.108080183196352, ""omega"": 0.7737660439703746}",2.4705042251661777,True,2025-06-15,1.3467402139689497,1.8987326696001072,student_t,BTC-USD,1425,0.18192671016741271,0.06429819653399899,,0.18140070380151463,2025-06-14,2024-02-01,3.5630764073997323,6.354361857451374
-1.172362396757044,1.172362396757044,5.289471253984026,8.680781326099655,False,False,2364.6721211611098,2381.5305535547986,0,null,-1178.3360605805549,"{""alpha[1]"": 0.07696339549360448, ""beta[1]"": 0.8373867918499972, ""nu"": 4.084660100973311, ""omega"": 0.7451425184857094}",2.416556793974722,True,2025-06-16,1.3235010989951435,1.8771711222021388,student_t,BTC-USD,1426,0.23258428310950394,0.07388319053701141,,0.17924864133341645,2025-06-15,2024-02-02,3.479323265433031,6.2159566569440905
2.0773336352351683,-2.0773336352351683,5.198337375120177,8.506967537504538,False,False,2365.1488238783027,2382.0072562719915,0,null,-1178.5744119391513,"{""alpha[1]"": 0.0765420017811052, ""beta[1]"": 0.8384170879753878, ""nu"": 4.130218303589871, ""omega"": 0.7308076020957173}",2.3781649143972774,True,2025-06-17,1.3076278933821497,1.8589261730864397,student_t,BTC-USD,1427,0.06749366488246493,0.0403101473795291,,0.18108289122320312,2025-06-16,2024-02-03,3.4272069328844657,6.108348373188075
-0.2694339499081748,0.2694339499081748,5.286585041020379,8.596803122651798,False,False,2366.6931176645357,2383.5515500582246,0,null,-1179.3465588322679,"{""alpha[1]"": 0.07671145879290359, ""beta[1]"": 0.833189075286762, ""nu"": 4.217072321709663, ""omega"": 0.7592921499362499}",2.417935766417995,True,2025-06-18,1.3281920329583405,1.8735578465958516,student_t,BTC-USD,1428,0.1887271580385728,0.0647776527354599,,0.17782687305116293,2025-06-17,2024-02-04,3.505109210863278,6.20833132363781
0.18995217440472834,-0.18995217440472834,5.157663578458584,8.4033203233736,False,False,2366.1754879922173,2383.033920385906,0,null,-1179.0877439961087,"{""alpha[1]"": 0.07566278329421572, ""beta[1]"": 0.8402884595376344, ""nu"": 4.195486183919555, ""omega"": 0.7104241501534072}",2.361426106952583,True,2025-06-19,1.3022594073385698,1.8496182778962522,student_t,BTC-USD,1429,0.1611632190438445,0.05868769287976308,,0.1802759581979026,2025-06-18,2024-02-05,3.4132165552816156,6.058721462381031
1.321872977100264,-1.321872977100264,5.035997689917293,8.19427927908565,False,False,2365.9100883236897,2382.7685207173786,0,null,-1178.9550441618449,"{""alpha[1]"": 0.07655911740907029, ""beta[1]"": 0.8410624962257015, ""nu"": 4.219244668228545, ""omega"": 0.6913464709710679}",2.307867844760966,True,2025-06-20,1.2790559030732829,1.8253668086229209,student_t,BTC-USD,1430,0.10070973567329862,0.045938275427849486,,0.17954371234041727,2025-06-19,2024-02-06,3.3360676905662343,5.915700519885208
1.0237095068809738,-1.0237095068809738,5.034644622253526,8.15893734772761,False,False,2366.0879387527257,2382.9463711464145,0,null,-1179.0439693763628,"{""alpha[1]"": 0.07978063159434298, ""beta[1]"": 0.8307167260845119, ""nu"": 4.276429796934922, ""omega"": 0.7404897213575206}",2.3066734281609658,True,2025-06-21,1.281192566803861,1.8236765127583148,student_t,BTC-USD,1431,0.11617860401175721,0.04887951181782659,,0.17491260544564902,2025-06-20,2024-02-07,3.347281587116116,5.911660688663629
1.2500036871865046,-1.2500036871865046,5.0190030036838476,8.168670173265067,False,False,2364.4623717715212,2381.32080416521,0,null,-1178.2311858857606,"{""alpha[1]"": 0.07916822198348342, ""beta[1]"": 0.836404478978211, ""nu"": 4.202348944882491, ""omega"": 0.7086824646398437}",2.2944768264756585,True,2025-06-22,1.2758013472560088,1.8218741989655922,student_t,BTC-USD,1432,0.10377186621463062,0.046442479073388325,,0.1672194571909591,2025-06-21,2024-02-08,3.325441011479115,5.894251594525333
-4.445468212081377,4.445468212081377,5.030534619914786,8.19332251267791,False,False,2363.689665181294,2380.548097574983,0,null,-1177.844832590647,"{""alpha[1]"": 0.08076126267238529, ""beta[1]"": 0.8329962879085749, ""nu"": 4.183535535458119, ""omega"": 0.7256121652977428}",2.2960714729107368,True,2025-06-23,1.2778549713996727,1.8242861531372414,student_t,BTC-USD,1433,0.38886678503757244,0.10352580564700915,,0.16033031556013863,2025-06-22,2024-02-09,3.3318674886700643,5.907112352619529
-0.4421629389136383,0.4421629389136383,5.764650672779564,9.415887581247762,False,False,2364.999823433765,2381.858255827454,0,null,-1178.4999117168825,"{""alpha[1]"": 0.08317054954072997, ""beta[1]"": 0.818892903333474, ""nu"": 4.12025584313803, ""omega"": 0.838934311772825}",2.619487238761167,True,2025-06-24,1.4129027088721222,1.9611230398567496,student_t,BTC-USD,1434,0.2126754360812463,0.0720959305998008,,0.16123465290045483,2025-06-23,2024-02-10,3.811345782711284,6.767430121066435
-1.232988928861035,1.232988928861035,5.554623158898523,9.101134073863813,False,False,2364.5613878698223,2381.419820263511,0,null,-1178.2806939349111,"{""alpha[1]"": 0.07884685437571197, ""beta[1]"": 0.8343227334223213, ""nu"": 4.079982980453074, ""omega"": 0.7495241077615904}",2.524879064514985,True,2025-06-25,1.3739378840791767,1.9251039523304772,student_t,BTC-USD,1435,0.2447596267220765,0.07755816525128628,,0.15948898663928313,2025-06-24,2024-02-11,3.6622036055804905,6.522827596267586
0.374445619562926,-0.374445619562926,5.437577173972963,8.900355276482975,False,False,2364.5453112272926,2381.4037436209815,0,null,-1178.2726556136463,"{""alpha[1]"": 0.07831991052428484, ""beta[1]"": 0.8359968908207396, ""nu"": 4.097836918581018, ""omega"": 0.7348397358960567}",2.4737155017594756,True,2025-06-26,1.3531355607614146,1.9035290897413373,student_t,BTC-USD,1436,0.16066392600929924,0.06011006535585992,,0.15977875164529973,2025-06-25,2024-02-12,3.587724139748908,6.385452155148913
-0.12000060322695369,0.12000060322695369,5.327028059092537,8.823203287279538,False,False,2361.8933999067344,2378.7518323004233,0,null,-1176.9466999533672,"{""alpha[1]"": 0.07299310429476549, ""beta[1]"": 0.8600290377007107, ""nu"": 3.9337193797586725, ""omega"": 0.6042122205347374}",2.418053658266759,True,2025-06-27,1.3259821975608501,1.8868445624647245,student_t,BTC-USD,1437,0.1799777574144099,0.06379706647701062,,0.15225356470187978,2025-06-26,2024-02-13,3.4795545450612413,6.259706044474103
-0.22318613173680657,0.22318613173680657,5.147969262052547,8.531967228359242,False,False,2361.5392887336534,2378.3977211273423,0,null,-1176.7696443668267,"{""alpha[1]"": 0.06597500117366685, ""beta[1]"": 0.8810527849783689, ""nu"": 3.9316537499983926, ""omega"": 0.47975811950264424}",2.3394848546762796,True,2025-06-28,1.2912923539155616,1.8529662324251062,student_t,BTC-USD,1438,0.1791607184915662,0.06273598891807741,,0.15335928366036153,2025-06-27,2024-02-14,3.3600282380945146,6.0504127600709285
-0.9808164798653395,0.9808164798653395,5.114737272356383,8.593619398166556,False,False,2357.612296566073,2374.470728959762,0,null,-1174.8061482830365,"{""alpha[1]"": 0.07004213300039447, ""beta[1]"": 0.8806845672322358, ""nu"": 3.7585710876927014, ""omega"": 0.4815336175663039}",2.3190386173253508,True,2025-06-29,1.2772171426452488,1.8509183994749323,student_t,BTC-USD,1439,0.21401440088353785,0.0699547696427742,,0.14559628602267768,2025-06-28,2024-02-15,3.299471537805414,6.014660484412074
1.1602107842924656,-1.1602107842924656,4.952922064853754,8.284436374924049,False,False,2357.670987289348,2374.529419683037,0,null,-1174.835493644674,"{""alpha[1]"": 0.061558279895204814, ""beta[1]"": 0.8998617377769753, ""nu"": 3.8172119353906577, ""omega"": 0.3694347375245589}",2.248986694484703,True,2025-06-30,1.2474681079056316,1.8173857094605372,student_t,BTC-USD,1440,0.10233793259771651,0.04663806727883143,,0.14712671713273187,2025-06-29,2024-02-16,3.2069694362467938,5.824017512175605
1.350422499839808,-1.350422499839808,4.847098350097995,8.047845090010085,False,False,2357.832941695864,2374.691374089553,0,null,-1174.916470847932,"{""alpha[1]"": 0.05509602595529216, ""beta[1]"": 0.9118440400584147, ""nu"": 3.9081391605630214, ""omega"": 0.3028846209314962}",2.2021788022696027,True,2025-07-01,1.2300565015104246,1.7933361746097947,student_t,BTC-USD,1441,0.0904158197694168,0.043469030388909084,,0.14395460904411994,2025-06-30,2024-02-17,3.1587388952281423,5.697325538730713
-2.9467777196763985,2.9467777196763985,4.782566901262277,7.891629898554075,False,False,2357.7962518058935,2374.6546841995823,0,null,-1174.8981259029467,"{""alpha[1]"": 0.05050494991372802, ""beta[1]"": 0.919363501182195, ""nu"": 3.989853144927986, ""omega"": 0.2643920617061264}",2.1747494993593444,True,2025-07-02,1.2201412373549374,1.7778957674636873,student_t,BTC-USD,1442,0.30400712752574693,0.08566352730185361,,0.14316936994303014,2025-07-01,2024-02-18,3.133364830838535,5.619575010508957
-0.7218611789276013,0.7218611789276013,4.897237815345919,8.001607972986031,False,False,2359.7442121772797,2376.6026445709686,0,null,-1175.8721060886398,"{""alpha[1]"": 0.0458398506900553, ""beta[1]"": 0.923383851734512, ""nu"": 4.127123322042759, ""omega"": 0.25397517333209557}",2.230044980623014,True,2025-07-03,1.2494054651687985,1.7983334518644716,student_t,BTC-USD,1443,0.1978816673496337,0.0647254428460237,,0.147291758527208,2025-07-02,2024-02-19,3.2357721680650693,5.750683105674763
1.482591913818017,-1.482591913818017,4.761728142390602,7.751870030808723,False,False,2358.689627298225,2375.5480596919137,0,null,-1175.3448136491124,"{""alpha[1]"": 0.042713800485498964, ""beta[1]"": 0.929401761495909, ""nu"": 4.188538365550316, ""omega"": 0.22152569441949346}",2.172741502699733,True,2025-07-04,1.223246977183762,1.7691846954886827,student_t,BTC-USD,1444,0.08363510489455234,0.04108448895725797,,0.15005751362483818,2025-07-03,2024-02-20,3.155294011709062,5.59104080954381
-0.18203901235844305,0.18203901235844305,4.727231442913889,7.645484529289215,False,False,2358.337503568981,2375.19593596267,0,null,-1175.1687517844905,"{""alpha[1]"": 0.03999170182788918, ""beta[1]"": 0.9326231917767525, ""nu"": 4.284291890775582, ""omega"": 0.20811114690265023}",2.1575694174292557,True,2025-07-05,1.21978051868372,1.7596765626664101,student_t,BTC-USD,1445,0.16662294730596536,0.057293070636633435,,0.1451483939287726,2025-07-04,2024-02-21,3.150419933760861,5.547268051304895
-0.9205212297772458,0.9205212297772458,4.614143456491166,7.449011812555968,False,False,2356.721000417392,2373.579432811081,0,null,-1174.360500208696,"{""alpha[1]"": 0.03854458555318302, ""beta[1]"": 0.9356399219865111, ""nu"": 4.320296151664026, ""omega"": 0.19040928232950494}",2.1092736003493986,True,2025-07-06,1.1964624563036423,1.734959781749298,student_t,BTC-USD,1446,0.19998531077589723,0.06335047023371819,,0.14722465281460642,2025-07-05,2024-02-22,3.079184985740695,5.414525793594567
0.8570920982519109,-0.8570920982519109,4.530859949326889,7.2983270025892155,False,False,2355.2311934429363,2372.089625836625,0,null,-1173.6155967214681,"{""alpha[1]"": 0.037599568778463995, ""beta[1]"": 0.9371643434436739, ""nu"": 4.365037723639912, ""omega"": 0.18095920524194212}",2.075185498939295,True,2025-07-07,1.1793440441475722,1.7161286282980246,student_t,BTC-USD,1447,0.10857404930038413,0.04459618584961145,,0.15113740480506738,2025-07-06,2024-02-23,3.0285730842595915,5.316710683213052
-0.5987787756894914,0.5987787756894914,4.4736007198975125,7.187043204199458,False,False,2353.7450188487524,2370.603451242441,0,null,-1172.8725094243762,"{""alpha[1]"": 0.03693796577423363, ""beta[1]"": 0.937798574270212, ""nu"": 4.412407685845514, ""omega"": 0.17653095413599493}",2.051184940103817,True,2025-07-08,1.1680661546439697,1.7025778782540728,student_t,BTC-USD,1448,0.17977605266722638,0.058474622573725196,,0.1516695818297059,2025-07-07,2024-02-24,2.9967422776550325,5.248683481683023
-2.157624527478394,2.157624527478394,4.396244878393926,7.058494933580992,False,False,2351.638553351254,2368.496985744943,0,null,-1171.819276675627,"{""alpha[1]"": 0.03700988685482639, ""beta[1]"": 0.9380196505821881, ""nu"": 4.423389451947659, ""omega"": 0.171357356735384}",2.016218521052635,True,2025-07-09,1.1509528313087056,1.684944459716653,student_t,BTC-USD,1449,0.2551998519856815,0.07315355805304116,,0.149586020557966,2025-07-08,2024-02-25,2.9463725122352313,5.157731277825716
-4.101205071393515,4.101205071393515,4.447177801058885,7.0955582902292065,False,False,2351.444376591783,2368.302808985472,0,null,-1171.7221882958916,"{""alpha[1]"": 0.036023154194678345, ""beta[1]"": 0.9366707431119363, ""nu"": 4.535814205589582, ""omega"": 0.18234460492816784}",2.0432126732930587,True,2025-07-10,1.1659866676552726,1.6944173912555271,student_t,BTC-USD,1450,0.35486721226879825,0.09316074254802677,,0.15327346693830285,2025-07-09,2024-02-26,2.996139173982443,5.214869183409153
-1.3103070361553912,1.3103070361553912,4.810512393286397,7.682477076316799,False,False,2352.5305390607127,2369.3889714544016,0,null,-1172.2652695303564,"{""alpha[1]"": 0.034581148296058926, ""beta[1]"": 0.9352636430082836, ""nu"": 4.499218441233609, ""omega"": 0.20592255273487936}",2.2025797410814416,True,2025-07-11,1.244329832142404,1.7730130688164243,student_t,BTC-USD,1451,0.22751566492373737,0.06949790955532688,,0.15097363954781728,2025-07-10,2024-02-27,3.2400062623193526,5.63948391937729
0.06960192139144106,-0.06960192139144106,4.79691768914769,7.687871135315561,False,False,2349.649221857044,2366.5076542507327,0,null,-1170.824610928522,"{""alpha[1]"": 0.03460238377336331, ""beta[1]"": 0.9355338419529031, ""nu"": 4.429843014016806, ""omega"": 0.20531205436668085}",2.1918007789834024,True,2025-07-12,1.2396413213336634,1.7712473402858495,student_t,BTC-USD,1452,0.1576166513565471,0.05554870974861897,,0.1444070103320746,2025-07-11,2024-02-28,3.2219349485223803,5.624472896253333
-1.4211873761339522,1.4211873761339522,4.774428410141272,7.68933169880664,False,False,2343.5068261908227,2360.3652585845116,0,null,-1167.7534130954114,"{""alpha[1]"": 0.03880997429220492, ""beta[1]"": 0.9320585159148901, ""nu"": 4.326245396108395, ""omega"": 0.21012085882993586}",2.1710820618656186,True,2025-07-13,1.2325889255973737,1.7678611196999454,student_t,BTC-USD,1453,0.23083911604656457,0.0701923035013428,,0.1261287478963589,2025-07-12,2024-02-29,3.1955949447973357,5.598042974000322
-0.6139691780727092,0.6139691780727092,4.723800273611846,7.6027538712601075,False,False,2342.173296672373,2359.031729066062,0,null,-1167.0866483361865,"{""alpha[1]"": 0.03792506066560404, ""beta[1]"": 0.9331938443147602, ""nu"": 4.347665086328632, ""omega"": 0.20504220461443384}",2.1523148214269616,True,2025-07-14,1.2221021946309532,1.75712851055596,student_t,BTC-USD,1454,0.18882497489246983,0.061534723265383104,,0.1331956055026649,2025-07-13,2024-03-01,3.162530319776684,5.539503148465595
1.7443885857792256,-1.7443885857792256,4.643594837943787,7.473896275040435,False,False,2340.194022805404,2357.052455199093,0,null,-1166.097011402702,"{""alpha[1]"": 0.03717287095650209, ""beta[1]"": 0.9349427038941569, ""nu"": 4.346477928764816, ""omega"": 0.19468859858319085}",2.115506871676214,True,2025-07-15,1.2049728802694974,1.7400044517422781,student_t,BTC-USD,1455,0.06822120799653482,0.03701002545094122,,0.13040445070109283,2025-07-14,2024-03-02,3.108812745709921,5.445391130873344
-0.8129063946738924,0.8129063946738924,4.659664441473469,7.45589430674258,False,False,2339.853816271749,2356.712248665438,0,null,-1165.9269081358746,"{""alpha[1]"": 0.03621544454891821, ""beta[1]"": 0.934241118736758, ""nu"": 4.441234966179492, ""omega"": 0.20055347788144023}",2.124035707920502,True,2025-07-16,1.2118112282489322,1.7414742485988923,student_t,BTC-USD,1456,0.1974122257038516,0.06274120428192753,,0.12823578299115718,2025-07-15,2024-03-03,3.1353381194031362,5.461214033518854
-0.46325315481966395,0.46325315481966395,4.596581870679622,7.350123819977998,False,False,2337.899347854339,2354.7577802480278,0,null,-1164.9496739271694,"{""alpha[1]"": 0.036138496480779735, ""beta[1]"": 0.9342818646099554, ""nu"": 4.452184861967023, ""omega"": 0.19777978870086454}",2.0954341898783353,True,2025-07-17,1.1985593491221076,1.7276218064021496,student_t,BTC-USD,1457,0.17789426606870706,0.05850193058975806,,0.1262271548471048,2025-07-16,2024-03-04,3.094632166554474,5.386939904156137
1.0844225622222954,-1.0844225622222954,4.555037211236739,7.317255945456366,False,False,2332.5331798632183,2349.391612256907,0,null,-1162.2665899316091,"{""alpha[1]"": 0.03804065894935144, ""beta[1]"": 0.9341026753405474, ""nu"": 4.356194939766132, ""omega"": 0.19194173546914325}",2.0680937341308465,True,2025-07-18,1.1872157594736974,1.7198145596591474,student_t,BTC-USD,1458,0.09859628433875571,0.04254094977679839,,0.11144024498919781,2025-07-17,2024-03-05,3.056348248997408,5.3385175399021305
0.05361459934226067,-0.05361459934226067,4.549333881574961,7.337080183548118,False,False,2328.0524666142346,2344.9108990079235,0,null,-1160.0262333071173,"{""alpha[1]"": 0.041911759417805956, ""beta[1]"": 0.9285360875010792, ""nu"": 4.307403239597227, ""omega"": 0.21145070847269737}",2.069521731050702,True,2025-07-19,1.1834330537542548,1.720081586761058,student_t,BTC-USD,1459,0.14936988920503538,0.05281474422815786,,0.12298799622549011,2025-07-18,2024-03-06,3.0410123834429656,5.335089022158042
0.5434339336096738,-0.5434339336096738,4.484449965333788,7.272107591528286,False,False,2325.018868815056,2341.877301208745,0,null,-1158.509434407528,"{""alpha[1]"": 0.04214550367338795, ""beta[1]"": 0.9305563746795074, ""nu"": 4.215104519848089, ""omega"": 0.19843368287128724}",2.035502853827661,True,2025-07-20,1.1661113050742427,1.7074231653626093,student_t,BTC-USD,1460,0.12204735700541977,0.0471704153621695,,0.11578082698590333,2025-07-19,2024-03-07,2.984381073718067,5.260475469826621
-0.11821574696382484,0.11821574696382484,4.391737197921313,7.110233878178354,False,False,2323.5363176378914,2340.3947500315803,0,null,-1157.7681588189457,"{""alpha[1]"": 0.04097643142200918, ""beta[1]"": 0.9335660436543892, ""nu"": 4.2383852026824425, ""omega"": 0.18069931918518373}",1.993414266062811,True,2025-07-21,1.146166981794599,1.6859747780020764,student_t,BTC-USD,1461,0.1522527188847875,0.05269151021324508,,0.11223233110969362,2025-07-20,2024-03-08,2.9268386307319227,5.150935274360678
-2.152988592407753,2.152988592407753,4.294742020749112,6.963670092429244,False,False,2321.355241242478,2338.2136736361667,0,null,-1156.677620621239,"{""alpha[1]"": 0.040791150331632595, ""beta[1]"": 0.9356867768973355, ""nu"": 4.213574336385061, ""omega"": 0.1656419775609234}",1.9482642544827602,True,2025-07-22,1.123018308373144,1.664112295435189,student_t,BTC-USD,1462,0.25058420326812414,0.07190546867650854,,0.10840250015622367,2025-07-21,2024-03-09,2.8586954729547247,5.037558275243096
1.039130753964578,-1.039130753964578,4.365496355250885,7.030983302764504,False,False,2321.6866064772694,2338.5450388709583,0,null,-1156.8433032386347,"{""alpha[1]"": 0.03946443778434922, ""beta[1]"": 0.9344717278093685, ""nu"": 4.321311219750901, ""omega"": 0.17669033509768964}",1.9835985728179373,True,2025-07-23,1.1431096895925759,1.6782696540577673,student_t,BTC-USD,1463,0.09415177835001026,0.04079024926574884,,0.11212721801609524,2025-07-22,2024-03-10,2.9221663209647817,5.118155680539458
0.32638027121009466,-0.32638027121009466,4.33348297103776,6.956334564001586,False,False,2320.4623046944926,2337.3207370881814,0,null,-1156.2311523472463,"{""alpha[1]"": 0.03924805204671167, ""beta[1]"": 0.9339814437616236, ""nu"": 4.371614430076005, ""omega"": 0.17724377656802143}",1.9689709327660398,True,2025-07-24,1.1376957103981171,1.669762489614802,student_t,BTC-USD,1464,0.12913956646774255,0.047525077458511276,,0.1085337913767137,2025-07-23,2024-03-11,2.9091716005649433,5.078888017061218
0.620430077459231,-0.620430077459231,4.283693780562892,6.914253071978832,False,False,2316.9091803756237,2333.7676127693126,0,null,-1154.4545901878118,"{""alpha[1]"": 0.03987302038196025, ""beta[1]"": 0.9350633880112125, ""nu"": 4.271637378986102, ""omega"": 0.16879363121341687}",1.940489588355772,True,2025-07-25,1.1232540767801362,1.6598589030895932,student_t,BTC-USD,1465,0.11214776836699357,0.04401211877615859,,0.09908257111629538,2025-07-24,2024-03-12,2.8633854447991003,5.021641955075086
-0.26443693047738026,0.26443693047738026,4.215792170793368,6.794908033511503,False,False,2315.168748602736,2332.0271809964247,0,null,-1153.584374301368,"{""alpha[1]"": 0.04031850088027204, ""beta[1]"": 0.9344880252461498, ""nu"": 4.297261586428844, ""omega"": 0.16660313229941837}",1.9112200217948312,True,2025-07-26,1.1080288441094446,1.6434496935663323,student_t,BTC-USD,1466,0.15428042489425722,0.052062116918718725,,0.09963167817264547,2025-07-25,2024-03-13,2.8211715674077613,4.941774761394488
-1.2646766556711952,1.2646766556711952,4.135914333772453,6.678263936385097,False,False,2312.6387164269645,2329.4971488206534,0,null,-1152.3193582134822,"{""alpha[1]"": 0.0412806280351827, ""beta[1]"": 0.9342940349275236, ""nu"": 4.265760632796128, ""omega"": 0.1610488531359644}",1.8734512473089986,True,2025-07-27,1.087930126892302,1.6248784272019696,student_t,BTC-USD,1467,0.20141921860477763,0.06113232264266373,,0.09572717221938618,2025-07-26,2024-03-14,2.7637077164243538,4.848555608595173
1.2840860312947928,-1.2840860312947928,4.122468592742882,6.655353795215394,False,False,2310.8096191603354,2327.6680515540243,0,null,-1151.4048095801677,"{""alpha[1]"": 0.041874583702008986, ""beta[1]"": 0.9325301089502466, ""nu"": 4.279227993978896, ""omega"": 0.16741994874018803}",1.8709677604944233,True,2025-07-28,1.0845682197874353,1.6217145846413223,student_t,BTC-USD,1468,0.07351007270817025,0.03549650655617915,,0.10292701782240501,2025-07-27,2024-03-15,2.7542874854581965,4.8337366869127045
0.0019742695067717937,-0.0019742695067717937,4.149028315524129,6.695927710842069,False,False,2309.019739533842,2325.8781719275307,0,null,-1150.509869766921,"{""alpha[1]"": 0.042250234369893405, ""beta[1]"": 0.9304747861206186, ""nu"": 4.28809530977998, ""omega"": 0.1775312131215792}",1.8842859279457211,True,2025-07-29,1.0911182138760411,1.6280717056962928,student_t,BTC-USD,1469,0.1385294603426849,0.04863100447072202,,0.10602063041677469,2025-07-28,2024-03-16,2.7725634763604674,4.86507471657897
0.07716619758676382,-0.07716619758676382,4.037150440278288,6.568637811265434,False,False,2304.3521052147653,2321.210537608454,0,null,-1148.1760526073826,"{""alpha[1]"": 0.042709737700206245, ""beta[1]"": 0.9339009003100937, ""nu"": 4.184303485921823, ""omega"": 0.15652967762616612}",1.8380304192413723,True,2025-07-30,1.0587488879443172,1.6037402318031786,student_t,BTC-USD,1470,0.1300155731700419,0.04661670846892121,,0.11816022691893033,2025-07-29,2024-03-17,2.6774776609875994,4.73883704447888
1.7749425967369021,-1.7749425967369021,3.950066568023079,6.474052090386493,False,False,2300.3645938187974,2317.2230262124863,0,null,-1146.1822969093987,"{""alpha[1]"": 0.043551037962040906, ""beta[1]"": 0.9362898266361929, ""nu"": 4.069558822074309, ""omega"": 0.13987552997745986}",1.7933038056435988,True,2025-07-31,1.0330052585578007,1.5842060139358396,student_t,BTC-USD,1471,0.04146144784432755,0.028630930023250283,,0.10880344638436577,2025-07-30,2024-03-18,2.6041715536234524,4.6380355990619275
2.128712645796635,-2.128712645796635,4.084877690729222,6.650484083770527,False,False,2300.232115726681,2317.09054812037,0,null,-1146.1160578633405,"{""alpha[1]"": 0.04343299394776271, ""beta[1]"": 0.9317442657240577, ""nu"": 4.158880541861351, ""omega"": 0.16592814645862275}",1.8540356865585692,True,2025-08-01,1.0704781680615296,1.6154576330681776,student_t,BTC-USD,1472,0.02901613039197493,0.02664743376498653,,0.10773126270176568,2025-07-31,2024-03-19,2.709035253636133,4.793456022295286
0.7024004188970958,-0.7024004188970958,4.180571148663226,6.784814717858709,False,False,2296.4904873001974,2313.3489196938863,0,null,-1144.2452436500987,"{""alpha[1]"": 0.041894829276557265, ""beta[1]"": 0.9339822976217286, ""nu"": 4.220409616836696, ""omega"": 0.16241441321210642}",1.903416503373015,True,2025-08-02,1.0951300508976467,1.6377825956363234,student_t,BTC-USD,1473,0.10381753530106645,0.042036693205123064,,0.12089798377995889,2025-08-01,2024-03-20,2.778751124918423,4.906069739409398
-1.4913601076369134,1.4913601076369134,4.152780842241804,6.682243829022774,False,False,2289.8625215337147,2306.7209539274036,0,null,-1140.9312607668573,"{""alpha[1]"": 0.04624757655476195, ""beta[1]"": 0.9280877749366959, ""nu"": 4.328002506610495, ""omega"": 0.1761579397673022}",1.8845763519766656,True,2025-08-03,1.0938303785740118,1.6278993735116933,student_t,BTC-USD,1474,0.21369699950375237,0.0635901082086124,,0.10099101235002503,2025-08-02,2024-03-21,2.7825798824381303,4.867650713224321
-0.745097080497803,0.745097080497803,4.195372872391528,6.776222077805073,False,False,2287.5594229706285,2304.4178553643173,0,null,-1139.7797114853142,"{""alpha[1]"": 0.047391576305838796, ""beta[1]"": 0.9254434844133402, ""nu"": 4.280900501945946, ""omega"": 0.18947225183461314}",1.9069647312633307,True,2025-08-04,1.1016574594195836,1.6395280582640162,student_t,BTC-USD,1475,0.17731218318219236,0.05665368358670475,,0.11123746741054152,2025-08-03,2024-03-22,2.801146583146041,4.920271278172668
0.8118573366856285,-0.8118573366856285,4.105408389940084,6.662995504113893,False,False,2285.2039593617387,2302.0623917554276,0,null,-1138.6019796808694,"{""alpha[1]"": 0.047414490325402, ""beta[1]"": 0.9282808631859041, ""nu"": 4.219068719511807, ""omega"": 0.17272353234638432}",1.8688592839016642,True,2025-08-05,1.0769927917881819,1.6196339435325298,student_t,BTC-USD,1476,0.09584782905357238,0.0400592007299612,,0.11802735090118505,2025-08-04,2024-03-23,2.7288139177570745,4.817777409681745
-0.7737149334859916,0.7737149334859916,3.9925545961621114,6.455840420395849,False,False,2284.446016470643,2301.304448864332,0,null,-1138.2230082353215,"{""alpha[1]"": 0.04592028465638585, ""beta[1]"": 0.9324121270043679, ""nu"": 4.277451624135148, ""omega"": 0.14977865617013125}",1.8189813833170791,True,2025-08-06,1.0511992038756315,1.5905475292558622,student_t,BTC-USD,1477,0.17179111448603548,0.05457829464663865,,0.11551677849551771,2025-08-05,2024-03-24,2.6621073562347153,4.684114531177869
-2.1236359975387322,2.1236359975387322,3.9881973470805794,6.482380635403488,False,False,2280.0845290104426,2296.9429614041314,0,null,-1136.0422645052213,"{""alpha[1]"": 0.04866630961662087, ""beta[1]"": 0.9294125142011522, ""nu"": 4.186434303959505, ""omega"": 0.15836852603412405}",1.8116575284118355,True,2025-08-07,1.0473952582871218,1.5910064870406417,student_t,BTC-USD,1478,0.2386011032357166,0.06803387553318453,,0.10739878973235374,2025-08-06,2024-03-25,2.648386067175595,4.679751555779716
0.6902004205273947,-0.6902004205273947,4.236359776683939,6.908651104628928,False,False,2278.304896345432,2295.163328739121,0,null,-1135.152448172716,"{""alpha[1]"": 0.05176792552188536, ""beta[1]"": 0.9197350554051653, ""nu"": 4.124096057065319, ""omega"": 0.2094511924947894}",1.9185607681162602,True,2025-08-08,1.1061636899144869,1.6522627412106052,student_t,BTC-USD,1479,0.10581078250314585,0.04280493436747473,,0.10370105218845534,2025-08-07,2024-03-26,2.8064160705903096,4.970693857274864
0.16155749932656607,-0.16155749932656607,4.074729973885893,6.617199687997547,False,False,2277.76008494249,2294.6185173361787,0,null,-1134.880042471245,"{""alpha[1]"": 0.04897442817731702, ""beta[1]"": 0.9274282754604188, ""nu"": 4.1893033499312615, ""omega"": 0.16919270996341526}",1.8477077859492197,True,2025-08-09,1.069570235677424,1.6120257365634565,student_t,BTC-USD,1480,0.12735917246165032,0.04618399617033059,,0.10223769562465894,2025-08-08,2024-03-27,2.70874094855957,4.779957116359621
-2.380361526689844,2.380361526689844,3.882440437703116,6.297856130288244,False,False,2276.45097021017,2293.309402603859,0,null,-1134.225485105085,"{""alpha[1]"": 0.046867242415658136, ""beta[1]"": 0.934548308168497, ""nu"": 4.215002876460748, ""omega"": 0.13164619290260815}",1.7636650593538001,True,2025-08-10,1.0216864912223995,1.5634446191538847,student_t,BTC-USD,1481,0.24815242401015697,0.06935193649184805,,0.10344206953602499,2025-08-09,2024-03-28,2.5826869535132913,4.554832122494954
0.4833792329607972,-0.4833792329607972,4.082321846198251,6.6040412766525165,False,False,2277.347524595875,2294.2059569895637,0,null,-1134.6737622979374,"{""alpha[1]"": 0.046399962813634336, ""beta[1]"": 0.9312414413191434, ""nu"": 4.250939970225709, ""omega"": 0.15421292424249938}",1.8533140841831113,True,2025-08-11,1.0735518825819903,1.6126573975536713,student_t,BTC-USD,1482,0.11195319780568283,0.0430438969444068,,0.10452335459502851,2025-08-10,2024-03-29,2.722443189074452,4.787768927401474
-1.2067410417172963,1.2067410417172963,3.9491684762627384,6.387240213743264,False,False,2275.898627980351,2292.75706037404,0,null,-1133.9493139901756,"{""alpha[1]"": 0.045153476704467406, ""beta[1]"": 0.9354421712303005, ""nu"": 4.2614648975210105, ""omega"": 0.1320444815765067}",1.7952277522266908,True,2025-08-12,1.0403741315234427,1.5795271241895144,student_t,BTC-USD,1483,0.19201597091626998,0.05838926307124236,,0.10598022773154779,2025-08-11,2024-03-30,2.6335783766081,4.632185265406934
-2.604611531030144,2.604611531030144,3.8829977656412042,6.259671836914396,False,False,2275.2077854825075,2292.0662178761963,0,null,-1133.6038927412537,"{""alpha[1]"": 0.04437744620284521, ""beta[1]"": 0.9367687060826332, ""nu"": 4.320760775852338, ""omega"": 0.12418070558968404}",1.768499706795865,True,2025-08-13,1.0251881503844507,1.5616509441911282,student_t,BTC-USD,1484,0.26003543992114364,0.07158667908300397,,0.10910326122328294,2025-08-12,2024-03-31,2.5960972673927234,4.554056377270246
4.125044324166835,-4.125044324166835,4.128891729087671,6.6452064376149576,True,False,2275.9952224203817,2292.8536548140705,0,null,-1133.9976112101908,"{""alpha[1]"": 0.044835536827134904, ""beta[1]"": 0.9317386943393503, ""nu"": 4.337796974238393, ""omega"": 0.15327540228279954}",1.87798385903595,True,2025-08-14,7.675392619659348,1.6223825296187377,student_t,BTC-USD,1485,1.2919953388364573,0.007159006583751013,,0.10952191254611672,2025-08-13,2024-04-01,2.7650492306547743,4.840944982541935
0.815439710216526,-0.815439710216526,4.731728963999151,7.624112084893432,False,False,2279.574210264711,2296.4326426584,0,null,-1135.7871051323555,"{""alpha[1]"": 0.04650936749628798, ""beta[1]"": 0.922555309935746, ""nu"": 4.294813827826097, ""omega"": 0.2063746936675071}",2.1424351373192336,True,2025-08-15,1.2237998837772417,1.7586961584016403,student_t,BTC-USD,1486,0.11762482207292319,0.04730189153443515,,0.10589922436440184,2025-08-14,2024-04-02,3.1679361516749878,5.545628863660037
-0.07918610617895538,0.07918610617895538,4.74637253146818,7.661118758929718,False,False,2274.7327719730506,2291.5912043667395,0,null,-1133.3663859865253,"{""alpha[1]"": 0.050077903110805996, ""beta[1]"": 0.9153815741596953, ""nu"": 4.280236214040032, ""omega"": 0.2355705805112334}",2.153423561831633,True,2025-08-16,1.225644601113796,1.7625509157655532,student_t,BTC-USD,1487,0.16255078868178496,0.056441683066926485,,0.1168665258201446,2025-08-15,2024-04-03,3.1718296674567408,5.564982200513688
0.03259414571896875,-0.03259414571896875,4.566503648665862,7.362047404172381,False,False,2273.6656374216864,2290.5240698153752,0,null,-1132.8328187108432,"{""alpha[1]"": 0.04736468593246249, ""beta[1]"": 0.9226561283747972, ""nu"": 4.302886715303116, ""omega"": 0.2004479402733206}",2.073659386482637,True,2025-08-17,1.1876094505025416,1.7235800586639138,student_t,BTC-USD,1488,0.15108824054901776,0.05321395819897234,,0.11540014941707452,2025-08-16,2024-04-04,3.0543589566993212,5.353989965616198
1.027584894774574,-1.027584894774574,4.499165189698976,7.298760485800902,False,False,2270.274953796669,2287.1333861903577,0,null,-1131.1374768983344,"{""alpha[1]"": 0.04728415833412231, ""beta[1]"": 0.9247337203898033, ""nu"": 4.1988128467333095, ""omega"": 0.19160979945782508}",2.0381328056525465,True,2025-08-18,1.169383920028015,1.7106697052949658,student_t,BTC-USD,1489,0.09832868939906496,0.04249164706204315,,0.1078151885832643,2025-08-17,2024-04-05,2.9941586827558715,5.276749600978885
2.98702202007878,-2.98702202007878,4.4098241262316416,7.138460828262306,True,False,2269.628633413822,2286.487065807511,0,null,-1130.814316706911,"{""alpha[1]"": 0.045925726203414466, ""beta[1]"": 0.9278698676865753, ""nu"": 4.234199357459928, ""omega"": 0.17588930074439285}",1.9993346717432863,True,2025-08-19,1.3645238628002998,1.6899416199170263,student_t,BTC-USD,1490,0.04483309107650237,0.021843962162374258,,0.10772914487737285,2025-08-18,2024-04-06,2.93982929262983,5.171418236316204
-1.2712851606813442,1.2712851606813442,4.666461332375605,7.524245553181562,False,False,2271.68063471975,2288.5390671134387,0,null,-1131.840317359875,"{""alpha[1]"": 0.0467365995870265, ""beta[1]"": 0.9225645451645621, ""nu"": 4.276365069222172, ""omega"": 0.20365302714750916}",2.109885174696381,True,2025-08-20,1.2096532687937214,1.7449355380370397,student_t,BTC-USD,1491,0.21971624045043006,0.06739944383309866,,0.0986586015647023,2025-08-19,2024-04-07,3.123039648327253,5.468659222628516
1.6372327850882071,-1.6372327850882071,4.584369749887379,7.370706708676832,False,False,2271.125448110029,2287.983880503718,0,null,-1131.5627240550145,"{""alpha[1]"": 0.04608390091182089, ""beta[1]"": 0.9237636353308312, ""nu"": 4.325998242901039, ""omega"": 0.19557081073714036}",2.0752334766951672,True,2025-08-21,1.1934524968018296,1.7262947684279357,student_t,BTC-USD,1492,0.07189808999106705,0.037343995247078564,,0.09985168081189802,2025-08-20,2024-04-08,3.075194584909547,5.37163230979606
-3.8863926429056255,3.8863926429056255,4.620092595362174,7.438946980070564,False,False,2269.6418587565936,2286.5002911502825,0,null,-1130.8209293782968,"{""alpha[1]"": 0.046284197951283974, ""beta[1]"": 0.9226812873194294, ""nu"": 4.289162303302561, ""omega"": 0.20250431905491476}",2.0858824448604194,True,2025-08-22,1.200651434796848,1.7343470197968154,student_t,BTC-USD,1493,0.3491474100254487,0.09299102253287299,,0.09014005642375897,2025-08-21,2024-04-09,3.096555557603343,5.412709610381666
1.2915297322821202,-1.2915297322821202,5.001331859234557,8.073474922295912,False,False,2271.249413635252,2288.107846028941,0,null,-1131.624706817626,"{""alpha[1]"": 0.04850526495023235, ""beta[1]"": 0.9148398433639919, ""nu"": 4.2574538409747, ""omega"": 0.2443014584062075}",2.260487408870491,True,2025-08-23,1.2783238163663952,1.8146054750454357,student_t,BTC-USD,1494,0.10262293063218318,0.04569986543211443,,0.1049955939503279,2025-08-22,2024-04-10,3.3439883449257817,5.861516275493559
1.6745357827095773,-1.6745357827095773,4.948298295422627,7.9883374611122475,False,False,2270.25924280534,2287.117675199029,0,null,-1131.12962140267,"{""alpha[1]"": 0.04805858054460358, ""beta[1]"": 0.9155652678261004, ""nu"": 4.2499364874363605, ""omega"": 0.24100303276022153}",2.233844848933187,True,2025-08-24,1.2677594652987616,1.803869481788623,student_t,BTC-USD,1495,0.08172345534909314,0.04124093102965805,,0.09826467423867342,2025-08-23,2024-04-11,3.3090048896914386,5.798628885675379
2.9826315537779093,-2.9826315537779093,4.921982706943269,7.912053150473056,False,False,2270.320636542559,2287.179068936248,0,null,-1131.1603182712795,"{""alpha[1]"": 0.048402930128901955, ""beta[1]"": 0.9136259593506195, ""nu"": 4.315867584960771, ""omega"": 0.2465312941693654}",2.223024500555358,True,2025-08-25,1.2648641127757414,1.797110620002202,student_t,BTC-USD,1496,0.01603851512596898,0.027830659911104387,,0.09641515918874001,2025-08-24,2024-04-12,3.3034018562972887,5.765697544888345
-1.5125123344068259,1.5125123344068259,5.119522105380738,8.241178903816913,False,False,2269.944721842885,2286.803154236574,0,null,-1130.9723609214425,"{""alpha[1]"": 0.049719975643989875, ""beta[1]"": 0.9089513784246271, ""nu"": 4.291604551162962, ""omega"": 0.2721466701429559}",2.3109486696448225,True,2025-08-26,1.3034529353062103,1.836899237128402,student_t,BTC-USD,1497,0.24722990877511158,0.07510078349069943,,0.09879969011598293,2025-08-25,2024-04-13,3.4320858410954007,5.99756601466311
0.520655346926939,-0.520655346926939,5.074731086547099,8.191446041186847,False,False,2266.345850629601,2283.20428302329,0,null,-1129.1729253148005,"{""alpha[1]"": 0.0498852371403164, ""beta[1]"": 0.908103457558219, ""nu"": 4.264853077394004, ""omega"": 0.279169915175846}",2.2963267317044687,True,2025-08-27,1.292802914369584,1.8292461358410623,student_t,BTC-USD,1498,0.14359757367619957,0.05427609819591487,,0.11212912473011508,2025-08-26,2024-04-14,3.392606820450928,5.948265166518421
-1.1822640337760353,1.1822640337760353,4.994753193308967,8.105761353496884,False,False,2263.981801265155,2280.8402336588438,0,null,-1127.9909006325774,"{""alpha[1]"": 0.04915569941082816, ""beta[1]"": 0.9107911579155403, ""nu"": 4.176837996063802, ""omega"": 0.2696816386059232}",2.2556853672759196,True,2025-08-28,1.2740029015436036,1.815044392952772,student_t,BTC-USD,1499,0.22534230940608116,0.07038427812655111,,0.10516811373800719,2025-08-27,2024-04-15,3.324582154345584,5.85616377887907
3.742335971449373,-3.742335971449373,4.952300597317844,8.088456278824825,True,False,2261.1425491269424,2278.0009815206313,0,null,-1126.5712745634712,"{""alpha[1]"": 0.04963287019451866, ""beta[1]"": 0.9105965407926132, ""nu"": 4.095228759704974, ""omega"": 0.2734236934697376}",2.2392691216430793,True,2025-08-29,3.140025453744915,1.8087993135453049,student_t,BTC-USD,1500,0.44186826866718837,0.020680989595176263,,0.11469484170176318,2025-08-28,2024-04-16,3.2772114781154906,5.810434930966998
-0.3657460795427908,0.3657460795427908,5.244959524444686,8.511730664174,False,False,2264.8661470056813,2281.72457939937,0,null,-1128.4330735028407,"{""alpha[1]"": 0.05025835948901703, ""beta[1]"": 0.9065061095039284, ""nu"": 4.172235418339984, ""omega"": 0.29285699972304186}",2.366603920352526,True,2025-08-30,1.3229851831165544,1.8638493671745953,student_t,BTC-USD,1501,0.1928704125957292,0.06514655013436266,,0.10599778572577884,2025-08-29,2024-04-17,3.49166217237179,6.14890893389347
0.5264910683545564,-0.5264910683545564,5.166593908557682,8.45272624274462,False,False,2260.9732932896345,2277.8317256833234,0,null,-1126.4866466448173,"{""alpha[1]"": 0.05067544069330571, ""beta[1]"": 0.9065389918213586, ""nu"": 4.066404406046523, ""omega"": 0.2971366187811773}",2.3333904139189667,True,2025-08-31,1.3031224995843491,1.8516392703137137,student_t,BTC-USD,1502,0.14440782764065024,0.0553538365883767,,0.11483719495488581,2025-08-30,2024-04-18,3.4146476211675587,6.0618747271922215
-0.9323672094356937,0.9323672094356937,5.12768485072256,8.461936391458735,False,False,2257.506994262638,2274.3654266563267,0,null,-1124.753497131319,"{""alpha[1]"": 0.05172790821566534, ""beta[1]"": 0.9057438916093447, ""nu"": 3.9423173403765914, ""omega"": 0.30535863625660586}",2.310093683671226,True,2025-09-01,1.2908437238149961,1.8468135393166012,student_t,BTC-USD,1503,0.21485499881414089,0.06950796803715587,,0.10661597240091843,2025-08-31,2024-04-19,3.36473276684712,6.018429594279887
-1.7691382285678674,1.7691382285678674,4.997210176575265,8.217580638713256,False,False,2257.5643097290185,2274.4227421227074,0,null,-1124.7821548645093,"{""alpha[1]"": 0.05012263749603919, ""beta[1]"": 0.9099998465547554, ""nu"": 3.992495501341673, ""omega"": 0.28074636775267964}",2.253792500480076,True,2025-09-02,1.2669794270346824,1.8199346947584303,student_t,BTC-USD,1504,0.2528900210909539,0.07633687419733579,,0.10744167824518645,2025-09-01,2024-04-20,3.2886621932512057,5.864549191165705
-0.468883057638444,0.468883057638444,4.967720115088251,8.163821731586108,False,False,2257.4888335458254,2274.3472659395143,0,null,-1124.7444167729127,"{""alpha[1]"": 0.04957310093818879, ""beta[1]"": 0.9112530244562328, ""nu"": 4.001778856810041, ""omega"": 0.2746315224507203}",2.240934607953354,True,2025-09-03,1.2614108125949688,1.8138133138525054,student_t,BTC-USD,1505,0.1869938704556236,0.06298675544902654,,0.10740678032422432,2025-09-02,2024-04-21,3.2709943514740245,5.829792487264204
0.8987461706759587,-0.8987461706759587,4.834311303860927,7.921142905462144,False,False,2257.102952860826,2273.961385254515,0,null,-1124.551476430413,"{""alpha[1]"": 0.04844912878819393, ""beta[1]"": 0.9146135837307015, ""nu"": 4.046452371065569, ""omega"": 0.2538199589321137}",2.1834026871311663,True,2025-09-04,1.235760813010459,1.7856864642774797,student_t,BTC-USD,1506,0.11460031462349456,0.047739879460981315,,0.10855327893481533,2025-09-03,2024-04-22,3.1907524631458477,5.672734116774086
0.06560571467337305,-0.06560571467337305,4.807936146922844,7.920787194114133,False,False,2254.888543345386,2271.746975739075,0,null,-1123.444271672693,"{""alpha[1]"": 0.04877310539969885, ""beta[1]"": 0.915278628506826, ""nu"": 3.965639277484161, ""omega"": 0.2525448075274778}",2.166877642974942,True,2025-09-05,1.2273945091759417,1.7818828640332844,student_t,BTC-USD,1507,0.1546908491547443,0.05577101854331679,,0.10095400623934195,2025-09-04,2024-04-23,3.1594226977682562,5.642707569005047
0.3859995748717209,-0.3859995748717209,4.688114191785794,7.708808116427443,False,False,2254.162458363231,2271.02089075692,0,null,-1123.0812291816155,"{""alpha[1]"": 0.048111513270711385, ""beta[1]"": 0.917813540539159, ""nu"": 3.994785349564194, ""omega"": 0.23561598536792558}",2.1150105541630335,True,2025-09-06,1.2031324334678213,1.7560888405213655,student_t,BTC-USD,1508,0.1349628929805892,0.05115971457645399,,0.10211487450796843,2025-09-05,2024-04-24,3.0852574344835024,5.501971032517115
-0.8518160064413287,0.8518160064413287,4.645542901507986,7.70539944766137,False,False,2251.017322346196,2267.875754739885,0,null,-1121.508661173098,"{""alpha[1]"": 0.04943501103276403, ""beta[1]"": 0.9176389233338699, ""nu"": 3.889220811793555, ""omega"": 0.23663357278174002}",2.0970464274697505,True,2025-09-07,1.1889307011229353,1.7499628671337333,student_t,BTC-USD,1509,0.19427299230378606,0.06307559029054483,,0.1078641356214295,2025-09-06,2024-04-25,3.033643839634389,5.455743022613148
-0.8097306013001994,0.8097306013001994,4.538945540774382,7.49466969438887,False,False,2250.695483232451,2267.5539156261398,0,null,-1121.3477416162254,"{""alpha[1]"": 0.0486747650224469, ""beta[1]"": 0.9195426727315533, ""nu"": 3.950957346467672, ""omega"": 0.22205700849851828}",2.0514210632624152,True,2025-09-08,1.1681795449571855,1.7253224359045118,student_t,BTC-USD,1510,0.18924702501837665,0.061394178749394776,,0.10893151108280501,2025-09-07,2024-04-26,2.9752098990673304,5.329687273639273
0.4837916697161184,-0.4837916697161184,4.4509856372430745,7.341215597568383,False,False,2249.7977174619978,2266.6561498556866,0,null,-1120.8988587309989,"{""alpha[1]"": 0.048785125996655784, ""beta[1]"": 0.9200965840601684, ""nu"": 3.9724483306251304, ""omega"": 0.21466725338932285}",2.0146610746438003,True,2025-09-09,1.1490839964067132,1.70549971599636,student_t,BTC-USD,1511,0.1217934947629329,0.047431191436231285,,0.11281675933000168,2025-09-08,2024-04-27,2.9196615649747746,5.226910813339242
-2.1508270891820573,2.1508270891820573,4.355559070955556,7.16270919916127,False,False,2248.9473228404013,2265.80575523409,0,null,-1120.4736614202006,"{""alpha[1]"": 0.0493999672709947, ""beta[1]"": 0.9194164277454453, ""nu"": 4.014771647147152, ""omega"": 0.2105949409990099}",1.9732849828011965,True,2025-09-10,1.1290099801068196,1.682902092375767,student_t,BTC-USD,1512,0.25074277303101067,0.07265100325688381,,0.11290655958027229,2025-09-09,2024-04-28,2.8640283714381516,5.1142732365063175
-1.3529013820243492,1.3529013820243492,4.397362175219111,7.183012143098431,False,False,2249.9211106108364,2266.7795430045253,0,null,-1120.9605553054182,"{""alpha[1]"": 0.0496924504437886, ""beta[1]"": 0.9158235052398747, ""nu"": 4.113456484342205, ""omega"": 0.22478558828866665}",1.9959197674514575,True,2025-09-11,1.1422560642452284,1.6903102850933576,student_t,BTC-USD,1513,0.21303312178022438,0.06514552647514137,,0.11817527301587505,2025-09-10,2024-04-29,2.907761053580135,5.161651265489781
-0.5129680323677965,0.5129680323677965,4.3577007655842435,7.0939754296561945,False,False,2249.3162662037976,2266.1746985974864,0,null,-1120.6581331018988,"{""alpha[1]"": 0.050989991923912605, ""beta[1]"": 0.912205893897449, ""nu"": 4.164955371929642, ""omega"": 0.23518479543258905}",1.9796078573741274,True,2025-09-12,1.1350886638791908,1.6801493874387043,student_t,BTC-USD,1514,0.17013757769713905,0.05627039710440569,,0.1185876574224215,2025-09-11,2024-04-30,2.889783521574982,5.114071678072768
0.1302038150034305,-0.1302038150034305,4.283413349384889,7.018283918565986,False,False,2244.66554830235,2261.523980696039,0,null,-1118.332774151175,"{""alpha[1]"": 0.049257599209792266, ""beta[1]"": 0.918830801117602, ""nu"": 4.088592156978461, ""omega"": 0.20909036330986594}",1.9502657782197796,True,2025-09-13,1.1138691799173128,1.6653611992338027,student_t,BTC-USD,1515,0.134653760415985,0.04900800144165575,,0.12991251943042414,2025-09-12,2024-05-01,2.823279023323128,5.031003959169001
0.46927460754846456,-0.46927460754846456,4.221735563341932,6.972488664570618,False,False,2240.6536295195756,2257.5120619132645,0,null,-1116.3268147597878,"{""alpha[1]"": 0.0490131924130766, ""beta[1]"": 0.9224148286695286, ""nu"": 3.99147251960994, ""omega"": 0.19416693113934483}",1.9247366589249444,True,2025-09-14,1.0945839210450004,1.6536940319838975,student_t,BTC-USD,1516,0.11465828683580602,0.044931976952032014,,0.137670096496515,2025-09-13,2024-05-02,2.762440344264583,4.962472302751662
-0.0322446109825618,0.0322446109825618,4.152445454156158,6.857944428199993,False,False,2239.3599929023712,2256.21842529606,0,null,-1115.6799964511856,"{""alpha[1]"": 0.05028010172524943, ""beta[1]"": 0.921157036641578, ""nu"": 3.9896702608784134, ""omega"": 0.1934046691665458}",1.892392751653661,True,2025-09-15,1.078090487528533,1.6371059357489415,student_t,BTC-USD,1517,0.13747880507109372,0.04913031213013455,,0.13376866877149116,2025-09-14,2024-05-03,2.71733149043931,4.880786602030889
-1.2039614740681204,1.2039614740681204,4.094295635804704,6.769988210504952,False,False,2232.5149994100143,2249.373431803703,0,null,-1112.2574997050071,"{""alpha[1]"": 0.0493722801373622, ""beta[1]"": 0.9257058959807739, ""nu"": 3.9610660010589336, ""omega"": 0.17389115718428963}",1.8608558538150133,True,2025-09-16,1.0636106349247796,1.6231803566586986,student_t,BTC-USD,1518,0.19408480380452625,0.060152635411058454,,0.12148171669306229,2025-09-15,2024-05-04,2.6777346020224013,4.81130206703772
0.3211840791744945,-0.3211840791744945,4.0603562017708414,6.713930317246973,False,False,2231.8083814887477,2248.6668138824366,0,null,-1111.9041907443739,"{""alpha[1]"": 0.049585057716942604, ""beta[1]"": 0.9260369162749028, ""nu"": 3.9612611299767346, ""omega"": 0.1698819009650268}",1.8455456961122227,True,2025-09-17,1.055274021457281,1.6148648322635228,student_t,BTC-USD,1519,0.11671511730321277,0.044502740166793876,,0.12072937076576165,2025-09-16,2024-05-05,2.655486425238748,4.771458095853878
-0.5725006779415424,0.5725006779415424,3.958056553338208,6.531677824967677,False,False,2231.0678330986975,2247.9262654923864,0,null,-1111.5339165493488,"{""alpha[1]"": 0.05063297340794241, ""beta[1]"": 0.9257915964072634, ""nu"": 3.990212217794908, ""omega"": 0.16237271519970953}",1.8003436163723656,True,2025-09-18,1.0308338636574477,1.588725167173795,student_t,BTC-USD,1520,0.15826736236127972,0.05223455784714275,,0.11965030039679887,2025-09-17,2024-05-06,2.5928465692840494,4.650955106772728
1.2441583362179642,-1.2441583362179642,3.87115069985449,6.40086264879189,False,False,2229.6165023169797,2246.4749347106685,0,null,-1110.8082511584898,"{""alpha[1]"": 0.052066579683054615, ""beta[1]"": 0.9253235102242103, ""nu"": 3.9726451456592353, ""omega"": 0.1573839790523928}",1.7634282840267506,True,2025-09-19,1.007316383123146,1.5673230477595763,student_t,BTC-USD,1521,0.06433314411058519,0.03306152689083075,,0.12352877470307343,2025-09-18,2024-05-07,2.530821218429667,4.550311025301037
-0.02860848354541151,0.02860848354541151,3.8879453282565675,6.418011119137357,False,False,2229.252603045945,2246.1110354396337,0,null,-1110.6263015229724,"{""alpha[1]"": 0.05303726308440887, ""beta[1]"": 0.9227166351011336, ""nu"": 3.994042815761921, ""omega"": 0.16612213327656686}",1.7712241899112844,True,2025-09-20,1.012595553983334,1.5710941324055074,student_t,BTC-USD,1522,0.12870517780354868,0.045981416318953465,,0.12367684403136057,2025-09-19,2024-05-08,2.5454950725255596,4.56953314834993
0.3600148369297547,-0.3600148369297547,3.7991197315798186,6.297691833064644,False,False,2227.153135422356,2244.011567816045,0,null,-1109.576567711178,"{""alpha[1]"": 0.054609221961264116, ""beta[1]"": 0.922707985935256, ""nu"": 3.947765051434495, ""omega"": 0.15956877510401454}",1.7330153353305473,True,2025-09-21,0.9869022515818109,1.54952411787247,student_t,BTC-USD,1523,0.10587579919637678,0.0410719572785513,,0.1274480582501652,2025-09-20,2024-05-09,2.4775308208572886,4.467210564784881
2.2430533324182895,-2.2430533324182895,3.7459767133398794,6.24949001968538,False,False,2224.081195999574,2240.939628393263,0,null,-1108.040597999787,"{""alpha[1]"": 0.05500100497613694, ""beta[1]"": 0.9251687025735471, ""nu"": 3.860521135320161, ""omega"": 0.14759514348528502}",1.705544795433602,True,2025-09-22,0.9693354833566739,1.5374530041962617,student_t,BTC-USD,1524,0.009339302966905424,0.02162544284279106,,0.12073256685306669,2025-09-21,2024-05-10,2.429839391756398,4.405597616697394
0.6531416610809438,-0.6531416610809438,3.992760055476641,6.684959335564674,False,False,2223.145775224319,2240.004207618008,0,null,-1107.5728876121595,"{""alpha[1]"": 0.053098531825772656, ""beta[1]"": 0.9257056505141334, ""nu"": 3.8113016270849664, ""omega"": 0.15970118504192746}",1.8151220954956602,True,2025-09-23,1.0312696482174655,1.6023245821915686,student_t,BTC-USD,1525,0.09646616452394767,0.04042804652555455,,0.12353775111609146,2025-09-22,2024-05-11,2.5824649515598956,4.695946313636394
-1.1663525692711139,1.1663525692711139,3.921744344620639,6.539734083715861,False,False,2222.7141426425833,2239.572575036272,0,null,-1107.3570713212916,"{""alpha[1]"": 0.05461034122454254, ""beta[1]"": 0.9232881139281712, ""nu"": 3.861073221206791, ""omega"": 0.16168310977772105}",1.7837390885664381,True,2025-09-24,1.0155769499290708,1.5830617979768578,student_t,BTC-USD,1526,0.18558615618014102,0.05777946072627666,,0.12222839641975566,2025-09-23,2024-05-12,2.5453705543317033,4.611593503356548
3.8491879643788627,-3.8491879643788627,3.8956926861621133,6.476484483574044,True,False,2222.2527076950732,2239.111140088762,0,null,-1107.1263538475366,"{""alpha[1]"": 0.05669428882785682, ""beta[1]"": 0.9192035378706223, ""nu"": 3.9003533327096247, ""omega"": 0.17181598225172737}",1.7727946717066432,True,2025-09-25,7.7570054457744355,1.5754038361149876,student_t,BTC-USD,1527,1.248388631684801,0.007311501922847687,,0.12241882873019774,2025-09-24,2024-05-13,2.5350946678685458,4.580338156663631
-0.6066325435143898,0.6066325435143898,4.558082528273655,7.590524117627719,False,False,2225.8958842865804,2242.7543166802693,0,null,-1108.9479421432902,"{""alpha[1]"": 0.0585175880751822, ""beta[1]"": 0.9097610124812485, ""nu"": 3.844237634219812, ""omega"": 0.22580318688809167}",2.0588343066116765,True,2025-09-26,1.1675578723036528,1.7323581542110746,student_t,BTC-USD,1528,0.17861877693786388,0.05961424798378186,,0.11004615395225616,2025-09-25,2024-05-14,2.9657429952428846,5.354792254863791
0.02815273374125426,-0.02815273374125426,4.466804596124663,7.479418023671396,False,False,2223.988212069623,2240.846644463312,0,null,-1107.9941060348115,"{""alpha[1]"": 0.05825958439551182, ""beta[1]"": 0.9122848402281737, ""nu"": 3.786543356890839, ""omega"": 0.21546399873464214}",2.0204087493137415,True,2025-09-27,1.1440137367539518,1.7141017528712714,student_t,BTC-USD,1529,0.14316952576953904,0.052220005762445565,,0.1155942266640203,2025-09-26,2024-05-15,2.8915432491320323,5.250153309985806
-2.200850644644761,2.200850644644761,4.226661419371783,7.0544735802817105,False,False,2214.57578936612,2231.4342217598087,0,null,-1103.28789468306,"{""alpha[1]"": 0.04941340871126515, ""beta[1]"": 0.9332652524220548, ""nu"": 3.815521523459912, ""omega"": 0.13503926646008702}",1.9082688547179494,True,2025-09-28,1.0908299745782326,1.6575882168307992,student_t,BTC-USD,1530,0.24728593862168252,0.07166679783761257,,0.10077706166110448,2025-09-27,2024-05-16,2.744868127788885,4.965829139116489
-2.011114740470715,2.011114740470715,4.322775561731795,7.212344229022564,False,False,2215.5180091493203,2232.376441543009,0,null,-1103.7590045746601,"{""alpha[1]"": 0.05021240958737977, ""beta[1]"": 0.9305807355898963, ""nu"": 3.8255170471885704, ""omega"": 0.14739338023966259}",1.9540883332977204,True,2025-09-29,1.1133684035793943,1.6800639244624618,student_t,BTC-USD,1531,0.24093154408888515,0.07090551618902331,,0.10832990783209978,2025-09-28,2024-05-17,2.807516141306984,5.0794368784316095
0.30141158754853176,-0.30141158754853176,4.406329101909167,7.3806666132186365,False,False,2214.496170135397,2231.3546025290857,0,null,-1103.2480850676984,"{""alpha[1]"": 0.05080379615585093, ""beta[1]"": 0.9295853511188987, ""nu"": 3.775013495090288, ""omega"": 0.15501416631501502}",1.9897859112109413,True,2025-09-30,1.1303873539107325,1.7004385127828678,student_t,BTC-USD,1532,0.12755026752060697,0.04876676279585527,,0.10684757033126516,2025-09-29,2024-05-18,2.852416937960669,5.178087867134054
-3.947865276762532,3.947865276762532,4.2983063200478115,7.183153459074408,False,False,2214.3162451050684,2231.1746774987573,0,null,-1103.1581225525342,"{""alpha[1]"": 0.05060608520636609, ""beta[1]"": 0.9304362317689404, ""nu"": 3.8048017386462822, ""omega"": 0.14729794225188267}",1.9423118216175757,True,2025-10-01,1.1068056108066222,1.6749015707069956,student_t,BTC-USD,1533,0.33678401622873355,0.08998793613297086,,0.10657631851573265,2025-09-30,2024-05-19,2.787815047812133,5.050928336534546
-1.6983874850237706,1.6983874850237706,4.739315421099099,7.901150133848096,False,False,2219.0112739577035,2235.8697063513923,0,null,-1105.5056369788517,"{""alpha[1]"": 0.0531244704084454, ""beta[1]"": 0.9226198273565631, ""nu"": 3.8326704777295197, ""omega"": 0.18222608618581265}",2.141451107084453,True,2025-10-02,1.205864250703688,1.7717570595039565,student_t,BTC-USD,1534,0.2389403840819518,0.07266712960496273,,0.11646108097988643,2025-10-01,2024-05-20,3.0804201966152616,5.568325475472496
-1.3050507220569623,1.3050507220569623,4.623432588006616,7.4556482835267515,False,False,2208.8727766142492,2225.731209007938,0,null,-1100.4363883071246,"{""alpha[1]"": 0.053255992602049954, ""beta[1]"": 0.9199755756843687, ""nu"": 4.283705623857776, ""omega"": 0.17859799104350504}",2.093740808552054,True,2025-10-03,1.2001559036438922,1.7358343173105082,student_t,BTC-USD,1535,0.21991063053729587,0.06724281226238898,,0.10483603818778277,2025-10-02,2024-05-21,3.0931618886889507,5.41923050418193
-0.1298763226437925,0.1298763226437925,4.576487716830432,7.406043189500105,False,False,2207.572476092737,2224.430908486426,0,null,-1099.7862380463685,"{""alpha[1]"": 0.05323458991030119, ""beta[1]"": 0.9202481127043592, ""nu"": 4.237969984911921, ""omega"": 0.17922023904429588}",2.074695469900082,True,2025-10-04,1.187771034720373,1.726928401916802,student_t,BTC-USD,1536,0.15908288763637513,0.05496532861031627,,0.1111519110669561,2025-10-03,2024-05-22,3.0517814300837074,5.366656538387829
-0.8848164685952622,0.8848164685952622,4.488669727712069,7.304124683794038,False,False,2206.244612062146,2223.103044455835,0,null,-1099.122306031073,"{""alpha[1]"": 0.05303016171613266, ""beta[1]"": 0.9216632924913758, ""nu"": 4.161464607265731, ""omega"": 0.1747770751482619}",2.035568969032479,True,2025-10-05,1.1651384908804605,1.7094756235270823,student_t,BTC-USD,1537,0.1931708693136855,0.061513563070528084,,0.11432483761283398,2025-10-04,2024-05-23,2.978600917678444,5.266539838457541
-0.9981752932761249,0.9981752932761249,4.436207282191862,7.258501811481976,False,False,2204.5528106416464,2221.4112430353352,0,null,-1098.2764053208232,"{""alpha[1]"": 0.0534804939559062, ""beta[1]"": 0.9216344381866786, ""nu"": 4.090256521726101, ""omega"": 0.17612244967421203}",2.013250600069774,True,2025-10-06,1.1501019413324167,1.699661429345157,student_t,BTC-USD,1538,0.19637062401521607,0.062060631238321826,,0.11957578986902276,2025-10-05,2024-05-24,2.929237187028193,5.207887830556052
2.6817983769315155,-2.6817983769315155,4.36202308138042,7.135518870476044,False,False,2204.9489581619628,2221.8073905556516,0,null,-1098.4744790809814,"{""alpha[1]"": 0.053273557162059504, ""beta[1]"": 0.9224937695706953, ""nu"": 4.096200872577359, ""omega"": 0.17099488458488965}",1.9806916690168863,True,2025-10-07,1.1333053698139897,1.6827670650274662,student_t,BTC-USD,1539,0.009937411713071595,0.024392357541023486,,0.11982346152342475,2025-10-06,2024-05-25,2.880546611192947,5.121034131033862
-1.5551259313557715,1.5551259313557715,4.547666254719024,7.420798731926821,False,False,2207.891838129988,2224.750270523677,0,null,-1099.945919064994,"{""alpha[1]"": 0.05308092648478776, ""beta[1]"": 0.9216123272221483, ""nu"": 4.116599430471594, ""omega"": 0.17752405235609733}",2.0598286996743953,True,2025-10-08,1.1767074683965286,1.7233902186957666,student_t,BTC-USD,1540,0.2283052594751647,0.06891448431809516,,0.11231213309246041,2025-10-07,2024-05-26,3.010979258147518,5.336322500453739
1.3460402366995659,-1.3460402366995659,4.5167695000287305,7.376301198769087,False,False,2208.31475786383,2225.173190257519,0,null,-1100.157378931915,"{""alpha[1]"": 0.05309658818630426, ""beta[1]"": 0.9217118429623397, ""nu"": 4.1123332172269125, ""omega"": 0.17707591904386516}",2.048419202257561,True,2025-10-09,1.169280751175649,1.7169522113607485,student_t,BTC-USD,1541,0.08208646391221276,0.039551591045646484,,0.11759348956533587,2025-10-08,2024-05-27,2.9877695149438197,5.301199341264211
7.232182184668233,-7.232182184668233,4.501162720701367,7.349776294236819,True,True,2208.7358937021813,2225.59432609587,0,null,-1100.3679468510907,"{""alpha[1]"": 0.053014207552153976, ""beta[1]"": 0.9219136085936601, ""nu"": 4.1085485339212395, ""omega"": 0.17639696832966306}",2.0391309754495874,True,2025-10-10,20.06698998328918,28.24506255392598,student_t,BTC-USD,1542,4.041125389359078,1.9305210792376277,,0.11235929929174383,2025-10-09,2024-05-28,2.978365985342887,5.282160892509013
2.1485160042335822,-2.1485160042335822,6.020906985005069,9.986213068729816,False,False,2216.9091181290246,2233.7675505227135,0,null,-1104.4545590645123,"{""alpha[1]"": 0.05569096607227448, ""beta[1]"": 0.9176911921905896, ""nu"": 3.858531031909738, ""omega"": 0.2096677509416599}",2.700281448750179,True,2025-10-11,1.4490561139085427,2.0087125291642423,student_t,BTC-USD,1543,0.08940312935021194,0.049168004499637104,,0.10108573473303994,2025-10-10,2024-05-29,3.9365785912378195,7.065316454197288
-3.8609346348411884,3.8609346348411884,5.991792786030895,9.931903077166456,False,False,2218.29849821673,2235.156930610419,0,null,-1105.149249108365,"{""alpha[1]"": 0.0563560061546103, ""beta[1]"": 0.9166139902938806, ""nu"": 3.864687350752044, ""omega"": 0.21299501245381253}",2.686580703840276,True,2025-10-12,1.4445849049107178,2.003640304575211,student_t,BTC-USD,1544,0.3890365484556635,0.10891611583199631,,0.09890280854334234,2025-10-11,2024-05-30,3.9197963342720747,7.030676948358432
-0.08792929662890046,0.08792929662890046,6.225631047150547,10.293359211764166,False,False,2221.822239003053,2238.6806713967417,0,null,-1106.9111195015264,"{""alpha[1]"": 0.0595458782573526, ""beta[1]"": 0.911978495015543, ""nu"": 3.897794951223018, ""omega"": 0.2255357218074882}",2.792725832375385,True,2025-10-13,1.4842714204276963,2.041108971537223,student_t,BTC-USD,1545,0.20847159536816992,0.07392200142592993,,0.10430927583030751,2025-10-12,2024-05-31,4.0815026107344945,7.304270845964087
1.884916345001439,-1.884916345001439,6.022406972123525,10.015372340867245,False,False,2221.3795596123005,2238.2379920059893,0,null,-1106.6897798061502,"{""alpha[1]"": 0.057727115604305365, ""beta[1]"": 0.9148140341695894, ""nu"": 3.8305171077233346, ""omega"": 0.2210778964982604}",2.70312859910552,True,2025-10-14,1.447680788394453,2.0099295090071503,student_t,BTC-USD,1546,0.10214300106032526,0.05184017204342392,,0.10705723298067088,2025-10-13,2024-06-01,3.9277763662079423,7.068933549343826
2.08625782909916,-2.08625782909916,5.91304851697613,9.773624928902025,False,False,2223.3795361552807,2240.2379685489695,0,null,-1107.6897680776403,"{""alpha[1]"": 0.057064074423673616, ""beta[1]"": 0.915076136805903, ""nu"": 3.9045780900647493, ""omega"": 0.2167002188785156}",2.6542109286593325,True,2025-10-15,1.4328542882976243,1.9895502876660878,student_t,BTC-USD,1547,0.08954426552953548,0.04851675553860132,,0.10264974866821532,2025-10-14,2024-06-02,3.877143139689868,6.9379333829592875
2.3722484783288014,-2.3722484783288014,5.834218938583172,9.58255311875751,False,False,2225.50936535075,2242.367797744439,0,null,-1108.754682675375,"{""alpha[1]"": 0.056738647587750386, ""beta[1]"": 0.9150891832549053, ""nu"": 3.9845764308937492, ""omega"": 0.21249699951600315}",2.61915535708258,True,2025-10-16,1.4230609979320676,1.9739999269397566,student_t,BTC-USD,1548,0.0737186123918195,0.04470229781374568,,0.09834534301938845,2025-10-15,2024-06-03,3.84662072616519,6.842478259703365
1.6009839805423403,-1.6009839805423403,5.839998928055145,9.586848760880114,False,False,2226.671850377718,2243.5302827714067,0,null,-1109.335925188859,"{""alpha[1]"": 0.05741186431196495, ""beta[1]"": 0.9143610129719686, ""nu"": 3.984840899687752, ""omega"": 0.21431103575346624}",2.6182563120098554,True,2025-10-17,1.424517111421033,1.9746938627663604,student_t,BTC-USD,1549,0.11260842306501564,0.05246917660635192,,0.09051581832962895,2025-10-16,2024-06-04,3.853152441842651,6.847901641177527
-0.6837580354402146,0.6837580354402146,5.800887463296091,9.578740402866233,False,False,2225.09925539348,2241.9576877871687,0,null,-1108.54962769674,"{""alpha[1]"": 0.058563685340379645, ""beta[1]"": 0.9130987105815443, ""nu"": 3.9014549289962837, ""omega"": 0.22284153127149758}",2.595667675263393,True,2025-10-18,1.4146419646728523,1.9697942038991725,student_t,BTC-USD,1550,0.22464004246429298,0.07487040231073348,,0.08225380531875918,2025-10-17,2024-06-05,3.8090428138456414,6.803282195633127
-1.3605430468869275,1.3605430468869275,5.624584729427355,9.279165181067464,False,False,2225.607935855609,2242.466368249298,0,null,-1108.8039679278045,"{""alpha[1]"": 0.05693778581883855, ""beta[1]"": 0.9151464951484365, ""nu"": 3.915240555136262, ""omega"": 0.21561628833502924}",2.518092149282303,True,2025-10-19,1.3842405543364684,1.9386679100098343,student_t,BTC-USD,1551,0.25282103731779404,0.07957067484264066,,0.08216687782772587,2025-10-18,2024-06-06,3.695877699468949,6.5965244373771315
-1.7534490738259394,1.7534490738259394,5.48691289192305,9.024203672290202,False,False,2226.564325391972,2243.422757785661,0,null,-1109.282162695986,"{""alpha[1]"": 0.055727150414838465, ""beta[1]"": 0.9167056974976736, ""nu"": 3.960529436417684, ""omega"": 0.20788063052680789}",2.4598031896000077,True,2025-10-20,1.3610739412260666,1.912961486206266,student_t,BTC-USD,1552,0.26838616807165916,0.0818816852665938,,0.08580634197590974,2025-10-19,2024-06-07,3.6142742876072385,6.434719452833434
1.928283017801732,-1.928283017801732,5.4449515035686495,8.999686481405039,False,False,2225.830842811605,2242.689275205294,0,null,-1108.9154214058026,"{""alpha[1]"": 0.056628411629806676, ""beta[1]"": 0.9158009079299926, ""nu"": 3.9038323063592926, ""omega"": 0.21334272443632396}",2.443564787183585,True,2025-10-21,1.3504213929631952,1.9070505165346558,student_t,BTC-USD,1553,0.08210744396630057,0.044602414044872016,,0.09335215153668464,2025-10-20,2024-06-08,3.570431897127742,6.3885244222889295
0.729356226617567,-0.729356226617567,5.378613481216929,8.829768427722035,False,False,2227.6824707202068,2244.5409031138956,0,null,-1109.8412353601034,"{""alpha[1]"": 0.05523990456440877, ""beta[1]"": 0.9175408157433265, ""nu"": 3.9903303690674408, ""omega"": 0.20353233363919157}",2.4142677841847484,True,2025-10-22,1.3420597536802834,1.8925063895366456,student_t,BTC-USD,1554,0.1409266952214003,0.05578432559199116,,0.08960178942886138,2025-10-21,2024-06-09,3.5478901310455706,6.307788785816679
-2.1870444415592094,2.1870444415592094,5.2378566514986495,8.575669377574282,False,False,2228.1032129494315,2244.9616453431204,0,null,-1110.0516064747158,"{""alpha[1]"": 0.05366505377086455, ""beta[1]"": 0.9200274588811964, ""nu"": 4.026610837315623, ""omega"": 0.1923446325783439}",2.351785921267047,True,2025-10-23,1.31705650685346,1.8651028129784892,student_t,BTC-USD,1555,0.28250113054523157,0.08328713836634706,,0.08715794515031552,2025-10-22,2024-06-10,3.4629781693454174,6.141669395075489
-0.8721714289804694,0.8721714289804694,5.19055385370392,8.449971618014258,False,False,2229.815504718512,2246.6739371122007,0,null,-1110.907752359256,"{""alpha[1]"": 0.052439883679598946, ""beta[1]"": 0.9219082640536146, ""nu"": 4.112363542066916, ""omega"": 0.18233994899049494}",2.3348901449773067,True,2025-10-24,1.3110720800707116,1.854246551331519,student_t,BTC-USD,1556,0.2159950849606725,0.06956856302797726,,0.09192211944407437,2025-10-23,2024-06-11,3.447730270232977,6.08468487381725
-0.5459116888140452,0.5459116888140452,5.119065697280384,8.396825672895972,False,False,2226.4828390377834,2243.3412714314723,0,null,-1109.2414195188917,"{""alpha[1]"": 0.05522765965662429, ""beta[1]"": 0.9173885678173522, ""nu"": 4.0163139569614374, ""omega"": 0.20093737445302287}",2.3048006655265216,True,2025-10-25,1.2927225029879317,1.8430276035044875,student_t,BTC-USD,1557,0.19616090787006413,0.06551101960371691,,0.10003993728561122,2025-10-24,2024-06-12,3.377306468587234,6.00519027155764
-2.503926774491422,2.503926774491422,5.0083116017979545,8.230910276742188,False,False,2225.9494416455,2242.807874039189,0,null,-1108.97472082275,"{""alpha[1]"": 0.054508335807964194, ""beta[1]"": 0.9191179490555157, ""nu"": 3.9910329868278596, ""omega"": 0.19405250838524749}",2.2546957362726183,True,2025-10-26,1.2697537912233328,1.821796816703364,student_t,BTC-USD,1558,0.29013379724186467,0.0837997529541579,,0.09844931382837911,2025-10-25,2024-06-13,3.2987491703458662,5.876048520924361
0.30895028510147493,-0.30895028510147493,5.0721949043425045,8.362623432933088,False,False,2226.075962278566,2242.9343946722547,0,null,-1109.037981139283,"{""alpha[1]"": 0.05535908648234358, ""beta[1]"": 0.9180470141312524, ""nu"": 3.9567844587272, ""omega"": 0.20028678767708244}",2.2864109965428914,True,2025-10-27,1.2804301103811193,1.8356681656690115,student_t,BTC-USD,1559,0.15108696490211604,0.0564436771933039,,0.10785679846009633,2025-10-26,2024-06-14,3.330689583143793,5.95331800443186
1.0244824091238423,-1.0244824091238423,4.958194936063649,8.187267744474799,False,False,2225.569667053431,2242.42809944712,0,null,-1108.7848335267156,"{""alpha[1]"": 0.05426418792145433, ""beta[1]"": 0.9204156201376644, ""nu"": 3.9407947621660373, ""omega"": 0.1907721805635523}",2.2365310622735914,True,2025-10-28,1.2567307207562681,1.8135164222950655,student_t,BTC-USD,1560,0.11132756618639059,0.04796142518007342,,0.10948436477246894,2025-10-27,2024-06-15,3.251033732851652,5.82062492713118
2.6016805456796623,-2.6016805456796623,4.854708240502329,7.9739862740852345,False,False,2226.146784494095,2243.0052168877837,0,null,-1109.0733922470474,"{""alpha[1]"": 0.05167411161728885, ""beta[1]"": 0.9246759794065628, ""nu"": 4.010801402200979, ""omega"": 0.17223226600342842}",2.1909777413616105,True,2025-10-29,1.2386437133596182,1.790665089179206,student_t,BTC-USD,1561,0.029804504077254528,0.030955776452622468,,0.10689106255092405,2025-10-28,2024-06-16,3.1977706272247524,5.697258190941906
1.6026638959162762,-1.6026638959162762,4.923004222843347,8.02742572861575,False,False,2228.591666106463,2245.450098500152,0,null,-1110.2958330532315,"{""alpha[1]"": 0.048917709829190685, ""beta[1]"": 0.9287472178005758, ""nu"": 4.103612397489374, ""omega"": 0.15751988886403995}",2.220159666008203,True,2025-10-30,1.2569245210903732,1.802087594687134,student_t,BTC-USD,1562,0.08306576441090818,0.04170850937028507,,0.10033846283532483,2025-10-29,2024-06-17,3.2639791841344383,5.773514832944779
-1.1480961191721142,1.1480961191721142,4.85875949541544,7.877892383580248,False,False,2229.480670980481,2246.33910337417,0,null,-1110.7403354902406,"{""alpha[1]"": 0.04678124677860793, ""beta[1]"": 0.932057049412699, ""nu"": 4.184979321584534, ""omega"": 0.1441328557355636}",2.1923674705027314,True,2025-10-31,1.2470238150320783,1.7870574812037079,student_t,BTC-USD,1563,0.21925996201565978,0.06843789286378031,,0.097580069003239,2025-10-30,2024-06-18,3.2371031211410775,5.69569316720591
-0.4624825177056939,0.4624825177056939,4.792512300298385,7.796899550823904,False,False,2228.203249991082,2245.061682384771,0,null,-1110.101624995541,"{""alpha[1]"": 0.046709744632525314, ""beta[1]"": 0.9326362390894336, ""nu"": 4.14369889372245, ""omega"": 0.1421016483567504}",2.1649645005039115,True,2025-11-01,1.2311923273642864,1.7745849151458022,student_t,BTC-USD,1564,0.1822684983187704,0.0608294581263152,,0.10397741561744606,2025-10-31,2024-06-19,3.1828874486697107,5.620463294925821
-0.5216141233319792,0.5216141233319792,4.670330267789543,7.580703900631182,False,False,2227.73428950374,2244.592721897429,0,null,-1109.86714475187,"{""alpha[1]"": 0.0449447139961577, ""beta[1]"": 0.9356860130964366, ""nu"": 4.18256503350208, ""omega"": 0.12938553783115928}",2.1124489176569203,True,2025-11-02,1.2065622818059567,1.7480772273091074,student_t,BTC-USD,1565,0.18144682981980356,0.05998454132917419,,0.10545717815669037,2025-11-01,2024-06-20,3.1073224730640887,5.476840009585435
3.7687182896317144,-3.7687182896317144,4.557790179548817,7.382882541316299,True,False,2227.1177437705237,2243.9761761642126,0,null,-1109.5588718852619,"{""alpha[1]"": 0.0435633901408709, ""beta[1]"": 0.9380082124517388, ""nu"": 4.218467680154166, ""omega"": 0.11944196572873411}",2.0641024953283615,True,2025-11-03,4.392895468720261,1.7230822862642445,student_t,BTC-USD,1566,0.6948769424616914,0.015758842754552378,,0.10690611325889678,2025-11-02,2024-06-21,3.0372688765141445,5.344602565086951
4.764085753737871,-4.764085753737871,4.835127532319064,7.809522002483488,True,False,2230.7958502500846,2247.6542826437735,0,null,-1111.3979251250423,"{""alpha[1]"": 0.042155343626330104, ""beta[1]"": 0.9394432721990674, ""nu"": 4.248951469352065, ""omega"": 0.11882435736384392}",2.185221031390122,True,2025-11-04,7.5843108151598315,1.7809945109900864,student_t,BTC-USD,1567,1.4561219023296452,0.009028997623009197,,0.10164120949405148,2025-11-03,2024-06-22,3.2313258565487706,5.66698551603879
-2.2400061321639737,2.2400061321639737,5.265577164115155,8.478556407303785,False,False,2236.0362343259394,2252.8946667196283,0,null,-1114.0181171629697,"{""alpha[1]"": 0.042419915968967895, ""beta[1]"": 0.9385881839489083, ""nu"": 4.276168825546221, ""omega"": 0.1235226780881759}",2.372040612876982,True,2025-11-05,1.3316477554565886,1.8649584784144286,student_t,BTC-USD,1568,0.28851745821839064,0.08407463034653825,,0.09162568162334019,2025-11-04,2024-06-23,3.5303430322038345,6.167456902489843
2.5251182501599345,-2.5251182501599345,5.242927602434395,8.436406354467993,False,False,2236.25127891541,2253.1097113090987,0,null,-1114.125639457705,"{""alpha[1]"": 0.0425585076961869, ""beta[1]"": 0.9381769879998553, ""nu"": 4.296142250968395, ""omega"": 0.12430642567764447}",2.366017377971301,True,2025-11-06,1.3275380373346728,1.86055734632922,student_t,BTC-USD,1569,0.04955465246353867,0.036165933017837236,,0.09946998216006815,2025-11-05,2024-06-24,3.516211299430707,6.141711551943655
-2.0238925973669994,2.0238925973669994,5.332349496441729,8.58672027469418,False,False,2234.3075851006633,2251.166017494352,0,null,-1113.1537925503317,"{""alpha[1]"": 0.04546584105290284, ""beta[1]"": 0.9334154651509333, ""nu"": 4.287178490629613, ""omega"": 0.14000108945513168}",2.4073066285805504,True,2025-11-07,1.3439707909659226,1.8777573052143812,student_t,BTC-USD,1570,0.27987602088895763,0.08271078925705158,,0.10382833246008981,2025-11-06,2024-06-25,3.5736278204121485,6.2471863283381515
1.0603212209311768,-1.0603212209311768,5.3034496363274135,8.55244864780263,False,False,2233.7339785139247,2250.5924109076136,0,null,-1112.8669892569624,"{""alpha[1]"": 0.045554023718548525, ""beta[1]"": 0.9333789215182533, ""nu"": 4.264096386728699, ""omega"": 0.14054845442486816}",2.393466495962237,True,2025-11-08,1.3377347357415674,1.8727893056472804,student_t,BTC-USD,1571,0.12448436617266803,0.05153645694036873,,0.10287192193519333,2025-11-07,2024-06-26,3.5500085443845353,6.2139669149680445
-2.3551839694791683,2.3551839694791683,5.203594351031763,8.399167629759138,False,False,2232.9937106234206,2249.8521430171095,0,null,-1112.4968553117103,"{""alpha[1]"": 0.04456224825062175, ""beta[1]"": 0.9349496233105904, ""nu"": 4.25309702820329, ""omega"": 0.1355769772723969}",2.3494680242499593,True,2025-11-09,1.3181389294375068,1.8541345588128935,student_t,BTC-USD,1572,0.2917646151864491,0.08452996043440078,,0.10399191914532084,2025-11-08,2024-06-27,3.4801083342498087,6.097812073960901
-1.212026933646231,1.212026933646231,5.181738886375731,8.337203681767472,False,False,2233.836123797847,2250.694556191536,0,null,-1112.9180618989235,"{""alpha[1]"": 0.04416177869279029, ""beta[1]"": 0.9353253270424713, ""nu"": 4.3065104235852685, ""omega"": 0.13323091617714894}",2.3421343820555167,True,2025-11-10,1.315678149428078,1.8489139014148592,student_t,BTC-USD,1573,0.23432884750354493,0.0728306219416517,,0.10610937751322147,2025-11-09,2024-06-28,3.4745500164246637,6.071035260518932
2.870254647684184,-2.870254647684184,5.095155350571103,8.219861160666317,False,False,2232.6024053717447,2249.4608377654336,0,null,-1112.3012026858723,"{""alpha[1]"": 0.04373449008574941, ""beta[1]"": 0.9360341741198877, ""nu"": 4.273738088581473, ""omega"": 0.13144900634145046}",2.3058717139466607,True,2025-11-11,1.2971286307832592,1.8330828892459081,student_t,BTC-USD,1574,0.02687906403425462,0.03101717553002217,,0.11274819378059574,2025-11-10,2024-06-29,3.407835928369276,5.971972200686398
1.3039146642676998,-1.3039146642676998,5.16750664553021,8.29043205572543,False,False,2234.586260188432,2251.4446925821208,0,null,-1113.293130094216,"{""alpha[1]"": 0.04358545570358432, ""beta[1]"": 0.9357793786619195, ""nu"": 4.3524197462380805, ""omega"": 0.1313693131474488}",2.336631985530218,True,2025-11-12,1.3145660162291755,1.8452054576787589,student_t,BTC-USD,1575,0.10847789117798133,0.04748957736534064,,0.10513570047393898,2025-11-11,2024-06-30,3.4734724878273244,6.052872400801759
1.9524742971570288,-1.9524742971570288,5.1187093907285455,8.23275665753602,False,False,2233.0537600206517,2249.9121924143406,0,null,-1112.5268800103258,"{""alpha[1]"": 0.04340612254202703, ""beta[1]"": 0.9361416068292198, ""nu"": 4.303019467570811, ""omega"": 0.1313221206676204}",2.3099708268732706,True,2025-11-13,1.30382715738532,1.8364226933708738,student_t,BTC-USD,1576,0.0740897445439321,0.04043457051027392,,0.09673001659743967,2025-11-12,2024-07-01,3.4342691880356697,5.995931348184418
5.4622871146903496,-5.4622871146903496,5.076841882007247,8.122054906777144,True,False,2233.8078064907745,2250.6662388844634,0,null,-1112.9039032453873,"{""alpha[1]"": 0.04288601401679137, ""beta[1]"": 0.9362562527250885, ""nu"": 4.385930799322462, ""omega"": 0.12980644230386845}",2.291648768564419,True,2025-11-14,9.336936050351834,1.8263978062959345,student_t,BTC-USD,1577,1.9384205804675645,0.00481551384552683,,0.09227161549774698,2025-11-13,2024-07-02,3.4218443984087026,5.943838499243032
-1.2123106509276933,1.2123106509276933,5.660675370619473,9.061202171739987,False,False,2239.1805733682436,2256.0390057619325,0,null,-1115.5902866841218,"{""alpha[1]"": 0.04463891023649846, ""beta[1]"": 0.93384167523934, ""nu"": 4.356007816138998, ""omega"": 0.13872646857211157}",2.545917431701066,True,2025-11-15,1.4076113641758874,1.93516123950748,student_t,BTC-USD,1578,0.251399582886237,0.07837494140393297,,0.08398307648041996,2025-11-14,2024-07-03,3.815681006797042,6.625183489465597
1.446393846715543,-1.446393846715543,5.560138776694381,8.941352636947746,False,False,2237.2671743059727,2254.1256066996616,0,null,-1114.6335871529864,"{""alpha[1]"": 0.04418605019307002, ""beta[1]"": 0.9345590782945956, ""nu"": 4.292040298972985, ""omega"": 0.13834139998522282}",2.5032907955233106,True,2025-11-16,1.3868923702260303,1.918903810227695,student_t,BTC-USD,1579,0.11429783156870407,0.050648505278990195,,0.09248033828359865,2025-11-15,2024-07-04,3.7323504780896224,6.5112443746145585
2.236838271634354,-2.236838271634354,5.5239033581620784,8.914005892664957,False,False,2233.1815486519226,2250.0399810456115,0,null,-1112.5907743259613,"{""alpha[1]"": 0.0459397727251943, ""beta[1]"": 0.9321082257363612, ""nu"": 4.2464964768373585, ""omega"": 0.1470551991157907}",2.489531073788902,True,2025-11-17,1.3782162068129242,1.9136393908058729,student_t,BTC-USD,1580,0.07296896411134723,0.042348695572030214,,0.1005033603810373,2025-11-16,2024-07-05,3.696217553861297,6.4717078288373715
-0.9241173563305538,0.9241173563305538,5.486715791484275,8.811568400441375,False,False,2234.313569238491,2251.1720016321797,0,null,-1113.1567846192454,"{""alpha[1]"": 0.0456206706624896, ""beta[1]"": 0.9322513817864833, ""nu"": 4.319774466962251, ""omega"": 0.14464540673774248}",2.47361854091097,True,2025-11-18,1.374226535210565,1.9052630036851461,student_t,BTC-USD,1581,0.2305311727141526,0.07349491485769784,,0.097139605405919,2025-11-17,2024-07-06,3.686506097952494,6.425374129439223
1.6082377694342354,-1.6082377694342354,5.389494298332618,8.691991793088764,False,False,2232.4229751718944,2249.2814075655833,0,null,-1112.2114875859472,"{""alpha[1]"": 0.045085594152720676, ""beta[1]"": 0.9331316314702465, ""nu"": 4.250497245897927, ""omega"": 0.14376338521204002}",2.4269462485515843,True,2025-11-19,1.3540162428961038,1.8887382176200247,student_t,BTC-USD,1582,0.10001886402332798,0.04705069645727998,,0.09327736299527778,2025-11-18,2024-07-07,3.608615049900793,6.313307415162229
5.4299143131306185,-5.4299143131306185,5.3734748967847255,8.709919181600533,True,False,2229.3911969452984,2246.2496293389872,0,null,-1110.6955984726492,"{""alpha[1]"": 0.04704690352160715, ""beta[1]"": 0.9303909033803617, ""nu"": 4.179618480934303, ""omega"": 0.15398190813298646}",2.4203866807443517,True,2025-11-20,8.226097668512818,1.8875083127654828,student_t,BTC-USD,1583,1.7555463655410097,0.00867756175997777,,0.098662730892558,2025-11-19,2024-07-08,3.581970770455871,6.297670489128395
1.795049047806109,-1.795049047806109,5.94493744029653,9.635113072923229,False,False,2234.728730036045,2251.587162429734,0,null,-1113.3643650180225,"{""alpha[1]"": 0.048026940699946764, ""beta[1]"": 0.9300546272722569, ""nu"": 4.158282058347888, ""omega"": 0.1551987313597047}",2.6664081010917178,True,2025-11-21,1.4496794655380953,1.9881887326354675,student_t,BTC-USD,1584,0.10855266485525918,0.05168966866642415,,0.08476079550904773,2025-11-20,2024-07-09,3.9661023449112904,6.964015914448519
0.521187239368071,-0.521187239368071,5.870819273641149,9.522219130340956,False,False,2234.3509033359965,2251.2093357296853,0,null,-1113.1754516679982,"{""alpha[1]"": 0.04753500530556471, ""beta[1]"": 0.9308658401760134, ""nu"": 4.140351110479683, ""omega"": 0.1532714597483975}",2.629549474027304,True,2025-11-22,1.4368450844494545,1.9757901339498418,student_t,BTC-USD,1585,0.16968869112965693,0.06355399575560053,,0.07662310459184782,2025-11-21,2024-07-10,3.9149610619612063,6.876586814928118
-2.515858657324031,2.515858657324031,5.690126712937309,9.207685076567369,False,False,2234.1250630836576,2250.9834954773464,0,null,-1113.0625315418288,"{""alpha[1]"": 0.04541509801384182, ""beta[1]"": 0.9333633043151163, ""nu"": 4.177080389600069, ""omega"": 0.14542684084907126}",2.550575467168412,True,2025-11-23,1.4068490340550812,1.9437970303871652,student_t,BTC-USD,1586,0.3158763148335375,0.09179999554985359,,0.07650246478449127,2025-11-22,2024-07-11,3.801667639346714,6.664140897661319
-1.6742357816599551,1.6742357816599551,5.648175261628298,9.095633916079661,False,False,2235.367453849653,2252.225886243342,0,null,-1113.6837269248265,"{""alpha[1]"": 0.04509906941341502, ""beta[1]"": 0.9334718782268548, ""nu"": 4.258425351933071, ""omega"": 0.1428707713326531}",2.5370874512682393,True,2025-11-24,1.4020361412333164,1.9349095950916646,student_t,BTC-USD,1587,0.27312436619825614,0.08287808420106696,,0.08291603129740283,2025-11-23,2024-07-12,3.7882515423051633,6.613572638446734
1.057647695675446,-1.057647695675446,5.53929885235876,8.893019518356164,False,False,2235.4924078069703,2252.350840200659,0,null,-1113.7462039034851,"{""alpha[1]"": 0.04421986632452515, ""beta[1]"": 0.9341692532680724, ""nu"": 4.310355823999104, ""omega"": 0.14007981742884373}",2.4909742721049155,True,2025-11-25,1.3842354790848574,1.914484098318368,student_t,BTC-USD,1588,0.13333985436714277,0.054272973478981766,,0.08433970594649452,2025-11-24,2024-07-13,3.724444783018299,6.484945043573617
-3.5722587918860045,3.5722587918860045,5.441742864594001,8.74695522783867,False,False,2234.341156151748,2251.1995885454367,0,null,-1113.170578075874,"{""alpha[1]"": 0.043536476121282565, ""beta[1]"": 0.9348588621863937, ""nu"": 4.285338814531469, ""omega"": 0.13917088567366234}",2.4441167025312813,True,2025-11-26,1.3658947162724346,1.897032831254768,student_t,BTC-USD,1589,0.36139981100562857,0.09942903898889315,,0.07767380990749075,2025-11-25,2024-07-14,3.6557374282265602,6.370645107003302
-0.8437806102971583,0.8437806102971583,5.5836871169108475,8.970259733901775,False,False,2235.8411943166825,2252.6996267103714,0,null,-1113.9205971583413,"{""alpha[1]"": 0.0443345025008028, ""beta[1]"": 0.9340375355232243, ""nu"": 4.293896723870786, ""omega"": 0.14119197408791967}",2.5080823023500476,True,2025-11-27,1.3919507574257728,1.9226040928340762,student_t,BTC-USD,1590,0.22982923408592978,0.07380314343880141,,0.07963275743783907,2025-11-26,2024-07-15,3.7528040714214335,6.536533733582976
0.4018666774419681,-0.4018666774419681,5.547139561253018,8.96216269877176,False,False,2229.792965623832,2246.651398017521,0,null,-1110.896482811916,"{""alpha[1]"": 0.0489411710053174, ""beta[1]"": 0.9275777596872634, ""nu"": 4.194431375572382, ""omega"": 0.16196883630457015}",2.4841692571133325,True,2025-11-28,1.38241662387719,1.9177336005220829,student_t,BTC-USD,1591,0.16549571223427997,0.06093210067072428,,0.0683205945794891,2025-11-27,2024-07-16,3.7117809221275646,6.495076744514391
0.0742778632449995,-0.0742778632449995,5.390125074620117,8.686548303209157,False,False,2229.5370654357184,2246.3954978294073,0,null,-1110.7685327178592,"{""alpha[1]"": 0.04672860150368236, ""beta[1]"": 0.930402218324121, ""nu"": 4.23350819600085, ""omega"": 0.1525573578909514}",2.4150625066349796,True,2025-11-29,1.3551134752057008,1.888198596633483,student_t,BTC-USD,1592,0.1770021469183962,0.06235830089936025,,0.06681823526730514,2025-11-28,2024-07-17,3.6143208016129202,6.310107953181019
0.5047792567629221,-0.5047792567629221,5.2613850622119305,8.491094605465507,False,False,2228.4616265961354,2245.3200589898242,0,null,-1110.2308132980677,"{""alpha[1]"": 0.04560297242134448, ""beta[1]"": 0.9318633069831492, ""nu"": 4.2166049735555, ""omega"": 0.148455433481527}",2.3589275982031968,True,2025-11-30,1.3300441934533564,1.8645610364765552,student_t,BTC-USD,1593,0.15092533134790664,0.05655875978729974,,0.06969832803253614,2025-11-29,2024-07-18,3.5232858837210523,6.160655235492891
4.610183805986836,-4.610183805986836,5.131038010824797,8.260157004912038,True,False,2227.9601380733993,2244.818570467088,0,null,-1109.9800690366997,"{""alpha[1]"": 0.04415946015112457, ""beta[1]"": 0.9334031034693182, ""nu"": 4.256482765292494, ""omega"": 0.14303201703890367}",2.302009046473424,True,2025-12-01,5.855624231243783,1.8386768148112607,student_t,BTC-USD,1594,1.1087728653820783,0.013968767671003123,,0.06914071235264216,2025-11-30,2024-07-19,3.4430544740057005,6.007060573087147
-5.662099387609612,5.662099387609612,5.570897732718969,9.011492726470612,False,False,2229.674350762454,2246.532783156143,0,null,-1110.837175381227,"{""alpha[1]"": 0.04570328384693472, ""beta[1]"": 0.9323985617562496, ""nu"": 4.158842860652349, ""omega"": 0.1492858761820544}",2.4863288044861944,True,2025-12-02,1.3863594953692058,1.9221464819175047,student_t,BTC-USD,1595,0.46939670362907726,0.12183227796722729,,0.05154446071795982,2025-12-01,2024-07-20,3.7258346849719235,6.521128409113106
-2.3558262017177616,2.3558262017177616,6.092526205699711,9.838504768772868,False,False,2235.3663559536494,2252.2247883473383,0,null,-1113.6831779768247,"{""alpha[1]"": 0.04653572635222216, ""beta[1]"": 0.9322383850196634, ""nu"": 4.189166715700128, ""omega"": 0.14764179593883467}",2.722274104480875,True,2025-12-03,1.476726980142379,2.0111660453686664,student_t,BTC-USD,1596,0.32178863603269403,0.09487387399369518,,0.06151367022202376,2025-12-02,2024-07-21,4.079946518936112,7.131561197651748
1.4931972871278192,-1.4931972871278192,6.014419585648907,9.681481708977527,False,False,2236.0231274443167,2252.8815598380056,0,null,-1114.0115637221584,"{""alpha[1]"": 0.045789435104438024, ""beta[1]"": 0.9329759501054972, ""nu"": 4.240494012203881, ""omega"": 0.1443728614648806}",2.6900017075186846,True,2025-12-04,1.465567118495441,1.9972544333556295,student_t,BTC-USD,1597,0.1272463868381699,0.05545622088611617,,0.0632962475514522,2025-12-03,2024-07-22,4.038125023891215,7.038819375739431
3.034305998126898,-3.034305998126898,5.873050499235091,9.4218234945053,False,False,2236.101505232198,2252.959937625887,0,null,-1114.050752616099,"{""alpha[1]"": 0.044296199399862284, ""beta[1]"": 0.9342675955802124, ""nu"": 4.2943773846501125, ""omega"": 0.14072311400703397}",2.6284308102517824,True,2025-12-05,1.443690940458274,1.9723563828728121,student_t,BTC-USD,1598,0.04600586835632627,0.03837291201117974,,0.06198740631668638,2025-12-04,2024-07-23,3.9544233652534224,6.871597199244868
0.12916460569631713,-0.12916460569631713,5.933815761924632,9.512172166628607,False,False,2236.858125682733,2253.7165580764217,0,null,-1114.4290628413664,"{""alpha[1]"": 0.04506201220959166, ""beta[1]"": 0.93345344636554, ""nu"": 4.304669952770071, ""omega"": 0.1421149374003309}",2.655163391809353,True,2025-12-06,1.454439289729411,1.9823794061266637,student_t,BTC-USD,1599,0.19344366086512152,0.06812886624642787,,0.06088509502968953,2025-12-05,2024-07-24,3.998037822998744,6.942051230339098
-1.261457222601435,1.261457222601435,5.751343357239386,9.206564159015816,False,False,2236.1064737013203,2252.964906095009,0,null,-1114.0532368506601,"{""alpha[1]"": 0.04335621622932989, ""beta[1]"": 0.93467745917206, ""nu"": 4.331224595117743, ""omega"": 0.14023989270927195}",2.5757603431491276,True,2025-12-07,1.423939735322775,1.9507273821345152,student_t,BTC-USD,1600,0.2570387219053842,0.07989712423915714,,0.0623192051313418,2025-12-06,2024-07-25,3.8793172155062443,6.728255201314272
-0.2591195979813834,0.2591195979813834,5.6098959637482295,8.951734225087234,False,False,2235.7427443342613,2252.60117672795,0,null,-1113.8713721671306,"{""alpha[1]"": 0.042445109799596384, ""beta[1]"": 0.9347325495404765, ""nu"": 4.386907429870941, ""omega"": 0.14068903380009667}",2.515290948032451,True,2025-12-08,1.4007641410013192,1.9248293200979725,student_t,BTC-USD,1601,0.20263552884934938,0.0682057999764109,,0.06360659684054612,2025-12-07,2024-07-26,3.7935909790056006,6.561460399659699
-2.238119270359191,2.238119270359191,5.502937513756745,8.819888176865284,False,False,2233.4528993152926,2250.3113317089815,0,null,-1112.7264496576463,"{""alpha[1]"": 0.04197327520530173, ""beta[1]"": 0.9350224528649266, ""nu"": 4.308927199656723, ""omega"": 0.14257631607060015}",2.4630443686949666,True,2025-12-09,1.3791275336355575,1.9069550595865277,student_t,BTC-USD,1602,0.297312444942965,0.08676160201355894,,0.05773683759634922,2025-12-08,2024-07-27,3.7081296285001035,6.438040930996695
0.7262832857463607,-0.7262832857463607,5.435406117230916,8.663270379286935,False,False,2234.0258939897185,2250.8843263834074,0,null,-1113.0129469948592,"{""alpha[1]"": 0.04185587211663553, ""beta[1]"": 0.9339752150401316, ""nu"": 4.407518806114192, ""omega"": 0.14491054991154098}",2.4380364441323277,True,2025-12-10,1.3697991190263261,1.892865433317707,student_t,BTC-USD,1603,0.14763761081390753,0.056305918238436524,,0.06250403591482062,2025-12-09,2024-07-28,3.6790355020245085,6.356875109590008
-0.5314970118986532,0.5314970118986532,5.3038075030674,8.43331454015114,False,False,2233.104820370371,2249.9632527640597,0,null,-1112.5524101851854,"{""alpha[1]"": 0.04168419042995469, ""beta[1]"": 0.9326470475293643, ""nu"": 4.447247642728643, ""omega"": 0.14979609381656167}",2.3795834688825344,True,2025-12-11,1.346662465916019,1.8675526040405428,student_t,BTC-USD,1604,0.20643690938045256,0.06733042176453449,,0.0597505642154033,2025-12-10,2024-07-29,3.5972411757103946,6.20154516455479
2.452142146309117,-2.452142146309117,5.181028535384079,8.25160969729483,False,False,2231.337753967459,2248.1961863611477,0,null,-1111.6688769837294,"{""alpha[1]"": 0.0419625754174284, ""beta[1]"": 0.931078461619205, ""nu"": 4.427088139352599, ""omega"": 0.15584797362224437}",2.326909800018429,True,2025-12-12,1.3221737270503722,1.8447750464976354,student_t,BTC-USD,1605,0.05281478142410954,0.03607565652331129,,0.0650660073749796,2025-12-11,2024-07-30,3.508437774791307,6.059707798640242
-0.031341876670942806,0.031341876670942806,5.175884470810819,8.199522204486534,False,False,2231.9853169824605,2248.8437493761494,0,null,-1111.9926584912303,"{""alpha[1]"": 0.04239539810417234, ""beta[1]"": 0.9289380204442078, ""nu"": 4.517470433038191, ""omega"": 0.1624277335081946}",2.3258082139770644,True,2025-12-13,1.3242493362186778,1.841984329649105,student_t,BTC-USD,1606,0.17760904339428907,0.06081838554867663,,0.06202279232699944,2025-12-12,2024-07-31,3.5208389912148355,6.050496678196714
2.3797671017782873,-2.3797671017782873,5.052870980220282,8.02318900965931,False,False,2229.8665289256764,2246.7249613193653,0,null,-1110.9332644628382,"{""alpha[1]"": 0.04306174062192243, ""beta[1]"": 0.926591402855064, ""nu"": 4.484312363904525, ""omega"": 0.17105690970956092}",2.272448035223553,True,2025-12-14,1.298753218619872,1.818792161444196,student_t,BTC-USD,1607,0.05250523354501984,0.03528960079630553,,0.06692216619583867,2025-12-13,2024-08-01,3.429871772678683,5.908727181408837
2.010891471875895,-2.010891471875895,5.050911961626073,7.976342640159152,False,False,2230.27675691115,2247.135189304839,0,null,-1111.138378455575,"{""alpha[1]"": 0.04379128162055976, ""beta[1]"": 0.9234930862120525, ""nu"": 4.574432680412965, ""omega"": 0.1812949006956866}",2.2709496599154506,True,2025-12-15,1.3015969027600853,1.8164990590797379,student_t,BTC-USD,1608,0.07169861813075847,0.03891754178303374,,0.059890662770073454,2025-12-14,2024-08-02,3.4448638344910627,5.902645650179266
-1.6345736935078115,1.6345736935078115,5.059914056178359,8.017553580182279,False,False,2227.272548474868,2244.130980868557,0,null,-1109.636274237434,"{""alpha[1]"": 0.04272526782134155, ""beta[1]"": 0.9266494277995438, ""nu"": 4.523516183214964, ""omega"": 0.1721543783178822}",2.2772736886885316,True,2025-12-16,1.3012974979189194,1.8195187215068929,student_t,BTC-USD,1609,0.25375260673523137,0.0755060931211795,,0.0683122826001101,2025-12-15,2024-08-03,3.4404784411968112,5.916035618610131
1.954483304665881,-1.954483304665881,4.9728945639067925,7.858663497784663,False,False,2226.5974739133135,2243.4559063070024,0,null,-1109.2987369566567,"{""alpha[1]"": 0.0438841274475229, ""beta[1]"": 0.922808361147851, ""nu"": 4.581706871607694, ""omega"": 0.1843572903979301}",2.2427481280563426,True,2025-12-17,1.2853011398846688,1.801407430965659,student_t,BTC-USD,1610,0.07167725487849377,0.03859284259807061,,0.07398932734472866,2025-12-16,2024-08-04,3.388028402235755,5.813767564472938
0.7939728497814322,-0.7939728497814322,4.970491200579957,7.87392738602267,False,False,2224.8259827842326,2241.6844151779214,0,null,-1108.4129913921163,"{""alpha[1]"": 0.04389715260307905, ""beta[1]"": 0.9227407727482781, ""nu"": 4.543404473972198, ""omega"": 0.18626571959719748}",2.2427260504638884,True,2025-12-18,1.2833463830539484,1.801797110554987,student_t,BTC-USD,1611,0.12925524120584442,0.050188764065732486,,0.07871193728195941,2025-12-17,2024-08-05,3.379077673898318,5.812849256354676
-3.04331549685831,3.04331549685831,4.920199021697934,7.836077739266471,False,False,2219.3569751204445,2236.2154075141334,0,null,-1105.6784875602223,"{""alpha[1]"": 0.04198045888550067, ""beta[1]"": 0.9291494731457565, ""nu"": 4.466194919258556, ""omega"": 0.16446738392708138}",2.2241396128138575,True,2025-12-19,1.269845051826009,1.793616434964283,student_t,BTC-USD,1612,0.31859054007427356,0.0880187674459049,,0.09185038874584212,2025-12-18,2024-08-06,3.3284953046271557,5.758561247732172
-0.272735512782592,0.272735512782592,5.029139417620645,8.017381209110226,False,False,2219.409327010716,2236.267759404405,0,null,-1105.704663505358,"{""alpha[1]"": 0.041852963558049905, ""beta[1]"": 0.9295928391136711, ""nu"": 4.444978985781188, ""omega"": 0.1649039207317524}",2.2713095698677606,True,2025-12-20,1.2912707416949836,1.8157815360443617,student_t,BTC-USD,1613,0.18362718534651942,0.06158853870014545,,0.09050932671970158,2025-12-19,2024-08-07,3.3998081941477936,5.886118357231947
-0.31390280669266873,0.31390280669266873,4.911989554180465,7.84011423383574,False,False,2217.858758034388,2234.7171904280767,0,null,-1104.929379017194,"{""alpha[1]"": 0.04280959009716508, ""beta[1]"": 0.9267783169759599, ""nu"": 4.432163965586132, ""omega"": 0.17417923471612537}",2.2208474528904536,True,2025-12-21,1.2668745720085455,1.7927149759012733,student_t,BTC-USD,1614,0.18152280439145022,0.06064325309483199,,0.09468118686684192,2025-12-20,2024-08-08,3.3165532811363323,5.750422502790525
0.14875849588890808,-0.14875849588890808,4.801710445925027,7.5075086765934635,False,False,2207.7757688998026,2224.6342012934915,0,null,-1099.8878844499013,"{""alpha[1]"": 0.043363075973581154, ""beta[1]"": 0.9305745795260835, ""nu"": 4.792975301518145, ""omega"": 0.14915832885420688}",2.1716400319916094,True,2025-12-22,1.2562682367394395,1.7628886838703317,student_t,BTC-USD,1615,0.1575719037969526,0.05459237927492718,,0.07238582099464266,2025-12-21,2024-08-09,3.300196571827957,5.607996423381621
1.2234274952953526,-1.2234274952953526,4.699043143253341,7.360456441524843,False,False,2206.704749832498,2223.5631822261867,0,null,-1099.352374916249,"{""alpha[1]"": 0.04369977759436836, ""beta[1]"": 0.9300997841300677, ""nu"": 4.76148527455549, ""omega"": 0.1490608021163161}",2.1261385936356194,True,2025-12-23,1.2335317414421558,1.7419430748652118,student_t,BTC-USD,1616,0.10004641417838292,0.04266156427101174,,0.07479663071502983,2025-12-22,2024-08-10,3.224355778863009,5.489583922396522
-0.2262076109769442,0.2262076109769442,4.628433620463783,7.227665186954893,False,False,2206.7505656229773,2223.608998016666,0,null,-1099.3752828114887,"{""alpha[1]"": 0.043488181050136, ""beta[1]"": 0.9303516830994412, ""nu"": 4.822496151795361, ""omega"": 0.145917886276089}",2.0950934130709293,True,2025-12-24,1.2201548146140113,1.725770529009842,student_t,BTC-USD,1617,0.17051375892687679,0.05631449393932253,,0.07213406063769401,2025-12-23,2024-08-11,3.1840675675605885,5.405241782955303
0.43148578556018463,-0.43148578556018463,4.538453878419308,7.128746955982883,False,False,2203.2975951883327,2220.1560275820216,0,null,-1097.6487975941664,"{""alpha[1]"": 0.045368257078066354, ""beta[1]"": 0.9267415864139718, ""nu"": 4.71765884104671, ""omega"": 0.15812624729511843}",2.055827129422994,True,2025-12-25,1.1970023657465552,1.7082217322279023,student_t,BTC-USD,1618,0.13373522574104962,0.04872916845071505,,0.08002918516433534,2025-12-24,2024-08-12,3.106190300381175,5.304402630631685
-0.07641682813185645,0.07641682813185645,4.443324746433396,6.980175283673663,False,False,2202.4452071228943,2219.303639516583,0,null,-1097.2226035614472,"{""alpha[1]"": 0.04603233729034329, ""beta[1]"": 0.9258883597084512, ""nu"": 4.713090329423409, ""omega"": 0.15772383810085583}",2.012026369550927,True,2025-12-26,1.1757827969160628,1.6870543475638446,student_t,BTC-USD,1619,0.15586694511819374,0.05269529861173619,,0.07701489366509338,2025-12-25,2024-08-13,3.0409220742320153,5.193113033041758
-0.57192195601486,0.57192195601486,4.3553575028416995,6.86551096677883,False,False,2200.6302424750197,2217.4886748687086,0,null,-1096.3151212375099,"{""alpha[1]"": 0.04741543363828712, ""beta[1]"": 0.9239220515608602, ""nu"": 4.641997635513357, ""omega"": 0.161803009932841}",1.9693411226684499,True,2025-12-27,1.1539141865448141,1.6681393051535083,student_t,BTC-USD,1620,0.177224303536988,0.05663582876583326,,0.07298281946675902,2025-12-26,2024-08-14,2.9725641147248973,5.091660920568461
-0.03835125646023561,0.03835125646023561,4.275155346830696,6.781376224657067,False,False,2197.7077888998083,2214.566221293497,0,null,-1094.8538944499041,"{""alpha[1]"": 0.04960575771741491, ""beta[1]"": 0.920512945014287, ""nu"": 4.538973734675828, ""omega"": 0.17187478627356495}",1.9345219144093884,True,2025-12-28,1.131574408595478,1.6517740514053076,student_t,BTC-USD,1621,0.14700649568818483,0.05040253583782635,,0.08040232365714792,2025-12-27,2024-08-15,2.901778657303458,5.001902327322394
0.7974888888272252,-0.7974888888272252,4.181618724906309,6.664308095564883,False,False,2195.7497822914265,2212.6082146851154,0,null,-1093.8748911457133,"{""alpha[1]"": 0.05163499117633508, ""beta[1]"": 0.9179991565646265, ""nu"": 4.464209261660839, ""omega"": 0.176696187894931}",1.8930937378918185,True,2025-12-29,1.106639335623138,1.6313153910848741,student_t,BTC-USD,1622,0.10145191371907765,0.040977736542695244,,0.08452799858951299,2025-12-28,2024-08-16,2.8265271632087763,4.895262543096746
-1.4718097803136698,1.4718097803136698,4.13460981884971,6.607955150236618,False,False,2194.0491971385713,2210.90762953226,0,null,-1093.0245985692857,"{""alpha[1]"": 0.052817568040444476, ""beta[1]"": 0.9167178049173607, ""nu"": 4.407814962591857, ""omega"": 0.1790407155743622}",1.8682348533606457,True,2025-12-30,1.0938875311764678,1.6208321350809771,student_t,BTC-USD,1623,0.21302908214877664,0.06312519436463486,,0.07835073478987234,2025-12-29,2024-08-17,2.7887718626618594,4.84070965614981
1.047309934364561,-1.047309934364561,4.108140567657679,6.542108511858543,False,False,2194.063266827182,2210.921699220871,0,null,-1093.031633413591,"{""alpha[1]"": 0.052206693614651654, ""beta[1]"": 0.9174710565762845, ""nu"": 4.472046774924959, ""omega"": 0.17453705603074335}",1.8583512908641253,True,2025-12-31,1.0894519567860672,1.613257177973324,student_t,BTC-USD,1624,0.08658854712319713,0.03761124526662521,,0.07931798622473679,2025-12-30,2024-08-18,2.7790808768285022,4.808434461027079
-1.3880733660550058,1.3880733660550058,4.067744199007035,6.479892433683449,False,False,2193.0649916219345,2209.9234240156234,0,null,-1092.5324958109672,"{""alpha[1]"": 0.052692120596566375, ""beta[1]"": 0.9168627527636937, ""nu"": 4.469565568668834, ""omega"": 0.17458721032701566}",1.8409365883746507,True,2026-01-01,1.0793294789508212,1.6035239711374305,student_t,BTC-USD,1625,0.20694241495556306,0.06149628317187748,,0.08059741393960648,2025-12-31,2024-08-19,2.7507749330562525,4.761554951132736
-1.3574570124635814,1.3574570124635814,4.0459942202701775,6.437643576434649,False,False,2192.387251811197,2209.245684204886,0,null,-1092.1936259055985,"{""alpha[1]"": 0.05276339248644306, ""beta[1]"": 0.9165111662041644, ""nu"": 4.490008547347886, ""omega"": 0.17451211259386418}",1.8314492368712514,True,2026-01-02,1.0746400910273355,1.597770056846049,student_t,BTC-USD,1626,0.2048121105578319,0.060930358321671915,,0.07995082796137018,2026-01-01,2024-08-20,2.738785198693053,4.735578819703605
-0.7294409632707294,0.7294409632707294,4.001490268766776,6.346054900177028,False,False,2192.0655201579966,2208.9239525516855,0,null,-1092.0327600789983,"{""alpha[1]"": 0.05316961456968602, ""beta[1]"": 0.9152118153377404, ""nu"": 4.557427439644298, ""omega"": 0.175901873591527}",1.8151088575045233,True,2026-01-03,1.0652802299882849,1.5857397590734212,student_t,BTC-USD,1627,0.1722452881916418,0.05412235582804183,,0.08428814690640153,2026-01-02,2024-08-21,2.715464800562104,4.682794619533449
-0.890368995307639,0.890368995307639,3.96771770469096,6.328391816609299,False,False,2188.8321021467227,2205.6905345404116,0,null,-1090.4160510733614,"{""alpha[1]"": 0.05432787125099932, ""beta[1]"": 0.9145849598301184, ""nu"": 4.447864462890331, ""omega"": 0.1771377691392479}",1.7951705950109655,True,2026-01-04,1.0537340991631279,1.5790330350135617,student_t,BTC-USD,1628,0.17853665679367917,0.05535325614263083,,0.07854953127965728,2026-01-03,2024-08-22,2.680364140565941,4.644956618955439
-2.665149838122066,2.665149838122066,3.8932288222597555,6.2063916584682675,False,False,2187.674944946521,2204.53337734021,0,null,-1089.8374724732605,"{""alpha[1]"": 0.05563120997855672, ""beta[1]"": 0.9127871623690555, ""nu"": 4.4663868134023454, ""omega"": 0.17825742604241218}",1.7644631592647408,True,2026-01-05,1.034904048745878,1.5600347324293247,student_t,BTC-USD,1629,0.26478345422116817,0.07223465588253182,,0.08294069209222003,2026-01-04,2024-08-23,2.6305192463012936,4.55831575013111
0.16366097168256194,-0.16366097168256194,4.1416183453202,6.604596758884852,False,False,2184.672115478788,2201.5305478724767,0,null,-1088.336057739394,"{""alpha[1]"": 0.055432007897171995, ""beta[1]"": 0.9103098537828519, ""nu"": 4.442261897319291, ""omega"": 0.1980019391353103}",1.8712167584447648,True,2026-01-06,1.0968814612439095,1.6217589241294457,student_t,BTC-USD,1630,0.13176116782764521,0.04684067074125498,,0.07633765620804292,2026-01-05,2024-08-24,2.798884328235464,4.847728045808056
2.6168967244675576,-2.6168967244675576,4.0303526712037705,6.409510696122383,False,False,2183.9966725159966,2200.8551049096855,0,null,-1087.9983362579983,"{""alpha[1]"": 0.055484493832208416, ""beta[1]"": 0.911584460924915, ""nu"": 4.4927400764636864, ""omega"": 0.18694985870365716}",1.8227001190489824,True,2026-01-07,1.0711597773415722,1.5936513489634359,student_t,BTC-USD,1631,0.005644244680871996,0.020996597549951066,,0.07574640810128275,2026-01-06,2024-08-25,2.7297816180849974,4.716556479462662
0.30814668982316024,-0.30814668982316024,4.210541785660215,6.647723034603977,False,False,2186.507124773936,2203.365557167625,0,null,-1089.253562386968,"{""alpha[1]"": 0.05385035840194421, ""beta[1]"": 0.9115149172961459, ""nu"": 4.611069115151956, ""omega"": 0.1913753018287047}",1.9029004493793737,True,2026-01-08,1.1192222409524697,1.6348325120184972,student_t,BTC-USD,1632,0.12809443724225764,0.04614878561655971,,0.0700315694210198,2026-01-07,2024-08-26,2.870035434668311,4.923025251479127
0.5662930155031015,-0.5662930155031015,4.133258360551809,6.554991205868733,False,False,2184.343665540732,2201.202097934421,0,null,-1088.171832770366,"{""alpha[1]"": 0.05426554378619184, ""beta[1]"": 0.9121424515213296, ""nu"": 4.5366056701183926, ""omega"": 0.18735968421494062}",1.868593530234525,True,2026-01-09,1.09803262050406,1.6178806707111333,student_t,BTC-USD,1633,0.11200256291992708,0.0426902177977169,,0.07398377845877274,2026-01-08,2024-08-27,2.806344273901641,4.835314795274789
0.13980466484492665,-0.13980466484492665,4.1103729252262795,6.546687006841125,False,False,2178.270279021883,2195.128711415572,0,null,-1085.1351395109416,"{""alpha[1]"": 0.06052250874951693, ""beta[1]"": 0.8996583283927034, ""nu"": 4.476360304575122, ""omega"": 0.2285406493814707}",1.8614676613470134,True,2026-01-10,1.089784214248799,1.6139418194322466,student_t,BTC-USD,1634,0.13199595492763794,0.04671897015894547,,0.08388976794083353,2026-01-09,2024-08-28,2.779723763397683,4.8117016807394695
-0.4865110901073429,0.4865110901073429,3.9946821506016033,6.358200967580923,False,False,2177.4731843019977,2194.3316166956865,0,null,-1084.7365921509988,"{""alpha[1]"": 0.059308385774810256, ""beta[1]"": 0.9044854405785804, ""nu"": 4.494019854462319, ""omega"": 0.20608891997268206}",1.8110985381634424,True,2026-01-11,1.0615064996518546,1.5852487947619367,student_t,BTC-USD,1635,0.15945416403305357,0.05162989037420133,,0.08521820151131651,2026-01-10,2024-08-29,2.7025721905537257,4.676477947312785
-0.4016380962658518,0.4016380962658518,3.887665081707715,6.176006685625189,False,False,2176.7751570630953,2193.633589456784,0,null,-1084.3875785315477,"{""alpha[1]"": 0.058880337317088326, ""beta[1]"": 0.907254425087177, ""nu"": 4.53177182777491, ""omega"": 0.19016565851352424}",1.7642931988914554,True,2026-01-12,1.0353763344561209,1.557504442658499,student_t,BTC-USD,1636,0.15178969842372955,0.04952320835315409,,0.08497329234129956,2026-01-11,2024-08-30,2.6341558722087366,4.550682739049553
-4.428028502599528,4.428028502599528,3.781174106764296,6.000287444407109,False,False,2175.8385984539113,2192.6970308476,0,null,-1083.9192992269557,"{""alpha[1]"": 0.05931664341330296, ""beta[1]"": 0.908420136220453, ""nu"": 4.55865012636896, ""omega"": 0.17914340697308753}",1.7183231789455589,True,2026-01-13,1.0080999508101738,1.5294575787450744,student_t,BTC-USD,1637,0.3495955878472994,0.0885414175560501,,0.08668352626121209,2026-01-12,2024-08-31,2.5638832543464543,4.426113253005475
-1.6723797821879045,1.6723797821879045,4.444053200560127,7.046833926256235,False,False,2181.608784728748,2198.467217122437,0,null,-1086.804392364374,"{""alpha[1]"": 0.05768710762547254, ""beta[1]"": 0.905922512694111, ""nu"": 4.563909983836849, ""omega"": 0.20176744039312663}",2.0171013376321882,True,2026-01-14,1.170207147266689,1.6906330653047723,student_t,BTC-USD,1638,0.23441466991325022,0.06873328243446118,,0.0960462442729405,2026-01-13,2024-09-01,3.015913616077096,5.200948461258207
1.4320038274756288,-1.4320038274756288,4.42216048067692,7.032041616420081,False,False,2180.105895329735,2196.964327723424,0,null,-1086.0529476648676,"{""alpha[1]"": 0.057683110034934953, ""beta[1]"": 0.9057484748447182, ""nu"": 4.526403567225222, ""omega"": 0.20397473504988714}",2.0104521778772013,True,2026-01-15,1.1634289459882394,1.6868026179639886,student_t,BTC-USD,1639,0.07804584594023892,0.03745868009170789,,0.10504735809142861,2026-01-14,2024-09-02,2.9929207462804057,5.177871836646415
0.027287854665539495,-0.027287854665539495,4.4232780880678035,7.048430616129249,False,False,2178.414537023841,2195.27296941753,0,null,-1085.2072685119206,"{""alpha[1]"": 0.057386055694824224, ""beta[1]"": 0.9061795333704453, ""nu"": 4.476306094282241, ""omega"": 0.20499125048990907}",2.0057318872848553,True,2026-01-16,1.1627360725412919,1.687573073216324,student_t,BTC-USD,1640,0.14811033841983487,0.051516740382868714,,0.09604400421822948,2026-01-15,2024-09-03,2.9894946230622343,5.178961892952406
0.4461072063214649,-0.4461072063214649,4.328594307572644,6.944277231281416,False,False,2175.5037401559935,2192.3621725496823,0,null,-1083.7518700779967,"{""alpha[1]"": 0.05689413562465594, ""beta[1]"": 0.9085592896553205, ""nu"": 4.372290419135251, ""omega"": 0.19813553679246584}",1.9638173546186295,True,2026-01-17,1.1370826253456112,1.6683071486127616,student_t,BTC-USD,1641,0.1231007312532831,0.04625918219870982,,0.10176091695534366,2026-01-16,2024-09-04,2.9081218313871244,5.072025426192443
1.5529993652784666,-1.5529993652784666,4.225139811556728,6.770800170734649,False,False,2174.775828829783,2191.634261223472,0,null,-1083.3879144148916,"{""alpha[1]"": 0.05676104649427342, ""beta[1]"": 0.9096700144365266, ""nu"": 4.390284272386232, ""omega"": 0.1902871074836251}",1.917138398765652,True,2026-01-18,1.1135272795797242,1.6437446975429628,student_t,BTC-USD,1642,0.06441506122751454,0.033973047803274696,,0.0989951927527996,2026-01-17,2024-09-05,2.8413005898287564,4.950304145605934
1.161028576694818,-1.161028576694818,4.2520835407995,6.836253880198328,False,False,2172.837020680678,2189.695453074367,0,null,-1082.418510340339,"{""alpha[1]"": 0.056652735134575305, ""beta[1]"": 0.9096695518257364, ""nu"": 4.340078314881757, ""omega"": 0.19364021840781276}",1.9293914193455213,True,2026-01-19,1.1179700145123666,1.6512287368570857,student_t,BTC-USD,1643,0.08451262091337569,0.038225241655339574,,0.10223694005050632,2026-01-18,2024-09-06,2.8512809949623303,4.983552742228772
4.692425505482115,-4.692425505482115,4.251974357461233,6.865108797774619,True,False,2168.87124729871,2185.729679692399,0,null,-1080.435623649355,"{""alpha[1]"": 0.05790676323587284, ""beta[1]"": 0.907090563380505, ""nu"": 4.280131178491851, ""omega"": 0.20542494130792371}",1.9305557605456656,True,2026-01-20,9.826901337796684,1.65271361332672,student_t,BTC-USD,1644,1.7594522062417122,0.0029344025950804858,,0.10795065487826122,2026-01-19,2024-09-07,2.8403705515434705,4.985865764990163
-1.1999327765743164,1.1999327765743164,4.952135047850553,7.976199294993616,False,False,2175.3391611362404,2192.1975935299292,0,null,-1083.6695805681202,"{""alpha[1]"": 0.058388644161302655, ""beta[1]"": 0.90336746350353, ""nu"": 4.2854227078630025, ""omega"": 0.2257226419965904}",2.236248452350895,True,2026-01-21,1.26984150133155,1.8038802060611734,student_t,BTC-USD,1645,0.22589878235353453,0.07001965205924901,,0.09785922029513602,2026-01-20,2024-09-08,3.31804287049637,5.802032429350578
-0.09560777635083637,0.09560777635083637,4.834736275522359,7.78376246807529,False,False,2175.1407512880755,2191.9991836817644,0,null,-1083.5703756440378,"{""alpha[1]"": 0.05751086633812184, ""beta[1]"": 0.9053953962550811, ""nu"": 4.294878908405665, ""omega"": 0.21726773469181215}",2.184416729094256,True,2026-01-22,1.2460415966519252,1.77978330243569,student_t,BTC-USD,1646,0.1667960308735892,0.057601901111765365,,0.09768290477005591,2026-01-21,2024-09-09,3.240312841120945,5.664582334825695
-0.046290133092210695,0.046290133092210695,4.748600295813381,7.690870842078973,False,False,2170.7439638695973,2187.602396263286,0,null,-1081.3719819347987,"{""alpha[1]"": 0.05745493803079468, ""beta[1]"": 0.9057329908216156, ""nu"": 4.195136730673021, ""omega"": 0.22060715107694137}",2.1405553998045606,True,2026-01-23,1.224835554609501,1.7636701798673267,student_t,BTC-USD,1647,0.16067692048044457,0.05611682371065263,,0.09008501758963344,2026-01-22,2024-09-10,3.167248276516678,5.565392237973047
0.4402117623558332,-0.4402117623558332,4.614943770253228,7.47895249238182,False,False,2170.1823998249547,2187.0408322186436,0,null,-1081.0911999124774,"{""alpha[1]"": 0.05626893511851138, ""beta[1]"": 0.9090167922420338, ""nu"": 4.186501859510944, ""omega"": 0.20722323630682346}",2.080307272483065,True,2026-01-24,1.1959308608457255,1.7353284955608155,student_t,BTC-USD,1648,0.13181268177113853,0.049688340863904196,,0.0879828068213275,2026-01-23,2024-09-11,3.0764653977786014,5.409045848746248
2.8900838361794734,-2.8900838361794734,4.492546054028942,7.27089719141209,False,False,2169.9270228201394,2186.7854552138283,0,null,-1080.9635114100697,"{""alpha[1]"": 0.055570896886132155, ""beta[1]"": 0.9110812907623919, ""nu"": 4.209820512976342, ""omega"": 0.19652885846968302}",2.026750436844969,True,2026-01-25,1.1697388255060073,1.7080564045250548,student_t,BTC-USD,1649,0.005393927893009503,0.02375330574252503,,0.08816520538302668,2026-01-24,2024-09-12,2.9979623940396634,5.2654144104319744
-1.938894055131375,1.938894055131375,4.6822877875025934,7.552003996375026,False,False,2172.392698448155,2189.251130841844,0,null,-1082.1963492240775,"{""alpha[1]"": 0.055947079466112, ""beta[1]"": 0.9091855284421155, ""nu"": 4.247621688435415, ""omega"": 0.2043765779328057}",2.1078113193392505,True,2026-01-26,1.2133422663949895,1.7480738679671468,student_t,BTC-USD,1650,0.2536972639720228,0.07423619349432428,,0.07966969818392741,2026-01-25,2024-09-13,3.135051224309077,5.484725294301046
-0.942027655896957,0.942027655896957,4.709385593079848,7.597853836343985,False,False,2169.1582384650037,2186.0166708586926,0,null,-1080.5791192325019,"{""alpha[1]"": 0.05677015928945113, ""beta[1]"": 0.9063744569124966, ""nu"": 4.237301234349262, ""omega"": 0.21754118793694477}",2.1176355160928457,True,2026-01-27,1.2190707601491555,1.7538514170269464,student_t,BTC-USD,1651,0.2047511991387015,0.06457960128712403,,0.07530934171442574,2026-01-26,2024-09-14,3.152996326877069,5.515932472815441
-0.09198645005471491,0.09198645005471491,4.603969110111792,7.428888753178123,False,False,2168.9789093092304,2185.8373417029193,0,null,-1080.4894546546152,"{""alpha[1]"": 0.056295209192974996, ""beta[1]"": 0.9080346132216788, ""nu"": 4.241847493210879, ""omega"": 0.20947290280087255}",2.0727482562278436,True,2026-01-28,1.1962127159790592,1.7313611200794456,student_t,BTC-USD,1652,0.15866975250407803,0.0548524702347369,,0.0790716542822692,2026-01-27,2024-09-15,3.081408600026843,5.39326057341897
5.322794949256374,-5.322794949256374,4.4961115279645965,7.279365496027972,True,True,2167.865874003037,2184.7243063967258,0,null,-1079.9329370015184,"{""alpha[1]"": 0.05609524073427698, ""beta[1]"": 0.9096887438499061, ""nu"": 4.1963361110745705, ""omega"": 0.2023418044082194}",2.025314454496958,True,2026-01-29,11.50243053085325,2.4493817295201428,student_t,BTC-USD,1653,2.2065457078510065,0.053366567681007934,,0.08201529593740595,2026-01-28,2024-09-16,3.0001152567816303,5.268889325336164
0.5132847435462905,-0.5132847435462905,5.340052547403802,8.695735842157129,False,False,2173.762144825448,2190.620577219137,0,null,-1082.881072412724,"{""alpha[1]"": 0.05746061392004909, ""beta[1]"": 0.9068495946471838, ""nu"": 4.088238083967651, ""omega"": 0.2215146890246131}",2.3928116625280906,True,2026-01-30,1.3397439162907583,1.88241498133275,student_t,BTC-USD,1654,0.15176125768112514,0.05744012061869108,,0.07474469637353748,2026-01-29,2024-09-17,3.5485098971687905,6.257296805415394
6.77069192656263,-6.77069192656263,5.234814439812698,8.576532906107948,True,True,2169.7515285171803,2186.609960910869,0,null,-1080.8757642585902,"{""alpha[1]"": 0.0572204410206698, ""beta[1]"": 0.9073557726172887, ""nu"": 3.9968474698253798, ""omega"": 0.22530964733299708}",2.340742195636147,True,2026-01-31,13.9600676119049,9.27104661023176,student_t,BTC-USD,1655,3.1438566662931717,0.6288805301091094,,0.06657470915424307,2026-01-30,2024-09-18,3.461369119938239,6.13545906786656
2.1166842160066897,-2.1166842160066897,6.525136118261704,10.812740097720987,False,False,2175.977636430058,2192.8360688237467,0,null,-1083.988818215029,"{""alpha[1]"": 0.06353657186920053, ""beta[1]"": 0.899459200762834, ""nu"": 3.824634312447786, ""omega"": 0.25945780081372904}",2.898975455115364,True,2026-02-01,1.5311126979165075,2.08801201233961,student_t,BTC-USD,1656,0.10801110101021959,0.05531025584051596,,0.04863445918415865,2026-01-31,2024-09-19,4.2769062362110795,7.647709800058281
-2.2026908164317214,2.2026908164317214,6.466286326542042,10.762980769753893,False,False,2175.7682173412404,2192.6266497349293,0,null,-1083.8841086706202,"{""alpha[1]"": 0.06490912470990347, ""beta[1]"": 0.8979489393968924, ""nu"": 3.7655090847416455, ""omega"": 0.26809083848854925}",2.8685142741820044,True,2026-02-02,1.5197000941172933,2.080304067864155,student_t,BTC-USD,1657,0.3212905174873498,0.09781890693565622,,0.04025686694377847,2026-02-01,2024-09-20,4.223119533315269,7.579199877133892
3.960046937497693,-3.960046937497693,6.311938269722562,10.440889226027627,False,False,2177.8196511780216,2194.6780835717104,0,null,-1084.9098255890108,"{""alpha[1]"": 0.0640204695834232, ""beta[1]"": 0.8986447489341229, ""nu"": 3.844013753355984, ""omega"": 0.2607945048337128}",2.803162051995146,True,2026-02-03,1.49895351359937,2.0541646107168043,student_t,BTC-USD,1658,0.009190406850276398,0.03436642928114645,,0.043861446247948854,2026-02-02,2024-09-21,4.143855074503221,7.396689865612335
3.5170615941758965,-3.5170615941758965,6.525610770487858,10.708079074101754,False,False,2182.037196753394,2198.8956291470827,0,null,-1087.018598376697,"{""alpha[1]"": 0.06635914626948007, ""beta[1]"": 0.8955890256010774, ""nu"": 3.938441895923136, ""omega"": 0.26188838028424183}",2.8954916651119014,True,2026-02-04,1.5369388601943306,2.0846879588418483,student_t,BTC-USD,1659,0.039885017553889415,0.04125181456097907,,0.03530349176728668,2026-02-03,2024-09-22,4.314761945253684,7.642243050273801
15.23344080344346,-15.23344080344346,6.61817069698715,10.77914661075612,True,True,2185.4045045105922,2202.262936904281,0,null,-1088.7022522552961,"{""alpha[1]"": 0.0681396427001842, ""beta[1]"": 0.8933753586732871, ""nu"": 4.032552903506645, ""omega"": 0.2604949351080864}",2.9351954290567934,True,2026-02-05,34.27960862588047,71.5592285875305,student_t,BTC-USD,1660,10.287294323193555,7.4126447870175625,,0.027470047620546573,2026-02-04,2024-09-23,4.404709936923926,7.745920816557033
-11.800318143746404,11.800318143746404,11.86067084205786,19.706989858483094,False,False,2199.2056218100693,2216.064054203758,0,null,-1095.6028109050346,"{""alpha[1]"": 0.08064964780800772, ""beta[1]"": 0.885001360020435, ""nu"": 3.7563807644906673, ""omega"": 0.2868805983467466}",5.227900605022708,True,2026-02-06,2.1280957400941314,2.685776083923802,student_t,BTC-USD,1661,0.9783744691646955,0.25689857725270415,,-0.0019922204553637535,2026-02-05,2024-09-24,7.767171239547488,13.889539581523989
1.8213402812750956,-1.8213402812750956,14.528139263910273,24.21233478590567,False,False,2205.7892018752127,2222.6476342689016,0,null,-1098.8946009376064,"{""alpha[1]"": 0.09635737984127725, ""beta[1]"": 0.8690185817321547, ""nu"": 3.727833766940795, ""omega"": 0.3212296507208165}",6.4122850593518645,True,2026-02-07,2.329078691240946,2.889758891925266,student_t,BTC-USD,1662,0.38327040119917277,0.1519742961748339,,0.018561566996902222,2026-02-06,2024-09-25,9.486748305258544,17.01876989875847
-1.4085235877630957,1.4085235877630957,13.498151368395124,22.59462524284304,False,False,2206.5150007058182,2223.373433099507,0,null,-1099.2575003529091,"{""alpha[1]"": 0.0924750360901266, ""beta[1]"": 0.8739256867079871, ""nu"": 3.6785209770671727, ""omega"": 0.31338822947649453}",5.957578858173335,True,2026-02-08,2.253070311003024,2.817671473054708,student_t,BTC-USD,1663,0.5094654111826213,0.17223844281403305,,0.018556079346921616,2026-02-07,2024-09-26,8.780784635889322,15.815320693640196
0.2050715414853212,-0.2050715414853212,12.680512997800172,21.451539064256917,False,False,2204.8878309761635,2221.7462633698524,0,null,-1098.4439154880818,"{""alpha[1]"": 0.09044245486374693, ""beta[1]"": 0.8769152208714307, ""nu"": 3.5639645873454167, ""omega"": 0.31999296753496587}",5.595983617819467,True,2026-02-09,2.1846698696994666,2.7586398553827487,student_t,BTC-USD,1664,0.3984415532802365,0.14657487034764102,,0.01502032039129822,2026-02-08,2024-09-27,8.173902607090044,14.86255857624941
1.9103237582629151,-1.9103237582629151,11.774387863117408,19.91220534021072,False,False,2206.276862939163,2223.135295332852,0,null,-1099.1384314695815,"{""alpha[1]"": 0.08607169893446488, ""beta[1]"": 0.8801014415620737, ""nu"": 3.5668920900550094, ""omega"": 0.3162694080469841}",5.195534973869966,True,2026-02-10,2.110724805985013,2.6843842235890056,student_t,BTC-USD,1665,0.28408898977108654,0.11889856958418822,,0.012748251379344811,2026-02-09,2024-09-28,7.59210355368464,13.800180716681727
2.654322121964269,-2.654322121964269,11.05294244939621,18.591299412122865,False,False,2208.238417760446,2225.0968501541347,0,null,-1100.119208880223,"{""alpha[1]"": 0.08339295317325288, ""beta[1]"": 0.8806163575264133, ""nu"": 3.622816349390401, ""omega"": 0.3141974610878959}",4.875304901979854,True,2026-02-11,2.050570993074815,2.6193492207071354,student_t,BTC-USD,1666,0.22532977011004054,0.10297409292678834,,0.00863299378862922,2026-02-10,2024-09-29,7.160917524165075,12.951731414643094
1.1562368274835069,-1.1562368274835069,10.50455746961832,17.569260777926292,False,False,2210.267125154717,2227.125557548406,0,null,-1101.1335625773586,"{""alpha[1]"": 0.08262689916274926, ""beta[1]"": 0.879263640209839, ""nu"": 3.6832392933246765, ""omega"": 0.3156049868257396}",4.63179244738001,True,2026-02-12,2.0029072275973805,2.566569927812801,student_t,BTC-USD,1667,0.2841629870342509,0.1114960898491649,,0.0040918020802174476,2026-02-11,2024-09-30,6.839496568168521,12.305845812399987
-3.9033769357155785,3.9033769357155785,9.940413097676508,16.77802184301948,False,False,2207.705999223904,2224.564431617593,0,null,-1099.852999611952,"{""alpha[1]"": 0.08194933657491246, ""beta[1]"": 0.8787648928122036, ""nu"": 3.5864374388168194, ""omega"": 0.3333305279129749}",4.385278073888132,True,2026-02-13,1.9425225035584006,2.5144098629102984,student_t,BTC-USD,1668,0.5162014086045054,0.155530295718751,,0.008931823836687617,2026-02-12,2024-10-01,6.4206512363745185,11.649652636159507
-1.3125933067848305,1.3125933067848305,9.857472186052627,16.751745426727535,False,False,2205.0599167101805,2221.9183491038693,0,null,-1098.5299583550902,"{""alpha[1]"": 0.08699452032256282, ""beta[1]"": 0.8751190504952514, ""nu"": 3.5231003177004663, ""omega"": 0.34725933466933034}",4.356600023698493,True,2026-02-14,1.9301124074966105,2.5084213756215332,student_t,BTC-USD,1669,0.3819966800148739,0.12869939389531548,,0.024769171793212544,2026-02-13,2024-10-02,6.327340293512641,11.557346082746706
1.4138040068878805,-1.4138040068878805,9.208774813763052,15.600174156876092,False,False,2206.7149795106266,2223.5734119043154,0,null,-1099.3574897553133,"{""alpha[1]"": 0.08565617590553032, ""beta[1]"": 0.872472508607651, ""nu"": 3.5574093177087236, ""omega"": 0.3604781695580796}",4.0715281693126135,True,2026-02-15,1.8637419880339712,2.439362136833547,student_t,BTC-USD,1670,0.2256413468991013,0.09382765439926874,,0.028066864199150776,2026-02-14,2024-10-03,5.926630944869903,10.796569446814747
-0.07987824782500608,0.07987824782500608,8.606379440958777,14.521164222351699,False,False,2208.3281125905205,2225.1865449842094,0,null,-1100.1640562952603,"{""alpha[1]"": 0.0850847179593873, ""beta[1]"": 0.868574657185901, ""nu"": 3.5987395310755717, ""omega"": 0.37661808740997854}",3.804217191926064,True,2026-02-16,1.7983706552478687,2.370370708840937,student_t,BTC-USD,1671,0.2819227064437054,0.10168653447297415,,0.02482203910897223,2026-02-15,2024-10-04,5.558575881049096,10.088775199472401
1.9788873300286218,-1.9788873300286218,7.921083440612479,13.47445444720933,False,False,2207.3319448907646,2224.1903772844535,0,null,-1099.6659724453823,"{""alpha[1]"": 0.08899277877907931, ""beta[1]"": 0.8565906153339715, ""nu"": 3.5135335914515324, ""omega"": 0.4425552302239613}",3.501322402590795,True,2026-02-17,1.7108380321530792,2.2900568683087412,student_t,BTC-USD,1672,0.15504914946531018,0.07308531832060665,,0.020721738895178858,2026-02-16,2024-10-05,5.079870319334822,9.28741916208928
1.5963632267742163,-1.5963632267742163,7.5131041930572335,12.701152025615544,False,False,2209.1408308523896,2225.9992632460785,0,null,-1100.5704154261948,"{""alpha[1]"": 0.0881483854615653, ""beta[1]"": 0.8548115345267647, ""nu"": 3.5754999846336664, ""omega"": 0.44382733947214337}",3.3189123759287593,True,2026-02-18,1.6615076759282017,2.2350927066226585,student_t,BTC-USD,1673,0.16242646432344202,0.07210615671535044,,0.016691563709405,2026-02-17,2024-10-06,4.844892513243054,8.806978898309254
-0.7980126009699652,0.7980126009699652,7.054419179002928,11.911248273617206,False,False,2209.8690664197775,2226.7274988134664,0,null,-1100.9345332098887,"{""alpha[1]"": 0.08954341570725573, ""beta[1]"": 0.8485970346430071, ""nu"": 3.5854994537369143, ""omega"": 0.4706078000363203}",3.1142354848885336,True,2026-02-19,1.5992760491228086,2.1716396202584205,student_t,BTC-USD,1674,0.2676249686209391,0.09066282221299773,,0.011164296899958393,2026-02-18,2024-10-07,4.554486771448812,8.2682696203298
-1.5528995649164754,1.5528995649164754,6.361632941170259,10.727305249291126,False,False,2210.054014756621,2226.91244715031,0,null,-1101.0270073783106,"{""alpha[1]"": 0.09479483740634073, ""beta[1]"": 0.8305490328997219, ""nu"": 3.6025418672600216, ""omega"": 0.5466814744905412}",2.810332209411874,True,2026-02-20,1.4965601786960039,2.067902079184155,student_t,BTC-USD,1675,0.28321322095389345,0.09009553453589476,,0.014622844421316117,2026-02-19,2024-10-08,4.111364854161389,7.456653888672993
0.0024354972344490843,-0.0024354972344490843,5.957472069398972,9.988336507549878,False,False,2210.9082327199767,2227.7666651136656,0,null,-1101.4541163599883,"{""alpha[1]"": 0.09704777541344975, ""beta[1]"": 0.8217651121026245, ""nu"": 3.667997627442223, ""omega"": 0.572784005280909}",2.6337201269186643,True,2026-02-21,1.4340535255059317,2.0004455493852653,student_t,BTC-USD,1676,0.1933195128938971,0.06979686264464723,,0.018065356857869527,2026-02-20,2024-10-09,3.8688257551123875,6.982121761699166
0.5076923598302017,-0.5076923598302017,5.438139648727831,9.183409116560446,False,False,2208.650582409693,2225.509014803382,0,null,-1100.3252912048465,"{""alpha[1]"": 0.10523091419847767, ""beta[1]"": 0.7998464575230115, ""nu"": 3.595531449088541, ""omega"": 0.6768478173337029}",2.407067557838327,True,2026-02-22,1.3386509728623661,1.9117122303697562,student_t,BTC-USD,1677,0.1500535593137971,0.058684746891715156,,0.023112716958744114,2026-02-21,2024-10-10,3.5087635461061413,6.376167049001712
4.601267313951165,-4.601267313951165,5.027374859965235,8.457638919773315,True,False,2208.3637999916537,2225.2222323853425,0,null,-1100.1818999958268,"{""alpha[1]"": 0.11198486189750326, ""beta[1]"": 0.7796773279918556, ""nu"": 3.637620132124144, ""omega"": 0.7507854085720806}",2.225960262058584,True,2026-02-23,6.621010835348169,1.8319581789791184,student_t,BTC-USD,1678,1.2796856802841128,0.012927608723765369,,0.023115405632623612,2026-02-22,2024-10-11,3.2542297557573616,5.8940281863277
0.8340510430974345,-0.8340510430974345,6.25844891669041,10.615293151074555,False,False,2210.382182598776,2227.240614992465,0,null,-1101.191091299388,"{""alpha[1]"": 0.0970710417967757, ""beta[1]"": 0.8263578642802292, ""nu"": 3.536534627971398, ""omega"": 0.5744772001183716}",2.7618967823649703,True,2026-02-24,1.4770676552497055,2.0533631950494122,student_t,BTC-USD,1679,0.15954891195360524,0.06501832882428134,,0.006837175131831126,2026-02-23,2024-10-12,4.025029282169537,7.335883925525563
-5.878816280697166,5.878816280697166,5.9050244328178865,10.009318035794166,False,False,2210.242066595438,2227.1004989891267,0,null,-1101.121033297719,"{""alpha[1]"": 0.09902793119230432, ""beta[1]"": 0.8181773805177706, ""nu"": 3.5405722297620215, ""omega"": 0.6105213067781751}",2.6042713441826604,True,2026-02-25,1.4193825407878613,1.9949627059574158,student_t,BTC-USD,1680,0.48395828627751286,0.1279972163397561,,0.0027878133784031175,2026-02-24,2024-10-13,3.800349444853082,6.920905353278434
0.7478610804987917,-0.7478610804987917,7.137081950972894,12.0770645997213,False,False,2216.430906896291,2233.28933928998,0,null,-1104.2154534481456,"{""alpha[1]"": 0.0896809852554699, ""beta[1]"": 0.8512100235310485, ""nu"": 3.565377401321823, ""omega"": 0.45751524656351666}",3.1527859428747775,True,2026-02-26,1.6096272120342432,2.184060862098912,student_t,BTC-USD,1681,0.19253632345200486,0.07618557978701887,,0.01562966476725169,2026-02-25,2024-10-14,4.598587549538886,8.366419059200672
2.3580345407171106,-2.3580345407171106,6.753561159663286,11.51227917952352,False,False,2210.9173447474354,2227.7757771411243,0,null,-1101.4586723737177,"{""alpha[1]"": 0.09813899452429573, ""beta[1]"": 0.832404410485905, ""nu"": 3.484792648198478, ""omega"": 0.5520392298152668}",2.979827601468499,True,2026-02-27,1.550465069640671,2.1310957594414974,student_t,BTC-USD,1682,0.09834565500386672,0.05558747322576154,,0.004217832748596084,2026-02-26,2024-10-15,4.324947640794443,7.91678186329326
-1.6768637200983847,1.6768637200983847,6.639121873203524,11.313465127927905,False,False,2212.06647813332,2228.9249105270087,0,null,-1102.03323906666,"{""alpha[1]"": 0.09652540795695644, ""beta[1]"": 0.837292448734803, ""nu"": 3.4833687831017803, ""omega"": 0.5310380883336692}",2.9259957798419967,True,2026-02-28,1.5337067608223034,2.1137886428350616,student_t,BTC-USD,1683,0.2965364359833662,0.09458208719737352,,-0.0034887648172460942,2026-02-27,2024-10-16,4.253864999568934,7.781344999638958
1.8952127262849707,-1.8952127262849707,6.400321240168577,10.875141099132048,False,False,2213.071818898858,2229.930251292547,0,null,-1102.535909449429,"{""alpha[1]"": 0.09400389537483843, ""beta[1]"": 0.8413490030165657, ""nu"": 3.5129567642690565, ""omega"": 0.5096181128550388}",2.820925089968697,True,2026-03-01,1.49866425627842,2.0762316102326706,student_t,BTC-USD,1684,0.11079082405869452,0.056059382355950524,,-0.0018330590865391619,2026-02-28,2024-10-17,4.111029207458859,7.501150961880018
-4.517399874259472,4.517399874259472,6.229582319023886,10.522527533853486,False,False,2214.4898419678184,2231.3482743615073,0,null,-1103.2449209839092,"{""alpha[1]"": 0.09055204886282549, ""beta[1]"": 0.8474503061076522, ""nu"": 3.5713438088171987, ""omega"": 0.47519644515147214}",2.743643410336552,True,2026-03-02,1.4750160285537932,2.047198834304083,student_t,BTC-USD,1685,0.42699415871828245,0.11816670940656532,,-0.0049927787831473705,2026-03-01,2024-10-18,4.02248330010617,7.29927106639705
0.7035921386662974,-0.7035921386662974,6.817855950174519,11.50144793185729,False,False,2218.214771122659,2235.073203516348,0,null,-1105.1073855613295,"{""alpha[1]"": 0.08366668072095845, ""beta[1]"": 0.868757049117597, ""nu"": 3.58885617234572, ""omega"": 0.3798781702949316}",3.005487154409942,True,2026-03-03,1.5658517677594639,2.137102173521364,student_t,BTC-USD,1686,0.1851416996250357,0.07285649885175162,,0.001041041558383789,2026-03-02,2024-10-19,4.4064261311670085,7.989242023841453
-6.267011053630145,6.267011053630145,6.4808505118466675,10.900218968105584,False,False,2218.5345894344027,2235.3930218280916,0,null,-1105.2672947172014,"{""alpha[1]"": 0.08213218515015762, ""beta[1]"": 0.868794084774373, ""nu"": 3.6199806200330187, ""omega"": 0.3779207382300214}",2.8563000837309764,True,2026-03-04,1.5168640684022026,2.0854079753439034,student_t,BTC-USD,1687,0.5233340997915564,0.13860377154987824,,-0.00020221797610482826,2026-03-03,2024-10-20,4.1996709422009735,7.5933661013576685
2.6047184090688056,-2.6047184090688056,7.509018578366129,12.613746230997231,False,False,2224.3852652925243,2241.243697686213,0,null,-1108.1926326462622,"{""alpha[1]"": 0.07653920304539129, ""beta[1]"": 0.8871351337432056, ""nu"": 3.6397485275534676, ""omega"": 0.29659026582178105}",3.3141517682358903,True,2026-03-05,1.6646412691728516,2.2323819262193014,student_t,BTC-USD,1688,0.11325770862311321,0.06194564565738617,,0.01047113809476762,2026-03-04,2024-10-21,4.869872581531068,8.799282974807417
3.892676222251549,-3.892676222251549,7.393062867813892,12.444516737696123,False,False,2224.459621064475,2241.318053458164,0,null,-1108.2298105322375,"{""alpha[1]"": 0.07676914024285365, ""beta[1]"": 0.8880416511929531, ""nu"": 3.617370165565332, ""omega"": 0.2933155832153174}",3.2628766857089198,True,2026-03-06,1.6479282447817312,2.2174912427019864,student_t,BTC-USD,1689,0.0446745085107761,0.047713349559881615,,0.010054353862374918,2026-03-05,2024-10-22,4.78616639246707,8.664011178239706
1.2760002823712053,-1.2760002823712053,7.496096529141976,12.524032991306642,False,False,2227.4818618414147,2244.3402942351036,0,null,-1109.7409309207073,"{""alpha[1]"": 0.07496718194145725, ""beta[1]"": 0.8925732974277432, ""nu"": 3.694950748781727, ""omega"": 0.26639334745852605}",3.305060816736365,True,2026-03-07,1.666093980197286,2.228783044313639,student_t,BTC-USD,1690,0.18046462324917684,0.07505020138078305,,0.0022881370150229746,2026-03-06,2024-10-23,4.885292747354739,8.781020420449504
1.9556151272463178,-1.9556151272463178,7.190637733717891,12.014777817500494,False,False,2227.3550222077206,2244.2134546014095,0,null,-1109.6775111038603,"{""alpha[1]"": 0.07440993132504647, ""beta[1]"": 0.8918893105674861, ""nu"": 3.694130096274012, ""omega"": 0.27064056822679194}",3.1705181537633957,True,2026-03-08,1.6244351706920481,2.1872142009442324,student_t,BTC-USD,1691,0.136510105119672,0.06467667146352363,,0.0025142240945256683,2026-03-07,2024-10-24,4.685817229639755,8.423282273598675
-3.6210883126364175,3.6210883126364175,7.015290297778165,11.752395192282256,False,False,2226.7256743602275,2243.5841067539163,0,null,-1109.3628371801137,"{""alpha[1]"": 0.07444397724294538, ""beta[1]"": 0.8917523643827328, ""nu"": 3.6592540712316337, ""omega"": 0.2745879474523265}",3.0890829856066517,True,2026-03-09,1.5984420706234759,2.1632646115602565,student_t,BTC-USD,1692,0.4091741092928511,0.11838451709861808,,-0.006535315756430025,2026-03-08,2024-10-25,4.562393873220597,8.217363397225379
-2.2043063060992716,2.2043063060992716,7.138819017127226,11.959522046328727,False,False,2228.0864042660705,2244.9448366597594,0,null,-1110.0432021330353,"{""alpha[1]"": 0.07363422516214241, ""beta[1]"": 0.8958206701642835, ""nu"": 3.666497197930275, ""omega"": 0.255250850879878}",3.1487291380974223,True,2026-03-10,1.6156833661569783,2.180876787024982,student_t,BTC-USD,1693,0.34227547991869794,0.10568186113387823,,0.0052132875663694735,2026-03-09,2024-10-26,4.641203292274681,8.363879807288543
-0.39671408239021777,0.39671408239021777,6.939168960092673,11.563931569059063,False,False,2229.025877584849,2245.8843099785377,0,null,-1110.5129387924244,"{""alpha[1]"": 0.07278275068540743, ""beta[1]"": 0.8959843524719184, ""nu"": 3.728356208816956, ""omega"": 0.25027676715181224}",3.0625882261156563,True,2026-03-11,1.5902166152080652,2.150827226443253,student_t,BTC-USD,1694,0.24641157343169778,0.08525421583011616,,0.008507759031909678,2026-03-10,2024-10-27,4.531517386243734,8.12870750062139
-0.4102088524573672,0.4102088524573672,6.611916745812327,11.020080360673202,False,False,2228.341797168827,2245.2002295625157,0,null,-1110.1708985844134,"{""alpha[1]"": 0.0736453279986363, ""beta[1]"": 0.8922011301464877, ""nu"": 3.7257258050768876, ""omega"": 0.2657898602090886}",2.9174644615831142,True,2026-03-12,1.5418595444537937,2.102542855249723,student_t,BTC-USD,1695,0.2363848814697455,0.0815538315927262,,0.006590090383684519,2026-03-11,2024-10-28,4.317488776937539,7.745174306815245
-0.6712861231450629,0.6712861231450629,6.336840880391809,10.6231973618759,False,False,2226.370939368036,2243.229371761725,0,null,-1109.185469684018,"{""alpha[1]"": 0.07599988907172044, ""beta[1]"": 0.88720775981741, ""nu"": 3.656907493917101, ""omega"": 0.2900031740313978}",2.793669188379488,True,2026-03-13,1.4961927227183907,2.061890004274657,student_t,BTC-USD,1696,0.23945218325878187,0.08095307216173207,,0.0016686650695183064,2026-03-12,2024-10-29,4.117757542030571,7.424021093028138
-0.346539053271123,0.346539053271123,6.1005193470280465,10.325378805060968,False,False,2223.240452835605,2240.098885229294,0,null,-1107.6202264178025,"{""alpha[1]"": 0.08078563953524254, ""beta[1]"": 0.8797252020030715, ""nu"": 3.5504172337171713, ""omega"": 0.32648895849290355}",2.686972932713668,True,2026-03-14,1.4529452967715013,2.026927611723369,student_t,BTC-USD,1697,0.2139379645349358,0.07495034067981272,,-0.004878080802549621,2026-03-13,2024-10-30,3.9322202374275896,7.148495014710142
-2.1879197872153098,2.1879197872153098,5.775289284163816,9.743988595162358,False,False,2222.7451899370426,2239.6036223307315,0,null,-1107.3725949685213,"{""alpha[1]"": 0.08254084782915952, ""beta[1]"": 0.873623582333607, ""nu"": 3.5844592637479584, ""omega"": 0.346308032139656}",2.544147300900693,True,2026-03-15,1.3999066158307087,1.9711252604637828,student_t,BTC-USD,1698,0.29602973778017394,0.08954873537979588,,-0.0031345300096124254,2026-03-14,2024-10-31,3.7326749683881637,6.76695375076427
-2.8056806122475906,2.8056806122475906,5.779204478655456,9.780733064209283,False,False,2221.9663953868067,2238.8248277804955,0,null,-1106.9831976934033,"{""alpha[1]"": 0.08135239439705326, ""beta[1]"": 0.8775034637070992, ""nu"": 3.5598954133145986, ""omega"": 0.33314018168884274}",2.550583923360995,True,2026-03-16,1.3986266425874643,1.972982785824727,student_t,BTC-USD,1699,0.3264786146984789,0.0957950676396861,,0.007202553742820795,2026-03-15,2024-11-01,3.723891681721981,6.7738261517210105
1.2617278576722024,-1.2617278576722024,5.85701516227712,9.83371447517062,False,False,2223.5962342850235,2240.4546666787123,0,null,-1107.7981171425117,"{""alpha[1]"": 0.07587412770257433, ""beta[1]"": 0.8859807752862278, ""nu"": 3.650354975400805, ""omega"": 0.29569235895437973}",2.5880132731839134,True,2026-03-17,1.4163181150799677,1.983856547772814,student_t,BTC-USD,1700,0.1268794509629892,0.05602596362156273,,0.014911947214671664,2026-03-16,2024-11-02,3.799316876931984,6.86432421982847
3.688417422665348,-3.688417422665348,5.633394688026528,9.39364100335695,True,False,2223.4653953653515,2240.3238277590403,0,null,-1107.7326976826757,"{""alpha[1]"": 0.07565043206833605, ""beta[1]"": 0.8834049469850832, ""nu"": 3.726239419523095, ""omega"": 0.30018390035348025}",2.48893325480935,True,2026-03-18,1.4249043644008395,1.9426550484711824,student_t,BTC-USD,1701,0.011675383985947073,0.029117621308492495,,0.01294536405499008,2026-03-17,2024-11-03,3.6761275447854036,6.600179553514595
1.8884161054779092,-1.8884161054779092,5.9094065634441915,9.771075916243515,False,False,2226.2366042650633,2243.095036658752,0,null,-1109.1183021325317,"{""alpha[1]"": 0.07107691480774674, ""beta[1]"": 0.8906312885014609, ""nu"": 3.8212333260162556, ""omega"": 0.271296912768824}",2.60910451225042,True,2026-03-19,1.433975223439628,1.9876238439648999,student_t,BTC-USD,1702,0.09983019624200463,0.05031433080634421,,0.007157046431697632,2026-03-18,2024-11-04,3.885020030318,6.919849186112326
-0.8684431661690528,0.8684431661690528,5.757630574050193,9.470086197149495,False,False,2226.1142338752506,2242.9726662689395,0,null,-1109.0571169376253,"{""alpha[1]"": 0.07195057573016893, ""beta[1]"": 0.8870289024577913, ""nu"": 3.8862171420549356, ""omega"": 0.28063162447601214}",2.542717544705083,True,2026-03-20,1.4109303410943839,1.9598658826035562,student_t,BTC-USD,1703,0.23354036054362456,0.07608567475416492,,0.006103336496124373,2026-03-19,2024-11-05,3.802364044703434,6.740124309247432
2.601610563083089,-2.601610563083089,5.529909029288985,9.091577084868003,False,False,2224.5012736659473,2241.359706059636,0,null,-1108.2506368329737,"{""alpha[1]"": 0.07442150641328059, ""beta[1]"": 0.8804523481417512, ""nu"": 3.889470721699868, ""omega"": 0.3037878351995729}",2.441084886996021,True,2026-03-21,1.370874469668415,1.9193283676790047,student_t,BTC-USD,1704,0.0526008750553477,0.03871410288452604,,0.003325800328801414,2026-03-20,2024-11-06,3.653628064190042,6.47302085153569
1.2688120085991916,-1.2688120085991916,5.675945433639781,9.35931250673728,False,False,2219.9139461569816,2236.7723785506705,0,null,-1105.9569730784908,"{""alpha[1]"": 0.07346260619009602, ""beta[1]"": 0.8862215806559566, ""nu"": 3.8326844135450124, ""omega"": 0.2870834570663715}",2.494682504649328,True,2026-03-22,1.3957607391242375,1.946007279265376,student_t,BTC-USD,1705,0.12373039598581145,0.05372887855270103,,-0.019211227051057565,2026-03-21,2024-11-07,3.7434199283154186,6.64169986386929
-4.425119302732731,4.425119302732731,5.473288992302568,8.966945041620574,False,False,2219.72224742141,2236.580679815099,0,null,-1105.861123710705,"{""alpha[1]"": 0.07362780062867241, ""beta[1]"": 0.8830576133147617, ""nu"": 3.9109544596496755, ""omega"": 0.2942821245908212}",2.4050964540224538,True,2026-03-23,1.3631117682153877,1.9074740888123793,student_t,BTC-USD,1706,0.4027590002099816,0.10826881820223623,,-0.022450381005751727,2026-03-22,2024-11-08,3.630060701466895,6.401762517490883
0.5613991531695598,-0.5613991531695598,5.941214637011726,9.685990395044165,False,False,2223.464333867407,2240.3227662610957,0,null,-1107.7321669337034,"{""alpha[1]"": 0.07093160633160435, ""beta[1]"": 0.8885004907455513, ""nu"": 3.9836950304628784, ""omega"": 0.2727212877365736}",2.616208709071528,True,2026-03-24,1.447706938868544,1.9880439141661226,student_t,BTC-USD,1707,0.16971109979293184,0.06386975479160367,,-0.015281007066843075,2026-03-23,2024-11-09,3.9556211490281936,6.948374632329921
-1.1168924473801447,1.1168924473801447,5.6757919935374455,9.21756188627253,False,False,2222.519629912452,2239.3780623061407,0,null,-1107.259814956226,"{""alpha[1]"": 0.07366649181590867, ""beta[1]"": 0.8800235591587982, ""nu"": 4.034535040397558, ""omega"": 0.3002618030515751}",2.4993708128510628,True,2026-03-25,1.4042185194435373,1.9410421212254487,student_t,BTC-USD,1708,0.2454184609087799,0.07752906119836026,,-0.01701268665205823,2026-03-24,2024-11-10,3.791476770795449,6.636013672455874
3.5952918800404485,-3.5952918800404485,5.5524804967885615,9.067934117037058,False,False,2219.3779127472867,2236.2363451409756,0,null,-1105.6889563736434,"{""alpha[1]"": 0.07258834871196491, ""beta[1]"": 0.8818509135526185, ""nu"": 3.9511886674291645, ""omega"": 0.3008844001479577}",2.440015509044239,True,2026-03-26,1.3792788324641565,1.9207842592322617,student_t,BTC-USD,1709,0.004864840665284346,0.028977097794294714,,-0.024180310830364083,2026-03-25,2024-11-11,3.6925886933461354,6.493001659469917
3.6313469685207127,-3.6313469685207127,5.803893838861982,9.353277916918428,False,False,2215.6154482683223,2232.473880662011,0,null,-1103.8077241341612,"{""alpha[1]"": 0.07328390888587907, ""beta[1]"": 0.8818282522171366, ""nu"": 4.112978022494372, ""omega"": 0.2962476412546981}",2.5429047229107797,True,2026-03-27,1.4315169370114593,1.9603559568741278,student_t,BTC-USD,1710,0.013730165918738225,0.03146310349896378,,-0.0508389232154375,2026-03-26,2024-11-12,3.905950286895477,6.777657318417088
0.02816215866781658,-0.02816215866781658,5.997009984987584,9.606597537107753,False,False,2218.465075602566,2235.3235079962546,0,null,-1105.232537801283,"{""alpha[1]"": 0.07285027044444385, ""beta[1]"": 0.8837999570570084, ""nu"": 4.199497151322099, ""omega"": 0.2829780739197583}",2.628145265165698,True,2026-03-28,1.467679273277097,1.9910811009199039,student_t,BTC-USD,1711,0.20141624625689789,0.069715025637537,,-0.05641320389865758,2026-03-27,2024-11-13,4.056487083805771,6.99966472242151
0.551540982616138,-0.551540982616138,5.788241956176091,9.321567306753332,False,False,2216.226223556663,2233.084655950352,0,null,-1104.1131117783316,"{""alpha[1]"": 0.07198454813761791, ""beta[1]"": 0.8840380700954972, ""nu"": 4.111869388546444, ""omega"": 0.28932931379241017}",2.530866856907003,True,2026-03-29,1.429438672675961,1.9572562212962241,student_t,BTC-USD,1712,0.16737385193358556,0.062059003059586865,,-0.062358498312441585,2026-03-28,2024-11-14,3.899018021287846,6.757441288574819
-1.1105181723711994,1.1105181723711994,5.608262790219343,9.102543956926391,False,False,2212.8924981365626,2229.7509305302515,0,null,-1102.4462490682813,"{""alpha[1]"": 0.07356610101388393, ""beta[1]"": 0.8804881924890126, ""nu"": 4.00528938224392, ""omega"": 0.3088085686404407}",2.4517061705702763,True,2026-03-30,1.3933977790557113,1.928274186313398,student_t,BTC-USD,1713,0.24316625947045423,0.07661803440692504,,-0.05596219581616165,2026-03-29,2024-11-15,3.752807017037881,6.551285268321297
-2.2856210170076743,2.2856210170076743,5.463924856324459,8.92890019337432,False,False,2208.836392721202,2225.694825114891,0,null,-1100.418196360601,"{""alpha[1]"": 0.08178730324703769, ""beta[1]"": 0.8622093462539691, ""nu"": 3.9067843916564673, ""omega"": 0.38582692842385075}",2.383309756123972,True,2026-03-31,1.3636891028431561,1.9042894714101228,student_t,BTC-USD,1714,0.2960990878655365,0.08669751107098077,,-0.06230158312746025,2026-03-30,2024-11-16,3.636360740303051,6.384130090090395
0.22706442466755022,-0.22706442466755022,5.4651532452325124,8.87272596321094,False,False,2210.5543272000577,2227.4127595937466,0,null,-1101.2771636000289,"{""alpha[1]"": 0.07755964549690117, ""beta[1]"": 0.8716553829958873, ""nu"": 3.9994559671607663, ""omega"": 0.34216225281147084}",2.3881065636423076,True,2026-04-01,1.367439038100105,1.902482123776088,student_t,BTC-USD,1715,0.17146896395049116,0.06156862356103471,,-0.05661257864461506,2026-03-31,2024-11-17,3.6564437036773705,6.383926780771016
1.7634149243695532,-1.7634149243695532,5.255562602483789,8.519563279707599,False,False,2210.127350089125,2226.9857824828136,0,null,-1101.0636750445624,"{""alpha[1]"": 0.07728706041568266, ""beta[1]"": 0.8716377642460051, ""nu"": 4.019257384289821, ""omega"": 0.3380995411391424}",2.2964566891652654,True,2026-04-02,1.3292013877970872,1.8628684904526063,student_t,BTC-USD,1716,0.08786808844256426,0.04374959463345433,,-0.05548663740587778,2026-04-01,2024-11-18,3.520776693220837,6.138374387714983
-0.06356502125056691,0.06356502125056691,5.180926960588097,8.357717118161052,False,False,2210.760794046999,2227.6192264406877,0,null,-1101.3803970234994,"{""alpha[1]"": 0.07600495834894566, ""beta[1]"": 0.8735892239190127, ""nu"": 4.082066194871301, ""omega"": 0.3264549932285638}",2.2625683374425813,True,2026-04-03,1.3177523219162457,1.8468839845389597,student_t,BTC-USD,1717,0.17745643046805606,0.061120337565167285,,-0.060558560336945004,2026-04-02,2024-11-19,3.4855635881105513,6.048468735266156
-0.5355544503000282,0.5355544503000282,5.016103548715344,8.117868133410974,False,False,2209.128654608941,2225.98708700263,0,null,-1100.5643273044705,"{""alpha[1]"": 0.07798135248473563, ""beta[1]"": 0.8694445774870377, ""nu"": 4.030171886211443, ""omega"": 0.34197304247755755}",2.1869962390415347,True,2026-04-04,1.2837632590920642,1.8154964708279246,student_t,BTC-USD,1718,0.19509553806559052,0.06392019097866569,,-0.06437093893009127,2026-04-03,2024-11-20,3.3663563110117787,5.856464647566535
-2.482482880209676,2.482482880209676,4.879893052896079,7.92424281092442,False,False,2207.405423374298,2224.263855767987,0,null,-1099.702711687149,"{""alpha[1]"": 0.08040144288752747, ""beta[1]"": 0.8647398255427559, ""nu"": 3.9780277963845956, ""omega"": 0.35960023096234317}",2.124463858152114,True,2026-04-05,1.254462439306701,1.7889770173735338,student_t,BTC-USD,1719,0.2874393137739352,0.08180411627029421,,-0.06757611903132069,2026-04-04,2024-11-21,3.2663033952690235,5.6979287468197395
0.1771166800580493,-0.1771166800580493,5.064601407120794,8.265562267085357,False,False,2205.2879129969474,2222.1463453906363,0,null,-1098.6439564984737,"{""alpha[1]"": 0.08315100338506709, ""beta[1]"": 0.8585012781184045, ""nu"": 3.9101222717893074, ""omega"": 0.39423279482513207}",2.203223341617065,True,2026-04-06,1.2888422328808966,1.8277380378428658,student_t,BTC-USD,1720,0.15993892209080798,0.05738052606755091,,-0.0712520807452686,2026-04-05,2024-11-22,3.375895121874206,5.915169286813136
-4.376925008865013,4.376925008865013,4.886018096149349,7.949782727766909,False,False,2204.8809697929573,2221.739402186646,0,null,-1098.4404848964787,"{""alpha[1]"": 0.08256126811498968, ""beta[1]"": 0.8596554626917137, ""nu"": 3.946304540851865, ""omega"": 0.38266258208907866}",2.124406008507971,True,2026-04-07,1.254741924630197,1.790779170867871,student_t,BTC-USD,1721,0.38212824100185433,0.10081963937504045,,-0.07260465852440197,2026-04-06,2024-11-23,3.2656398111720666,5.705038928639023
1.1426386592901714,-1.1426386592901714,5.539951720487147,9.00876290883198,False,False,2209.451796058589,2226.310228452278,0,null,-1100.7258980292945,"{""alpha[1]"": 0.07696519641245428, ""beta[1]"": 0.8719381365648238, ""nu"": 3.9735630350380013, ""omega"": 0.3410742007380384}",2.4185066122117727,True,2026-04-08,1.3802119288098944,1.916539794361114,student_t,BTC-USD,1722,0.12796509551006469,0.05328734414122296,,-0.06137000800172328,2026-04-07,2024-11-24,3.7019405694914633,6.471373073412463
-0.9020473987913681,0.9020473987913681,5.355285428001498,8.664126757556229,False,False,2209.533253893647,2226.3916862873357,0,null,-1100.7666269468234,"{""alpha[1]"": 0.0758940195558073, ""beta[1]"": 0.8726969083884573, ""nu"": 4.03912230430482, ""omega"": 0.3329599426685048}",2.3370921191893412,True,2026-04-09,1.349264709916337,1.8809019585226512,student_t,BTC-USD,1723,0.22482058271915412,0.07155041413072859,,-0.06413853338457913,2026-04-08,2024-11-25,3.59436425559171,6.252994014281485
-1.6736071453528258,1.6736071453528258,5.226070741106349,8.502488553319278,False,False,2204.4145195835717,2221.2729519772606,0,null,-1098.2072597917859,"{""alpha[1]"": 0.08259009520184198, ""beta[1]"": 0.8571419726872807, ""nu"": 3.972858483214381, ""omega"": 0.39652369576697893}",2.2840445925237307,True,2026-04-10,1.3214817808023707,1.8584700600549242,student_t,BTC-USD,1724,0.2581846282207355,0.07779339134930924,,-0.05205251112935856,2026-04-09,2024-11-26,3.4900854190618795,6.105731989578091
-0.10302658255370274,0.10302658255370274,5.145946314950575,8.34970160677374,False,False,2204.785212059556,2221.643644453245,0,null,-1098.392606029778,"{""alpha[1]"": 0.08172384561448323, ""beta[1]"": 0.8593925821775082, ""nu"": 4.014633269799364, ""omega"": 0.38263449046873005}",2.2520169560057384,True,2026-04-11,1.3074160185397679,1.8422318655630647,student_t,BTC-USD,1725,0.17733642626853968,0.06114862364127172,,-0.046291326330709565,2026-04-10,2024-11-27,3.4437019428170874,6.011835781573464
3.200195642285545,-3.200195642285545,5.020545427805483,8.20716737693641,False,False,2199.807198653163,2216.665631046852,0,null,-1095.9035993265816,"{""alpha[1]"": 0.09648132364574666, ""beta[1]"": 0.8226151510413213, ""nu"": 3.9050625093368385, ""omega"": 0.536247142265671}",2.191074301242835,True,2026-04-12,1.2788045967602106,1.8198198382545443,student_t,BTC-USD,1726,0.006990131133285422,0.02666386047031101,,-0.05455103582768069,2026-04-11,2024-11-28,3.3399982649512534,5.866581689316644
-5.139225778223328,5.139225778223328,5.301005377276442,8.60233352298938,False,False,2203.3929015317744,2220.2513339254633,0,null,-1097.6964507658872,"{""alpha[1]"": 0.08969277555436697, ""beta[1]"": 0.8378394212940895, ""nu"": 4.00025366760332, ""omega"": 0.47232420065431335}",2.3140139796701917,True,2026-04-13,1.3373159495289273,1.8717504335659272,student_t,BTC-USD,1727,0.43439109494719336,0.11330470828396765,,-0.060304165111625216,2026-04-12,2024-11-29,3.548596120720532,6.191245050173426
0.4076670658997154,-0.4076670658997154,6.330506763918586,10.337224916737346,False,False,2208.019694456001,2224.87812684969,0,null,-1100.0098472280006,"{""alpha[1]"": 0.09687924663723502, ""beta[1]"": 0.8240460274685595, ""nu"": 3.931539735671665, ""omega"": 0.5358110052676911}",2.769930391825924,True,2026-04-14,1.5109774235155218,2.0515138469967127,student_t,BTC-USD,1728,0.19029500435311664,0.0699132982122987,,-0.05377294613764614,2026-04-13,2024-11-30,4.213567152962045,7.39899688712958
-0.836950468372944,0.836950468372944,5.895790546123262,9.615229142137546,False,False,2207.8699792860907,2224.7284116797796,0,null,-1099.9349896430454,"{""alpha[1]"": 0.08462299970510212, ""beta[1]"": 0.8535284603277624, ""nu"": 3.946095685031697, ""omega"": 0.4166227125047916}",2.578939471647245,True,2026-04-15,1.4405893876174556,1.979925550104388,student_t,BTC-USD,1729,0.2382807484199589,0.0772700578680605,,-0.05249973417643681,2026-04-14,2024-12-01,3.9286645000262292,6.8900553184331
-0.4628724480417537,0.4628724480417537,5.6353926955824205,9.169427526334255,False,False,2207.8145994545184,2224.6730318482073,0,null,-1099.9072997272592,"{""alpha[1]"": 0.07905616511176426, ""beta[1]"": 0.8656123930803724, ""nu"": 3.9747350144302134, ""omega"": 0.3671045881274258}",2.464560049839707,True,2026-04-16,1.3967528968312237,1.9339684000147965,student_t,BTC-USD,1730,0.2112772805518667,0.0704737916298856,,-0.05254109556168416,2026-04-15,2024-12-02,3.762673162995577,6.5845067149468
-2.5937296585056364,2.5937296585056364,5.420007615262297,8.827677059807666,False,False,2206.9297859496664,2223.7882183433553,0,null,-1099.4648929748332,"{""alpha[1]"": 0.076495625441684, ""beta[1]"": 0.8711967171915302, ""nu"": 3.963237978037713, ""omega"": 0.3449814681077885}",2.3709577504647124,True,2026-04-17,1.3571918275518193,1.8953495565593212,student_t,BTC-USD,1731,0.31046937544662684,0.08927214098452504,,-0.04868592670799961,2026-04-16,2024-12-03,3.6156578504268952,6.333484439946861
1.8327445069901032,-1.8327445069901032,5.449722598578799,8.81644698722837,False,False,2208.791099819935,2225.649532213624,0,null,-1100.3955499099675,"{""alpha[1]"": 0.07604152864242437, ""beta[1]"": 0.8721738475402329, ""nu"": 4.061363698881759, ""omega"": 0.33317668757478835}",2.388286076562739,True,2026-04-18,1.366313732545903,1.8987077057655792,student_t,BTC-USD,1732,0.09113258049270166,0.04533512702340801,,-0.04378378808261561,2026-04-17,2024-12-04,3.655396116844135,6.3662572093309
2.500233650829619,-2.500233650829619,5.403208848118983,8.759573355636695,False,False,2207.665057942329,2224.523490336018,0,null,-1099.8325289711645,"{""alpha[1]"": 0.07595835114552926, ""beta[1]"": 0.8717823845359141, ""nu"": 4.0220949213534904, ""omega"": 0.33900691879393774}",2.3627599744344963,True,2026-04-19,1.3567797360531832,1.8906623215573042,student_t,BTC-USD,1733,0.05593819616811451,0.03811171409703222,,-0.05313093927203872,2026-04-18,2024-12-05,3.618997574191908,6.311405060532837
-2.6932597285619098,2.6932597285619098,5.444486871764118,8.82571802892889,False,False,2208.0318773386525,2224.8903097323414,0,null,-1100.0159386693263,"{""alpha[1]"": 0.07609147170787812, ""beta[1]"": 0.8718831848062817, ""nu"": 4.023175394698134, ""omega"": 0.3386856936275505}",2.3807708893405843,True,2026-04-20,1.36444228188707,1.8982420562353317,student_t,BTC-USD,1734,0.3170094054575581,0.0905282584684651,,-0.053678033510218305,2026-04-19,2024-12-06,3.646928380589247,6.359566118284594
-0.6309747501903331,0.6309747501903331,5.5711760527498475,9.064403443785716,False,False,2207.286418952449,2224.144851346138,0,null,-1099.6432094762245,"{""alpha[1]"": 0.07885811927999989, ""beta[1]"": 0.8667710922159894, ""nu"": 3.9725890850289405, ""omega"": 0.3625189548358544}",2.4350546184742834,True,2026-04-21,1.3853914885416216,1.9224393713174859,student_t,BTC-USD,1735,0.2175662156536179,0.07139980896618806,,-0.05506447440869237,2026-04-20,2024-12-07,3.720349562882021,6.509006146428466
-2.394495236040146,2.394495236040146,5.350790177031421,8.671023539547486,False,False,2207.1911937933514,2224.0496261870403,0,null,-1099.5955968966757,"{""alpha[1]"": 0.07703331101640848, ""beta[1]"": 0.8695993779796786, ""nu"": 4.026624161807409, ""omega"": 0.3463806114408381}",2.3394058152157955,True,2026-04-22,1.3472869568057497,1.8807604155106352,student_t,BTC-USD,1736,0.2989876593884645,0.0864433988347192,,-0.053807779005276175,2026-04-21,2024-12-08,3.5852579517291385,6.249844647431767
-0.08417038687136054,0.08417038687136054,5.375103236324415,8.67897511747042,False,False,2208.2695617205445,2225.1279941142334,0,null,-1100.1347808602723,"{""alpha[1]"": 0.07724415494189689, ""beta[1]"": 0.8690181912188901, ""nu"": 4.080291708194524, ""omega"": 0.34443120620578854}",2.35227589500345,True,2026-04-23,1.3537873795281854,1.8841580451937285,student_t,BTC-USD,1737,0.18481456784897676,0.06361279042316635,,-0.05162905409614331,2026-04-22,2024-12-09,3.6121209701081716,6.27710865544527
1.0449855400701122,-1.0449855400701122,5.215252169352127,8.496345086327112,False,False,2204.444125582503,2221.302557976192,0,null,-1098.2220627912516,"{""alpha[1]"": 0.07898389870860031, ""beta[1]"": 0.866125547953379, ""nu"": 3.962881417858516, ""omega"": 0.36168902141513093}",2.2827257143108457,True,2026-04-24,1.3184710903849135,1.8569736285765073,student_t,BTC-USD,1738,0.12164904271841155,0.05049761805987942,,-0.04380221262915794,2026-04-23,2024-12-10,3.477966394438341,6.09474734605805
-0.20210985800430967,0.20210985800430967,5.05624431028163,8.207628779280977,False,False,2204.305412201974,2221.163844595663,0,null,-1098.152706100987,"{""alpha[1]"": 0.07934278287802947, ""beta[1]"": 0.8644570048510312, ""nu"": 4.010002657397475, ""omega"": 0.36207970930891015}",2.213180040213423,True,2026-04-25,1.2895673001997694,1.8248041579267111,student_t,BTC-USD,1739,0.17922253660804452,0.061094693935237636,,-0.044331624999534976,2026-04-24,2024-12-11,3.3823408741565775,5.907359535519449
-1.338122502178222,1.338122502178222,4.915847261518566,8.038343592463608,False,False,2199.319771257684,2216.1782036513728,0,null,-1095.659885628842,"{""alpha[1]"": 0.08997060312110473, ""beta[1]"": 0.8393756349810318, ""nu"": 3.9017153240681095, ""omega"": 0.46625409847651533}",2.1455037197116438,True,2026-04-26,1.2575589149215456,1.7988466074412641,student_t,BTC-USD,1740,0.23038134604011112,0.07082512267477499,,-0.05302199519664458,2026-04-25,2024-12-12,3.269504418623996,5.74438976529927
1.6547994701576978,-1.6547994701576978,4.842398767856542,7.898868976605226,False,False,2199.431349126332,2216.289781520021,0,null,-1095.715674563166,"{""alpha[1]"": 0.0877875682986, ""beta[1]"": 0.845079307208082, ""nu"": 3.93812715402473, ""omega"": 0.438071475255501}",2.115836305908682,True,2026-04-27,1.243771377368522,1.783071573780311,student_t,BTC-USD,1741,0.07859935100519096,0.040035710563737316,,-0.048099322562367236,2026-04-26,2024-12-13,3.2267864902615155,5.658370526531425
1.3218654490737212,-1.3218654490737212,4.827438349043027,7.854819038460315,False,False,2199.6446745428248,2216.5031069365136,0,null,-1095.8223372714124,"{""alpha[1]"": 0.08545773300605573, ""beta[1]"": 0.8499619757805464, ""nu"": 3.9646756342257476, ""omega"": 0.41772258222166725}",2.1069729415308527,True,2026-04-28,1.2422257965089134,1.7790511450147788,student_t,BTC-USD,1742,0.09512140439417562,0.04317296957762115,,-0.05422036619615643,2026-04-27,2024-12-14,3.224293536957232,5.639162406835832
0.7553459048339298,-0.7553459048339298,4.730929893128346,7.652314900128112,False,False,2199.9752967743666,2216.8337291680555,0,null,-1095.9876483871833,"{""alpha[1]"": 0.08546842200456908, ""beta[1]"": 0.8488322544573135, ""nu"": 4.042189951248573, ""omega"": 0.41354663461361635}",2.064661194121625,True,2026-04-29,1.2254264437897104,1.7568674980569288,student_t,BTC-USD,1743,0.12102747031548859,0.04768548731558356,,-0.05669392873660607,2026-04-28,2024-12-15,3.1758953111436994,5.523894636392281
-0.6946186875180562,0.6946186875180562,4.654080682673527,7.569653561918802,False,False,2197.473241365774,2214.331673759463,0,null,-1094.736620682887,"{""alpha[1]"": 0.08757231467159263, ""beta[1]"": 0.845414017253642, ""nu"": 3.957078210986315, ""omega"": 0.4303511152748801}",2.0260560989809777,True,2026-04-30,1.2061775983290013,1.7421274438461491,student_t,BTC-USD,1744,0.1902780359596259,0.061294796271877665,,-0.06389509608462092,2026-04-29,2024-12-16,3.1109420316744583,5.434860939669705
-2.427150990058813,2.427150990058813,4.559377659167008,7.42250176280663,False,False,2196.2734396700153,2213.131872063704,0,null,-1094.1367198350076,"{""alpha[1]"": 0.08924101208428377, ""beta[1]"": 0.8428109395934238, ""nu"": 3.941042350241348, ""omega"": 0.4366170069360715}",1.9831660869071224,True,2026-05-01,1.185185668858237,1.7218080415705037,student_t,BTC-USD,1745,0.27364065683457905,0.0775125120723133,,-0.06579797219914961,2026-04-30,2024-12-17,3.045662146632764,5.324100217172511
-0.6098736514783506,0.6098736514783506,4.731191252015377,7.641180117841935,False,False,2198.2793691231536,2215.1378015168425,0,null,-1095.1396845615768,"{""alpha[1]"": 0.08928776979415899, ""beta[1]"": 0.8378070908768966, ""nu"": 4.058437092840152, ""omega"": 0.4520587253523775}",2.063116733107727,True,2026-05-02,1.2264349312740395,1.7563505952473388,student_t,BTC-USD,1746,0.18952271975598803,0.0613290747162855,,-0.0611527151446971,2026-05-01,2024-12-18,3.1805807436414066,5.523033820150194
0.151433696883258,-0.151433696883258,4.632822309764611,7.508201438274856,False,False,2191.42118288533,2208.279615279019,0,null,-1091.710591442665,"{""alpha[1]"": 0.10123002258900865, ""beta[1]"": 0.8082129866410338, ""nu"": 4.023655462168595, ""omega"": 0.5664812618608673}",2.024784630144743,True,2026-05-03,1.2031985643565761,1.736682344901956,student_t,BTC-USD,1747,0.14763534728067157,0.052596249435107094,,-0.0480971369109289,2026-05-02,2024-12-19,3.104140642496687,5.4110586403939624
-1.6287676871274681,1.6287676871274681,4.525771775468716,7.395474659275514,False,False,2188.5790319885846,2205.4374643822734,0,null,-1090.2895159942923,"{""alpha[1]"": 0.1038909661277944, ""beta[1]"": 0.8076112339737325, ""nu"": 3.916819845922203, ""omega"": 0.5708155751650359}",1.977932778462622,True,2026-05-04,1.1751150544572093,1.7160589342529113,student_t,BTC-USD,1748,0.2319942772640132,0.06917942042638824,,-0.043234823280666475,2026-05-03,2024-12-20,3.011117858152791,5.289174355511349
-1.3675043812700929,1.3675043812700929,4.544145114204961,7.378266537229281,False,False,2189.747316704147,2206.605749097836,0,null,-1090.8736583520736,"{""alpha[1]"": 0.10056622949719098, ""beta[1]"": 0.8138119175011991, ""nu"": 4.005637877264277, ""omega"": 0.5385134853342398}",1.9886528638272123,True,2026-05-05,1.1826558006273866,1.7180909951413406,student_t,BTC-USD,1749,0.22033510888973365,0.06676552821767172,,-0.040520142618071145,2026-05-04,2024-12-21,3.039197796524576,5.309048440497073
-0.6165248051095347,0.6165248051095347,4.502716653800092,7.276139471024929,False,False,2190.220381178254,2207.0788135719426,0,null,-1091.110190589127,"{""alpha[1]"": 0.09944657954979609, ""beta[1]"": 0.8164143626914205, ""nu"": 4.076925854132952, ""omega"": 0.5188709693726059}",1.9733309010018376,True,2026-05-06,1.176077431262064,1.7074449886140748,student_t,BTC-USD,1750,0.18198165390423596,0.058760426359167624,,-0.03669537561905552,2026-05-05,2024-12-22,3.0231082729751813,5.259517830807223
1.7561908344653092,-1.7561908344653092,4.401962197948206,7.146332183490616,False,False,2188.228605348784,2205.087037742473,0,null,-1090.114302674392,"{""alpha[1]"": 0.09853559159990358, ""beta[1]"": 0.8229768765988102, ""nu"": 4.0176613244923445, ""omega"": 0.4915220892767623}",1.9302527513781647,True,2026-05-07,1.150731580742152,1.6864152628839584,student_t,BTC-USD,1751,0.05936592325149805,0.033878535492209504,,-0.031053489933461926,2026-05-06,2024-12-23,2.943509299495269,5.144044383686257
-0.22069548867707428,0.22069548867707428,4.459030910872069,7.1911709576266345,False,False,2189.2134424458573,2206.071874839546,0,null,-1090.6067212229286,"{""alpha[1]"": 0.10035210720655603, ""beta[1]"": 0.8150071533503778, ""nu"": 4.109127950919015, ""omega"": 0.5154370332384074}",1.9559708906264333,True,2026-05-08,1.1673744980794551,1.697097673936515,student_t,BTC-USD,1752,0.16095698953983295,0.05428855435867145,,-0.03368343651362449,2026-05-07,2024-12-24,2.998444302119582,5.208159947190066
-0.593844703738723,0.593844703738723,4.38369925664778,7.108387836431146,False,False,2184.4777008971378,2201.3361332908266,0,null,-1088.2388504485689,"{""alpha[1]"": 0.10226850612054546, ""beta[1]"": 0.8134345989818935, ""nu"": 4.020895981471227, ""omega"": 0.5251908498892164}",1.9176305518616859,True,2026-05-09,1.1475090658468514,1.6816684409782248,student_t,BTC-USD,1753,0.1764620192918236,0.057146773206408805,,-0.041496844348870104,2026-05-08,2024-12-25,2.9353956820977456,5.1208326169021525
-1.8115146956679873,1.8115146956679873,4.275081662412907,6.918784353221419,False,False,2184.0505241476194,2200.9089565413083,0,null,-1088.0252620738097,"{""alpha[1]"": 0.10143899086910854, ""beta[1]"": 0.8183700517194221, ""nu"": 4.046732341325413, ""omega"": 0.49580072674432535}",1.8700671455683457,True,2026-05-10,1.1235360122717228,1.6559240771004218,student_t,BTC-USD,1754,0.23394761112221818,0.06804690624111615,,-0.041568107252933015,2026-05-09,2024-12-26,2.8674375267763725,4.9931759284436215
0.5011785225575773,-0.5011785225575773,4.439948797396782,7.2109432223034915,False,False,2181.301549879575,2198.1599822732637,0,null,-1086.6507749397874,"{""alpha[1]"": 0.10826902211940222, ""beta[1]"": 0.8003422342189113, ""nu"": 4.012697401047205, ""omega"": 0.570810915825643}",1.9470724116257716,True,2026-05-11,1.1590810653318302,1.6951515224486648,student_t,BTC-USD,1755,0.12333264766126237,0.046874683521018666,,-0.030760759203243362,2026-05-10,2024-12-27,2.967831475782823,5.188646874659439
1.5422747699454493,-1.5422747699454493,4.325064585177898,7.053147301429347,False,False,2179.8617816084925,2196.7202140021814,0,null,-1085.9308908042462,"{""alpha[1]"": 0.10586690102040773, ""beta[1]"": 0.8116324971362162, ""nu"": 3.9591563624115262, ""omega"": 0.5249049155830146}",1.8965618744581223,True,2026-05-12,1.1305339134296832,1.6703004533766088,student_t,BTC-USD,1756,0.06693401672054526,0.035136081977299026,,-0.028329355275367406,2026-05-11,2024-12-28,2.8809551043563535,5.055882967675349
1.5028018231141398,-1.5028018231141398,4.366954066771038,7.101593628574588,False,False,2180.4914321096667,2197.3498645033555,0,null,-1086.2457160548333,"{""alpha[1]"": 0.10308942909266522, ""beta[1]"": 0.8167713962658395, ""nu"": 3.990940300284751, ""omega"": 0.504930322669123}",1.913259156082815,True,2026-05-13,1.141867377371974,1.6789310455923125,student_t,BTC-USD,1757,0.07067285911492928,0.036004873844525706,,-0.033524686997691636,2026-05-12,2024-12-29,2.916259005412724,5.103289207566707
-2.2132143692514794,2.2132143692514794,4.396577657553868,7.1540110292509,False,False,2180.2091224924243,2197.067554886113,0,null,-1086.1045612462121,"{""alpha[1]"": 0.10167618651704972, ""beta[1]"": 0.8203615761195117, ""nu"": 3.983695567769196, ""omega"": 0.4926882384755428}",1.9264229533288,True,2026-05-14,1.1482780676894127,1.685898425285529,student_t,BTC-USD,1758,0.25738586565266025,0.07351405677441514,,-0.03306702716807962,2026-05-13,2024-12-30,2.934502943801721,5.138191308190028
2.4802775130643475,-2.4802775130643475,4.5708145720796765,7.406721550796023,False,False,2181.8970544375225,2198.7554868312113,0,null,-1086.9485272187612,"{""alpha[1]"": 0.10016280328595424, ""beta[1]"": 0.8203909857293018, ""nu"": 4.050030523514151, ""omega"": 0.49261904946987434}",2.007314354769495,True,2026-05-15,1.1892670132575436,1.7235580621890905,student_t,BTC-USD,1759,0.02901141545914201,0.02861229027428413,,-0.026734800593379474,2026-05-14,2024-12-31,3.0605058222471873,5.341506540492758
1.1886390848897952,-1.1886390848897952,4.777560806528762,7.697697769160533,False,False,2184.036347526877,2200.8947799205657,0,null,-1088.0181737634384,"{""alpha[1]"": 0.10022924435159179, ""beta[1]"": 0.8161634559959875, ""nu"": 4.125969103758321, ""omega"": 0.5082745430589841}",2.097242662059798,True,2026-05-16,1.2368280216737517,1.7658421610529222,student_t,BTC-USD,1760,0.10130857671502787,0.04391582662901458,,-0.03338501362900323,2026-05-15,2025-01-01,3.2148106191903505,5.580221747791249
0.9026576804311712,-0.9026576804311712,4.633731963213792,7.443088433014475,False,False,2183.8885642183877,2200.7469966120766,0,null,-1087.9442821091939,"{""alpha[1]"": 0.09456843275808256, ""beta[1]"": 0.8300401873484103, ""nu"": 4.164976430453125, ""omega"": 0.4523070612185151}",2.0324881868306393,True,2026-05-17,1.2081117718263457,1.7341759009064455,student_t,BTC-USD,1761,0.11119746015075807,0.0450764906589182,,-0.037871569089112975,2026-05-16,2025-01-02,3.1266068834463305,5.410306746322988
0.6155853642663646,-0.6155853642663646,4.546325048864717,7.332294343148688,False,False,2181.8718972065635,2198.7303296002524,0,null,-1086.9359486032818,"{""alpha[1]"": 0.09337835176564024, ""beta[1]"": 0.8343059448190098, ""nu"": 4.095571594431681, ""omega"": 0.4400306736610214}",1.9893603722071351,True,2026-05-18,1.1870044198170184,1.716301713004543,student_t,BTC-USD,1762,0.12213300933649385,0.0469309281118399,,-0.04483562658974364,2026-05-17,2025-01-03,3.058245550996239,5.308678175450351
0.2644879999712329,-0.2644879999712329,4.398681640967749,7.083203864793718,False,False,2180.921994661576,2197.7804270552647,0,null,-1086.460997330788,"{""alpha[1]"": 0.08828374873730087, ""beta[1]"": 0.8471752806205433, ""nu"": 4.111542769110559, ""omega"": 0.3887658180317909}",1.922762887450149,True,2026-05-19,1.154991175959592,1.6826831306656116,student_t,BTC-USD,1763,0.1349421795168218,0.048705288220598386,,-0.04857060506999414,2026-05-18,2025-01-04,2.9633315903076665,5.1350168220310675
-0.9167734790070149,0.9167734790070149,4.244975536191674,6.809334323416556,False,False,2180.0430656448752,2196.901498038564,0,null,-1086.0215328224376,"{""alpha[1]"": 0.08582012314987952, ""beta[1]"": 0.8537998376157135, ""nu"": 4.165720039344602, ""omega"": 0.3558043317453014}",1.8554960897493824,True,2026-05-20,1.1216457877618868,1.645810736747137,student_t,BTC-USD,1764,0.18929968758568438,0.0587067567646381,,-0.049361971808570916,2026-05-19,2025-01-05,2.869220272706669,4.953902197456791
-0.10503232088697406,0.10503232088697406,4.16858943727088,6.657454332188626,False,False,2179.4191165061143,2196.277548899803,0,null,-1085.7095582530571,"{""alpha[1]"": 0.08696992342400645, ""beta[1]"": 0.8511300416582276, ""nu"": 4.234649561813292, ""omega"": 0.35643009333910214}",1.8237970598190303,True,2026-05-21,1.1059199886211006,1.6262421145849517,student_t,BTC-USD,1765,0.14663813805654405,0.04968335568457836,,-0.04768865665828655,2026-05-20,2025-01-06,2.8277304402439047,4.863303247570857
2.680634069599855,-2.680634069599855,4.099894382899906,6.583371349719342,False,False,2175.7420440710907,2192.6004764647796,0,null,-1083.8710220355454,"{""alpha[1]"": 0.0857831349997643, ""beta[1]"": 0.8558329170405318, ""nu"": 4.1400552338312, ""omega"": 0.34258046033323675}",1.7883723686515616,True,2026-05-22,1.0865040171225258,1.61121593582872,student_t,BTC-USD,1766,0.004451003898947796,0.021032975326870477,,-0.05499096331983867,2026-05-21,2025-01-07,2.769654147578811,4.783931602286901
-1.5577503022316157,1.5577503022316157,4.487462166184767,7.212942110398664,False,False,2173.4742634501354,2190.3326958438242,0,null,-1082.7371317250677,"{""alpha[1]"": 0.09317837299868341, ""beta[1]"": 0.8328028808330443, ""nu"": 4.138045967336676, ""omega"": 0.43641352890862417}",1.9618997738430701,True,2026-05-23,1.1760071660341533,1.7020628191870482,student_t,BTC-USD,1767,0.22927650356583074,0.06795687098498854,,-0.049987374862319675,2026-05-22,2025-01-08,3.027779769084995,5.237936796267232
-0.4005847393874794,0.4005847393874794,4.50330337810366,7.245159216062666,False,False,2172.933542271344,2189.7919746650327,0,null,-1082.466771135672,"{""alpha[1]"": 0.09367225358203607, ""beta[1]"": 0.8317676270336365, ""nu"": 4.1332754707097, ""omega"": 0.4398066099535512}",1.9719167760608676,True,2026-05-24,1.1788251439840103,1.7060269005486508,student_t,BTC-USD,1768,0.17179369792351445,0.056583485951141495,,-0.04295610271959547,2026-05-23,2025-01-09,3.0352892190828067,5.257763855726665
-0.38740181351635267,0.38740181351635267,4.391113892805772,7.112287426229253,False,False,2170.106100346642,2186.964532740331,0,null,-1081.053050173321,"{""alpha[1]"": 0.09313819427341484, ""beta[1]"": 0.8366746789667385, ""nu"": 4.042835254041864, ""omega"": 0.4235948243706732}",1.923405768249913,True,2026-05-25,1.1497066125919515,1.6830838258046632,student_t,BTC-USD,1769,0.16649956151597392,0.05517209631954284,,-0.03669516340287993,2026-05-24,2025-01-10,2.942589416803123,5.129807818437927
1.8996541411501866,-1.8996541411501866,4.307850750081003,7.019366791433969,False,False,2167.742982992884,2184.601415386573,0,null,-1079.871491496442,"{""alpha[1]"": 0.09290384392285843, ""beta[1]"": 0.8410322712659326, ""nu"": 3.954982556734723, ""omega"": 0.40961870657171046}",1.8834588914289685,True,2026-05-26,1.1273423158687073,1.6657942697769732,student_t,BTC-USD,1770,0.04866326589142946,0.03134082991862565,,-0.04065901290276033,2026-05-25,2025-01-11,2.872919458978775,5.033737133012749
1.9725310724108713,-1.9725310724108713,4.366402284792688,7.056838090884537,False,False,2169.283637639436,2186.142070033125,0,null,-1080.641818819718,"{""alpha[1]"": 0.08926020128004894, ""beta[1]"": 0.8456814461049786, ""nu"": 4.0641336156262575, ""omega"": 0.38917962596317385}",1.909564266027311,True,2026-05-27,1.1454882545566027,1.6765781307586605,student_t,BTC-USD,1771,0.04798607028155245,0.03126606348912547,,-0.044173308685487966,2026-05-26,2025-01-12,2.9322524780419195,5.099137421323416
1.0929802655088023,-1.0929802655088023,4.433611255147701,7.1120380084556905,False,False,2170.6776683434555,2187.5361007371444,0,null,-1081.3388341717277,"{""alpha[1]"": 0.08859431531612862, ""beta[1]"": 0.8442041306856023, ""nu"": 4.17016128669655, ""omega"": 0.38977183273162747}",1.9396325416193723,True,2026-05-28,1.1650214993970165,1.6893638530992092,student_t,BTC-USD,1772,0.09516427735797736,0.04081560864100279,,-0.047953008916510054,2026-05-27,2025-01-13,2.996265812668348,5.174541129609078
0.2233099822794256,-0.2233099822794256,4.342404911785712,6.932440777710655,False,False,2170.4881541048917,2187.3465864985806,0,null,-1081.2440770524458,"{""alpha[1]"": 0.08860885606826872, ""beta[1]"": 0.8439602910824875, ""nu"": 4.239852379172904, ""omega"": 0.3825083014493267}",1.899720525369793,True,2026-05-29,1.1469940031032588,1.6669606962742325,student_t,BTC-USD,1773,0.136164848263368,0.04842562384665358,,-0.0501984090263987,2026-05-28,2025-01-14,2.9466069475467833,5.065872366944779
-0.5197039654867752,0.5197039654867752,4.2291464402971455,6.7704790011843015,False,False,2168.3997472990495,2185.2581796927384,0,null,-1080.1998736495248,"{""alpha[1]"": 0.08737714254377942, ""beta[1]"": 0.8485256623818067, ""nu"": 4.188169654682888, ""omega"": 0.3654776088218546}",1.8464954509495997,True,2026-05-30,1.1191729864271922,1.6413158091035145,student_t,BTC-USD,1774,0.16917834529280484,0.054536497196265056,,-0.054869247604211406,2026-05-29,2025-01-15,2.8638629403693185,4.933945754139725
0.23775625212557883,-0.23775625212557883,4.173830374018678,6.719753321037239,False,False,2164.2996633908333,2181.158095784522,0,null,-1078.1498316954167,"{""alpha[1]"": 0.0854900442996042, ""beta[1]"": 0.8547028239251973, ""nu"": 4.093307059292059, ""omega"": 0.34905999744269933}",1.8171649098245852,True,2026-05-31,1.1030743865367638,1.6298194041030545,student_t,BTC-USD,1775,0.1288204023361224,0.04632505643453573,,-0.06189117195547826,2026-05-30,2025-01-16,2.8141642988480244,4.870261895579148
3.1195386296283893,-3.1195386296283893,4.054696394766693,6.514842392984469,True,False,2163.2394125324013,2180.09784492609,0,null,-1077.6197062662006,"{""alpha[1]"": 0.08671680753643286, ""beta[1]"": 0.8541816733500014, ""nu"": 4.121729193353647, ""omega"": 0.34089395559883356}",1.7654614967418558,True,2026-06-01,2.9549082098877015,1.6001941316137698,student_t,BTC-USD,1776,0.36201710093865835,0.01610960829643921,,-0.06087345727453452,2026-05-31,2025-01-17,2.7384679970613806,4.730499459272309
6.691384853226888,-6.691384853226888,4.57504806649637,7.36451055672753,True,True,2162.395857096978,2179.254289490667,0,null,-1077.197928548489,"{""alpha[1]"": 0.08798813920256804, ""beta[1]"": 0.8447911389895014, ""nu"": 4.085292567033847, ""omega"": 0.39303788162619274}",1.9879375938406625,True,2026-06-02,16.95588371905427,20.109579175033122,student_t,BTC-USD,1777,3.4250374717101293,1.340658174442632,,-0.07633002531022556,2026-06-01,2025-01-18,3.086082251426751,5.337184677022209
4.115222228238098,-4.115222228238098,6.7589222685291634,10.954447249447664,False,False,2171.4183215140974,2188.2767539077863,0,null,-1081.7091607570487,"{""alpha[1]"": 0.10697511276134695, ""beta[1]"": 0.7960420909677935, ""nu"": 4.007476177812435, ""omega"": 0.5856048983144024}",2.9449964819467396,True,2026-06-03,1.581204497931323,2.1141455715303117,student_t,BTC-USD,1778,0.02077804053764247,0.03776362186110619,,-0.08960944130778768,2026-06-02,2025-01-19,4.530783038990947,7.8915844143487135
0.3329681153329279,-0.3329681153329279,7.23552618199666,11.755995521823094,False,False,2171.985949987775,2188.8443823814637,0,null,-1081.9929749938874,"{""alpha[1]"": 0.12341380537809166, ""beta[1]"": 0.7592305674220877, ""nu"": 3.976912865420901, ""omega"": 0.7225326525963275}",3.1538530598419503,True,2026-06-04,1.6478877769619595,2.183144400221433,student_t,BTC-USD,1779,0.22533822940011558,0.08117018484987161,,-0.09137995990977237,2026-06-03,2025-01-20,4.839732703335236,8.449986600320083
4.617254262502727,-4.617254262502727,6.548703878452937,10.632408936132013,True,False,2172.0819507852357,2188.9403831789245,0,null,-1082.0409753926178,"{""alpha[1]"": 0.115978546937807, ""beta[1]"": 0.773744410103839, ""nu"": 3.9776785449785255, ""omega"": 0.6707769769263716}",2.849566706489216,True,2026-06-05,2.260273206310055,2.083025021715449,student_t,BTC-USD,1780,0.22132727308673078,0.030287049202977832,,-0.0938716617543712,2026-06-04,2025-01-21,4.384278185569326,7.645959182800508
0.0907363060595499,-0.0907363060595499,7.131435946599285,11.591752731920847,False,False,2171.916035038058,2188.774467431747,0,null,-1081.958017519029,"{""alpha[1]"": 0.12561093442198068, ""beta[1]"": 0.7595146846419482, ""nu"": 3.955763775854967, ""omega"": 0.7211832601256921}",3.0986900028883793,True,2026-06-06,1.633510461729092,2.1685318693270337,student_t,BTC-USD,1781,0.2340089513889448,0.0823490093999326,,-0.11104253713210949,2026-06-05,2025-01-22,4.770915333838442,8.325637246052803
-3.823145612367666,3.823145612367666,6.554201945345832,10.736148989789976,False,False,2170.152757246021,2187.0111896397098,0,null,-1081.0763786230104,"{""alpha[1]"": 0.12295360735627012, ""beta[1]"": 0.765799307497393, ""nu"": 3.851882156199492, ""omega"": 0.714469094538185}",2.843841828799693,True,2026-06-07,1.544877827389095,2.0865717434337894,student_t,BTC-USD,1782,0.40900960209157766,0.11477539782832899,,-0.10647030034465538,2026-06-06,2025-01-23,4.35704642946388,7.654394170465221
0.2357787177268626,-0.2357787177268626,6.838544450207328,11.148351393526879,False,False,2173.9950393980776,2190.8534717917664,0,null,-1082.9975196990388,"{""alpha[1]"": 0.12380411233947784, ""beta[1]"": 0.7692692312344755, ""nu"": 3.9221785003669805, ""omega"": 0.6860966222730458}",2.97377775498444,True,2026-06-08,1.5898139751189282,2.1276372622371555,student_t,BTC-USD,1783,0.21635826463539612,0.07750294110881832,,-0.09941568965772797,2026-06-07,2025-01-24,4.562944010434781,7.9860728286086875
2.31992749209349,-2.31992749209349,6.292070466147728,10.260372900615188,False,False,2174.304822524169,2191.163254917858,0,null,-1083.1524112620846,"{""alpha[1]"": 0.11898000352248565, ""beta[1]"": 0.7760083160197294, ""nu"": 3.910261323641279, ""omega"": 0.6673175993867343}",2.7314630002840388,True,2026-06-09,1.5065623316867107,2.0443024450966627,student_t,BTC-USD,1784,0.09392979391852127,0.0502663556678564,,-0.10153360932573795,2026-06-08,2025-01-25,4.1985233704639136,7.346563058879126
0.31600860935428493,-0.31600860935428493,6.102112645745878,9.893320705960203,False,False,2176.221421987227,2193.079854380916,0,null,-1084.1107109936136,"{""alpha[1]"": 0.1160695227680191, ""beta[1]"": 0.782470675418004, ""nu"": 3.980844756567314, ""omega"": 0.6335193486668933}",2.6471405071770766,True,2026-06-10,1.4792692425175495,2.0116682002936663,student_t,BTC-USD,1785,0.18881383991509845,0.06805286214493617,,-0.10597333281947915,2026-06-09,2025-01-26,4.0922854076562505,7.121294823847896
-3.378866854006788,3.378866854006788,5.707991324275077,9.293934025147806,False,False,2175.0181095366643,2191.876541930353,0,null,-1083.5090547683321,"{""alpha[1]"": 0.11700779075600734, ""beta[1]"": 0.778453192464062, ""nu"": 3.920425738549339, ""omega"": 0.6564380365606604}",2.4734231335856403,True,2026-06-11,1.4101977944205637,1.9462278390328334,student_t,BTC-USD,1786,0.35968461023191195,0.10041371298962115,,-0.10268588732444786,2026-06-10,2025-01-27,3.814825350631444,6.662504444955319
0.028095785260682186,-0.028095785260682186,6.034492898726114,9.778718390222227,False,False,2178.1585776642446,2195.0170100579335,0,null,-1085.0792888321223,"{""alpha[1]"": 0.11133141831363007, ""beta[1]"": 0.7974810000690172, ""nu"": 3.996661332547848, ""omega"": 0.570852467541751}",2.62258557475816,True,2026-06-12,1.4682130398454305,2.0005062520766095,student_t,BTC-USD,1787,0.20096833134987868,0.07015493759100556,,-0.09476623804614466,2026-06-11,2025-01-28,4.047462412258252,7.043589544361232
-1.372472245564992,1.372472245564992,5.633301630773266,9.119454467906785,False,False,2177.889749236996,2194.748181630685,0,null,-1084.944874618498,"{""alpha[1]"": 0.1122931791335633, ""beta[1]"": 0.7919577773372632, ""nu"": 4.0058419694417635, ""omega"": 0.5893991151274058}",2.4462705717224438,True,2026-06-13,1.4000770859653273,1.93130974779299,student_t,BTC-USD,1788,0.2577283035303617,0.07946684806624008,,-0.09333739609259996,2026-06-12,2025-01-29,3.7820938250422373,6.574212561059008
-1.9812484759045679,1.9812484759045679,5.44648736636215,8.839411129024356,False,False,2176.7898234985696,2193.6482558922585,0,null,-1084.3949117492848,"{""alpha[1]"": 0.11287841398235354, ""beta[1]"": 0.7901967630174752, ""nu"": 3.966328944140149, ""omega"": 0.600367060002287}",2.362165595099963,True,2026-06-14,1.3650482555262724,1.8983255622295374,student_t,BTC-USD,1789,0.2815408215511474,0.08337715886780915,,-0.09521767575272719,2026-06-13,2025-01-30,3.6495679551183753,6.3564674108763395
-0.8774329135274774,0.8774329135274774,5.381249502637595,8.706553380723056,False,False,2177.6148981583524,2194.4733305520413,0,null,-1084.8074490791762,"{""alpha[1]"": 0.1137463479996294, ""beta[1]"": 0.7878882319881247, ""nu"": 4.009504329296371, ""omega"": 0.6023918271858568}",2.33509165149606,True,2026-06-15,1.3547022680686802,1.8852874350210405,student_t,BTC-USD,1790,0.2246228849045426,0.07156698734296504,,-0.0932358150224539,2026-06-14,2025-01-31,3.6150247845633707,6.27926582076902
1.0446052081715382,-1.0446052081715382,5.139964736271542,8.342184493088585,False,False,2176.0756892363993,2192.934121630088,0,null,-1084.0378446181996,"{""alpha[1]"": 0.11657050125743153, ""beta[1]"": 0.7806868483680898, ""nu"": 3.9688865065221743, ""omega"": 0.631051700711298}",2.230542169187914,True,2026-06-16,1.3070409482880807,1.840459735056545,student_t,BTC-USD,1791,0.11995720374528275,0.04954548495236469,,-0.0869808509609589,2026-06-15,2025-02-01,3.4437492830771914,5.999153703408003
1.8185451538626087,-1.8185451538626087,4.9205704018814,7.9900721754226804,False,False,2175.1060725850066,2191.9645049786955,0,null,-1083.5530362925033,"{""alpha[1]"": 0.12127328262216766, ""beta[1]"": 0.7676772161723088, ""nu"": 3.9596642657548, ""omega"": 0.6782167132456434}",2.134134611105233,True,2026-06-17,1.26319937900461,1.7969565723205427,student_t,BTC-USD,1792,0.07385647464073271,0.0392437338982851,,-0.0856244739819597,2026-06-16,2025-02-02,3.2956746466772615,5.742918543691116
2.3909926455756505,-2.3909926455756505,4.934264727416375,8.03832626295787,False,False,2173.6431152536707,2190.5015476473595,0,null,-1082.8215576268353,"{""alpha[1]"": 0.11984914945603177, ""beta[1]"": 0.7726547671050812, ""nu"": 3.91930301254506, ""omega"": 0.6645774220627361}",2.14055138801076,True,2026-06-18,1.264110958317303,1.800832108615186,student_t,BTC-USD,1793,0.04523193632385305,0.03369362171368957,,-0.08327774264735151,2026-06-17,2025-02-03,3.2956313720527106,5.760354816944605
-1.0192701312503658,1.0192701312503658,5.130150955204409,8.387906847687916,False,False,2171.854501888838,2188.712934282527,0,null,-1081.927250944419,"{""alpha[1]"": 0.11417748777270864, ""beta[1]"": 0.7916701316229584, ""nu"": 3.8634369019214265, ""omega"": 0.6012948165074046}",2.2207341725205425,True,2026-06-19,1.3012244625040061,1.8407871595811702,student_t,BTC-USD,1794,0.22182045944817538,0.07008203344077404,,-0.09552729527245585,2026-06-18,2025-02-04,3.4171390577131384,5.988933212827032
-1.0938237784647813,1.0938237784647813,5.026530330907165,8.299109207713776,False,False,2167.917652178524,2184.7760845722128,0,null,-1079.958826089262,"{""alpha[1]"": 0.11766125958923047, ""beta[1]"": 0.7942449797162338, ""nu"": 3.7507699407319954, ""omega"": 0.5951577093147395}",2.1778135401112304,True,2026-06-20,1.275209018057569,1.8236760533534815,student_t,BTC-USD,1795,0.22068709208656004,0.06965674828161296,,-0.08639517634080947,2026-06-19,2025-02-05,3.3199180632664156,5.871851049696509
1.5722925309161626,-1.5722925309161626,4.913634777752029,8.122984510061647,False,False,2168.0833088421477,2184.9417412358366,0,null,-1080.0416544210739,"{""alpha[1]"": 0.11758489859049612, ""beta[1]"": 0.7939667294094236, ""nu"": 3.7385859479572714, ""omega"": 0.5992914972796092}",2.1300568139517226,True,2026-06-21,1.2517175014821742,1.8014231862883898,student_t,BTC-USD,1796,0.08346248949255156,0.04168428157651367,,-0.08162351903311595,2026-06-20,2025-02-06,3.2415423207671923,5.740720688567525
-1.123635383665816,1.123635383665816,4.8598638261194544,7.997242947727117,False,False,2169.542631303417,2186.4010636971057,0,null,-1080.7713156517084,"{""alpha[1]"": 0.11533331237980918, ""beta[1]"": 0.7949815968118389, ""nu"": 3.7894956452597905, ""omega"": 0.5940752837905867}",2.1054190960687724,True,2026-06-22,1.243375569251652,1.788853337252056,student_t,BTC-USD,1797,0.21713199104649739,0.0679973043997491,,-0.08472225019238401,2026-06-21,2025-02-07,3.2190044372641275,5.676095056309088
2.0283188968170656,-2.0283188968170656,4.760643739192967,7.809891116103136,False,False,2170.336931286436,2187.195363680125,0,null,-1081.168465643218,"{""alpha[1]"": 0.1143614347858316, ""beta[1]"": 0.7949233992525291, ""nu"": 3.8279324020160117, ""omega"": 0.5906614455314442}",2.0631278692311166,True,2026-06-23,1.2244463243106618,1.7672398512557823,student_t,BTC-USD,1798,0.05665252470249181,0.03531142949591033,,-0.082341984091356,2026-06-22,2025-02-08,3.1613693908669007,5.559461846408095
2.705719116674525,-2.705719116674525,4.829402091986203,7.883663690369934,False,False,2172.229149729572,2189.0875821232607,0,null,-1082.114574864786,"{""alpha[1]"": 0.1124037127230228, ""beta[1]"": 0.7955762662843544, ""nu"": 3.887520300664318, ""omega"": 0.587250228093895}",2.0924751844480305,True,2026-06-24,1.2416051087638236,1.7799280186946476,student_t,BTC-USD,1799,0.025746216525256372,0.02932166983467273,,-0.08630197934406482,2026-06-23,2025-02-09,3.220643447179652,5.637886100141795
2.109903811245825,-2.109903811245825,5.065794388392185,8.228922098059327,False,False,2175.0952704397832,2191.953702833472,0,null,-1083.5476352198916,"{""alpha[1]"": 0.11172033049518106, ""beta[1]"": 0.7927422733260487, ""nu"": 3.9509834332525218, ""omega"": 0.5995109925025864}",2.1953811268832975,True,2026-06-25,1.2921647168041597,1.8260998211082025,student_t,BTC-USD,1800,0.06412122054890461,0.03802122375088387,,-0.09174998176486976,2026-06-24,2025-02-10,3.3923282222239157,5.9120261863342085
-0.4923319961102051,0.4923319961102051,5.094313822962595,8.252817681451381,False,False,2176.456924555886,2193.315356949575,0,null,-1084.228462277943,"{""alpha[1]"": 0.11230279300973008, ""beta[1]"": 0.7889056606721085, ""nu"": 3.9818382914535317, ""omega"": 0.6149041745889668}",2.205804323599436,True,2026-06-26,1.2994202804892732,1.8307381460866083,student_t,BTC-USD,1801,0.19560604596616302,0.06435874845672183,,-0.09790333503398671,2026-06-25,2025-02-11,3.419788923213052,5.943542849561973
0.1272661754934124,-0.1272661754934124,4.904048170316711,7.973981793553926,False,False,2175.469244453364,2192.3276768470528,0,null,-1083.734622226682,"{""alpha[1]"": 0.10901093205822159, ""beta[1]"": 0.7996614180386109, ""nu"": 3.933043031402796, ""omega"": 0.5757608139567126}",2.12296070675872,True,2026-06-27,1.259281194310999,1.7938838195894915,student_t,BTC-USD,1802,0.15773108948872933,0.055956593924160025,,-0.09341908616790778,2026-06-26,2025-02-12,3.281887965267996,5.72292556790941
0.6825999432103453,-0.6825999432103453,4.756986430500277,7.780076398797955,False,False,2173.7613754617196,2190.6198078554085,0,null,-1082.8806877308598,"{""alpha[1]"": 0.10459579672267719, ""beta[1]"": 0.8151026735138938, ""nu"": 3.8496631159850097, ""omega"": 0.5215117362473056}",2.0548285325161797,True,2026-06-28,1.225779158566393,1.7651833206166625,student_t,BTC-USD,1803,0.12431684703378727,0.04869396101137338,,-0.09809128170171966,2026-06-27,2025-02-13,3.1689368838860883,5.551996044347679
-1.012853017521998,1.012853017521998,4.637003181980314,7.583471653670577,False,False,2173.1676563998963,2190.026088793585,0,null,-1082.5838281999481,"{""alpha[1]"": 0.09325080755818983, ""beta[1]"": 0.8427158154208872, ""nu"": 3.8489385270725665, ""omega"": 0.416620941283231}",2.0024431206645543,True,2026-06-29,1.200292574640061,1.7395973605384345,student_t,BTC-USD,1804,0.205106856888913,0.06424617561361073,,-0.09686121827127127,2026-06-28,2025-02-14,3.0892841202562584,5.4117645438390705
2.6615830282104933,-2.6615830282104933,4.578123290918388,7.4566673763579345,False,False,2173.0580270670516,2189.9164594607405,0,null,-1082.5290135335258,"{""alpha[1]"": 0.08154997693818387, ""beta[1]"": 0.8660711125735517, ""nu"": 3.900099079283342, ""omega"": 0.33219214320869794}",1.9772227383448582,True,2026-06-30,1.1898112980148676,1.7254775510931872,student_t,BTC-USD,1805,0.019949688869329147,0.026801420929922843,,-0.0966592278186382,2026-06-29,2025-02-15,3.060576805597076,5.341725121202775
-2.437479888348089,2.437479888348089,4.743324063780622,7.656421412474819,False,False,2175.446766273427,2192.3051986671157,0,null,-1083.7233831367134,"{""alpha[1]"": 0.06837530576068672, ""beta[1]"": 0.8874024384345034, ""nu"": 4.019445982231937, ""omega"": 0.2653449287802393}",2.049647328037224,True,2026-07-01,1.2303207939001783,1.7579775728283926,student_t,BTC-USD,1806,0.28162502805065553,0.07968730435094105,,-0.10212875312234435,2026-06-30,2025-02-16,3.1950206726650165,5.531250546746009
-2.4390944092657305,2.4390944092657305,4.834379731805328,7.7663905242491245,False,False,2176.7429220176878,2193.6013544113766,0,null,-1084.3714610088439,"{""alpha[1]"": 0.06259732750312688, ""beta[1]"": 0.8961477138802965, ""nu"": 4.0985615208299455, ""omega"": 0.23932074599956635}",2.094839417090612,True,2026-07-02,1.251743569854483,1.7756321364137007,student_t,BTC-USD,1807,0.28535451618429547,0.08076147392770483,,-0.09435251662118184,2026-07-01,2025-02-17,3.2679959144201742,5.637052983504746
-1.7075359753533113,1.7075359753533113,4.882556701985389,7.788924411157372,False,False,2178.205813953331,2195.06424634702,0,null,-1085.1029069766655,"{""alpha[1]"": 0.05827106148762021, ""beta[1]"": 0.9017905796949618, ""nu"": 4.212423138692246, ""omega"": 0.22212666103384177}",2.1211445038722636,True,2026-07-03,1.2654075162827652,1.7833977767528872,student_t,BTC-USD,1808,0.251319891911035,0.07398864093488032,,-0.08863733412147377,2026-07-02,2025-02-18,3.3188618628673843,5.691328118134714
-0.8661912387899323,0.8661912387899323,4.820935416988274,7.644652586398868,False,False,2178.3481958233147,2195.2066282170035,0,null,-1085.1740979116573,"{""alpha[1]"": 0.055322795219492814, ""beta[1]"": 0.9051379648748303, ""nu"": 4.312015889982381, ""omega"": 0.21154031059962938}",2.0979265776231504,True,2026-07-04,1.255977403748485,1.768808872653814,student_t,BTC-USD,1809,0.2079467781991697,0.06483500899280734,,-0.08473335417311435,2026-07-03,2025-02-19,3.292744325193458,5.617309660490795
-0.7258275074715617,0.7258275074715617,4.7131151384057794,7.451743637449202,False,False,2177.198063670403,2194.056496064092,0,null,-1084.5990318352015,"{""alpha[1]"": 0.05312382143700684, ""beta[1]"": 0.9074723872285658, ""nu"": 4.357816402394383, ""omega"": 0.20501192447188846}",2.051005808423308,True,2026-07-05,1.2350531474108717,1.7451970346130614,student_t,BTC-USD,1810,0.1976458312102955,0.062158920637061806,,-0.08528237873351945,2026-07-04,2025-02-20,3.227089116734345,5.490064556234613
-0.701151769770838,0.701151769770838,4.619008809937801,7.29206369748353,False,False,2175.5974242384154,2192.4558566321043,0,null,-1083.7987121192077,"{""alpha[1]"": 0.05181263533026117, ""beta[1]"": 0.9085139621209889, ""nu"": 4.378043257580464, ""omega"": 0.20253518333955395}",2.0088723424274764,True,2026-07-06,1.2158058276340347,1.724478537932998,student_t,BTC-USD,1811,0.19340314334711228,0.060804484283882035,,-0.08731510599018281,2026-07-05,2025-02-21,3.166911097171404,5.379296658617361
1.096103181212677,-1.096103181212677,4.524440960058984,7.143651451998915,False,False,2173.517515863558,2190.375948257247,0,null,-1082.758757931779,"{""alpha[1]"": 0.05162573765851734, ""beta[1]"": 0.908031149335043, ""nu"": 4.3818003251937245, ""omega"": 0.203431726580637}",1.9696731973846648,True,2026-07-07,1.1949475409883528,1.7039091919055358,student_t,BTC-USD,1812,0.1002595391865567,0.04173662329089973,,-0.08136998350979205,2026-07-06,2025-02-22,3.1012939649438094,5.269765510302646
1.6563965511383376,-1.6563965511383376,4.444536651227744,6.986472284869072,False,False,2172.3053522455257,2189.1637846392146,0,null,-1082.1526761227628,"{""alpha[1]"": 0.05109614890185029, ""beta[1]"": 0.9071073307684557, ""nu"": 4.452435521672416, ""omega"": 0.20537791763146515}",1.9344833696671349,True,2026-07-08,1.1797093423328455,1.684575361659948,student_t,BTC-USD,1813,0.0700797265661286,0.03517782119860758,,-0.0845008593316213,2026-07-07,2025-02-23,3.0579910824609082,5.174178670999092
-1.4915682340882805,1.4915682340882805,4.413792536543757,6.901559662909409,False,False,2171.656025635657,2188.514458029346,0,null,-1081.8280128178285,"{""alpha[1]"": 0.051064830457187765, ""beta[1]"": 0.9048630811149758, ""nu"": 4.543828802300424, ""omega"": 0.21177575501770984}",1.9217783346609558,True,2026-07-09,1.1757914353049639,1.6758676101569732,student_t,BTC-USD,1814,0.22708755179870094,0.06627158094099118,,-0.08718345582086508,2026-07-08,2025-02-24,3.0501828018857338,5.135589860010832
-1.467180051524376,1.467180051524376,4.405271976872538,6.917358239142646,False,False,2168.537657110822,2185.3960895045107,0,null,-1080.268828555411,"{""alpha[1]"": 0.05184862570405788, ""beta[1]"": 0.9035980339387456, ""nu"": 4.486527574423065, ""omega"": 0.21662579699217752}",1.9225768015948854,True,2026-07-10,1.1711796357151583,1.6755431153962057,student_t,BTC-USD,1815,0.22498353792823608,0.06596464659554448,,-0.07384967824539025,2026-07-09,2025-02-25,3.0324907070403415,5.129284608030066
0.508271860243716,-0.508271860243716,4.380370603534626,6.878824284287924,False,False,2166.7753411462077,2183.6337735398965,0,null,-1079.3876705731038,"{""alpha[1]"": 0.05248997165669906, ""beta[1]"": 0.9012302242919447, ""nu"": 4.497973827630622, ""omega"": 0.22397237504272877}",1.9157350458179967,True,2026-07-11,1.1652499396999811,1.6700607591763879,student_t,BTC-USD,1816,0.12529669467055374,0.04593153727619397,,-0.06495998427134207,2026-07-10,2025-02-26,3.0142057536547884,5.101425587863109
0.06868691001127171,-0.06868691001127171,4.3086774835971955,6.81223628379851,False,False,2162.569873773271,2179.42830616696,0,null,-1077.2849368866355,"{""alpha[1]"": 0.05404918058545472, ""beta[1]"": 0.8996763344468047, ""nu"": 4.390619892951558, ""omega"": 0.2281202775421835}",1.885539573809341,True,2026-07-12,1.1447619322340898,1.6559054643346038,student_t,BTC-USD,1817,0.14395062980807088,0.0495319160201448,,-0.0558309107488209,2026-07-11,2025-02-27,2.947699506172687,5.021878512025747
2.4114338767421106,-2.4114338767421106,4.200542016233464,6.61878126171963,False,False,2160.63019555696,2177.488627950649,0,null,-1076.31509777848,"{""alpha[1]"": 0.055398409175635516, ""beta[1]"": 0.8957278573822386, ""nu"": 4.44598355307318, ""omega"": 0.236151774886119}",1.8383689735083066,True,2026-07-13,1.121299112730004,1.629343120455177,student_t,BTC-USD,1818,0.023524863937441284,0.024827039081660812,,-0.05681348069866746,2026-07-12,2025-02-28,2.881931155490936,4.89413778490819
-4.272810303639534,4.272810303639534,4.3086911431937835,6.742207568375575,False,False,2161.310960424861,2178.16939281855,0,null,-1076.6554802124306,"{""alpha[1]"": 0.05563568254669101, ""beta[1]"": 0.8907885427026204, ""nu"": 4.568697960154421, ""omega"": 0.2538291979815151}",1.8873647029897198,True,2026-07-14,1.150657259987364,1.6524681824779597,student_t,BTC-USD,1819,0.36229533208115866,0.09289557361818472,,-0.060852755853367635,2026-07-13,2025-03-01,2.9730963379836326,5.01674705817893
0.37594109609416276,-0.37594109609416276,4.875581550098368,7.629216402599481,False,False,2164.7776274669177,2181.6360598606066,0,null,-1078.3888137334588,"{""alpha[1]"": 0.058865042564057245, ""beta[1]"": 0.8795715613863634, ""nu"": 4.58680206949297, ""omega"": 0.29637275732729645}",2.1417835410842767,True,2026-07-15,1.2739804217229027,1.7762831123397067,student_t,BTC-USD,1820,0.1493473777081657,0.05302469199131398,,-0.056201291918594576,2026-07-14,2025-03-02,3.3628886502574744,5.678410295225556
1.4367279855176223,-1.4367279855176223,4.721768537509584,7.403511072367504,False,False,2159.2560611522895,2176.1144935459783,0,null,-1075.6280305761447,"{""alpha[1]"": 0.050246376623252965, ""beta[1]"": 0.8999276097597323, ""nu"": 4.518813251316319, ""omega"": 0.23901022734201804}",2.0632691882011143,True,2026-07-16,1.241281570965819,1.7445217164238618,student_t,BTC-USD,1821,0.09085169925020069,0.04060877682518025,,-0.07519617710225728,2026-07-15,2025-03-03,3.2537619705216345,5.497605668035644
-0.17257545725182585,0.17257545725182585,4.660194073154148,7.29948754104131,False,False,2153.364602236011,2170.2230346296997,0,null,-1072.6823011180054,"{""alpha[1]"": 0.053023490939516395, ""beta[1]"": 0.8983335657505488, ""nu"": 4.5587505091923095, ""omega"": 0.23720346366807996}",2.043713510921297,True,2026-07-17,1.2283860241860456,1.7313164194383295,student_t,BTC-USD,1822,0.16924910263822668,0.05599834035046214,,-0.059905092108462336,2026-07-16,2025-03-04,3.2124065955127046,5.427258577794383
-1.3942231629209632,1.3942231629209632,4.5455262676961885,7.116260800569834,False,False,2151.75641631293,2168.614848706619,0,null,-1071.878208156465,"{""alpha[1]"": 0.05206707090203015, ""beta[1]"": 0.8992033873725489, ""nu"": 4.562541746729482, ""omega"": 0.23420509316948185}",1.9918312878996942,True,2026-07-18,1.2038480573485302,1.706170026635017,student_t,BTC-USD,1823,0.22646466467432608,0.0668720975897452,,-0.062229581319686644,2026-07-17,2025-03-05,3.135070130565554,5.292986596053551
0.16340878330313455,-0.16340878330313455,4.536917426157758,7.120940644423862,False,False,2149.4732196474897,2166.3316520411786,0,null,-1070.7366098237449,"{""alpha[1]"": 0.05223653721910475, ""beta[1]"": 0.8982829138324653, ""nu"": 4.507773382620895, ""omega"": 0.23987316936060504}",1.9845199435523944,True,2026-07-19,1.200650863708232,1.7050097767989958,student_t,BTC-USD,1824,0.1479909535377699,0.05120115170087432,,-0.06709221880559847,2026-07-18,2025-03-06,3.1232278540585297,5.283523953390562
