actual_loss_percent,actual_return_percent,es_0.95_percent,es_0.99_percent,exceedance_0.95,exceedance_0.99,fit_aic,fit_bic,fit_convergence_flag,fit_error_json,fit_log_likelihood,fit_parameters_json,fit_sigma_percent,fit_success,forecast_date,fz0_0.95,fz0_0.99,innovation,instrument,origin_index,quantile_loss_0.95,quantile_loss_0.99,risk_error,training_mean_percent,training_window_end,training_window_start,var_0.95_percent,var_0.99_percent
4.017543689263801,-4.017543689263801,8.592665360408265,11.083651655055867,False,False,2919.0706869246305,2931.7145112198973,0,null,-1456.5353434623153,"{""alpha[1]"": 0.1225838535291543, ""beta[1]"": 0.5686620940853002, ""omega"": 6.316061190896349}",4.134407391532216,True,2022-12-03,1.9498537705539056,2.279067774121198,normal,ETH-USD,500,0.14237607932171695,0.05665096438887309,,-0.0645702824413963,2022-12-02,2021-07-21,6.865065275698137,9.682640128151105
-2.926336436276523,2.926336436276523,8.803036140846215,11.346825621143932,False,False,2913.4628217380614,2926.106646033328,0,null,-1453.7314108690307,"{""alpha[1]"": 0.12121031547201813, ""beta[1]"": 0.5884635195594984, ""omega"": 5.93279979175654}",4.222047328177938,True,2022-12-04,1.974686136827024,2.3028490365188494,normal,ETH-USD,501,0.498257567015093,0.1284245230539417,,-0.09416504311107517,2022-12-03,2021-07-22,7.038814904025329,9.916115869117634
1.620537356039885,-1.620537356039885,8.728559311115383,11.251308356663008,False,False,2913.8519443357145,2926.4957686309813,0,null,-1453.9259721678573,"{""alpha[1]"": 0.12194331651206806, ""beta[1]"": 0.5846437142271581, ""omega"": 5.99490813925086}",4.187125526665524,True,2022-12-05,1.966151574487939,2.294376781594157,normal,ETH-USD,502,0.26791965568090664,0.08211895071881734,,-0.0917218606211339,2022-12-04,2021-07-23,6.978930469658014,9.83243242792161
-0.9463118357877781,0.9463118357877781,8.481659375597113,10.928540396575286,False,False,2912.523211017491,2925.167035312758,0,null,-1453.2616055087456,"{""alpha[1]"": 0.12154474476010314, ""beta[1]"": 0.5895190053664047, ""omega"": 5.8970985408242065}",4.061203789466541,True,2022-12-06,1.9378260080312213,2.2654501132551075,normal,ETH-USD,503,0.38654799619238384,0.1049864694262667,,-0.10456230516678823,2022-12-05,2021-07-24,6.784648088059892,9.552335106838882
3.1324349429314946,-3.1324349429314946,8.29281209326353,10.68333977134041,False,False,2912.0496900486187,2924.6935143438855,0,null,-1453.0248450243093,"{""alpha[1]"": 0.1219214746953442, ""beta[1]"": 0.5881536975956847, ""omega"": 5.913467750839328}",3.9676714894577922,True,2022-12-07,1.9154656341201655,2.242834371197599,normal,ETH-USD,504,0.17512245965159925,0.062063944874379794,,-0.10864529597687707,2022-12-06,2021-07-25,6.6348841359634765,9.338829430369469
-3.8737917289119226,3.8737917289119226,8.448840138716028,10.883054928492005,False,False,2912.7467120781316,2925.3905363733984,0,null,-1453.3733560390658,"{""alpha[1]"": 0.12214409885858468, ""beta[1]"": 0.5837182291841119, ""omega"": 6.00209545802756}",4.040181048386938,True,2022-12-08,1.9342115959562465,2.2614076217099104,normal,ETH-USD,505,0.531720256272565,0.13387765267126495,,-0.11510694555951237,2022-12-07,2021-07-26,6.760613396539368,9.51397353821456
1.3225254108075721,-1.3225254108075721,8.74247964495489,11.263618250055572,False,False,2913.4845110979654,2926.128335393232,0,null,-1453.7422555489827,"{""alpha[1]"": 0.12223297336687843, ""beta[1]"": 0.5811311365730985, ""omega"": 6.059903317224869}",4.184452602731029,True,2022-12-09,1.9681920307597962,2.2956885057846943,normal,ETH-USD,506,0.2835721149247454,0.08523122674474243,,-0.11115566889381431,2022-12-08,2021-07-27,6.993967709302475,9.845648085281807
-0.16591387709813746,0.16591387709813746,8.47273911009262,10.912641035676888,False,False,2913.1657856732572,2925.809609968524,0,null,-1453.5828928366286,"{""alpha[1]"": 0.1216913874242674, ""beta[1]"": 0.5831681763633012, ""omega"": 6.022456385772068}",4.0496202558097005,True,2022-12-10,1.937134371622728,2.2641704332108263,normal,ETH-USD,507,0.3473240992767666,0.09706274892766222,,-0.11953554289245324,2022-12-09,2021-07-28,6.780568108437188,9.540361015668076
0.1988438422603472,-0.1988438422603472,8.256099106944287,10.63286466375323,False,False,2913.12394200548,2925.7677663007466,0,null,-1453.56197100274,"{""alpha[1]"": 0.12208938959977995, ""beta[1]"": 0.5833243594712536, ""omega"": 6.004007888678004}",3.944829847970009,True,2022-12-11,1.911295771479498,2.2382290491442656,normal,ETH-USD,508,0.3204435948489266,0.09097250744116522,,-0.11904805609897957,2022-12-10,2021-07-29,6.6077157392388735,9.296094586376862
-0.8470046091556039,0.8470046091556039,8.12219434698945,10.457622572222173,False,False,2912.2673509029223,2924.911175198189,0,null,-1453.1336754514612,"{""alpha[1]"": 0.12268353584445443, ""beta[1]"": 0.5848666970510903, ""omega"": 5.953737294361951}",3.8762203298919027,True,2022-12-12,1.8951820498389695,2.2217270118473023,normal,ETH-USD,509,0.36747423527210515,0.09991106560714291,,-0.12666502780076433,2022-12-11,2021-07-30,6.502480096286493,9.144101951558678
-3.5400380800816573,3.5400380800816573,8.064698332331202,10.381754289073754,False,False,2911.454287044226,2924.098111339493,0,null,-1452.727143522113,"{""alpha[1]"": 0.12306834083619098, ""beta[1]"": 0.5882723613769271, ""omega"": 5.8709605116614325}",3.845727009712585,True,2022-12-13,1.8882362384771891,2.2145231600417414,normal,ETH-USD,510,0.49988820377462345,0.12618604908487802,,-0.13206797521981903,2022-12-12,2021-07-31,6.4577259954108035,9.078566828406132
0.8533116278995941,-0.8533116278995941,8.430786530421457,10.855224633215782,False,False,2911.689170209823,2924.3329945050896,0,null,-1452.8445851049114,"{""alpha[1]"": 0.12218630883973854, ""beta[1]"": 0.5940488854859394, ""omega"": 5.7733662675553505}",4.02395422007861,True,2022-12-14,1.93244886540745,2.2590311634418536,normal,ETH-USD,511,0.2948014344762574,0.0863833034105971,,-0.13052462384175245,2022-12-13,2021-08-01,6.749340317424737,9.491641968959296
3.3372777545025647,-3.3372777545025647,8.206757526988795,10.564672446504368,False,False,2911.3486394417296,2923.9924637369963,0,null,-1452.6743197208648,"{""alpha[1]"": 0.1206950720793106, ""beta[1]"": 0.6082210551878212, ""omega"": 5.501975583554534}",3.913542556535182,True,2022-12-15,1.90569410413298,2.231987110781574,normal,ETH-USD,512,0.1617085043370796,0.0590122682475974,,-0.13424317289832163,2022-12-14,2021-08-02,6.5714478412441535,9.2385045792623
8.062686437450383,-8.062686437450383,8.388065150970563,10.795897782999944,True,False,2911.2738455456456,2923.9176698409124,0,null,-1452.6369227728228,"{""alpha[1]"": 0.1206856289247734, ""beta[1]"": 0.6127205392721373, ""omega"": 5.401775110730711}",3.9963933373800686,True,2022-12-16,5.133592556900602,2.2537256906842167,normal,ETH-USD,513,1.2773233850358896,0.013789681369140728,,-0.14465343011935225,2022-12-15,2021-08-03,6.718135505833657,9.441654574364454
-1.6882137140066298,1.6882137140066298,10.04303561478263,12.93202541027665,False,False,2913.936411392342,2926.580235687609,0,null,-1453.968205696171,"{""alpha[1]"": 0.12129635513089067, ""beta[1]"": 0.5975868421661061, ""omega"": 5.722764110649435}",4.794992565882972,True,2022-12-17,2.107374834451051,2.4340604886599397,normal,ETH-USD,514,0.486380883221876,0.1299537751292306,,-0.15234303723293016,2022-12-16,2021-08-04,8.039403950430883,11.307163798916418
0.2894668483601644,-0.2894668483601644,9.349597933870259,12.032055192873552,False,False,2911.0453699872114,2923.689194282478,0,null,-1452.5226849936057,"{""alpha[1]"": 0.11968320784148101, ""beta[1]"": 0.5935640347759985, ""omega"": 5.812365043394754}",4.452200778030139,True,2022-12-18,2.036352274092004,2.362184220558678,normal,ETH-USD,515,0.3599869058365924,0.102338873338462,,-0.1659863674329647,2022-12-17,2021-08-05,7.489204965092005,10.523354182206356
1.4543609385150207,-1.4543609385150207,8.811194611479811,11.334057912946777,False,False,2910.251069307389,2922.894893602656,0,null,-1452.1255346536946,"{""alpha[1]"": 0.11871369512294859, ""beta[1]"": 0.5964773647668299, ""omega"": 5.750420140338083}",4.187315162601485,True,2022-12-19,1.9774451778935251,2.302619566402193,normal,ETH-USD,516,0.280356279519531,0.08460756784453619,,-0.17396599651168979,2022-12-18,2021-08-06,7.061486528905636,9.915117722968633
-4.200799339113636,4.200799339113636,8.511415739781729,10.94456668818916,False,False,2909.5480645276757,2922.1918888229425,0,null,-1451.7740322638379,"{""alpha[1]"": 0.12111130401380488, ""beta[1]"": 0.5890760149845325, ""omega"": 5.832869128112646}",4.0384153407124375,True,2022-12-20,1.9431464530656806,2.2678054763330557,normal,ETH-USD,517,0.5512363076940342,0.13776882975933666,,-0.18132469445972077,2022-12-19,2021-08-07,6.823926814767039,9.576083636820016
0.33756713191757215,-0.33756713191757215,8.887999903865518,11.428454455278652,False,False,2906.654942635113,2919.2987669303798,0,null,-1450.3274713175565,"{""alpha[1]"": 0.12165650030906167, ""beta[1]"": 0.5857928441858762, ""omega"": 5.88668031125957}",4.216512189481964,True,2022-12-21,1.9864675289920566,2.3110819887768503,normal,ETH-USD,518,0.3394262221823415,0.09662053243560988,,-0.19054620760989277,2022-12-20,2021-08-08,7.126091575564395,9.999620375478552
-0.37685600314046297,0.37685600314046297,8.498812882639095,10.928109441760867,False,False,2905.4779178355157,2918.1217421307824,0,null,-1449.7389589177578,"{""alpha[1]"": 0.12149032267822195, ""beta[1]"": 0.5880310292696372, ""omega"": 5.830382338234831}",4.032018029098674,True,2022-12-22,1.941685188721523,2.2663107247442795,normal,ETH-USD,519,0.35954265680767816,0.09938650227144924,,-0.18191765391641346,2022-12-21,2021-08-09,6.8139971330130935,9.561794224004453
-0.16218363099971495,0.16218363099971495,8.282745491066168,10.6462370435293,False,False,2903.9241072647756,2916.5679315600423,0,null,-1448.9620536323878,"{""alpha[1]"": 0.12254045863972075, ""beta[1]"": 0.5856253027992748, ""omega"": 5.849048118035673}",3.9227983571503007,True,2022-12-23,1.9162718414589008,2.240345073742202,normal,ETH-USD,520,0.3402875907530412,0.09479116327950382,,-0.1911390785031543,2022-12-22,2021-08-10,6.6435681840611025,9.316932696950659
-0.08103328712381122,0.08103328712381122,8.122146999715303,10.439308313784768,False,False,2903.688006676818,2916.331830972085,0,null,-1448.844003338409,"{""alpha[1]"": 0.12290631688400304, ""beta[1]"": 0.5907944170524823, ""omega"": 5.728941761587544}",3.8459018762351667,True,2022-12-24,1.8967348480278896,2.220737994665833,normal,ETH-USD,521,0.32980674401684446,0.09217094883861367,,-0.18915594318818654,2022-12-23,2021-08-11,6.515101593213072,9.136061596737548
0.1792152035083411,-0.1792152035083411,8.004682819764168,10.287163270578338,False,False,2903.159314860769,2915.8031391560357,0,null,-1448.5796574303845,"{""alpha[1]"": 0.12491446496464823, ""beta[1]"": 0.5916508279178737, ""omega"": 5.661220783164979}",3.7883404124505193,True,2022-12-25,1.8822683786820806,2.206106253272286,normal,ETH-USD,522,0.3121237397921128,0.08824206992943452,,-0.1904245318045181,2022-12-24,2021-08-12,6.4216899993505905,9.003422196451787
-0.6551566636118497,0.6551566636118497,7.910970623011355,10.168248308455635,False,False,2901.9311390626835,2914.5749633579503,0,null,-1447.9655695313418,"{""alpha[1]"": 0.1268865106832435, ""beta[1]"": 0.590268944776468, ""omega"": 5.6331388319645255}",3.746510194574084,True,2022-12-26,1.8703590032256852,2.1944140121700286,normal,ETH-USD,523,0.35003068033869794,0.09553838751037869,,-0.18299606120625417,2022-12-25,2021-08-13,6.345456943162103,8.89868208742601
1.162644189123146,-1.162644189123146,7.873059558047268,10.114526055285511,False,False,2897.150089230846,2909.7939135261126,0,null,-1445.575044615423,"{""alpha[1]"": 0.12850223992510101, ""beta[1]"": 0.5967311907421791, ""omega"": 5.46794720411945}",3.7202676200852554,True,2022-12-27,1.865995177911758,2.1893327159055076,normal,ETH-USD,524,0.25779336948732273,0.07691208370467414,,-0.199215890742242,2022-12-26,2021-08-14,6.318511578869596,8.853852559590553
1.898321826134127,-1.898321826134127,7.853903328713706,10.0901021025701,False,False,2896.921985262952,2909.565809558219,0,null,-1445.460992631476,"{""alpha[1]"": 0.12933910453247252, ""beta[1]"": 0.5984821070125884, ""omega"": 5.413847614066263}",3.7115245312399807,True,2022-12-28,1.863542645409158,2.1869069822157843,normal,ETH-USD,525,0.22023434516711618,0.06934069519313439,,-0.1980941427470029,2022-12-27,2021-08-15,6.303008729476447,8.83239134544756
-0.9708508423668103,0.9708508423668103,7.915029543754963,10.167173192734426,False,False,2896.7618446998813,2909.405668995148,0,null,-1445.3809223499406,"{""alpha[1]"": 0.1305401797878071, ""beta[1]"": 0.5981370932057578, ""omega"": 5.393967871448077}",3.7379889922077183,True,2022-12-29,1.8714232886150217,2.1945790782323717,normal,ETH-USD,526,0.36619636844553444,0.09871345362783636,,-0.20463177520632714,2022-12-28,2021-08-16,6.353076526543871,8.900494520416817
0.19681123675642856,-0.19681123675642856,7.860262267092043,10.099758680490838,False,False,2895.3611003370424,2908.004924632309,0,null,-1444.6805501685212,"{""alpha[1]"": 0.13103568540645094, ""beta[1]"": 0.6035515165090831, ""omega"": 5.271783998055454}",3.71699777905672,True,2022-12-30,1.864220759164128,2.1877990996346033,normal,ETH-USD,527,0.305513469212534,0.08643381987121798,,-0.19316334275509034,2022-12-29,2021-08-17,6.3070806210071035,8.840193223878218
0.20547117928483316,-0.20547117928483316,7.759376589162241,9.971972613354048,False,False,2893.946904263907,2906.590728559174,0,null,-1443.9734521319535,"{""alpha[1]"": 0.13163219290925282, ""beta[1]"": 0.6092276145100097, ""omega"": 5.1440665926924405}",3.672349934862858,True,2022-12-31,1.8511380225223997,2.1749850756959153,normal,ETH-USD,528,0.30096901376904556,0.08522065629288969,,-0.18437334487156448,2022-12-30,2021-08-18,6.224851454665739,8.727536808573795
-0.3497973195629962,0.3497973195629962,7.704054285803136,9.900269566029957,False,False,2893.6356377245147,2906.2794620197815,0,null,-1443.8178188622574,"{""alpha[1]"": 0.13364147277582206, ""beta[1]"": 0.6071703339058735, ""omega"": 5.142245856427984}",3.645162041829022,True,2023-01-01,1.8440372594694012,2.167795408896772,normal,ETH-USD,529,0.32653435907868983,0.09014844142788815,,-0.18513185668249413,2022-12-31,2021-08-19,6.180889862010795,8.66504682322581
-1.1336145875359283,1.1336145875359283,7.662040047596396,9.843123969588625,False,False,2891.7206269176163,2904.364451212883,0,null,-1442.8603134588082,"{""alpha[1]"": 0.1342554996029276, ""beta[1]"": 0.6141943996019799, ""omega"": 4.991584525852206}",3.620047813194589,True,2023-01-02,1.8388543228448304,2.162146811343181,normal,ETH-USD,530,0.3641492211168734,0.09750026181218034,,-0.1949210595306685,2023-01-01,2021-08-20,6.149369834801534,8.616411593682097
-0.010059374194146157,0.010059374194146157,7.689763622597061,9.877725077398924,False,False,2891.021276016878,2903.6651003121447,0,null,-1442.510638008439,"{""alpha[1]"": 0.13443805926631897, ""beta[1]"": 0.6192030058730924, ""omega"": 4.890150134469815}",3.6314627786421148,True,2023-01-03,1.842557573260608,2.1657008598302996,normal,ETH-USD,531,0.3091191467944186,0.08657203928052148,,-0.19909883910546697,2023-01-02,2021-08-21,6.1723235616942205,8.647144553857995
-3.378924643455595,3.378924643455595,7.6127874388836405,9.77936230159531,False,False,2890.6856012109038,2903.3294255061705,0,null,-1442.3428006054519,"{""alpha[1]"": 0.13392682106335344, ""beta[1]"": 0.627716891830861, ""omega"": 4.730125054707005}",3.5959664434726353,True,2023-01-04,1.8324499682218143,2.1556698327802186,normal,ETH-USD,532,0.47445522454815314,0.11939734934916083,,-0.19534140056570867,2023-01-03,2021-08-22,6.1101798475074585,8.560810291460477
0.4856887477656985,-0.4856887477656985,8.054503529406047,10.351784352694313,False,False,2891.315259384126,2903.9590836793927,0,null,-1442.657629692063,"{""alpha[1]"": 0.1334485140177073, ""beta[1]"": 0.6298883522212337, ""omega"": 4.699484860392448}",3.812905288413835,True,2023-01-05,1.8884218593528752,2.212343198962712,normal,ETH-USD,533,0.2987778651143143,0.08574030321036949,,-0.18957495718203463,2023-01-04,2021-08-23,6.4612460500519795,9.05971906880264
-1.5033457592143231,1.5033457592143231,7.835099047722495,10.066636190007015,False,False,2890.753226388436,2903.3970506837027,0,null,-1442.376613194218,"{""alpha[1]"": 0.1317887694426356, ""beta[1]"": 0.6420586363500665, ""omega"": 4.4846518714931625}",3.703787401546103,True,2023-01-06,1.861084225311421,2.184548525044213,normal,ETH-USD,534,0.3895391619186653,0.10314893044969059,,-0.1952493382686998,2023-01-05,2021-08-24,6.287437479158976,8.811547285754727
0.4032640739411385,-0.4032640739411385,7.762965384192766,9.976953656774338,False,False,2889.5886262393205,2902.2324505345873,0,null,-1441.7943131196603,"{""alpha[1]"": 0.13104622020605752, ""beta[1]"": 0.6524365238969138, ""omega"": 4.291672507697806}",3.674660715153329,True,2023-01-07,1.8515674690376214,2.175468273553131,normal,ETH-USD,535,0.29121052974982536,0.08328470732378809,,-0.183195663801598,2023-01-06,2021-08-25,6.227474668937641,8.73173480631994
-1.8098033233880984,1.8098033233880984,7.577257776230335,9.735808714411311,False,False,2888.9644799191747,2901.6083042144414,0,null,-1441.4822399595873,"{""alpha[1]"": 0.12807743922887693, ""beta[1]"": 0.6737778241496044, ""omega"": 3.9229090915320683}",3.582648757638685,True,2023-01-08,1.8275808544630046,2.151112377556994,normal,ETH-USD,536,0.39450092127658676,0.10331572943204374,,-0.18728229904845275,2023-01-07,2021-08-26,6.0802151021436295,8.521769619816267
-2.620370208628907,2.620370208628907,7.556683021002181,9.712583159394931,False,False,2887.9326250513745,2900.5764493466413,0,null,-1440.9663125256873,"{""alpha[1]"": 0.12596232861367096, ""beta[1]"": 0.6908871280975697, ""omega"": 3.6236251411411184}",3.5782491002574073,True,2023-01-09,1.8245671877717866,2.1485792592855857,normal,ETH-USD,537,0.43409244963862287,0.11120405169250593,,-0.17578277344930424,2023-01-08,2021-08-27,6.061478784143543,8.500034960621676
-1.1321725449191993,1.1321725449191993,7.7279449725650196,9.93227666085203,False,False,2886.698382214615,2899.3422065098816,0,null,-1440.3491911073074,"{""alpha[1]"": 0.12548206088607033, ""beta[1]"": 0.6949047730058919, ""omega"": 3.551260528095607}",3.658633226937044,True,2023-01-10,1.8470163241764137,2.1709656047445494,normal,ETH-USD,538,0.3665662017660764,0.0982466153168914,,-0.18123535738975713,2023-01-09,2021-08-28,6.199151490402322,8.69248898676993
-3.76967553841302,3.76967553841302,7.4869455336817134,9.622014483502575,False,False,2885.859623265068,2898.5034475603347,0,null,-1439.929811632534,"{""alpha[1]"": 0.12071245088830695, ""beta[1]"": 0.725282729979348, ""omega"": 3.037821900099898}",3.5436745944919306,True,2023-01-11,1.815382394415204,2.1392531647603836,normal,ETH-USD,539,0.48879320549416966,0.12190857959586397,,-0.17736256198452505,2023-01-10,2021-08-29,6.006188571470364,8.421182421173366
-2.1388638026941047,2.1388638026941047,7.8491209671534,10.09249471584446,False,False,2885.707747952205,2898.3515722474717,0,null,-1439.8538739761025,"{""alpha[1]"": 0.12016316360471324, ""beta[1]"": 0.7308435966035731, ""omega"": 2.9333397404809505}",3.7234331752394443,True,2023-01-12,1.8621792564527473,2.1867737834970544,normal,ETH-USD,540,0.4216057017193553,0.1096961232273449,,-0.16874766868895702,2023-01-11,2021-08-30,6.293250231692994,8.830748520040375
-2.34725987917043,2.34725987917043,7.756228496596683,9.973766210697033,False,False,2884.5431379127263,2897.186962207993,0,null,-1439.2715689563631,"{""alpha[1]"": 0.1207438517723217, ""beta[1]"": 0.7338913311749927, ""omega"": 2.8510718797951218}",3.680551890581541,True,2023-01-13,1.850210084974623,2.1749086974144953,normal,ETH-USD,541,0.42827679893875265,0.11073810918320275,,-0.16430697319846943,2023-01-12,2021-08-31,6.218276099604615,8.726551039149834
-6.603425848990777,6.603425848990777,7.768487277344662,9.987301870467792,False,False,2882.965096968928,2895.6089212641946,0,null,-1438.482548484464,"{""alpha[1]"": 0.11931107072375444, ""beta[1]"": 0.7343791300617651, ""omega"": 2.8516077029713944}",3.6826711868945012,True,2023-01-14,1.851988248633036,2.1763624745042573,normal,ETH-USD,542,0.6416537580961347,0.15342794389713074,,-0.17219425429880178,2023-01-13,2021-09-01,6.229649312931905,8.739368540722284
-0.11424277911362732,0.11424277911362732,9.365909089251481,12.048721175190725,False,False,2881.44993097328,2894.093755268547,0,null,-1437.72496548664,"{""alpha[1]"": 0.13079982988667452, ""beta[1]"": 0.6540397368214418, ""omega"": 4.201249557833345}",4.452789701024158,True,2023-01-15,2.038415597495247,2.3637252723086837,normal,ETH-USD,543,0.3809756406353585,0.10654063377453928,,-0.18108274381178915,2023-01-14,2021-09-02,7.505270033593536,10.53982059834029
-1.5565394578176748,1.5565394578176748,8.63912132430807,11.11038309245225,False,False,2880.8848284367923,2893.528652732059,0,null,-1437.4424142183962,"{""alpha[1]"": 0.12361954798087195, ""beta[1]"": 0.6937212989537238, ""omega"": 3.5516633150039225}",4.101669664975696,True,2023-01-16,1.9579102950293144,2.2827792848306183,normal,ETH-USD,544,0.4240870228503897,0.11277004737149711,,-0.17855477419800841,2023-01-15,2021-09-03,6.925200999190111,9.720465279332027
0.5715972826002903,-0.5715972826002903,8.297465982024072,10.66758099722632,False,False,2879.7806088697116,2892.4244331649784,0,null,-1436.8903044348558,"{""alpha[1]"": 0.12189631421303129, ""beta[1]"": 0.704460870677074, ""omega"": 3.3608840758918808}",3.933791630523575,True,2023-01-17,1.9178449902051025,2.2422485156851293,normal,ETH-USD,545,0.3041048876107669,0.08762954117665464,,-0.18318360367757505,2023-01-16,2021-09-04,6.653695034815623,9.334551400265747
3.3952738099386877,-3.3952738099386877,7.927780154882913,10.19036689841294,False,False,2878.3133589451936,2890.9571832404604,0,null,-1436.1566794725968,"{""alpha[1]"": 0.1249537335896887, ""beta[1]"": 0.7052045399145107, ""omega"": 3.2758100038776705}",3.755321888576155,True,2023-01-18,1.872436734138467,2.1965648945115266,normal,ETH-USD,546,0.148165530892998,0.05522540880893393,,-0.18162959900390419,2023-01-17,2021-09-05,6.358584427798645,8.917814690832076
-2.4152930586624843,2.4152930586624843,8.046865490231985,10.341294272782656,False,False,2877.2789231420284,2889.922747437295,0,null,-1435.6394615710142,"{""alpha[1]"": 0.1319725853655843, ""beta[1]"": 0.6854935101996973, ""omega"": 3.5140339941265557}",3.8081716219413186,True,2023-01-19,1.8875311662805219,2.211357828155657,normal,ETH-USD,547,0.44354395377668215,0.11466126127815643,,-0.19170111246730115,2023-01-18,2021-09-06,6.45558601687115,9.050833069153148
-6.676654967474424,6.676654967474424,8.014992473355402,10.301874565484594,False,False,2875.52516488708,2888.1689891823466,0,null,-1434.76258244354,"{""alpha[1]"": 0.1454797804107837, ""beta[1]"": 0.6426065905446063, ""omega"": 4.075044851727094}",3.7956460240577776,True,2023-01-20,1.8834290027364666,2.2074731903246683,normal,ETH-USD,548,0.6552800951768296,0.15692312832919605,,-0.18566480676678648,2023-01-19,2021-09-07,6.428946936062157,9.015657865445167
1.9859036470161882,-1.9859036470161882,9.475853399687042,12.20132819068578,False,False,2870.2222921832185,2882.8661164784853,0,null,-1432.1111460916093,"{""alpha[1]"": 0.15184101843581446, ""beta[1]"": 0.6236123885392374, ""omega"": 4.3561315083996925}",4.523599003957592,True,2023-01-21,2.049268489547971,2.3759113219856154,normal,ETH-USD,549,0.2799861189856706,0.08682529077049712,,-0.14496779819588243,2023-01-20,2021-09-08,7.585626026729595,10.668432724065893
-0.07764803985704101,0.07764803985704101,8.802603494272399,11.329070580905965,False,False,2870.2362685661224,2882.880092861389,0,null,-1432.1181342830612,"{""alpha[1]"": 0.14927395693019288, ""beta[1]"": 0.6306198836736273, ""omega"": 4.255392412790545}",4.1932965347440385,True,2023-01-22,1.975991936879952,2.3019454160091795,normal,ETH-USD,550,0.3564022040146591,0.09985751545061032,,-0.15303702637936312,2023-01-21,2021-09-09,7.0503960404361345,9.908103505203982
0.008043951705412913,-0.008043951705412913,8.219099263251787,10.576355632858602,False,False,2869.7041346007168,2882.3479588959835,0,null,-1431.8520673003584,"{""alpha[1]"": 0.14934528650625142, ""beta[1]"": 0.6306753629531322, ""omega"": 4.238295849903657}",3.9124495302040816,True,2023-01-23,1.9075516074353254,2.233266058618061,normal,ETH-USD,551,0.3288101178444388,0.09242514203750365,,-0.14883950857341624,2023-01-22,2021-09-10,6.584246308594183,9.250558155455769
4.499980883769818,-4.499980883769818,7.806541350765431,10.047088049219873,False,False,2867.301501495075,2879.945325790342,0,null,-1430.6507507475376,"{""alpha[1]"": 0.15133168458230992, ""beta[1]"": 0.6269209313395208, ""omega"": 4.265767648517669}",3.7187409866795846,True,2023-01-24,1.8559097104852356,2.181857831001941,normal,ETH-USD,552,0.08763252028009226,0.04286950994439427,,-0.13584668973865066,2023-01-23,2021-09-11,6.252631289371662,8.786931878209241
-3.4789700278055427,3.4789700278055427,8.346948157150573,10.741654994392068,False,False,2868.188384430313,2880.8322087255797,0,null,-1431.0941922151565,"{""alpha[1]"": 0.14941589804340077, ""beta[1]"": 0.6323934469163869, ""omega"": 4.199162626931142}",3.9746078369510314,True,2023-01-25,1.922921896693496,2.2487424583077895,normal,ETH-USD,553,0.5082545905588248,0.12873764186494946,,-0.14847366705229528,2023-01-24,2021-09-12,6.686121783370945,9.394794158689391
0.535341421029867,-0.535341421029867,8.433904196254575,10.85359616394598,False,False,2867.851566303626,2880.4953905988928,0,null,-1430.925783151813,"{""alpha[1]"": 0.14841014911074635, ""beta[1]"": 0.6363587625564463, ""omega"": 4.139125094188401}",4.016076835890312,True,2023-01-26,1.9332826038962567,2.2591082321442855,normal,ETH-USD,554,0.3110204099764921,0.08957341459057966,,-0.1498910709297324,2023-01-25,2021-09-13,6.755749620559704,9.492682880087825
0.309219691888684,-0.309219691888684,7.959699349665631,10.242742127644066,False,False,2866.8169652163388,2879.4607895116055,0,null,-1430.4084826081694,"{""alpha[1]"": 0.14581963155811842, ""beta[1]"": 0.6474598275328138, ""omega"": 3.960574908974082}",3.7892737333561377,True,2023-01-27,1.8754662762396745,2.2012067149031025,normal,ETH-USD,555,0.30335484203272794,0.08649465090583622,,-0.1435158887204479,2023-01-26,2021-09-14,6.376316532543237,8.958684782472298
1.62253629066465,-1.62253629066465,7.649182062736124,9.83884460236972,False,False,2865.531880323478,2878.175704618745,0,null,-1429.765940161739,"{""alpha[1]"": 0.14420727060915328, ""beta[1]"": 0.6543123787931288, ""omega"": 3.8456699667639493}",3.634286149335502,True,2023-01-28,1.8360650986476061,2.1611673618254432,normal,ETH-USD,556,0.22540129699021472,0.06984771042853015,,-0.15269347635493935,2023-01-27,2021-09-15,6.13056223046894,8.607307333517658
-4.581724347885349,4.581724347885349,7.535150619438292,9.687470134151736,False,False,2864.019830494084,2876.663654789351,0,null,-1429.009915247042,"{""alpha[1]"": 0.14413937007308172, ""beta[1]"": 0.6545291585522458, ""omega"": 3.8314205858493824}",3.5723061703272743,True,2023-01-29,1.8214778137330652,2.145874543044326,normal,ETH-USD,557,0.531207701914786,0.1305866014221561,,-0.16650892956641944,2023-01-28,2021-09-16,6.04242969041036,8.47693579433025
4.907132844680366,-4.907132844680366,8.212092023854435,10.565532258258486,False,False,2864.469380996166,2877.1132052914327,0,null,-1429.234690498083,"{""alpha[1]"": 0.14038614466468313, ""beta[1]"": 0.6708217539132457, ""omega"": 3.5891106294657753}",3.9061157106952002,True,2023-01-30,1.9068512487482852,2.232316908247651,normal,ETH-USD,558,0.08363764345731187,0.04334748254450417,,-0.15489711979747423,2023-01-29,2021-09-17,6.579885713826602,9.24188109913078
-1.218131922187863,1.218131922187863,8.658404481792441,11.142238779156544,False,False,2864.32630834975,2876.9701326450167,0,null,-1429.163154174875,"{""alpha[1]"": 0.1401869538153296, ""beta[1]"": 0.6693573486483796, ""omega"": 3.613089793218676}",4.12253688445771,True,2023-01-31,1.9595746547712678,2.2853654154517637,normal,ETH-USD,559,0.4076948259814559,0.10963381689800779,,-0.1547948507997621,2023-01-30,2021-09-18,6.935764597441248,9.745249767612906
-3.4236124749641066,3.4236124749641066,8.190433476500283,10.53771624079652,False,False,2862.9229954399348,2875.5668197352015,0,null,-1428.4614977199674,"{""alpha[1]"": 0.14161656869666012, ""beta[1]"": 0.6666168488143909, ""omega"": 3.615100046072647}",3.895895867261463,True,2023-02-01,1.9042061772878833,2.22967867033356,normal,ETH-USD,560,0.4993055048419598,0.12641140717637134,,-0.1543191743848133,2023-01-31,2021-09-19,6.562497621875082,9.217528242673016
-0.08820925206547796,0.08820925206547796,8.280736435449171,10.65816849710388,False,False,2861.668627442161,2874.3124517374276,0,null,-1427.8343137210804,"{""alpha[1]"": 0.14717276002163132, ""beta[1]"": 0.6469528632340527, ""omega"": 3.865222468775585}",3.9459360774851002,True,2023-02-02,1.9148136718468463,2.240869302699113,normal,ETH-USD,561,0.3360050035825279,0.09409232807839046,,-0.14140355081504113,2023-02-01,2021-09-20,6.631890819585074,9.321023555773559
-1.30014596383962,1.30014596383962,7.809223109190452,10.055872419871205,False,False,2857.2486523561975,2869.892476651464,0,null,-1425.6243261780987,"{""alpha[1]"": 0.14791811889938855, ""beta[1]"": 0.6437854787055742, ""omega"": 3.8997516809690413}",3.7288697799011024,True,2023-02-03,1.85577955924985,2.182500011223559,normal,ETH-USD,562,0.3775613301200373,0.10092429905548748,,-0.11763565666105265,2023-02-02,2021-09-21,6.251080638561119,8.792283941709119
-0.13887964658758697,0.13887964658758697,7.567374320842771,9.748114398473442,False,False,2855.32792957122,2867.971753866487,0,null,-1424.66396478561,"{""alpha[1]"": 0.14432592741560757, ""beta[1]"": 0.6514196753081369, ""omega"": 3.794024566085656}",3.619477118497066,True,2023-02-04,1.8239839985857778,2.151252718946219,normal,ETH-USD,563,0.3096911112327078,0.08660475058381512,,-0.10143251203880037,2023-02-03,2021-09-22,6.054942578066563,8.521595411793918
2.1471874409130036,-2.1471874409130036,7.373203084859098,9.49103421384448,False,False,2849.703933950994,2862.3477582462606,0,null,-1421.851966975497,"{""alpha[1]"": 0.146565786506421, ""beta[1]"": 0.6414493832529701, ""omega"": 3.92975508465144}",3.5150641705689893,True,2023-02-05,1.7986441153695303,2.1248463049452067,normal,ETH-USD,564,0.18786069050152737,0.061527098204232765,,-0.12263520101597679,2023-02-04,2021-09-23,5.904401250943548,8.299897261336275
0.9482405761887756,-0.9482405761887756,7.395389559022273,9.516991192624642,False,False,2849.251982643162,2861.895806938429,0,null,-1421.625991321581,"{""alpha[1]"": 0.14795265562753918, ""beta[1]"": 0.6399851661278555, ""omega"": 3.9248374077092842}",3.521322254843386,True,2023-02-06,1.8018926999666234,2.1276969350083257,normal,ETH-USD,565,0.24878660754756007,0.07375493009774733,,-0.13191304459589312,2023-02-05,2021-09-24,5.923972727139973,8.323733585963502
-3.39157936212224,3.39157936212224,7.235207494058373,9.313765889358724,False,False,2845.572433507675,2858.216257802942,0,null,-1419.7862167538376,"{""alpha[1]"": 0.15130352504616187, ""beta[1]"": 0.6342507337106129, ""omega"": 3.968576359533715}",3.449881362946979,True,2023-02-07,1.7797160177876372,2.1059751410797722,normal,ETH-USD,566,0.459261112842217,0.11536296558833539,,-0.11909302232646567,2023-02-06,2021-09-25,5.793642894722092,8.144717196711289
1.2813015882518926,-1.2813015882518926,7.648334433728714,9.849666857809686,False,False,2846.1540011533843,2858.797825448651,0,null,-1420.0770005766922,"{""alpha[1]"": 0.15171434913088186, ""beta[1]"": 0.6354628408067349, ""omega"": 3.940965450012915}",3.6536552067330597,True,2023-02-08,1.8348740676550404,2.1617378699776753,normal,ETH-USD,567,0.2420159737378678,0.07330264478994056,,-0.11189304458424056,2023-02-07,2021-09-26,6.121621063009244,8.611566067245942
6.5255244168117,-6.5255244168117,7.4425761032184585,9.580391902109296,True,False,2844.887617545328,2857.5314418405947,0,null,-1419.443808772664,"{""alpha[1]"": 0.15110111602876522, ""beta[1]"": 0.638184888812361, ""omega"": 3.8929265406966325}",3.5482336693944023,True,2023-02-09,3.3279350800240435,2.134214554401386,normal,ETH-USD,568,0.537329810752058,0.01852490505913658,,-0.12358906932955664,2023-02-08,2021-09-27,5.95991408970427,8.378014922725356
2.062531218132331,-2.062531218132331,8.960406509067315,11.540252812781223,False,False,2846.9023105317438,2859.5461348270105,0,null,-1420.4511552658719,"{""alpha[1]"": 0.15180799312709461, ""beta[1]"": 0.6259710089663666, ""omega"": 4.118838252079674}",4.281892537911684,True,2023-02-10,1.9931340177343273,2.3201082833762907,normal,ETH-USD,569,0.25543235919072793,0.08026732315056272,,-0.12809193074640862,2023-02-09,2021-09-28,7.171178401946886,10.089263533188596
-1.6405795901088145,1.6405795901088145,8.403860133178851,10.822520557305266,False,False,2846.1173924970835,2858.7612167923503,0,null,-1420.0586962485418,"{""alpha[1]"": 0.14987180696026997, ""beta[1]"": 0.6308942569310146, ""omega"": 4.048898557399719}",4.014364734403065,True,2023-02-11,1.9290877277411793,2.2559345335007066,normal,ETH-USD,570,0.41835002824586454,0.11102767037131422,,-0.12337858151950397,2023-02-10,2021-09-29,6.72642097480847,9.462187447022599
1.6297178556383871,-1.6297178556383871,8.010705554976239,10.31454082776758,False,False,2845.8382166084434,2858.48204090371,0,null,-1419.9191083042217,"{""alpha[1]"": 0.15009664738127443, ""beta[1]"": 0.6332794235175596, ""omega"": 3.987996381329151}",3.8237840172655995,True,2023-02-12,1.8813203486905667,2.2079308397467416,normal,ETH-USD,571,0.23915922216301508,0.07389071253139085,,-0.12333728942029212,2023-02-11,2021-09-30,6.412902298898684,9.018789108777465
0.5206681129464528,-0.5206681129464528,7.729111455079944,9.946778598054292,False,False,2844.966166194205,2857.609990489472,0,null,-1419.4830830971025,"{""alpha[1]"": 0.1440580940411459, ""beta[1]"": 0.6484224683508064, ""omega"": 3.791770115153106}",3.680766709785678,True,2023-02-13,1.846000509205453,2.1718525670943367,normal,ETH-USD,572,0.283520059048241,0.08178822518561826,,-0.13674682135805863,2023-02-12,2021-10-01,6.1910692939112675,8.699490631508272
-3.2449689527978958,3.2449689527978958,7.394268983500813,9.508159152373292,False,False,2836.690498654201,2849.3343229494676,0,null,-1415.3452493271004,"{""alpha[1]"": 0.13378297107823933, ""beta[1]"": 0.7082507080540343, ""omega"": 2.9053747913791597}",3.5085231732718363,True,2023-02-14,1.8024343043977673,2.12710816278564,normal,ETH-USD,573,0.4586584659076886,0.11564207676518266,,-0.1571932985564013,2023-02-13,2021-10-02,5.9282003653558695,8.31923872372036
-7.238352605187235,7.238352605187235,7.6542258400941305,9.844474745364483,False,False,2836.977691330884,2849.621515626151,0,null,-1415.488845665442,"{""alpha[1]"": 0.13447565218060048, ""beta[1]"": 0.7044919807456698, ""omega"": 2.9638947445102586}",3.635259368027211,True,2023-02-15,1.8368019636217316,2.161777520606567,normal,ETH-USD,574,0.6686775972324587,0.15850960290637456,,-0.15572978305305235,2023-02-14,2021-10-03,6.135199339461927,8.612607685450206
2.0326734486743425,-2.0326734486743425,9.378530699392137,12.076205902209459,False,False,2841.0990317298683,2853.742856025135,0,null,-1417.5495158649342,"{""alpha[1]"": 0.13814459365030543, ""beta[1]"": 0.6824878510233163, ""omega"": 3.320837101485703}",4.4774587168328654,True,2023-02-16,2.0389305348042597,2.365596601278026,normal,ETH-USD,575,0.27374550101644535,0.08526272377430653,,-0.14281925909522125,2023-02-15,2021-10-04,7.507583469003245,10.558945826104988
-3.2817423841280844,3.2817423841280844,8.768868627744558,11.28793680829347,False,False,2841.814712861946,2854.458537157213,0,null,-1417.907356430973,"{""alpha[1]"": 0.13705468923576, ""beta[1]"": 0.6816294051205407, ""omega"": 3.3463501187820843}",4.181016221491659,True,2023-02-17,1.971971599115685,2.2982195896204267,normal,ETH-USD,576,0.5151767499834499,0.13152873501602894,,-0.14463291927740873,2023-02-16,2021-10-05,7.021792615540904,9.8711311174748
0.1750348621682552,-0.1750348621682552,8.616250295780635,11.090312265437595,False,False,2841.0511459147806,2853.6949702100474,0,null,-1417.5255729573903,"{""alpha[1]"": 0.13609710031413097, ""beta[1]"": 0.6872820668766971, ""omega"": 3.2651663597824667}",4.106317291442803,True,2023-02-18,1.9545074020394995,2.2806027466661134,normal,ETH-USD,577,0.3362676527553677,0.09523784665949225,,-0.14609702703236288,2023-02-17,2021-10-06,6.900387917275603,9.698819528117472
0.6156268589563048,-0.6156268589563048,8.100473376056728,10.422757767825974,False,False,2841.1964378456487,2853.8402621409155,0,null,-1417.5982189228243,"{""alpha[1]"": 0.13598904914639623, ""beta[1]"": 0.6825487801428622, ""omega"": 3.3433267503137163}",3.8544048898225487,True,2023-02-19,1.8930948041109974,2.2186766419385333,normal,ETH-USD,578,0.2937124024154159,0.0850100280667552,,-0.14994304450050927,2023-02-18,2021-10-07,6.4898749072646185,9.116629665631816
-1.2552360612310962,1.2552360612310962,7.731225735341907,9.945175476495022,False,False,2841.5630732893874,2854.206897584654,0,null,-1417.7815366446937,"{""alpha[1]"": 0.13714447204812155, ""beta[1]"": 0.674537005082417, ""omega"": 3.4595118581962216}",3.6745967627249425,True,2023-02-20,1.8466619135451898,2.171881402155654,normal,ETH-USD,579,0.3725498902213603,0.09955214358597474,,-0.15158793044384286,2023-02-19,2021-10-08,6.195761743196103,8.699978297366368
2.6566647441959517,-2.6566647441959517,7.5314160465841775,9.688131919854081,False,False,2841.8024882709824,2854.446312566249,0,null,-1417.9012441354912,"{""alpha[1]"": 0.13903763454363652, ""beta[1]"": 0.6673516500120751, ""omega"": 3.5512769012565495}",3.5796030138910866,True,2023-02-21,1.8204789945326905,2.1456961649525006,normal,ETH-USD,580,0.1689490660144039,0.058184601811186204,,-0.147723064038852,2023-02-20,2021-10-09,6.035646064484027,8.475124925314567
0.8969151823878841,-0.8969151823878841,7.584677725126089,9.755203232405053,False,False,2842.333641160517,2854.9774654557837,0,null,-1418.1668205802584,"{""alpha[1]"": 0.14081309306026907, ""beta[1]"": 0.6609706964478705, ""omega"": 3.6337211182316587}",3.602523514515316,True,2023-02-22,1.8276579433177882,2.15266000299493,normal,ETH-USD,581,0.2591207509514643,0.0763751406917565,,-0.15370633238868364,2023-02-21,2021-10-10,6.079330201417165,8.534429251563527
-0.4761051282951814,0.4761051282951814,7.360419873823863,9.467418742901394,False,False,2840.9084068022185,2853.552231097485,0,null,-1417.4542034011092,"{""alpha[1]"": 0.1410774530470933, ""beta[1]"": 0.6642927305882548, ""omega"": 3.565629207738101}",3.4970853581097385,True,2023-02-23,1.7975835738758277,2.1226854811123803,normal,ETH-USD,582,0.3187617890022546,0.08758479333177345,,-0.14693711670421347,2023-02-22,2021-10-11,5.899130651749905,8.282374204882156
2.6202682114730877,-2.6202682114730877,7.207226196308704,9.267753563079301,False,False,2839.8974116011814,2852.541235896448,0,null,-1416.9487058005907,"{""alpha[1]"": 0.14170967085723726, ""beta[1]"": 0.6651675493999715, ""omega"": 3.5361836697908235}",3.419954414817828,True,2023-02-24,1.7768026987922392,2.101493727249369,normal,ETH-USD,583,0.15789493177605626,0.05488577894527365,,-0.15284242377240673,2023-02-23,2021-10-12,5.7781668469942105,8.108846106000447
0.8402822865944759,-0.8402822865944759,7.351489280545425,9.45350021829527,False,False,2840.1907883182657,2852.8346126135325,0,null,-1417.0953941591329,"{""alpha[1]"": 0.14291118387419288, ""beta[1]"": 0.6623426889743657, ""omega"": 3.5657508284583437}",3.488806653327644,True,2023-02-25,1.7965988942762072,2.121326713800089,normal,ETH-USD,584,0.2526688552336652,0.07430978768123209,,-0.15508311380937445,2023-02-24,2021-10-13,5.893659391267777,8.271261054717678
-2.837398199554193,2.837398199554193,7.194123687471099,9.247808215878894,False,False,2839.3637923358674,2852.007616631134,0,null,-1416.6818961679337,"{""alpha[1]"": 0.14256229891450925, ""beta[1]"": 0.6668132698259791, ""omega"": 3.4870226202545846}",3.408597033379393,True,2023-02-26,1.775281625395794,2.0994857545304972,normal,ETH-USD,585,0.4303604161905966,0.10930147592705879,,-0.16316693108760888,2023-02-25,2021-10-14,5.769810124257732,8.092749393151676
0.39636317545412275,-0.39636317545412275,7.45920668611989,9.589134771466325,False,False,2837.859908462133,2850.5037327573996,0,null,-1415.9299542310664,"{""alpha[1]"": 0.14347925717494472, ""beta[1]"": 0.6671441966534161, ""omega"": 3.471131954774085}",3.5351420593561067,True,2023-02-27,1.8114130516345583,2.1357037844959583,normal,ETH-USD,586,0.27928259732971716,0.07994830922689196,,-0.1672238839278722,2023-02-26,2021-10-15,5.982015122048461,8.39119409814331
1.7549419495551395,-1.7549419495551395,7.245022159755588,9.310986706264364,False,False,2837.5708781866915,2850.2147024819583,0,null,-1415.7854390933458,"{""alpha[1]"": 0.14245599859353136, ""beta[1]"": 0.6725100981867304, ""omega"": 3.3890792772569314}",3.428978758366775,True,2023-02-28,1.7825470882760648,2.1063999706317436,normal,ETH-USD,587,0.202862497804277,0.06394079253304147,,-0.1720237582015312,2023-02-27,2021-10-16,5.812191905640677,8.14902120285928
-3.5202647589142377,3.5202647589142377,7.188838512948109,9.237856907444579,False,False,2837.689655741864,2850.333480037131,0,null,-1415.844827870932,"{""alpha[1]"": 0.14140323283311884, ""beta[1]"": 0.6794840107082125, ""omega"": 3.2800250214829205}",3.4008524309404664,True,2023-03-01,1.7748513119760259,2.0985586462325214,normal,ETH-USD,588,0.4644012930938925,0.11605687228763673,,-0.17385664720444594,2023-02-28,2021-10-17,5.767761102963603,8.085422469849425
0.9734647677495023,-0.9734647677495023,7.619492696486969,9.796103626127225,False,False,2838.503924920587,2851.1477492158538,0,null,-1416.2519624602935,"{""alpha[1]"": 0.14145682227236162, ""beta[1]"": 0.680394701318117, ""omega"": 3.264947521910145}",3.612623776907438,True,2023-03-02,1.8325905641793172,2.1570170092046315,normal,ETH-USD,589,0.25682299588309876,0.07598442238522664,,-0.16768736315414767,2023-03-01,2021-10-18,6.109924685411473,8.57190700627216
4.860403230915301,-4.860403230915301,7.340976004660539,9.437178599933961,False,False,2837.886799978068,2850.530624273335,0,null,-1415.943399989034,"{""alpha[1]"": 0.1403044189879915, ""beta[1]"": 0.6889085728180749, ""omega"": 3.125212187930504}",3.4791662734834525,True,2023-03-03,1.7954325291354523,2.1197285799162904,normal,ETH-USD,590,0.051338560284476656,0.03397803005735866,,-0.16445517289833866,2023-03-02,2021-10-19,5.887174436604833,8.258206236651164
0.1430859619293135,-0.1430859619293135,8.073926932339168,10.379404292236616,False,False,2838.806001592294,2851.4498258875606,0,null,-1416.403000796147,"{""alpha[1]"": 0.14051546822315078, ""beta[1]"": 0.6832585227759022, ""omega"": 3.223776518408666}",3.826509466652304,True,2023-03-04,1.8906022490508128,2.2148957691313296,normal,ETH-USD,591,0.31659494301424645,0.08939643048241483,,-0.18093684742705096,2023-03-03,2021-10-20,6.474984822214237,9.08272901017079
0.15681204743895208,-0.15681204743895208,7.676837783119758,9.862195428845672,False,False,2835.290817020484,2847.934641315751,0,null,-1414.645408510242,"{""alpha[1]"": 0.13967056214917856, ""beta[1]"": 0.6882091160301764, ""omega"": 3.1460099482450143}",3.6271411139613905,True,2023-03-05,1.8407782194771651,2.1640797529814426,normal,ETH-USD,592,0.3002195761020048,0.08476267324586109,,-0.19508735271484623,2023-03-04,2021-10-21,6.161203569479042,8.633079372025055
-0.18710452587007564,0.18710452587007564,7.372008303928567,9.469683042355232,False,False,2834.8125295818327,2847.4563538770994,0,null,-1414.4062647909163,"{""alpha[1]"": 0.13886712731766415, ""beta[1]"": 0.6942132474642607, ""omega"": 3.047188180292557}",3.4816096588795236,True,2023-03-06,1.8003460370376843,2.1235083373830603,normal,ETH-USD,593,0.3052145135361779,0.08476987223860737,,-0.19044746981621438,2023-03-05,2021-10-22,5.917185744853477,8.289882697990652
0.34931307573507436,-0.34931307573507436,7.144097968009804,9.176536413913981,False,False,2834.2842263869134,2846.92805068218,0,null,-1414.1421131934567,"{""alpha[1]"": 0.1388487300319586, ""beta[1]"": 0.6993436202566827, ""omega"": 2.951231737472416}",3.3733339085951224,True,2023-03-07,1.7689798360570732,2.092081122869202,normal,ETH-USD,594,0.26926031747437823,0.07684114001706636,,-0.18587891075156165,2023-03-06,2021-10-23,5.734519425222635,8.033427077441704
1.7987988807573592,-1.7987988807573592,6.994256161304749,8.979831104458025,False,False,2832.294737928144,2844.938562223411,0,null,-1413.147368964072,"{""alpha[1]"": 0.1399328669904155, ""beta[1]"": 0.6987678505823477, ""omega"": 2.9405765116348834}",3.2955523436853773,True,2023-03-08,1.74820245127844,2.0706188485594077,normal,ETH-USD,595,0.19091902393678847,0.06064280441939242,,-0.19647813417380824,2023-03-07,2021-10-24,5.617179359493125,7.863079322696596
6.422357725675449,-6.422357725675449,6.961320786973572,8.937409634958296,True,False,2831.9528033946185,2844.5966276898853,0,null,-1412.9764016973093,"{""alpha[1]"": 0.13932481566128574, ""beta[1]"": 0.7063292236064647, ""omega"": 2.8142950266653144}",3.279807824309295,True,2023-03-09,4.1325102892074925,2.0658902468286113,normal,ETH-USD,596,0.7899580111213256,0.014036354152767204,,-0.19601918160772522,2023-03-08,2021-10-25,5.5908229771266855,7.825993140952169
0.6627141589257012,-0.6627141589257012,8.50775206408175,10.92996042809838,False,False,2834.6325721571734,2847.27639645244,0,null,-1414.3162860785867,"{""alpha[1]"": 0.14018251240603172, ""beta[1]"": 0.6880251414405045, ""omega"": 3.1318029304950543}",4.020253417507558,True,2023-03-10,1.9435225655994257,2.266866005656678,normal,ETH-USD,597,0.3082569053244537,0.0890491768236185,,-0.21512385036341247,2023-03-09,2021-10-26,6.82785226541477,9.567631841287543
-3.672305015589725,3.672305015589725,7.969978462189661,10.235934825097324,False,False,2834.196634842195,2846.840459137462,0,null,-1414.0983174210976,"{""alpha[1]"": 0.13809652680409243, ""beta[1]"": 0.6977697210470002, ""omega"": 2.9819249106044134}",3.760914604718943,True,2023-03-11,1.8785002419154222,2.2013973699661955,normal,ETH-USD,598,0.503537539145531,0.1263379244982097,,-0.2122917390941705,2023-03-10,2021-10-27,6.3984457673208865,8.961487434231234
-7.010968999332152,7.010968999332152,8.13968864657513,10.460272786293025,False,False,2833.832942668688,2846.4767669639546,0,null,-1413.916471334344,"{""alpha[1]"": 0.13530325432562187, ""beta[1]"": 0.7068016977608365, ""omega"": 2.863078172176358}",3.85158290133402,True,2023-03-12,1.899027010886075,2.222810370123668,normal,ETH-USD,599,0.6770619185456269,0.16166069960359455,,-0.19497926681683883,2023-03-11,2021-10-28,6.530269371580376,9.155100961027289
-5.505942477709902,5.505942477709902,9.46682989644851,12.1740768864465,False,False,2830.7396603968627,2843.3834846921295,0,null,-1412.3698301984314,"{""alpha[1]"": 0.13292237577079216, ""beta[1]"": 0.7254307369679941, ""omega"": 2.610525847374633}",4.493345463281433,True,2023-03-13,2.049461006041357,2.3742362365580156,normal,ETH-USD,600,0.6547593360458417,0.16157375804328247,,-0.19834866078251,2023-03-12,2021-10-29,7.5892442432069185,10.65143332661833
-1.3711432990687717,1.3711432990687717,9.810788285419607,12.620008159551682,False,False,2831.91141357394,2844.555237869207,0,null,-1412.95570678697,"{""alpha[1]"": 0.135445976159348, ""beta[1]"": 0.7182046379987174, ""omega"": 2.7062636667298787}",4.662594666621379,True,2023-03-14,2.084894303278587,2.410085770118409,normal,ETH-USD,601,0.46168117989147084,0.12411155039641461,,-0.1931945503638712,2023-03-13,2021-10-30,7.862480298760636,11.040011740572679
2.8175041291993974,-2.8175041291993974,9.080338377088662,11.678191880698083,False,False,2832.331297032776,2844.975121328043,0,null,-1413.165648516388,"{""alpha[1]"": 0.13411733345782048, ""beta[1]"": 0.7187140338684744, ""omega"": 2.710363711528278}",4.311779936533178,True,2023-03-15,2.0076918886927926,2.3326081490352997,normal,ETH-USD,602,0.22305587084359565,0.0739957063833464,,-0.1863746788481207,2023-03-14,2021-10-31,7.278621546071307,10.217074767534031
-1.2620877471129848,1.2620877471129848,8.689998704921909,11.172700954549251,False,False,2833.18526670128,2845.8290909965467,0,null,-1413.59263335064,"{""alpha[1]"": 0.13507802991017245, ""beta[1]"": 0.7128025695084935, ""omega"": 2.792716922991811}",4.120657971458273,True,2023-03-16,1.9640306705784951,2.2884944491888968,normal,ETH-USD,603,0.41151158443649943,0.11038436390501752,,-0.19026473183735979,2023-03-15,2021-11-01,6.968143941616996,9.776348643388758
-6.646803451096352,6.646803451096352,8.207593348612637,10.549630396105366,False,False,2833.4815866086847,2846.1254109039514,0,null,-1413.7407933043423,"{""alpha[1]"": 0.13760894485803865, ""beta[1]"": 0.70246675409398, ""omega"": 2.9245611688536943}",3.887189303771769,True,2023-03-17,1.9071579146888333,2.2312298034051006,normal,ETH-USD,604,0.661504953128453,0.15879196210436852,,-0.18943818651673527,2023-03-16,2021-11-02,6.583295611472697,9.232392759340486
1.734662705632657,-1.734662705632657,9.404551966515033,12.096680895220725,False,False,2832.8520488799363,2845.495873175203,0,null,-1413.4260244399682,"{""alpha[1]"": 0.13424850277883452, ""beta[1]"": 0.7260220158385996, ""omega"": 2.600510468467674}",4.468253304209016,True,2023-03-18,2.0426622328571136,2.367761181217964,normal,ETH-USD,605,0.2901394298334586,0.0884787751802568,,-0.1878286487357232,2023-03-17,2021-11-03,7.5374513023018235,10.582540223658329
-1.3484995664472987,1.3484995664472987,8.793611323187937,11.305991506157177,False,False,2833.7341386653598,2846.3779629606265,0,null,-1413.8670693326799,"{""alpha[1]"": 0.1336621754986583, ""beta[1]"": 0.7204542918258536, ""omega"": 2.6986508969002583}",4.169915836601002,True,2023-03-19,1.9758773446893168,2.300350920771169,normal,ETH-USD,606,0.41998366375829277,0.11241446928656293,,-0.19227252080300825,2023-03-18,2021-11-04,7.051173708718549,9.892947362208984
2.854877632282972,-2.854877632282972,8.306833550539004,10.678710448937913,False,False,2834.189725259787,2846.8335495550537,0,null,-1414.0948626298934,"{""alpha[1]"": 0.13430852479873592, ""beta[1]"": 0.7133555181798544, ""omega"": 2.805322697902181}",3.936715911129592,True,2023-03-20,1.919049622584399,2.2433287079481605,normal,ETH-USD,607,0.19034815167749203,0.06489812279409841,,-0.18651922113372954,2023-03-19,2021-11-05,6.661840665832809,9.344689911692807
-4.034301941073007,4.034301941073007,8.125062950678853,10.44283978435464,False,False,2834.98481147806,2847.6286357733266,0,null,-1414.49240573903,"{""alpha[1]"": 0.13539610101961724, ""beta[1]"": 0.7058038364471318, ""omega"": 2.916643291372118}",3.8469234831446353,True,2023-03-21,1.8971122648736793,2.221085290004916,normal,ETH-USD,608,0.5275946298711799,0.13173548820179665,,-0.18996461249533692,2023-03-20,2021-11-06,6.517590656350581,9.139246879106647
3.8963390306549313,-3.8963390306549313,8.380859105479123,10.775250305441054,False,False,2836.2941860775218,2848.9380103727885,0,null,-1415.1470930387609,"{""alpha[1]"": 0.13653448497105325, ""beta[1]"": 0.7001759693348362, ""omega"": 3.0014651702726116}",3.9740839588773245,True,2023-03-22,1.927807558951299,2.2522725593754536,normal,ETH-USD,609,0.1411956304153578,0.055322279637321975,,-0.18346522539305202,2023-03-21,2021-11-07,6.720251638962084,9.428566994387124
-4.428714972780144,4.428714972780144,8.435418797385406,10.842205321986025,False,False,2837.0865988188825,2849.7304231141493,0,null,-1415.5432994094413,"{""alpha[1]"": 0.13704017502432758, ""beta[1]"": 0.6960995528784595, ""omega"": 3.065891127897004}",3.994657063561502,True,2023-03-23,1.9345589550738578,2.258595910161682,normal,ETH-USD,610,0.5597464821491849,0.13917265450895774,,-0.19558851077709102,2023-03-22,2021-11-08,6.766214670203545,9.488550478115618
3.6075793103221905,-3.6075793103221905,8.734600443995603,11.228989912870132,False,False,2837.0877986554697,2849.7316229507364,0,null,-1415.5438993277348,"{""alpha[1]"": 0.13792913615587177, ""beta[1]"": 0.6948556846018575, ""omega"": 3.083311813673356}",4.140055800240328,True,2023-03-24,1.9692338766507245,2.2935609937570605,normal,ETH-USD,611,0.16985304047645347,0.06218485020021829,,-0.19485432104447525,2023-03-23,2021-11-09,7.004640119851257,9.826064330344014
0.4737125587494293,-0.4737125587494293,8.603410270367787,11.058315244513677,False,False,2838.051885068058,2850.6957093633246,0,null,-1416.025942534029,"{""alpha[1]"": 0.1370825720656393, ""beta[1]"": 0.694938696549102, ""omega"": 3.094877280133907}",4.074521522830709,True,2023-03-25,1.9542631621987319,2.2783247374808866,normal,ETH-USD,612,0.32135607434653635,0.0920388446438167,,-0.19884254076022345,2023-03-24,2021-11-10,6.900834045680151,9.677597023131092
-1.8135184998278688,1.8135184998278688,8.086507398949575,10.391385589985747,False,False,2838.042883484798,2850.686707780065,0,null,-1416.021441742399,"{""alpha[1]"": 0.13546754740321065, ""beta[1]"": 0.6990559592924437, ""omega"": 3.0406842565622614}",3.8255149978452407,True,2023-03-26,1.8925186780895258,2.2162259092136725,normal,ETH-USD,613,0.41507496682866646,0.10908565799758961,,-0.19556861758245533,2023-03-25,2021-11-11,6.487980836745453,9.095047299931084
3.4499881055925017,-3.4499881055925017,7.860551756976481,10.099314397546122,False,False,2838.066017929457,2850.7098422247236,0,null,-1416.0330089647284,"{""alpha[1]"": 0.1341967925006659, ""beta[1]"": 0.7043211389452495, ""omega"": 2.9641392970571787}",3.715779901698234,True,2023-03-27,1.8643296064118005,2.187790486859063,normal,ETH-USD,614,0.1428945453267038,0.05390173532991724,,-0.19596496386485007,2023-03-26,2021-11-12,6.307879012126575,8.84016163858422
-3.2870378859547413,3.2870378859547413,7.938354327333559,10.19861365105177,False,False,2838.6866592426013,2851.330483537868,0,null,-1416.3433296213007,"{""alpha[1]"": 0.13187835811141124, ""beta[1]"": 0.7151359724880456, ""omega"": 2.8097987403572096}",3.7514589601875734,True,2023-03-28,1.8742366530779542,2.1976031672690794,normal,ETH-USD,615,0.482890532314752,0.12214408345854735,,-0.20017188331616143,2023-03-27,2021-11-13,6.37077276034029,8.927370459899985
-1.133909563806928,1.133909563806928,8.023560461105083,10.310824308250096,False,False,2839.16076058588,2851.8045848811466,0,null,-1416.58038029294,"{""alpha[1]"": 0.13071973091207237, ""beta[1]"": 0.7237147744042576, ""omega"": 2.675584268251136}",3.796279640855492,True,2023-03-29,1.8846757407726837,2.208429109743964,normal,ETH-USD,616,0.3785579862511447,0.10158302460608405,,-0.19292582503276956,2023-03-28,2021-11-14,6.4372501612159585,9.02439289680147
0.014761141256920645,-0.014761141256920645,7.700313541808829,9.89413814667763,False,False,2838.6990120155824,2851.342836310849,0,null,-1416.3495060077912,"{""alpha[1]"": 0.1308517908653232, ""beta[1]"": 0.727059900969413, ""omega"": 2.6045499262445295}",3.6411941252282034,True,2023-03-30,1.8436708606514554,2.1672344784721282,normal,ETH-USD,617,0.30820230035694524,0.08645498856017533,,-0.18957578507981665,2023-03-29,2021-11-15,6.17880714839582,8.660259997274446
-1.6203321144556229,1.6203321144556229,7.3831387749740225,9.485186607475075,False,False,2837.762924789172,2850.4067490844386,0,null,-1415.881462394586,"{""alpha[1]"": 0.13306173180532993, ""beta[1]"": 0.7224718096060087, ""omega"": 2.6373804550764914}",3.488867889285637,True,2023-03-31,1.8017414441393589,2.1250885090832075,normal,ETH-USD,618,0.37728077060723886,0.09923258807547768,,-0.18660629604313975,2023-03-30,2021-11-16,5.925283297689147,8.302926693092136
0.44894257606700194,-0.44894257606700194,7.257212693511564,9.3279701706252,False,False,2834.6932802917327,2847.3371045869994,0,null,-1414.3466401458663,"{""alpha[1]"": 0.13385206827820284, ""beta[1]"": 0.7219374884111696, ""omega"": 2.630648571208816}",3.4369338112558294,True,2023-04-01,1.7841024490594193,2.1081605570376745,normal,ETH-USD,619,0.26860578857240774,0.07714366391445943,,-0.1678053024788552,2023-03-31,2021-11-17,5.8210583475151525,8.163308967512938
1.0058054249536905,-1.0058054249536905,7.041975068644749,9.048622506131252,False,False,2833.797561597259,2846.441385892526,0,null,-1413.8987807986296,"{""alpha[1]"": 0.13557616771621125, ""beta[1]"": 0.7197603669598248, ""omega"": 2.6309817157842694}",3.330527355999383,True,2023-04-02,1.7542606827705933,2.077885968187756,normal,ETH-USD,620,0.2322239105946987,0.06914213444781321,,-0.1720536356709788,2023-04-01,2021-11-18,5.650283636847661,7.920018869735006
-0.8091540411778673,0.8091540411778673,6.877062569953777,8.838999408679264,False,False,2831.053645783596,2843.697470078863,0,null,-1412.526822891798,"{""alpha[1]"": 0.13435800665981856, ""beta[1]"": 0.7276554609168887, ""omega"": 2.507200649698818}",3.256319067340963,True,2023-04-03,1.7303334675190372,2.0543341044659575,normal,ETH-USD,621,0.31627668970119144,0.08544696505104114,,-0.1602115244189366,2023-04-02,2021-11-19,5.516379752845955,7.7355424639262385
-3.2984801584492165,3.2984801584492165,6.784515369861375,8.715700289677832,False,False,2827.4356464484063,2840.079470743673,0,null,-1410.7178232242031,"{""alpha[1]"": 0.1353188488253462, ""beta[1]"": 0.7296677420264209, ""omega"": 2.4590398482148674}",3.2052786577190866,True,2023-04-04,1.7172293362698055,2.040504825828688,normal,ETH-USD,622,0.43718202074713075,0.10928019380496509,,-0.17294603095400501,2023-04-03,2021-11-20,5.445160256493391,7.629539222047282
-2.0163479889189717,2.0163479889189717,7.196808255301388,9.248849721095981,False,False,2827.691916382917,2840.335740678184,0,null,-1410.8459581914585,"{""alpha[1]"": 0.1353823662828295, ""beta[1]"": 0.7288868086186312, ""omega"": 2.471907480172969}",3.4058699648975765,True,2023-04-05,1.7758869073015666,2.09971235140618,normal,ETH-USD,623,0.3894991105804065,0.101110629990203,,-0.17147665800229006,2023-04-04,2021-11-21,5.773634222689152,8.09471501010132
1.9139165156700721,-1.9139165156700721,7.147652211517993,9.188400887848099,False,False,2827.0454605454784,2839.689284840745,0,null,-1410.5227302727392,"{""alpha[1]"": 0.1353088982046396, ""beta[1]"": 0.73239950817057, ""omega"": 2.408578388429739}",3.3871267898213757,True,2023-04-06,1.768768986623237,2.093025371993651,normal,ETH-USD,624,0.19091968355070235,0.06126701092439596,,-0.16098240150192897,2023-04-05,2021-11-22,5.732310186684116,8.040617608109663
0.3898030648589275,-0.3898030648589275,7.035220454434486,9.044545052248434,False,False,2825.854729752812,2838.498554048079,0,null,-1409.927364876406,"{""alpha[1]"": 0.13452557310831673, ""beta[1]"": 0.7378170979451752, ""omega"": 2.3231494413973515}",3.3349707652103824,True,2023-04-07,1.7528473661643642,2.0772125430787134,normal,ETH-USD,625,0.26259346192233457,0.07524632629148799,,-0.1561335443721909,2023-04-06,2021-11-23,5.641672303305614,7.91443569400772
0.8687729325370503,-0.8687729325370503,6.835369482797702,8.78259330699551,False,False,2823.0551181497494,2835.698942445016,0,null,-1408.5275590748747,"{""alpha[1]"": 0.13395885692290269, ""beta[1]"": 0.7432335121383562, ""omega"": 2.2387598614032593}",3.231899183479832,True,2023-04-08,1.7245383615993495,2.0480725852455786,normal,ETH-USD,626,0.23080589029061593,0.06818638506526654,,-0.1688896444610617,2023-04-07,2021-11-24,5.484890738349365,7.687411439063698
-0.5332960611985406,0.5332960611985406,6.664416376133413,8.562571012743877,False,False,2822.3947166317753,2835.038540927042,0,null,-1408.1973583158876,"{""alpha[1]"": 0.13395963469412855, ""beta[1]"": 0.7485533232387148, ""omega"": 2.1441992731539408}",3.150456739459367,True,2023-04-09,1.6992486173412393,2.022720215482751,normal,ETH-USD,627,0.2940632582902244,0.08028283309449978,,-0.16592891015249212,2023-04-08,2021-11-25,5.347969104605942,7.49498724825143
-2.748794881786313,2.748794881786313,6.520584317702838,8.376561344719706,False,False,2821.828847959755,2834.4726722550217,0,null,-1407.9144239798775,"{""alpha[1]"": 0.13469147031627632, ""beta[1]"": 0.752314162229138, ""omega"": 2.0651466702255243}",3.080452572340655,True,2023-04-10,1.6775590770256121,2.000820517841711,normal,ETH-USD,628,0.3991091905934706,0.10081494518351217,,-0.16649534381657413,2023-04-09,2021-11-26,5.233388930083092,7.332699636564896
1.0000523433724464,-1.0000523433724464,6.775525757201927,8.711005912640653,False,False,2819.830890694531,2832.4747149897976,0,null,-1406.9154453472654,"{""alpha[1]"": 0.13572856505370245, ""beta[1]"": 0.7514341112618835, ""omega"": 2.067471034681495}",3.2124076627815588,True,2023-04-11,1.7152018558679765,2.039621585536674,normal,ETH-USD,629,0.22165696901239584,0.06622376721739355,,-0.1492513282474098,2023-04-10,2021-11-27,5.433191723620359,7.622429065111795
-1.4945670176410466,1.4945670176410466,6.600255666001611,8.483007847464563,False,False,2819.3265904630857,2831.9704147583525,0,null,-1406.6632952315429,"{""alpha[1]"": 0.13508066789208423, ""beta[1]"": 0.7577786124901849, ""omega"": 1.9656921957629532}",3.124892558497614,True,2023-04-12,1.6892728607063558,2.0132366119813563,normal,ETH-USD,630,0.3394528819911727,0.08918653941211958,,-0.15449976350393546,2023-04-11,2021-11-28,5.294490622182401,7.424086923570903
-4.676423345843077,4.676423345843077,6.563731826192798,8.433937830292956,False,False,2817.6587728507475,2830.3025971460143,0,null,-1405.8293864253737,"{""alpha[1]"": 0.13470780840441526, ""beta[1]"": 0.7619619952303571, ""omega"": 1.9000514622781626}",3.1040690764352403,True,2023-04-13,1.683948598887127,2.0075457023681653,normal,ETH-USD,631,0.49715457056837886,0.12058496629526207,,-0.16092878684208156,2023-04-12,2021-11-29,5.266668065524493,7.382073283683119
-4.327121826322847,4.327121826322847,7.495365135229472,9.638411225692009,False,False,2818.726329898324,2831.3701541935907,0,null,-1406.363164949162,"{""alpha[1]"": 0.1356847467018258, ""beta[1]"": 0.7523964556201285, ""omega"": 2.051850368754032}",3.556914630899635,True,2023-04-14,1.8159903807414879,2.140702617710603,normal,ETH-USD,632,0.5168098764288562,0.12760214386923233,,-0.15847177086224684,2023-04-13,2021-11-30,6.009075702254268,8.433092560600375
0.4372194553638608,-0.4372194553638608,7.996094954846227,10.285528528960281,False,False,2818.9052664042506,2831.5490906995174,0,null,-1406.4526332021253,"{""alpha[1]"": 0.1372007227636468, ""beta[1]"": 0.7465040542993391, ""omega"": 2.1335937823509017}",3.7998808389984466,True,2023-04-15,1.8803794751967442,2.2055472859581444,normal,ETH-USD,633,0.29855302029441055,0.08560657337290778,,-0.1580320812420692,2023-04-14,2021-12-01,6.408279861252067,8.997876792654631
-1.3075196726207192,1.3075196726207192,7.526993783685528,9.679715218888349,False,False,2818.7128388880674,2831.356663183334,0,null,-1406.3564194440337,"{""alpha[1]"": 0.13513363965868028, ""beta[1]"": 0.7550335859389768, ""omega"": 2.012723610562544}",3.5729732567121553,True,2023-04-16,1.8201430119394693,2.144950248467668,normal,ETH-USD,634,0.36707568895540876,0.09776474498561677,,-0.15697608618384806,2023-04-15,2021-12-02,6.03399410648745,8.46895482594095
2.08588804137733,-2.08588804137733,7.247594677630154,9.320441745725892,False,False,2818.254243944401,2830.8980682396677,0,null,-1406.1271219722005,"{""alpha[1]"": 0.13489462392375542, ""beta[1]"": 0.7586208861663736, ""omega"": 1.9492451121694814}",3.4404020039232273,True,2023-04-17,1.7823136904361028,2.107126205265146,normal,ETH-USD,635,0.18620515370552038,0.06068717247458823,,-0.15103340116350025,2023-04-16,2021-12-03,5.809991115487734,8.154605288836148
-1.3535686709616523,1.3535686709616523,7.117790078544448,9.15539344590333,False,False,2815.3381611997597,2827.9819854950265,0,null,-1404.6690805998799,"{""alpha[1]"": 0.1372427435249086, ""beta[1]"": 0.7542535294163757, ""omega"": 1.989416057409936}",3.3819063722352904,True,2023-04-18,1.7640580560376633,2.089169476937452,normal,ETH-USD,636,0.35290990620434554,0.0936294786096014,,-0.1418884907437388,2023-04-17,2021-12-04,5.704629453125252,8.00937918999848
8.32633020480634,-8.32633020480634,6.915613636439719,8.89637027435727,True,True,2814.799442412157,2827.443266707424,0,null,-1404.3997212060785,"{""alpha[1]"": 0.13626454682609004, ""beta[1]"": 0.7601381130998432, ""omega"": 1.9000992183014282}",3.28755517532518,True,2023-04-19,9.787791676629542,8.17529201870818,normal,ETH-USD,637,2.64522909596246,0.5385617235776183,,-0.1343314709091507,2023-04-18,2021-12-05,5.541878524845855,7.782328463818846
-0.34510729471908896,0.34510729471908896,9.307716182491543,11.981216175211875,False,False,2820.423954200164,2833.067778495431,0,null,-1407.211977100082,"{""alpha[1]"": 0.13669616190488343, ""beta[1]"": 0.7434510961086872, ""omega"": 2.198995380385985}",4.437333980887269,True,2023-04-20,2.031634763065585,2.357838391695565,normal,ETH-USD,638,0.3899321368051999,0.10822660316492841,,-0.15477054892746336,2023-04-19,2021-12-06,7.453535441384902,10.477553021773742
4.909785641003276,-4.909785641003276,8.595780169461905,11.059340594863496,False,False,2819.7647426614085,2832.4085669566753,0,null,-1406.8823713307042,"{""alpha[1]"": 0.13320755105401286, ""beta[1]"": 0.7512124378821065, ""omega"": 2.10918816415637}",4.088887383343676,True,2023-04-21,1.9525018810196753,2.277988850758092,normal,ETH-USD,639,0.0988707698534533,0.04763968625814085,,-0.16157979538338033,2023-04-20,2021-12-07,6.88720103807234,9.673754266817356
-1.301160856607869,1.301160856607869,8.842665237863782,11.376058862329941,False,False,2820.856736211579,2833.500560506846,0,null,-1407.4283681057896,"{""alpha[1]"": 0.13418432575948283, ""beta[1]"": 0.74952131302554, ""omega"": 2.122726626539214}",4.204792836138523,True,2023-04-22,1.9808913022248076,2.3062600440693224,normal,ETH-USD,640,0.4193407402777636,0.11252356933586267,,-0.16938520184537803,2023-04-21,2021-12-08,7.085653948947395,9.95119607697839
0.6512699435832479,-0.6512699435832479,8.322791769858588,10.703435780964366,False,False,2820.3020383870453,2832.945862682312,0,null,-1407.1510191935226,"{""alpha[1]"": 0.13324876459523488, ""beta[1]"": 0.7503979582129998, ""omega"": 2.109704636256972}",3.9512671014173715,True,2023-04-23,1.9206180119228322,2.245469310085206,normal,ETH-USD,641,0.30102242965596926,0.0871321439144881,,-0.1724625138822333,2023-04-22,2021-12-09,6.6717185367026275,9.364484335032051
1.042142049539337,-1.042142049539337,7.83482731984248,10.076924400116908,False,False,2817.3757584411264,2830.019582736393,0,null,-1405.6878792205632,"{""alpha[1]"": 0.1310937467462428, ""beta[1]"": 0.7567498692235867, ""omega"": 2.0298205587397096}",3.7213142284794394,True,2023-04-24,1.8601079251823025,2.1851079147882593,normal,ETH-USD,642,0.26188499780997593,0.07773754194520072,,-0.15882479999832613,2023-04-23,2021-12-10,6.2798420057388515,8.815896244059402
-1.2937850850750199,1.2937850850750199,7.471142679185818,9.609477736545779,False,False,2815.747561924273,2828.39138621954,0,null,-1404.8737809621366,"{""alpha[1]"": 0.13006840116430676, ""beta[1]"": 0.7591701954151195, ""omega"": 1.996398391718436}",3.5490955071562067,True,2023-04-25,1.8125479139143934,2.1375954125299867,normal,ETH-USD,643,0.3640952811962868,0.09700593794423416,,-0.1503779215076484,2023-04-24,2021-12-11,5.98812053885071,8.406808709348388
0.010149309901230289,-0.010149309901230289,7.245378318890327,9.315952823049496,False,False,2814.617497283874,2827.2613215791407,0,null,-1404.308748641937,"{""alpha[1]"": 0.12859684108822278, ""beta[1]"": 0.7624285255092599, ""omega"": 1.9555000951717014}",3.436630122416987,True,2023-04-26,1.7821646944267346,2.1067213975675148,normal,ETH-USD,644,0.2899600781081017,0.08141245219963243,,-0.156597350714996,2023-04-25,2021-12-12,5.809350872063259,8.151394529864467
-2.2368215860493113,2.2368215860493113,6.959362066209699,8.945676851520519,False,False,2813.8186283721507,2826.4624526674174,0,null,-1403.9093141860753,"{""alpha[1]"": 0.1329149109932971, ""beta[1]"": 0.7530461129519492, ""omega"": 2.039214146526941}",3.2967802945943405,True,2023-04-27,1.742140084555441,2.0662868310507756,normal,ETH-USD,645,0.3909296869943405,0.10065330544570449,,-0.1590511290118479,2023-04-26,2021-12-13,5.581772153837492,7.8285089585211285
0.8562156561718175,-0.8562156561718175,6.933636427919546,8.91891449201817,False,False,2808.230450813223,2820.8742751084897,0,null,-1401.1152254066114,"{""alpha[1]"": 0.12602264525771806, ""beta[1]"": 0.7802360317945958, ""omega"": 1.6964758716852373}",3.295059599521919,True,2023-04-28,1.7378059439835325,2.0629813412913816,normal,ETH-USD,646,0.23502749338042375,0.06946114028499265,,-0.1368747904853948,2023-04-27,2021-12-14,5.556765523780289,7.802329684671076
-0.8630582517025143,0.8630582517025143,6.71379775068971,8.634964409371765,False,False,2807.9563731364415,2820.6001974317082,0,null,-1400.9781865682207,"{""alpha[1]"": 0.12908016947795703, ""beta[1]"": 0.7750670587183275, ""omega"": 1.7327948525690025}",3.188650877400355,True,2023-04-29,1.7057067494567382,2.030685724712569,normal,ETH-USD,647,0.3122224479841348,0.08417496188607507,,-0.13652674720620744,2023-04-28,2021-12-15,5.3813907079801755,7.554437936904985
1.6901626345339993,-1.6901626345339993,6.518549797686526,8.37908107185753,False,False,2801.8495065429415,2814.4933308382083,0,null,-1397.9247532714708,"{""alpha[1]"": 0.127701656953761, ""beta[1]"": 0.7907747654454458, ""omega"": 1.5060015752171434}",3.088011471053745,True,2023-04-30,1.6767008520786644,2.0008530572633454,normal,ETH-USD,648,0.17690166101553134,0.05642495272779735,,-0.14886898661411951,2023-04-29,2021-12-16,5.228195854844623,7.332657907313729
2.425082298344165,-2.425082298344165,6.459828036827725,8.303038448695034,False,False,2802.1321640748547,2814.7759883701215,0,null,-1398.0660820374273,"{""alpha[1]"": 0.12884823204319226, ""beta[1]"": 0.7875899447746619, ""omega"": 1.5399864106674188}",3.059263219290985,True,2023-05-01,1.667711791892505,1.9917658654878814,normal,ETH-USD,649,0.13782022582828313,0.04841274800844572,,-0.14944661285981234,2023-04-30,2021-12-17,5.181486814909825,7.266357099188733
-2.097681909878152,2.097681909878152,6.540753217848392,8.407420920895136,False,False,2802.356205878536,2815.0000301738028,0,null,-1398.178102939268,"{""alpha[1]"": 0.1295646138285087, ""beta[1]"": 0.7854493171676392, ""omega"": 1.5650450922972348}",3.0981963913626136,True,2023-05-02,1.6801225559002284,2.004240020030967,normal,ETH-USD,650,0.3671912661215178,0.09455228339497022,,-0.15006384121143995,2023-05-01,2021-12-18,5.246143412552198,7.3575464296188615
-1.7938807479732835,1.7938807479732835,6.598216904237173,8.481682037251222,False,False,2802.4252891287024,2815.069113423969,0,null,-1398.2126445643512,"{""alpha[1]"": 0.130055758098636, ""beta[1]"": 0.7841601317601472, ""omega"": 1.579602944978084}",3.1260758777992845,True,2023-05-03,1.6888278545426987,2.0130135203176933,normal,ETH-USD,651,0.3542919073778761,0.09216240874242583,,-0.1500201538605712,2023-05-02,2021-12-19,5.2919573995842315,7.422360126269291
1.4249430394639253,-1.4249430394639253,6.579304903639621,8.458861101759654,False,False,2802.853528326713,2815.4973526219796,0,null,-1398.4267641633564,"{""alpha[1]"": 0.13042794810800304, ""beta[1]"": 0.7832330976778703, ""omega"": 1.5879361322963625}",3.119588034267763,True,2023-05-04,1.685800497431392,2.0102422345166433,normal,ETH-USD,652,0.19254066822522073,0.059767946631467284,,-0.14449071120859233,2023-05-03,2021-12-20,5.2757564039683364,7.401737702610649
-6.06247745060202,6.06247745060202,6.466329163546194,8.311886317642804,False,False,2803.1313258882537,2815.7751501835205,0,null,-1398.5656629441269,"{""alpha[1]"": 0.13028014772992189, ""beta[1]"": 0.7845608668839974, ""omega"": 1.565865069559545}",3.0631582180068295,True,2023-05-05,1.668664936975937,1.9928050284055154,normal,ETH-USD,653,0.5624418915629328,0.13336362534754834,,-0.1479134758418842,2023-05-04,2021-12-21,5.186360380656626,7.273885084152802
4.87039654539957,-4.87039654539957,7.952697375122935,10.234682639207087,False,False,2806.4983765835223,2819.142200878789,0,null,-1400.2491882917611,"{""alpha[1]"": 0.13113896256968954, ""beta[1]"": 0.7716829966346743, ""omega"": 1.7776094578314892}",3.7875185276889822,True,2023-05-06,1.8745032907029526,2.2003789515185734,normal,ETH-USD,654,0.07498257207013784,0.04080823528767194,,-0.14013439938720285,2023-05-05,2021-12-22,6.370047986802326,8.951220074166761
1.438839590545424,-1.438839590545424,8.372696172479149,10.77507157561165,False,False,2808.412346632752,2821.0561709280187,0,null,-1401.206173316376,"{""alpha[1]"": 0.1322824426942921, ""beta[1]"": 0.7673293997783822, ""omega"": 1.8375525804334572}",3.9873357172972015,True,2023-05-07,1.9259785480886742,2.251837143164789,normal,ETH-USD,655,0.2633855873251218,0.07985058099054441,,-0.147967720578404,2023-05-06,2021-12-23,6.7065513370478556,9.423897689599858
1.2914162125405693,-1.2914162125405693,7.9234032047018745,10.191884673631973,False,False,2808.011995690552,2820.6558199858187,0,null,-1401.005997845276,"{""alpha[1]"": 0.1299898390729344, ""beta[1]"": 0.7725048176370547, ""omega"": 1.7810446342238033}",3.765105642231273,True,2023-05-08,1.8712591681097366,2.19640712585615,normal,ETH-USD,656,0.2529351516895976,0.07624600868656292,,-0.1570715748529558,2023-05-07,2021-12-24,6.350119246332517,8.916017081196854
0.023775992458422095,-0.023775992458422095,7.548516430290469,9.707602136760691,False,False,2808.17737810014,2820.8212023954065,0,null,-1401.08868905007,"{""alpha[1]"": 0.12852040513618035, ""beta[1]"": 0.7766540009294447, ""omega"": 1.7284776007732128}",3.5835363377801612,True,2023-05-09,1.8229791431774385,2.147817664626629,normal,ETH-USD,657,0.3013663440117376,0.08469486278667639,,-0.15671013018307467,2023-05-08,2021-12-25,6.051102872693169,8.493262271126053
0.33604215893617656,-0.33604215893617656,7.199134903465421,9.25550516794734,False,False,2808.087994953046,2820.7318192483126,0,null,-1401.043997476523,"{""alpha[1]"": 0.12771438830556162, ""beta[1]"": 0.779884199099858, ""omega"": 1.6811537670451755}",3.41305467616146,True,2023-05-10,1.7758570319074676,2.1002583719764587,normal,ETH-USD,658,0.2718458257177878,0.0776289364116126,,-0.1589833102240675,2023-05-09,2021-12-26,5.772958673291928,8.09893580009743
2.5234781990926054,-2.5234781990926054,6.907963557565791,8.879460333746554,False,False,2807.834450879351,2820.478275174618,0,null,-1400.9172254396756,"{""alpha[1]"": 0.1279965074250025, ""beta[1]"": 0.7812466451008189, ""omega"": 1.6489956870738849}",3.272186146241641,True,2023-05-11,1.734742019378115,2.058864525702197,normal,ETH-USD,659,0.1508586168389056,0.052471483708473245,,-0.15838328516479205,2023-05-10,2021-12-27,5.540650535870715,7.7706265699399255
-0.6397103692108694,0.6397103692108694,6.908108308108683,8.878602496533992,False,False,2807.927095448247,2820.570919743514,0,null,-1400.9635477241236,"{""alpha[1]"": 0.12877097967332682, ""beta[1]"": 0.7805506442236616, ""omega"": 1.6463920574268303}",3.27052210407661,True,2023-05-12,1.7348677756931474,2.0588193574017897,normal,ETH-USD,660,0.30906004954599864,0.084100429898268,,-0.1619604767937254,2023-05-11,2021-12-28,5.541490621709097,7.770332620615925
0.6606273891626702,-0.6606273891626702,6.678281451525291,8.585547368928271,False,False,2805.056801793249,2817.700626088516,0,null,-1399.5284008966246,"{""alpha[1]"": 0.13030667353372874, ""beta[1]"": 0.7802371310188342, ""omega"": 1.629343286389473}",3.1655791617448026,True,2023-05-13,1.70079082036973,2.0251367619304967,normal,ETH-USD,661,0.23474438739254702,0.06852211735286011,,-0.14860077141566688,2023-05-12,2021-12-29,5.355515137013606,7.512839124448675
-0.2439021215149708,0.2439021215149708,6.469215504409383,8.31774013099671,False,False,2803.140754160478,2815.784578455745,0,null,-1398.570377080239,"{""alpha[1]"": 0.13165594709204315, ""beta[1]"": 0.7804126610038381, ""omega"": 1.6065904367253205}",3.068083472002066,True,2023-05-14,1.6688813859700447,1.9933962833107413,normal,ETH-USD,662,0.2715545390218155,0.07521972016195695,,-0.1406404322088705,2023-05-13,2021-12-30,5.187188658921334,7.278069894680718
-0.9424453465852766,0.9424453465852766,6.285341078435661,8.07894225158641,False,False,2802.4521525842083,2815.095976879475,0,null,-1398.2260762921042,"{""alpha[1]"": 0.13079196991279676, ""beta[1]"": 0.7858545020699585, ""omega"": 1.5267405070391091}",2.9769244269504793,True,2023-05-15,1.6403095764214406,1.9643956599701098,normal,ETH-USD,663,0.2991925611699207,0.08012608094384983,,-0.14480093598320412,2023-05-14,2021-12-31,5.0414058768131325,7.070162747799699
-0.36090791478640943,0.36090791478640943,6.15273813753894,7.908650795182727,False,False,2802.0126883623493,2814.656512657616,0,null,-1398.0063441811747,"{""alpha[1]"": 0.1297033021671185, ""beta[1]"": 0.7925945694416842, ""omega"": 1.4281278749694848}",2.9143710209270632,True,2023-05-16,1.618969609383214,1.9430835264452488,normal,ETH-USD,664,0.2647924682842377,0.07281976450330518,,-0.1412277068441949,2023-05-15,2022-01-01,4.934941450898339,6.921068535544102
0.12407312276999488,-0.12407312276999488,5.9932604749960445,7.701436814089946,False,False,2801.0507249542206,2813.6945492494874,0,null,-1397.5253624771103,"{""alpha[1]"": 0.12889811226820713, ""beta[1]"": 0.7983956514235415, ""omega"": 1.3410897625355274}",2.8351408024865767,True,2023-05-17,1.5929652809986918,1.9166595644178805,normal,ETH-USD,665,0.2342248869869132,0.06616629886321204,,-0.14517923062010252,2023-05-16,2022-01-02,4.8085708625082555,6.7407030090911935
1.1111257331202362,-1.1111257331202362,5.823624081761039,7.481258073884033,False,False,2800.0547443958767,2812.6985686911435,0,null,-1397.0273721979383,"{""alpha[1]"": 0.1281265542590021, ""beta[1]"": 0.804611982287705, ""omega"": 1.2466140900591896}",2.7512532863846593,True,2023-05-18,1.564513652960505,1.8877819362553208,normal,ETH-USD,666,0.17814309524451194,0.05437825191847104,,-0.14857869123850734,2023-05-17,2022-01-03,4.6739876380104715,6.548950924967335
-0.6009982912079552,0.6009982912079552,5.7082234413774815,7.3325502531321,False,False,2798.929263933059,2811.5730882283256,0,null,-1396.4646319665294,"{""alpha[1]"": 0.1276270429079628, ""beta[1]"": 0.8098220673294517, ""omega"": 1.1648888370512225}",2.6959717888501302,True,2023-05-19,1.5445545740714732,1.8677317832740004,normal,ETH-USD,667,0.2591342585047279,0.07019974434511157,,-0.14720790383761279,2023-05-18,2022-01-04,4.581686878886598,6.418976143303196
-0.4342645098868514,0.4342645098868514,5.570121115577521,7.153955162818421,False,False,2797.6534230737407,2810.2972473690074,0,null,-1395.8267115368703,"{""alpha[1]"": 0.12679911924804205, ""beta[1]"": 0.8156954348664328, ""omega"": 1.0766809919942186}",2.6287640385430273,True,2023-05-20,1.5202122553363702,1.8431468874933805,normal,ETH-USD,668,0.24529662192219143,0.06697420007666319,,-0.1477358653598746,2023-05-19,2022-01-05,4.471667928556973,6.263155497779461
0.8798188424549355,-0.8798188424549355,5.4662632821947446,7.02389276575716,False,False,2794.479059553263,2807.12288384853,0,null,-1394.2395297766316,"{""alpha[1]"": 0.13056085266651438, ""beta[1]"": 0.8116311012481509, ""omega"": 1.0915815126519222}",2.5852710887837316,True,2023-05-21,1.5009686112446485,1.8245916863423273,normal,ETH-USD,669,0.1753082590532822,0.052680125552382266,,-0.13359149648187438,2023-05-20,2022-01-06,4.385984023520576,6.147831397693158
-0.718014154556005,0.718014154556005,5.3406296811049945,6.863261629848977,False,False,2792.626675854189,2805.270500149456,0,null,-1393.3133379270946,"{""alpha[1]"": 0.1303528595176641, ""beta[1]"": 0.8161022653036912, ""omega"": 1.0196159712840331}",2.5271840302761674,True,2023-05-22,1.4776127509747332,1.8014057234465373,normal,ETH-USD,670,0.25013183938278566,0.06724898165625047,,-0.1277748149261103,2023-05-21,2022-01-07,4.284622633099703,6.006884011069036
-2.006966811228278,2.006966811228278,5.305720672913267,6.822556544663597,False,False,2789.162783266646,2801.8066075619126,0,null,-1391.581391633323,"{""alpha[1]"": 0.13699100720168522, ""beta[1]"": 0.8067102049617997, ""omega"": 1.0848633808808044}",2.5175640080319917,True,2023-05-23,1.470511465068682,1.7951905610672045,normal,ETH-USD,671,0.313035012537407,0.07976405638901199,,-0.11270914982595015,2023-05-22,2022-01-08,4.253733439519857,5.969438827672913
2.9708534450820734,-2.9708534450820734,5.422590439057742,6.976617538568807,False,False,2788.0595815216393,2800.703405816906,0,null,-1391.0297907608197,"{""alpha[1]"": 0.1354663707414122, ""beta[1]"": 0.811732904322788, ""omega"": 1.022502569276191}",2.5792920421382157,True,2023-05-24,1.4918160793681094,1.8172835430438332,normal,ETH-USD,672,0.06869780674166515,0.031317288231138884,,-0.10225170943726196,2023-05-23,2022-01-09,4.344809579915375,6.102582268195959
-0.3246631698244349,0.3246631698244349,5.720980318895846,7.359199359375707,False,False,2787.8779890483083,2800.521813343575,0,null,-1390.9389945241542,"{""alpha[1]"": 0.13146516361791388, ""beta[1]"": 0.8188305343905318, ""omega"": 0.9583912449086337}",2.7190293758187596,True,2023-05-25,1.5455428502733106,1.8707489984773331,normal,ETH-USD,673,0.2454736050916546,0.06762474979120575,,-0.11240360140556817,2023-05-24,2022-01-10,4.584808932008653,6.437811809296134
-1.251086054542517,1.251086054542517,5.460793334063319,7.024601240418362,False,False,2786.155853431993,2798.7996777272597,0,null,-1390.0779267159965,"{""alpha[1]"": 0.12803786977950685, ""beta[1]"": 0.8280479229019041, ""omega"": 0.8496419207872234}",2.595525708376275,True,2023-05-26,1.498984796044084,1.8242104447814365,normal,ETH-USD,674,0.281365757149591,0.07396150981422811,,-0.10696921318079358,2023-05-25,2022-01-11,4.376229088449298,6.145064926880288
-0.13271676370737315,0.13271676370737315,5.413863898730564,6.96182923149339,False,False,2784.2871881139877,2796.9310124092544,0,null,-1389.1435940569938,"{""alpha[1]"": 0.12750341203365223, ""beta[1]"": 0.8295034342636285, ""omega"": 0.8297800090791504}",2.569231042082328,True,2023-05-27,1.490661654443759,1.8153851946674568,normal,ETH-USD,675,0.22365019422672502,0.06223920059157032,,-0.11427812278169597,2023-05-26,2022-01-12,4.340287120827123,6.091203295449653
-4.265489297869055,4.265489297869055,5.232880933075616,6.725688827093645,False,False,2782.2572872843702,2794.901111579637,0,null,-1388.1286436421851,"{""alpha[1]"": 0.12584567365568114, ""beta[1]"": 0.8341075485503229, ""omega"": 0.7725612642757137}",2.477683640583384,True,2023-05-28,1.45711247794596,1.7810990153308586,normal,ETH-USD,676,0.42315236876068063,0.10151574522378633,,-0.12213115469264436,2023-05-27,2022-01-13,4.197558077344551,5.88608522450957
0.937761659562622,-0.937761659562622,6.127493991326654,7.886290838745263,False,False,2782.8757617969195,2795.5195860921863,0,null,-1388.4378808984598,"{""alpha[1]"": 0.12548647855219852, ""beta[1]"": 0.8300448016676051, ""omega"": 0.8394336718643735}",2.919158046672338,True,2023-05-29,1.61371638450409,1.9396924963630964,normal,ETH-USD,677,0.19849676712341074,0.05959324757620053,,-0.10610930131726262,2023-05-28,2022-01-14,4.907697002030833,6.89708641718267
-0.41899199844616947,0.41899199844616947,5.862323052478873,7.542018374134014,False,False,2780.930819914056,2793.5746442093227,0,null,-1387.465409957028,"{""alpha[1]"": 0.12412953361517269, ""beta[1]"": 0.8347481654967226, ""omega"": 0.7735157086796945}",2.7878695150972472,True,2023-05-30,1.5698300384964825,1.895229578510572,normal,ETH-USD,678,0.2558189089924794,0.0701629521602419,,-0.11174889802826475,2023-05-29,2022-01-15,4.697386181403414,6.597303217578015
1.424924703377848,-1.424924703377848,5.618752478021629,7.227186406861856,False,False,2778.535146019193,2791.1789703144595,0,null,-1386.2675730095964,"{""alpha[1]"": 0.12586278629821493, ""beta[1]"": 0.8350345595617673, ""omega"": 0.7374450324490862}",2.6695936218023215,True,2023-05-31,1.5275755181066275,1.8526786270075268,normal,ETH-USD,679,0.15391567857100327,0.04897626266744821,,-0.11214752348984515,2023-05-30,2022-01-16,4.503238274797911,6.3225509701226645
0.6385469933481079,-0.6385469933481079,5.498326690613707,7.070396246992142,False,False,2776.1682771677624,2788.812101463029,0,null,-1385.0841385838812,"{""alpha[1]"": 0.12929024924663357, ""beta[1]"": 0.8322129074253353, ""omega"": 0.7292295422610439}",2.609237958418098,True,2023-06-01,1.5061481996815753,1.830862298103702,normal,ETH-USD,680,0.18847428310427633,0.055476663200346714,,-0.11621813595016808,2023-05-31,2022-01-17,4.408032655433631,6.186213313382774
-2.390652540451727,2.390652540451727,5.307123142777245,6.825438676399633,False,False,2773.5449997226656,2786.1888240179323,0,null,-1383.7724998613328,"{""alpha[1]"": 0.13074570454500556, ""beta[1]"": 0.8310744206338808, ""omega"": 0.7197961219611658}",2.5200198726001566,True,2023-06-02,1.4706347942522466,1.795543787152016,normal,ETH-USD,681,0.3322381122139779,0.08362141290007451,,-0.10904587639167006,2023-06-01,2022-01-18,4.254109703827825,5.971488749555715
0.7813412827796246,-0.7813412827796246,5.4969337732142485,7.072972679337404,False,False,2771.411617750624,2784.0554420458907,0,null,-1382.705808875312,"{""alpha[1]"": 0.13659798616778104, ""beta[1]"": 0.8234904063456382, ""omega"": 0.7568337381337229}",2.615826075325611,True,2023-06-03,1.5053437774954896,1.8309565448072234,normal,ETH-USD,682,0.18112727750610857,0.05405215971842938,,-0.1012358254282271,2023-06-02,2022-01-19,4.403886832901793,6.186557254622558
0.10039457004677402,-0.10039457004677402,5.320928721666724,6.84637450748811,False,False,2768.5316034983575,2781.1754277936243,0,null,-1381.2658017491788,"{""alpha[1]"": 0.14156301784196995, ""beta[1]"": 0.8179318514013345, ""omega"": 0.7723058321362994}",2.5318542883327373,True,2023-06-04,1.4728181792622825,1.7984032513201331,normal,ETH-USD,683,0.208128779670508,0.05888019725377469,,-0.09844045438018904,2023-06-03,2022-01-20,4.26297016345693,5.988414295424238
4.251202769946404,-4.251202769946404,5.12633053131198,6.596692148343412,True,False,2765.526774132657,2778.170598427924,0,null,-1379.7633870663285,"{""alpha[1]"": 0.14583403364116665, ""beta[1]"": 0.8133358329681638, ""omega"": 0.7823169786157894}",2.4404284964321814,True,2023-06-05,1.9997193312901156,1.7612056414478259,normal,ETH-USD,684,0.13739630584102472,0.015185102903925177,,-0.09242741591522922,2023-06-04,2022-01-21,4.10657507958743,5.76971306033892
-3.932332906607625,3.932332906607625,6.075230494714763,7.829608959376108,False,False,2756.2768062688215,2768.9206305640882,0,null,-1375.1384031344107,"{""alpha[1]"": 0.15157478971459049, ""beta[1]"": 0.8051412465725708, ""omega"": 0.8654784032155394}",2.9118246485041093,True,2023-06-06,1.6039423170828964,1.931888472882834,normal,ETH-USD,685,0.43954153698879206,0.10775222486264417,,-0.06897249902952865,2023-06-05,2022-01-22,4.858497833168208,6.842889579656782
2.8035415190162545,-2.8035415190162545,6.656482916371526,8.586534664842526,False,False,2754.8965003680687,2767.5403246633355,0,null,-1374.4482501840344,"{""alpha[1]"": 0.15439073590051394, ""beta[1]"": 0.800516260636615, ""omega"": 0.9073572829981053}",3.2033978798133282,True,2023-06-07,1.6944986910025794,2.0237736064323633,normal,ETH-USD,686,0.12571860921508987,0.04697469410532863,,-0.048793082138440455,2023-06-06,2022-01-23,5.31791370331805,7.501010929549114
-0.7560256756121952,0.7560256756121952,6.68846983886256,8.623155060821766,False,False,2753.440169512308,2766.0839938075746,0,null,-1373.720084756154,"{""alpha[1]"": 0.15486936621833552, ""beta[1]"": 0.7998484084629707, ""omega"": 0.9141538955368236}",3.2110882742082176,True,2023-06-08,1.6997738115475833,2.0282640707499837,normal,ETH-USD,687,0.3051356399760642,0.08291050985290316,,-0.06491692961635279,2023-06-07,2022-01-24,5.346687123909083,7.535025309678113
0.3296688367491128,-0.3296688367491128,6.319241834259088,8.148744046530984,False,False,2752.060466418642,2764.704290713909,0,null,-1373.030233209321,"{""alpha[1]"": 0.15406132120265773, ""beta[1]"": 0.8014764375024623, ""omega"": 0.8962648708961732}",3.0365110741452437,True,2023-06-09,1.6428102727590077,1.971590190166268,normal,ETH-USD,688,0.23603694841592848,0.06790103796571714,,-0.05579155148156341,2023-06-08,2022-01-25,5.050407805067678,7.119772633320821
4.8910382605178295,-4.8910382605178295,5.965371572421451,7.690946768327062,True,False,2751.5953570763077,2764.2391813715744,0,null,-1372.7976785381538,"{""alpha[1]"": 0.15186241861167424, ""beta[1]"": 0.8057199329558737, ""omega"": 0.8529441436977448}",2.8640185054113623,True,2023-06-10,1.9957999936613602,1.9138540339640078,normal,ETH-USD,689,0.11630195817142476,0.01829389021130679,,-0.057723920371157755,2023-06-09,2022-01-26,4.768615146653172,6.720427281648507
-0.05878926437772629,0.05878926437772629,6.918004713887771,8.9186919381806,False,False,2753.773477532388,2766.4173018276547,0,null,-1373.886738766194,"{""alpha[1]"": 0.15098446009457236, ""beta[1]"": 0.8057351370069903, ""omega"": 0.8669493142076539}",3.3206349091657823,True,2023-06-11,1.73355542940633,2.061981528200117,normal,ETH-USD,690,0.27946180980979973,0.07852229783476605,,-0.06848855769525455,2023-06-10,2022-01-27,5.530446931818264,7.793440519098873
0.6228149698155212,-0.6228149698155212,6.480034847170766,8.353904708324542,False,False,2752.92477945998,2765.568603755247,0,null,-1373.46238972999,"{""alpha[1]"": 0.14907882969978847, ""beta[1]"": 0.8087768869244472, ""omega"": 0.8366771165652286}",3.1101501527207835,True,2023-06-12,1.668170671110646,1.9965694662078222,normal,ETH-USD,691,0.22788075415666842,0.06677164519796705,,-0.06468829388242985,2023-06-11,2022-01-28,5.180430052948886,7.2999794896122205
0.20054710347539717,-0.20054710347539717,6.1511412098347495,7.925662384433126,False,False,2751.1195942706004,2763.763418565867,0,null,-1372.5597971353002,"{""alpha[1]"": 0.1483145772281603, ""beta[1]"": 0.8096530555439502, ""omega"": 0.8295492252875444}",2.9452564538207793,True,2023-06-13,1.616560534759861,1.9441797298389485,normal,ETH-USD,692,0.23599458290193365,0.06727066987520369,,-0.0759230011447253,2023-06-12,2022-01-29,4.920438761514066,6.927614090995761
5.224189781729373,-5.224189781729373,5.832627834529413,7.512861230258892,True,False,2749.9882776815352,2762.632101976802,0,null,-1371.9941388407676,"{""alpha[1]"": 0.14743725838576285, ""beta[1]"": 0.8118236930757651, ""omega"": 0.8004479066510135}",2.7887625820060906,True,2023-06-14,3.473182392707427,1.8908297138578654,normal,ETH-USD,693,0.5290283947580231,0.013436536616531164,,-0.0802115395279726,2023-06-13,2022-01-30,4.667317787247243,6.567843443382488
-0.9047294099759375,0.9047294099759375,6.951791869866307,8.955728596261581,False,False,2752.1622724604204,2764.806096755687,0,null,-1373.0811362302102,"{""alpha[1]"": 0.1471581363446748, ""beta[1]"": 0.8104058754529947, ""omega"": 0.8286570101026576}",3.3260282610039726,True,2023-06-15,1.73907812407493,2.0664433270814184,normal,ETH-USD,694,0.32333549180965937,0.08733378961724055,,-0.09115077776176186,2023-06-14,2022-01-31,5.561980426217244,7.828649551748108
-3.0248430230823,3.0248430230823,6.5795163601764886,8.473370271722882,False,False,2750.9588164980814,2763.602640793348,0,null,-1372.4794082490407,"{""alpha[1]"": 0.14600193709100784, ""beta[1]"": 0.8117554441716921, ""omega"": 0.8148688962697112}",3.1433186233115364,True,2023-06-16,1.68433189572277,2.011220989435691,normal,ETH-USD,695,0.4145447419547785,0.10433048397651258,,-0.09575277779517301,2023-06-15,2022-02-01,5.266051816013262,7.408205374568948
-0.6118293034492065,0.6118293034492065,6.701553426866904,8.630606425313212,False,False,2750.373472270079,2763.017296565346,0,null,-1372.1867361350396,"{""alpha[1]"": 0.14600167262609084, ""beta[1]"": 0.8113221872300225, ""omega"": 0.8178136921594433}",3.201740207310972,True,2023-06-17,1.7027025754366063,2.0296037904325175,normal,ETH-USD,696,0.2987753095468052,0.08157473722893256,,-0.0972828949350824,2023-06-16,2022-02-02,5.363676887486893,7.545644419444042
0.38439761537946304,-0.38439761537946304,6.335508220399528,8.160331853414364,False,False,2748.715883404475,2761.3597076997416,0,null,-1371.3579417022374,"{""alpha[1]"": 0.1456920786224235, ""beta[1]"": 0.8114292004482663, ""omega"": 0.8120518969667091}",3.02874581557926,True,2023-06-18,1.6464087527096742,1.9735129871221466,normal,ETH-USD,697,0.2342760680204923,0.06749594209623111,,-0.08807543591966491,2023-06-17,2022-02-03,5.069918975789305,7.1339918250025685
-0.9879050063789344,0.9879050063789344,6.003464767937223,7.73115712063455,False,False,2747.051287411868,2759.695111707135,0,null,-1370.525643705934,"{""alpha[1]"": 0.1490811812541742, ""beta[1]"": 0.8074928822145503, ""omega"": 0.822766348065131}",2.867532450352572,True,2023-06-19,1.5927478920845797,1.9195709874816083,normal,ETH-USD,698,0.28965725071971155,0.07747351882651592,,-0.08856885665182218,2023-06-18,2022-02-04,4.805240008015292,6.7594468762726505
-3.086022473871571,3.086022473871571,5.812928567244918,7.479256886355042,False,False,2739.175472214638,2751.8192965099047,0,null,-1366.587736107319,"{""alpha[1]"": 0.1554718521463835, ""beta[1]"": 0.8012209920101481, ""omega"": 0.8544097091917146}",2.765683670781887,True,2023-06-20,1.5612748470255706,1.8868272588517918,normal,ETH-USD,699,0.38716423643832976,0.09628082239673459,,-0.10811743800896842,2023-06-19,2022-02-05,4.657262254895017,6.54205976580188
-5.371032442951005,5.371032442951005,6.1364156266601695,7.898429620575425,False,False,2739.788981373965,2752.4328056692316,0,null,-1366.8944906869824,"{""alpha[1]"": 0.15426984242210048, ""beta[1]"": 0.8027805846098645, ""omega"": 0.8448269773992683}",2.92449769638617,True,2023-06-21,1.6150971466994406,1.941194225325571,normal,ETH-USD,700,0.5142709929330743,0.12278448214374774,,-0.10401677279845294,2023-06-20,2022-02-06,4.914387415710471,6.907415771423756
0.9598611435814588,-0.9598611435814588,7.357151800463852,9.478046353829201,False,False,2742.407935694674,2755.051759989941,0,null,-1368.203967847337,"{""alpha[1]"": 0.15428091597026558, ""beta[1]"": 0.801434821402561, ""omega"": 0.8719011032204255}",3.520148680438487,True,2023-06-22,1.7957413677069667,2.1231231722253434,normal,ETH-USD,701,0.2463182106919625,0.07325325288457314,,-0.09609603299302043,2023-06-21,2022-02-07,5.886225357420704,8.285186432038767
-1.0579014837544243,1.0579014837544243,6.902564547144195,8.88851536847624,False,False,2741.7489979567767,2754.3928222520435,0,null,-1367.8744989783884,"{""alpha[1]"": 0.15205028493350908, ""beta[1]"": 0.8042359426350786, ""omega"": 0.8506956900694619}",3.296176206419572,True,2023-06-23,1.7323530509858496,2.059096396257955,normal,ETH-USD,702,0.32915642711580556,0.0882945366438391,,-0.10349967036130364,2023-06-22,2022-02-08,5.525227058561681,7.771552180629478
0.8916332796540347,-0.8916332796540347,6.536809442652817,8.416914627043944,False,False,2741.1283380442305,2753.7721623394973,0,null,-1367.5641690221153,"{""alpha[1]"": 0.15102416105048935, ""beta[1]"": 0.8056832441811431, ""omega"": 0.8340271626606514}",3.120499212664023,True,2023-06-24,1.677974319013813,2.004611523479948,normal,ETH-USD,703,0.21706234595347498,0.06467849180546938,,-0.10011575087389898,2023-06-23,2022-02-09,5.232880198723531,7.359482460200966
-1.2946552387227512,1.2946552387227512,6.212528225007491,7.995246546935223,False,False,2739.864078127631,2752.5079024228976,0,null,-1366.9320390638154,"{""alpha[1]"": 0.15010791580625124, ""beta[1]"": 0.8068650289274834, ""omega"": 0.8219634406490485}",2.958861645700312,True,2023-06-25,1.627552741844946,1.9534403396200615,normal,ETH-USD,704,0.31353979805397375,0.08287243150557622,,-0.10924641277895789,2023-06-24,2022-02-10,4.9761407223567184,6.992587911834863
2.184869343968586,-2.184869343968586,5.982747076248523,7.70210104215004,False,False,2737.883255714521,2750.527080009788,0,null,-1365.9416278572605,"{""alpha[1]"": 0.1502469390041274, ""beta[1]"": 0.8067464885342801, ""omega"": 0.8184981517306469}",2.853692836671788,True,2023-06-26,1.5895664248734924,1.915940339544104,normal,ETH-USD,705,0.13027179909949357,0.04550211233141837,,-0.09639831335342944,2023-06-25,2022-02-11,4.790305325958455,6.735080577110419
-1.6148341346242205,1.6148341346242205,5.937199368584408,7.644893938120608,False,False,2736.3164358644713,2748.960260159738,0,null,-1365.1582179322356,"{""alpha[1]"": 0.15014312236587884, ""beta[1]"": 0.8066981332226395, ""omega"": 0.8180346501369588}",2.834341186838487,True,2023-06-27,1.581757037591581,1.9084034116743291,normal,ETH-USD,706,0.31838390087301577,0.08299265230579199,,-0.09076750164686347,2023-06-26,2022-02-12,4.752843882836089,6.684431095954971
3.3213156073993546,-3.3213156073993546,5.802831942874357,7.472422569544888,False,False,2735.3692841658917,2748.0131084611585,0,null,-1364.6846420829459,"{""alpha[1]"": 0.15154774168920812, ""beta[1]"": 0.8057102339519217, ""omega"": 0.810310272179555}",2.7710982764423746,True,2023-06-28,1.5588005896350885,1.8855529193649545,normal,ETH-USD,707,0.06617937402203887,0.032120750139555225,,-0.08685203719491742,2023-06-27,2022-02-13,4.644903087840131,6.533390621354874
-1.3182145114038801,1.3182145114038801,6.135926679011052,7.901554064428952,False,False,2735.334970992273,2747.97879528754,0,null,-1364.6674854961366,"{""alpha[1]"": 0.15257733261572987, ""beta[1]"": 0.804047611382719, ""omega"": 0.8201237957727207}",2.930495012617549,True,2023-06-29,1.6145931751240514,1.9413821372521243,normal,ETH-USD,708,0.311480347290963,0.08226722438042208,,-0.09115708414819965,2023-06-28,2022-02-14,4.911392434415375,6.908507926638321
-4.278209464523168,4.278209464523168,5.925096744905794,7.628907905196004,False,False,2734.092789715616,2746.736614010883,0,null,-1364.046394857808,"{""alpha[1]"": 0.15337085976699558, ""beta[1]"": 0.8030603177539826, ""omega"": 0.8185907491673917}",2.82789570942841,True,2023-06-30,1.5797636160409283,1.906333187440862,normal,ETH-USD,709,0.45108220127947585,0.1094883868293369,,-0.09196004677251493,2023-06-29,2022-02-15,4.7434345610663415,6.670629218410512
0.4470507651627104,-0.4470507651627104,6.703983722099825,8.633088965533366,False,False,2732.7400379655774,2745.383862260844,0,null,-1363.3700189827887,"{""alpha[1]"": 0.15310449229756323, ""beta[1]"": 0.8026026828550222, ""omega"": 0.8384331750908035}",3.201826920779386,True,2023-07-01,1.703132122741792,2.0299241387496036,normal,ETH-USD,710,0.24595100917691268,0.07101046810225274,,-0.0995343251861214,2023-06-30,2022-02-16,5.366070948700959,7.548097575387978
-0.6666219280274652,0.6666219280274652,6.299578567517835,8.111263320957306,False,False,2731.60311436337,2744.2469386586367,0,null,-1362.801557181685,"{""alpha[1]"": 0.1531291812019664, ""beta[1]"": 0.8027173611104986, ""omega"": 0.8292495606852911}",3.0069385977115592,True,2023-07-02,1.641028617295095,1.9676319774820916,normal,ETH-USD,711,0.28548617985617425,0.07758934952814889,,-0.09712781062978212,2023-07-01,2022-02-17,5.043101669096014,7.0923130247874155
-0.9222568002418025,0.9222568002418025,5.975292231246091,7.697437384170608,False,False,2726.7943614476917,2739.4381857429585,0,null,-1360.3971807238458,"{""alpha[1]"": 0.1568158322241814, ""beta[1]"": 0.7987470151412835, ""omega"": 0.8485433434513214}",2.85832550136522,True,2023-07-03,1.5877469572797138,1.9150546375935318,normal,ETH-USD,712,0.28515857398626215,0.07651103865214477,,-0.07938761155496896,2023-07-02,2022-02-18,4.780914679483436,6.728847064972668
0.963805281145595,-0.963805281145595,5.71318615215606,7.361285332606969,False,False,2725.442464859962,2738.0862891552288,0,null,-1359.721232429981,"{""alpha[1]"": 0.15672962755890713, ""beta[1]"": 0.7995027243118862, ""omega"": 0.8345073514884802}",2.735427909930908,True,2023-07-04,1.5427092241204265,1.8703130047573575,normal,ETH-USD,713,0.18031786030484273,0.05470535590042464,,-0.07078396832830691,2023-07-03,2022-02-19,4.570162487242446,6.434340871188055
1.3540124751091487,-1.3540124751091487,5.4836044285376815,7.064545382000058,False,False,2724.577918994402,2737.2217432896687,0,null,-1359.288959497201,"{""alpha[1]"": 0.15630270150458805, ""beta[1]"": 0.8009986933614608, ""omega"": 0.8120263026871177}",2.6239622344030282,True,2023-07-05,1.5018126265211404,1.8292245875565234,normal,ETH-USD,714,0.15165726221755588,0.04821360411676548,,-0.07112392121875251,2023-07-04,2022-02-20,4.387157719460263,6.175372886785692
3.2962728086952833,-3.2962728086952833,5.345165448654966,6.88780534145879,False,False,2722.4092618822915,2735.0530861775583,0,null,-1358.2046309411458,"{""alpha[1]"": 0.1576667187306571, ""beta[1]"": 0.7998955416086949, ""omega"": 0.8110994456594047}",2.560392158312888,True,2023-07-06,1.4760334234235977,1.8037862959457058,normal,ETH-USD,715,0.04895046353925858,0.02723901796968138,,-0.06381175146139229,2023-07-05,2022-02-21,4.275282079480454,6.020174605663419
-1.1812265534120492,1.1812265534120492,5.79096818747206,7.463129224561313,False,False,2722.6805187234077,2735.3243430186744,0,null,-1358.3402593617038,"{""alpha[1]"": 0.15640035320143908, ""beta[1]"": 0.8009115673921823, ""omega"": 0.809545180072765}",2.775364507797107,True,2023-07-07,1.5560373794659572,1.8839582656946559,normal,ETH-USD,716,0.29062416009559694,0.07703878147551686,,-0.06618827173742478,2023-07-06,2022-02-22,4.6312566484998845,6.52265159413963
0.27102775950500013,-0.27102775950500013,5.592642131698081,7.206096125168132,False,False,2721.508904501207,2734.1527287964736,0,null,-1357.7544522506034,"{""alpha[1]"": 0.15560063551197914, ""beta[1]"": 0.8024127607286884, ""omega"": 0.7912229924190959}",2.677925659740913,True,2023-07-08,1.521368255480212,1.848998018086749,normal,ETH-USD,717,0.2101309275211993,0.06027609481670421,,-0.06885057579772723,2023-07-07,2022-02-23,4.4736463099289825,6.298637241175416
0.13569810524757486,-0.13569810524757486,5.32231339334843,6.857741662149563,False,False,2719.9558488949588,2732.5996731902255,0,null,-1356.9779244474794,"{""alpha[1]"": 0.15563971757700104, ""beta[1]"": 0.8029642790274933, ""omega"": 0.7753661781415804}",2.5484226859614165,True,2023-07-09,1.4718293063783316,1.7994512056223013,normal,ETH-USD,718,0.20608667364174096,0.058584688724695626,,-0.0656492800733421,2023-07-08,2022-02-24,4.25743157808239,5.994166977717132
-0.9374354686496262,0.9374354686496262,5.0903036136444335,6.557710901550327,False,False,2718.262821253992,2730.906645549259,0,null,-1356.131410626996,"{""alpha[1]"": 0.15673135068852295, ""beta[1]"": 0.8021506358333358, ""omega"": 0.7668583751008001}",2.435525057099779,True,2023-07-10,1.42740706467006,1.7547870863823927,normal,ETH-USD,719,0.25050162888554295,0.06669828892766365,,-0.06651488535946579,2023-07-09,2022-02-25,4.0725971090612285,5.732393424116733
0.11813779107677153,-0.11813779107677153,4.977750934965876,6.409202080223096,False,False,2715.8791522412107,2728.5229765364775,0,null,-1354.9395761206054,"{""alpha[1]"": 0.15588308323635577, ""beta[1]"": 0.8041255332623978, ""omega"": 0.7471985286706947}",2.3758469519825085,True,2023-07-11,1.4055368006472468,1.732119368207873,normal,ETH-USD,720,0.1933421841703668,0.05485969713148229,,-0.07706099843407499,2023-07-10,2022-02-26,3.9849814744841043,5.604107504224995
0.33181596827521487,-0.33181596827521487,4.78870678931294,6.164521452525258,False,False,2713.8765017831383,2726.520326078405,0,null,-1353.9382508915692,"{""alpha[1]"": 0.15837187500229855, ""beta[1]"": 0.8019594285740723, ""omega"": 0.7429180082594022}",2.2835044597337366,True,2023-07-12,1.367003403301858,1.6932853063065947,normal,ETH-USD,721,0.17513537593487616,0.05058902671208983,,-0.07849289421983636,2023-07-11,2022-02-27,3.834523486972735,5.390718639484193
-6.932947884066216,6.932947884066216,4.61994180424856,5.949713805171145,False,False,2711.2841198289257,2723.9279441241924,0,null,-1352.6420599144628,"{""alpha[1]"": 0.15690195268334367, ""beta[1]"": 0.8048522545744637, ""omega"": 0.714164329517823}",2.2070852824361653,True,2023-07-13,1.3307581984015888,1.6576384290723754,normal,ETH-USD,722,0.5315319420389453,0.12134754763594767,,-0.06735872490633849,2023-07-12,2022-02-28,3.6976909567126794,5.20180687952854
3.4046287427397313,-3.4046287427397313,7.398229781983548,9.53728997136249,False,False,2712.8324312038417,2725.4762554991084,0,null,-1353.4162156019208,"{""alpha[1]"": 0.148095409417692, ""beta[1]"": 0.8021911589425479, ""omega"": 0.8785393769755666}",3.55029904295468,True,2023-07-14,1.800716425834581,2.1290648550758102,normal,ETH-USD,723,0.12550379952130952,0.04929584363646696,,-0.07498247559957302,2023-07-13,2022-03-01,5.9147047331659195,8.334213106386423
0.407175581367133,-0.407175581367133,7.410432849523059,9.550011835844778,False,False,2713.3462151606604,2725.990039455927,0,null,-1353.6731075803302,"{""alpha[1]"": 0.14779704127990884, ""beta[1]"": 0.8026707037415034, ""omega"": 0.8725321882349031}",3.551160114699442,True,2023-07-15,1.8026461823948967,2.1305353611968276,normal,ETH-USD,724,0.27596862063023186,0.0793946760126553,,-0.08540939942298197,2023-07-14,2022-03-02,5.926547993971765,8.346643182632656
0.403858824425631,-0.403858824425631,6.9121151485733785,8.906343011328849,False,False,2712.822465294639,2725.466289589906,0,null,-1353.4112326473196,"{""alpha[1]"": 0.14691099443430686, ""beta[1]"": 0.8036864199148365, ""omega"": 0.8607790513816763}",3.3099140022936666,True,2023-07-16,1.733180940577296,2.0608289276768943,normal,ETH-USD,725,0.2562589185719322,0.07380865722362327,,-0.08471314429406979,2023-07-15,2022-03-03,5.529037195864271,7.784724546787952
0.6276285365803503,-0.6276285365803503,6.478509621520767,8.348185145687475,False,False,2711.4826043214953,2724.126428616762,0,null,-1352.7413021607476,"{""alpha[1]"": 0.14497939714750566, ""beta[1]"": 0.8060206621326229, ""omega"": 0.8436526940920048}",3.1031886138800564,True,2023-07-17,1.6683370681494614,1.9960807191793655,normal,ETH-USD,726,0.22770926168169675,0.06668990421626428,,-0.07752272355915893,2023-07-16,2022-03-04,5.181813770214282,7.296618958206772
0.7375181874652184,-0.7375181874652184,6.1238096533917945,7.894173410151832,False,False,2705.810429859258,2718.4542541545247,0,null,-1349.905214929629,"{""alpha[1]"": 0.14498093836716103, ""beta[1]"": 0.807845304605793, ""omega"": 0.8240874776965628}",2.938356191431761,True,2023-07-18,1.6116851668470846,1.9399926724687453,normal,ETH-USD,727,0.20792361777966958,0.06160945195953566,,-0.06282470430676072,2023-07-17,2022-03-05,4.895990543058606,6.898463383418779
0.4537741750425181,-0.4537741750425181,5.84105056650987,7.527337285109527,False,False,2705.3170333317175,2717.9608576269843,0,null,-1349.6585166658588,"{""alpha[1]"": 0.1447963831100142, ""beta[1]"": 0.8083363809736138, ""omega"": 0.8146269316244857}",2.7988095673594726,True,2023-07-19,1.5646884246596535,1.892544304476837,normal,ETH-USD,728,0.21088840595591815,0.0612514073797253,,-0.06791022614316881,2023-07-18,2022-03-06,4.6715422941608775,6.578914913015043
-0.1037668297725398,0.1037668297725398,5.572918174593534,7.183078426833495,False,False,2703.3634495724673,2716.007273867734,0,null,-1348.6817247862336,"{""alpha[1]"": 0.14497600542718786, ""beta[1]"": 0.8086710976100122, ""omega"": 0.8056410276027088}",2.672458882136901,True,2023-07-20,1.5175370074407764,1.8456530742308837,normal,ETH-USD,729,0.22799867629034362,0.06381238879566058,,-0.06040301087277031,2023-07-19,2022-03-07,4.456206696034329,6.277472049793512
-0.058733681481013,0.058733681481013,5.330394081273399,6.871099891273531,False,False,2702.362672018489,2715.0064963137556,0,null,-1348.1813360092444,"{""alpha[1]"": 0.14584615992696032, ""beta[1]"": 0.8082122322049153, ""omega"": 0.7978354521662021}",2.557182069900679,True,2023-07-21,1.4729630694732778,1.8012100407654277,normal,ETH-USD,730,0.21602928792466705,0.06063290627890739,,-0.05566187456091818,2023-07-20,2022-03-08,4.261852077012324,6.00455694640972
1.4462737441133628,-1.4462737441133628,5.131154814706048,6.6118802751653725,False,False,2701.0271845158327,2713.6710088110995,0,null,-1347.5135922579163,"{""alpha[1]"": 0.14623237584868837, ""beta[1]"": 0.8084834372241703, ""omega"": 0.7861991011091616}",2.4576298559759997,True,2023-07-22,1.4351919379845715,1.7629117613438803,normal,ETH-USD,731,0.1328968936432355,0.04332798481187429,,-0.061770234671723365,2023-07-21,2022-03-09,4.104211616978071,5.779072225300788
-1.293498235259073,1.293498235259073,5.095756383283278,6.561926957554634,False,False,2697.534186601421,2710.1780108966877,0,null,-1345.7670933007105,"{""alpha[1]"": 0.1459340638638076, ""beta[1]"": 0.8101071781286681, ""omega"": 0.7705054383450936}",2.433472425175299,True,2023-07-23,1.4288599549072156,1.7556166580261023,normal,ETH-USD,732,0.26862029125265485,0.07030803283260678,,-0.07620164515803307,2023-07-22,2022-03-10,4.078907589794019,5.737305048001599
2.0962278458572907,-2.0962278458572907,5.039223567559336,6.492302058368038,False,False,2694.7420076183967,2707.3858319136634,0,null,-1344.3710038091983,"{""alpha[1]"": 0.14760316727644537, ""beta[1]"": 0.8088605795912193, ""omega"": 0.7709972688237027}",2.4117428770220783,True,2023-07-24,1.4172670603839714,1.7447360190045726,normal,ETH-USD,733,0.0967613409698972,0.035788157155472546,,-0.06449064671108966,2023-07-23,2022-03-11,4.031454665255233,5.675043561404542
-0.4174980368050019,0.4174980368050019,5.145310956286468,6.629248380752032,False,False,2694.721112590033,2707.3649368853,0,null,-1344.3605562950165,"{""alpha[1]"": 0.14780813778708432, ""beta[1]"": 0.8090338170800387, ""omega"": 0.7656878261652037}",2.4629609040661746,True,2023-07-25,1.4380646928230587,1.7655926092526353,normal,ETH-USD,734,0.22668190839885158,0.06212131854904161,,-0.06492995507910149,2023-07-24,2022-03-12,4.116140131172026,5.794633818099154
-0.7731056404704153,0.7731056404704153,4.966116515499494,6.397610924341727,False,False,2694.2914718984766,2706.9352961937434,0,null,-1344.1457359492383,"{""alpha[1]"": 0.14837440239201194, ""beta[1]"": 0.8095946413401389, ""omega"": 0.7486809028112001}",2.375918758594229,True,2023-07-26,1.4027234953329972,1.7300778203549867,normal,ETH-USD,735,0.23732113452181056,0.06365597655969894,,-0.06527846255003403,2023-07-25,2022-03-13,3.9733170499657913,5.592492015499473
0.6324297011702049,-0.6324297011702049,4.837395122071974,6.233022891345344,False,False,2693.2972750549698,2705.9410993502365,0,null,-1343.6486375274849,"{""alpha[1]"": 0.14926830048361095, ""beta[1]"": 0.8096807101930873, ""omega"": 0.7354385762871516}",2.3163892059581697,True,2023-07-27,1.37628428889668,1.7039279370738005,normal,ETH-USD,736,0.16185204627257177,0.048156468433318396,,-0.05934943977010107,2023-07-26,2022-03-14,3.869470626621637,5.44807654450204
-0.7704081958708818,0.7704081958708818,4.709556819992173,6.065833847605864,False,False,2691.999901501331,2704.6437257965977,0,null,-1342.9999507506654,"{""alpha[1]"": 0.1496076484127392, ""beta[1]"": 0.8105671321505346, ""omega"": 0.7179041003380408}",2.251076924822931,True,2023-07-28,1.34986521678548,1.6769161481264723,normal,ETH-USD,737,0.22696659283440665,0.06073427830710589,,-0.0662316164754828,2023-07-27,2022-03-15,3.768923660817247,5.303019634839702
-0.3367569025625559,0.3367569025625559,4.615291106398535,5.9438235446817185,False,False,2691.14279600544,2703.7866203007065,0,null,-1342.57139800272,"{""alpha[1]"": 0.1515692447200716, ""beta[1]"": 0.8095402385247096, ""omega"": 0.7083057172046741}",2.205027921883993,True,2023-07-29,1.3297361480863858,1.656640652659053,normal,ETH-USD,738,0.20153284242098266,0.055333706918550205,,-0.06695177101694001,2023-07-28,2022-03-16,3.6938999458570936,5.19661378929246
1.0380291116780147,-1.0380291116780147,4.500092616475279,5.791880927627485,False,False,2686.8208811818613,2699.464705477128,0,null,-1340.4104405909306,"{""alpha[1]"": 0.15173965618765384, ""beta[1]"": 0.8117120288080643, ""omega"": 0.6815932878934075}",2.144041961771674,True,2023-07-30,1.3050114938845288,1.631015349117758,normal,ETH-USD,739,0.12830779437868883,0.04027308150039378,,-0.07754980209550158,2023-07-29,2022-03-17,3.604184999251789,5.065337261717389
0.29487545860399744,-0.29487545860399744,4.45252509921438,5.728917879657566,False,False,2686.1399944896284,2698.783818784895,0,null,-1340.0699972448142,"{""alpha[1]"": 0.1528068671118927, ""beta[1]"": 0.8118332409995519, ""omega"": 0.6675759511289864}",2.118489273626941,True,2023-07-31,1.2946560556331308,1.6202177049419548,normal,ETH-USD,740,0.16362097243580276,0.04716157701213352,,-0.08269014193698576,2023-07-30,2022-03-18,3.5672949073200493,5.011033159817345
-0.8385215921401031,0.8385215921401031,4.3395932323138915,5.580180072727081,False,False,2682.6764415878365,2695.3202658831033,0,null,-1338.3382207939183,"{""alpha[1]"": 0.1543825378498087, ""beta[1]"": 0.8122282174462879, ""omega"": 0.6495740857261968}",2.0590604668772357,True,2023-08-01,1.269513805557775,1.5941809428631886,normal,ETH-USD,741,0.2158858752524759,0.05720955367635504,,-0.09234283585399837,2023-07-31,2022-03-19,3.479195912909411,4.882433775495396
1.7625588771132734,-1.7625588771132734,4.294578132599708,5.522488157014254,False,False,2682.3251606632293,2694.968984958496,0,null,-1338.1625803316147,"{""alpha[1]"": 0.1549983728554946, ""beta[1]"": 0.8130561754497356, ""omega"": 0.6311676923425551}",2.0380201577119474,True,2023-08-02,1.259055518984706,1.5837732061416756,normal,ETH-USD,742,0.08402069112142035,0.030693128353612677,,-0.09072785132897061,2023-08-01,2022-03-20,3.442972699541679,4.8318717124745385
0.21518808660810676,-0.21518808660810676,4.4241807549361685,5.69064344020271,False,False,2681.25903537418,2693.9028596694466,0,null,-1337.62951768709,"{""alpha[1]"": 0.15554410974971228, ""beta[1]"": 0.8131266030419285, ""omega"": 0.6256604659062521}",2.1020078265049116,True,2023-08-03,1.2885527111122608,1.6136529953041885,normal,ETH-USD,743,0.1665324700211261,0.04763155641522448,,-0.08834228972364086,2023-08-02,2022-03-21,3.5458374870306257,4.97834372813055
0.4053453157712878,-0.4053453157712878,4.282334839070882,5.506478567194244,False,False,2680.4742691858582,2693.118093481125,0,null,-1337.2371345929291,"{""alpha[1]"": 0.15542953892870093, ""beta[1]"": 0.8151174077757257, ""omega"": 0.5994172160243793}",2.031769058194285,True,2023-08-04,1.2562436034534294,1.5808911176501885,normal,ETH-USD,744,0.1513998084781796,0.04412635094137183,,-0.09137878083623047,2023-08-03,2022-03-22,3.433341485334877,4.817980409908467
-0.3972496773517192,0.3972496773517192,4.163569097994437,5.351289857464636,False,False,2679.011833542093,2691.6556578373597,0,null,-1336.5059167710465,"{""alpha[1]"": 0.15566585612289813, ""beta[1]"": 0.8168210051618008, ""omega"": 0.5747308760455101}",1.9713161399487078,True,2023-08-05,1.228529771776563,1.5525055365803393,normal,ETH-USD,745,0.18685431142452336,0.05080526837059934,,-0.09731004847613689,2023-08-04,2022-03-23,3.3398365511387444,4.68327715970821
0.41097569623749053,-0.41097569623749053,4.06034731562392,5.217022487756175,False,False,2677.818658596296,2690.4624828915626,0,null,-1335.909329298148,"{""alpha[1]"": 0.15591552674248668, ""beta[1]"": 0.8186150675694275, ""omega"": 0.5483789917232443}",1.919788314990277,True,2023-08-06,1.2036989213065694,1.5272289530039407,normal,ETH-USD,746,0.14235852236218502,0.04155495139538968,,-0.10037537059037568,2023-08-05,2022-03-24,3.2581461434811883,4.566470835776455
0.02863358569012338,-0.02863358569012338,3.949494075982063,5.072084442000137,False,False,2676.2426362211622,2688.886460516429,0,null,-1335.1213181105811,"{""alpha[1]"": 0.15623532124891004, ""beta[1]"": 0.8204933176435887, ""omega"": 0.5209925222931843}",1.8632161553440336,True,2023-08-07,1.1764579422387387,1.4992702529858235,normal,ETH-USD,747,0.15711492572106353,0.044120696053722014,,-0.1062142491991795,2023-08-06,2022-03-25,3.170932100111391,4.440703191062321
-1.5678040044213064,1.5678040044213064,3.818513880592681,4.902855427326378,False,False,2675.107967657348,2687.751791952615,0,null,-1334.553983828674,"{""alpha[1]"": 0.15678092927208795, ""beta[1]"": 0.8224192328526364, ""omega"": 0.4897162208037786}",1.7997327867255466,True,2023-08-08,1.1429169255208258,1.4654272275799283,normal,ETH-USD,748,0.2317141508766586,0.058607905579847505,,-0.10618201132286562,2023-08-07,2022-03-26,3.0664790131118616,4.292986553563439
0.08138670422940754,-0.08138670422940754,4.001010830390588,5.138891625584301,False,False,2674.517890780592,2687.161715075859,0,null,-1334.258945390296,"{""alpha[1]"": 0.15701509806397007, ""beta[1]"": 0.8225522781099134, ""omega"": 0.4844197808809954}",1.888594401518768,True,2023-08-09,1.189305254034129,1.5123006258043445,normal,ETH-USD,749,0.15652288085699947,0.04417523836860221,,-0.10538297019100426,2023-08-08,2022-03-27,3.2118443213693944,4.498910541089624
0.19131666782044532,-0.19131666782044532,3.8812577789372034,4.981417178061831,False,False,2671.352278347167,2683.996102642434,0,null,-1332.6761391735836,"{""alpha[1]"": 0.1578535505779069, ""beta[1]"": 0.8237690550296243, ""omega"": 0.4638566332733804}",1.825986422076229,True,2023-08-10,1.159572176363549,1.4814997030005959,normal,ETH-USD,750,0.14634679605408452,0.041713351629899406,,-0.11477219978590604,2023-08-09,2022-03-28,3.118252588902133,4.362651830810383
0.19627631595612718,-0.19627631595612718,3.737777800920126,4.795121878659983,False,False,2669.9790027421695,2682.6228270374363,0,null,-1331.9895013710848,"{""alpha[1]"": 0.1573145008645271, ""beta[1]"": 0.8267060549570784, ""omega"": 0.43073656450850845}",1.7549238146325923,True,2023-08-11,1.12230222700334,1.4435804593743646,normal,ETH-USD,751,0.14040952289217493,0.040041609415957406,,-0.11787397227769086,2023-08-10,2022-03-29,3.0044667737996233,4.200437257551864
-0.09553551469766394,0.09553551469766394,3.6008052804137543,4.616892997763623,False,False,2668.280045188766,2680.923869484033,0,null,-1331.140022594383,"{""alpha[1]"": 0.15710479523215284, ""beta[1]"": 0.8293561463700081, ""omega"": 0.3988844352054997}",1.6864486882496856,True,2023-08-12,1.0854518236273347,1.4059416015126622,normal,ETH-USD,752,0.1495821364094872,0.041409478072433184,,-0.1221459719570298,2023-08-11,2022-03-30,2.8961072134920776,4.045412292545651
0.5211128354755085,-0.5211128354755085,3.459438462586004,4.4345796239272355,False,False,2666.6057047271174,2679.249529022384,0,null,-1330.3028523635587,"{""alpha[1]"": 0.15759123567399344, ""beta[1]"": 0.8314104739589464, ""omega"": 0.3675659216423421}",1.6184877588043294,True,2023-08-13,1.0456121356311487,1.3657568333962686,normal,ETH-USD,753,0.11310128292383394,0.03365015755086396,,-0.1209630337063246,2023-08-12,2022-03-31,2.783138493952185,3.8861285905619014
-0.2663601606536599,0.2663601606536599,3.331511753589762,4.2707964163327015,False,False,2664.236664786769,2676.8804890820356,0,null,-1329.1183323933844,"{""alpha[1]"": 0.15793452728360344, ""beta[1]"": 0.8336621868314311, ""omega"": 0.3373869327969119}",1.5589750376152247,True,2023-08-14,1.007889715934859,1.3281034481551637,normal,ETH-USD,754,0.147321994125917,0.040088724020090484,,-0.11579397691646716,2023-08-13,2022-04-01,2.6800797218646775,3.742512241355385
0.9399412676501708,-0.9399412676501708,3.2187679741681774,4.122361619046429,False,False,2660.7586198677673,2673.402444163034,0,null,-1327.3793099338836,"{""alpha[1]"": 0.15746287319784, ""beta[1]"": 0.8370082242217771, ""omega"": 0.30548345040832875}",1.4997369726013217,True,2023-08-15,0.9743034112342293,1.2931448375756718,normal,ETH-USD,755,0.08260739220486765,0.02674209963072381,,-0.1252413128910181,2023-08-14,2022-04-02,2.5920891117475224,3.614151230722549
1.1712807493603876,-1.1712807493603876,3.154667554996933,4.039065034906289,False,False,2659.092760233551,2671.7365845288177,0,null,-1326.5463801167755,"{""alpha[1]"": 0.15813722454122386, ""beta[1]"": 0.8387200486472756, ""omega"": 0.27848083383456396}",1.4678761925934167,True,2023-08-16,0.9544520005358219,1.2728624996085784,normal,ETH-USD,756,0.06850106313209343,0.023703704433337296,,-0.1268605326992561,2023-08-15,2022-04-03,2.541302012002255,3.5416511926941148
6.919957369502465,-6.919957369502465,3.1682801201194826,4.054665314073924,True,True,2657.3026271347644,2669.946451430031,0,null,-1325.6513135673822,"{""alpha[1]"": 0.15831484952761685, ""beta[1]"": 0.8401068628533029, ""omega"": 0.26043652227485964}",1.4711752953054282,True,2023-08-17,28.52251220404635,84.23872843260268,normal,ETH-USD,757,4.148100285096798,3.330185613997591,,-0.1336679964044566,2023-08-16,2022-04-04,2.5535360167689936,3.5561335169796457
1.4339322091598556,-1.4339322091598556,6.99852390971882,8.99967563608335,False,False,2670.8561363971908,2683.4999606924575,0,null,-1332.4280681985954,"{""alpha[1]"": 0.16181690676806137, ""beta[1]"": 0.807102368903042, ""omega"": 0.6291956755912461}",3.3214058651532743,True,2023-08-18,1.7473888771888384,2.0721270656350304,normal,ETH-USD,758,0.2088355883726142,0.06440230756803128,,-0.14741749273688,2023-08-17,2022-04-05,5.610643976612136,7.874162965962979
-0.512060480839272,0.512060480839272,6.577558769281915,8.45675697013478,False,False,2669.937428459659,2682.5812527549256,0,null,-1331.9687142298294,"{""alpha[1]"": 0.15982428036978222, ""beta[1]"": 0.8090133379999292, ""omega"": 0.6193669638508037}",3.1189938493255553,True,2023-08-19,1.685520214696985,2.009986169595203,normal,ETH-USD,759,0.2893159518041478,0.0791189540110545,,-0.1439702097412064,2023-08-18,2022-04-06,5.274258555243679,7.39983492026617
-0.9170393139452488,0.9170393139452488,6.143213180766736,7.9001046932342955,False,False,2665.42259867944,2678.0664229747067,0,null,-1329.71129933972,"{""alpha[1]"": 0.1561161670207305, ""beta[1]"": 0.8136267322866543, ""omega"": 0.5999055440936404}",2.9159956724264844,True,2023-08-20,1.6170029337592289,1.9417975680870438,normal,ETH-USD,760,0.29208884662635765,0.078290112078233,,-0.1283515606163991,2023-08-19,2022-04-07,4.924737618581899,6.911971893878043
1.0490772121116492,-1.0490772121116492,5.835987317211084,7.502553004490648,False,False,2664.802072383951,2677.4458966792176,0,null,-1329.4010361919754,"{""alpha[1]"": 0.15538640807734674, ""beta[1]"": 0.8145252517459459, ""omega"": 0.5915145759878603}",2.766077641923499,True,2023-08-21,1.5659911187573519,1.8903084745801797,normal,ETH-USD,761,0.18155395841455704,0.05516145168264534,,-0.1303635386555445,2023-08-20,2022-04-08,4.680156380402787,6.565222380376178
2.0221731728757213,-2.0221731728757213,5.56134030456971,7.147820200844379,False,False,2664.1581552928574,2676.801979588124,0,null,-1329.0790776464287,"{""alpha[1]"": 0.15604109335959374, ""beta[1]"": 0.813905315341964, ""omega"": 0.5885883582968809}",2.63315547892373,True,2023-08-22,1.5179932748212557,1.8419738923755546,normal,ETH-USD,762,0.12194394704972511,0.04233359251572877,,-0.1298967740353833,2023-08-21,2022-04-09,4.461052113870221,6.255532424448594
-2.7396551153808226,2.7396551153808226,5.504597340912109,7.07205735934013,False,False,2663.629968566508,2676.273792861775,0,null,-1328.814984283254,"{""alpha[1]"": 0.1567385344415981, ""beta[1]"": 0.8131786353277937, ""omega"": 0.5886476457924401}",2.6015872909637294,True,2023-08-23,1.5080946760636644,1.831493173969514,normal,ETH-USD,763,0.3578577661373025,0.08930122094838648,,-0.13826991599267693,2023-08-22,2022-04-10,4.417500207365222,6.190466979457819
1.1577587423496716,-1.1577587423496716,5.748804320238195,7.390098937811435,False,False,2663.750460252744,2676.3942845480105,0,null,-1328.875230126372,"{""alpha[1]"": 0.1591291802743643, ""beta[1]"": 0.8104185745585096, ""omega"": 0.6001045403193608}",2.7241340561196563,True,2023-08-24,1.550984727562886,1.8752284036066635,normal,ETH-USD,764,0.17263705767369003,0.05309222841019575,,-0.1296981133130279,2023-08-23,2022-04-11,4.6104998958234695,6.466981583369242
0.42316849531922934,-0.42316849531922934,5.491358061117428,7.061135013092237,False,False,2657.7415248316693,2670.385349126936,0,null,-1325.8707624158346,"{""alpha[1]"": 0.16154606115144324, ""beta[1]"": 0.8093534021589558, ""omega"": 0.5966114944118445}",2.6054328148038692,True,2023-08-25,1.5049178945487425,1.829570170549435,normal,ETH-USD,765,0.1989742772405333,0.057550730192773646,,-0.11709842492136416,2023-08-24,2022-04-12,4.4026540401298915,6.178241514596589
0.4018077652622938,-0.4018077652622938,5.207933727219924,6.6937188834780414,False,False,2657.3205538912553,2669.964378186522,0,null,-1325.6602769456276,"{""alpha[1]"": 0.16047703271134817, ""beta[1]"": 0.8106879720638014, ""omega"": 0.5870651057036645}",2.4660276716341527,True,2023-08-26,1.4523211567946275,1.776328124390301,normal,ETH-USD,766,0.18878368299301398,0.05456257331242147,,-0.12122686527244073,2023-08-25,2022-04-13,4.17748142512257,5.858065096504436
-0.6783869926657364,0.6783869926657364,4.966634913138344,6.38003228553743,False,False,2656.1387650074666,2668.7825893027334,0,null,-1325.0693825037333,"{""alpha[1]"": 0.16007882602108445, ""beta[1]"": 0.8116053390653191, ""omega"": 0.5778039620974642}",2.345882254019257,True,2023-08-27,1.405375812122613,1.7285749562743282,normal,ETH-USD,767,0.23323867347294222,0.0626347872992201,,-0.12775354286843413,2023-08-26,2022-04-14,3.986386476793104,5.585091737256269
0.3054812116418204,-0.3054812116418204,4.7891486710933595,6.152973865168015,False,False,2654.7551142735074,2667.398938568774,0,null,-1324.3775571367537,"{""alpha[1]"": 0.16043910134204598, ""beta[1]"": 0.811826342166247, ""omega"": 0.5706043431805549}",2.263604972558793,True,2023-08-28,1.3688503147704303,1.6922706730872865,normal,ETH-USD,768,0.17688996702578716,0.05080433106997449,,-0.11998170305884219,2023-08-27,2022-04-15,3.8432805521575606,5.385914318639266
-4.569933417684706,4.569933417684706,4.594906633608886,5.9014119095416575,False,False,2654.275968843511,2666.9197931387775,0,null,-1324.1379844217554,"{""alpha[1]"": 0.15894244775572472, ""beta[1]"": 0.8140337972957562, ""omega"": 0.5538651918775447}",2.1684684020537532,True,2023-08-29,1.3277486886232905,1.650675500345113,normal,ETH-USD,769,0.412936281087497,0.09736524362744652,,-0.12197908801744801,2023-08-28,2022-04-16,3.6887922040652272,5.166590945059936
1.4331940598319366,-1.4331940598319366,5.916573000489932,7.611386258091367,False,False,2658.0714014348646,2670.7152257301314,0,null,-1326.0357007174323,"{""alpha[1]"": 0.15482407665589015, ""beta[1]"": 0.8164069305143058, ""omega"": 0.5711337472977868}",2.812961466126995,True,2023-08-30,1.5790914162608232,1.9044095275436534,normal,ETH-USD,770,0.16539785837433496,0.052249742239363225,,-0.11424135728491434,2023-08-29,2022-04-17,4.741151227318633,6.658168283768255
3.550204918700998,-3.550204918700998,5.664727386261507,7.286470890269247,False,False,2657.5892128407404,2670.233037136007,0,null,-1325.7946064203702,"{""alpha[1]"": 0.15231763901961634, ""beta[1]"": 0.8193479842069876, ""omega"": 0.5551565281525151}",2.6916841511918066,True,2023-08-31,1.5357064210238431,1.8608392233494908,normal,ETH-USD,771,0.04948887669140274,0.028241447978469027,,-0.11255601383341399,2023-08-30,2022-04-18,4.539982452529052,6.374349716547898
1.0474907136423774,-1.0474907136423774,6.058270015220832,7.791650381354625,False,False,2658.4989799967266,2671.1428042919933,0,null,-1326.2494899983633,"{""alpha[1]"": 0.151533276564037, ""beta[1]"": 0.8202611045351675, ""omega"": 0.5526477556440557}",2.876973114416196,True,2023-09-01,1.6029898085873073,1.9279303770069736,normal,ETH-USD,772,0.19043048367534984,0.0576925030001242,,-0.1239007252600179,2023-08-31,2022-04-19,4.856100387149371,6.816741013654792
-0.522686023050414,0.522686023050414,5.743922294490408,7.383990622761774,False,False,2658.02977789331,2670.6736021885768,0,null,-1326.014888946655,"{""alpha[1]"": 0.14857773101934113, ""beta[1]"": 0.8235134274469001, ""omega"": 0.5358403246866376}",2.722098725951556,True,2023-09-02,1.5501149130702592,1.8743915808654754,normal,ETH-USD,773,0.25645771872611517,0.0698424899626759,,-0.12901438917048635,2023-09-01,2022-04-20,4.606468351471885,6.461562973217171
0.055464426985879,-0.055464426985879,5.450103698937564,7.005153598250303,False,False,2657.324976822694,2669.968801117961,0,null,-1325.662488411347,"{""alpha[1]"": 0.14645678705536963, ""beta[1]"": 0.8257997875427341, ""omega"": 0.5224100258295726}",2.5809896311892593,True,2023-09-03,1.4977502886816523,1.8217936655149853,normal,ETH-USD,774,0.21580745298197665,0.06075078645092326,,-0.12626333063961218,2023-09-02,2022-04-21,4.371613486625408,6.1305430720782
0.39576611944638795,-0.39576611944638795,5.171979566538035,6.647498236442904,False,False,2655.8760790667166,2668.5199033619833,0,null,-1324.9380395333583,"{""alpha[1]"": 0.14539144287125752, ""beta[1]"": 0.8270505041786235, ""omega"": 0.5128839314397342}",2.4489879002170474,True,2023-09-04,1.4453946980210093,1.769399690977763,normal,ETH-USD,775,0.1876440684957755,0.05421852535104901,,-0.12042085932961406,2023-09-03,2022-04-22,4.1486474893618945,5.817618654551285
-0.2435658772680702,0.2435658772680702,4.937284574626858,6.344464067644716,False,False,2654.735870497926,2667.379694793193,0,null,-1324.367935248963,"{""alpha[1]"": 0.14416385941026427, ""beta[1]"": 0.8283604541998156, ""omega"": 0.5028697861180664}",2.335562146466421,True,2023-09-05,1.3991489333408764,1.7228371214520726,normal,ETH-USD,776,0.21024571836174846,0.05796586533771533,,-0.11969062238103693,2023-09-04,2022-04-23,3.961348489966895,5.553020656503458
0.08433104455120222,-0.08433104455120222,4.735139797358943,6.083945658011942,False,False,2653.3547806392917,2665.9986049345584,0,null,-1323.6773903196458,"{""alpha[1]"": 0.14341664116984376, ""beta[1]"": 0.829207681882059, ""omega"": 0.4943765482475493}",2.238676676787834,True,2023-09-06,1.3574560268073128,1.680962620255174,normal,ETH-USD,777,0.18576785755577271,0.052410024274395096,,-0.11739274428051531,2023-09-05,2022-04-24,3.799688195666653,5.3253334719907075
-0.9357779924425148,0.9357779924425148,4.549993956305786,5.844977607494948,False,False,2651.774886860748,2664.418711156015,0,null,-1322.887443430374,"{""alpha[1]"": 0.1427777786565858, ""beta[1]"": 0.8299345721908544, ""omega"": 0.48606390800296045}",2.1493454182762863,True,2023-09-07,1.3177358149680916,1.6409730770951887,normal,ETH-USD,778,0.22938241167678416,0.060524147710988664,,-0.11651163426988533,2023-09-06,2022-04-25,3.6518702410931643,5.116636778656346
0.6980156893670226,-0.6980156893670226,4.474141842093924,5.745809423425664,False,False,2649.986682805263,2662.63050710053,0,null,-1321.9933414026316,"{""alpha[1]"": 0.14224903041524806, ""beta[1]"": 0.8306222997006851, ""omega"": 0.4790044852468374}",2.110646637890727,True,2023-09-08,1.301192278698545,1.6239927498267135,normal,ETH-USD,779,0.1447086539087353,0.043325666195357555,,-0.12048398999423296,2023-09-07,2022-04-26,3.592188767541726,5.030582308902774
0.05963763506381026,-0.05963763506381026,4.326876653474978,5.559161722250227,False,False,2646.1939288712824,2658.837753166549,0,null,-1320.0969644356412,"{""alpha[1]"": 0.1462490250864948, ""beta[1]"": 0.827220537559131, ""omega"": 0.48379947735088974}",2.045281625100201,True,2023-09-09,1.2673271038548317,1.5907743739145013,normal,ETH-USD,780,0.1706299657270326,0.04806446975724035,,-0.10804805042119209,2023-09-08,2022-04-27,3.472236949604459,4.866084610787841
1.1275363335257733,-1.1275363335257733,4.192928821401882,5.38440032382532,False,False,2644.194902326979,2656.8387266222458,0,null,-1319.0974511634895,"{""alpha[1]"": 0.14483813641001672, ""beta[1]"": 0.8290874566453895, ""omega"": 0.47002944387844464}",1.9775414248581165,True,2023-09-10,1.2363215370554217,1.5590497005211432,normal,ETH-USD,781,0.11195293242847228,0.03586741752991166,,-0.11382879697056175,2023-09-09,2022-04-28,3.366594982095217,4.714278086516936
4.115578460125092,-4.115578460125092,4.157778561303275,5.337361396579768,True,False,2642.4904801429343,2655.134304438201,0,null,-1318.2452400714672,"{""alpha[1]"": 0.14290162504718942, ""beta[1]"": 0.8312658882014842, ""omega"": 0.45712577674149923}",1.9578092434995067,True,2023-09-11,4.9604459686351685,1.5504311024377482,normal,ETH-USD,782,0.7370940417456229,0.0055834727134791125,,-0.11938036008041811,2023-09-10,2022-04-29,3.3396899951296994,4.673925731473003
-2.594985110872341,2.594985110872341,5.1723019869317595,6.648279318282513,False,False,2643.998549389533,2656.6423736847996,0,null,-1318.9992746947664,"{""alpha[1]"": 0.13902606434752948, ""beta[1]"": 0.8330354391805392, ""omega"": 0.47586354657015667}",2.449749162242515,True,2023-09-12,1.4454078690381489,1.7694930493590677,normal,ETH-USD,783,0.33718184601509077,0.08413126881182091,,-0.11917301479353719,2023-09-11,2022-04-30,4.148651809429468,5.818141770309743
-0.9723232863109296,0.9723232863109296,5.365188993486848,6.9008226134671675,False,False,2643.1297240858025,2655.7735483810693,0,null,-1318.5648620429013,"{""alpha[1]"": 0.13826827709812806, ""beta[1]"": 0.8333661463354685, ""omega"": 0.4762713081353529}",2.548763516994857,True,2023-09-13,1.481425224531543,1.8064830551013977,normal,ETH-USD,784,0.26362440225777006,0.07009455719178664,,-0.10782184367388643,2023-09-12,2022-05-01,4.300164758844467,6.037132432867728
-1.1738037582867353,1.1738037582867353,5.166210292080309,6.6422406166583405,False,False,2641.276768858297,2653.920593153564,0,null,-1317.6383844291486,"{""alpha[1]"": 0.13536489913600935, ""beta[1]"": 0.8362427394105998, ""omega"": 0.46389202371793303}",2.4498371176002096,True,2023-09-14,1.4439889437669686,1.7684663196145158,normal,ETH-USD,785,0.2658163559955533,0.06985877021861611,,-0.11289989329928128,2023-09-13,2022-05-02,4.142523361624327,5.81207326357487
-0.8973902134002408,0.8973902134002408,5.026419481510694,6.461694343725955,False,False,2639.5388786609283,2652.182702956195,0,null,-1316.7694393304641,"{""alpha[1]"": 0.1334733872981825, ""beta[1]"": 0.8377832707891703, ""omega"": 0.456908684819057}",2.382193355288065,True,2023-09-15,1.4166700367857228,1.7409637812118546,normal,ETH-USD,786,0.24641941657722158,0.06551839398627769,,-0.11263873759891521,2023-09-14,2022-05-03,4.030998118144186,5.654449185227523
0.3917594997768792,-0.3917594997768792,4.864174549438448,6.254114689825976,False,False,2637.361276825697,2650.005101120964,0,null,-1315.6806384128486,"{""alpha[1]"": 0.1327213402351254, ""beta[1]"": 0.8381294026746301, ""omega"": 0.4538407456677871}",2.3069491801513466,True,2023-09-16,1.3837174860356636,1.7082422991545552,normal,ETH-USD,787,0.17542175778296504,0.05080607750259981,,-0.10560092927150917,2023-09-15,2022-05-04,3.900194655436177,5.472367250036855
0.756572244647394,-0.756572244647394,4.684858998567143,6.0189848670772985,False,False,2634.6817900479855,2647.3256143432523,0,null,-1314.3408950239927,"{""alpha[1]"": 0.13125821937448448, ""beta[1]"": 0.839729154804345, ""omega"": 0.44473936468761993}",2.214311601735667,True,2023-09-17,1.3468335180257252,1.6702537955419232,normal,ETH-USD,788,0.15015081612614728,0.04512056940369048,,-0.11737009785470097,2023-09-16,2022-05-05,3.759588567170337,5.268629185016438
-0.8864620331752516,0.8864620331752516,4.524675091461237,5.815502964262005,False,False,2631.4901719108607,2644.1339962061274,0,null,-1312.7450859554303,"{""alpha[1]"": 0.13105696879608053, ""beta[1]"": 0.8401051448920477, ""omega"": 0.439372197717797}",2.1424478769596353,True,2023-09-18,1.3116881362481547,1.6356879481405358,normal,ETH-USD,789,0.2257947805193148,0.059759615132231214,,-0.10542041623950354,2023-09-17,2022-05-06,3.629433577211041,5.089499480047865
-0.37780212778485506,0.37780212778485506,4.4280452144654445,5.692330083330875,False,False,2629.0212512760736,2641.6650755713404,0,null,-1311.5106256380368,"{""alpha[1]"": 0.13272617115140367, ""beta[1]"": 0.8378493529931189, ""omega"": 0.44454016322012435}",2.09839320195017,True,2023-09-19,1.2899401791787413,1.6142016081394184,normal,ETH-USD,790,0.19645072391996113,0.053590573736597036,,-0.0996626816163134,2023-09-18,2022-05-07,3.551212350614364,4.981255245874844
1.2646402792534084,-1.2646402792534084,4.289633826762014,5.515001199556652,False,False,2626.2763284306047,2638.9201527258715,0,null,-1310.1381642153024,"{""alpha[1]"": 0.13473599282775794, ""beta[1]"": 0.8353368725732672, ""omega"": 0.44951820630243744}",2.0337999989443025,True,2023-09-20,1.2580860955616284,1.5825060996143954,normal,ETH-USD,791,0.10875757732675213,0.03561174545545949,,-0.09448852103101255,2023-09-19,2022-05-08,3.439791825788449,4.825814824799354
2.4061803464431697,-2.4061803464431697,4.249971502978429,5.4657050726921295,False,False,2623.508222307676,2636.152046602943,0,null,-1308.754111153838,"{""alpha[1]"": 0.13612470913469213, ""beta[1]"": 0.8336163162287951, ""omega"": 0.45269095291288125}",2.0178103217822976,True,2023-09-21,1.2485202256946804,1.5733916095698972,normal,ETH-USD,792,0.05003152944789824,0.023757567149701488,,-0.08780830911740393,2023-09-20,2022-05-09,3.4068109354011336,4.781937061413316
-0.5640355844185039,0.5640355844185039,4.486903335998001,5.777117417071626,False,False,2619.5175634735924,2632.161387768859,0,null,-1306.7587817367962,"{""alpha[1]"": 0.13460362208299737, ""beta[1]"": 0.8360805857185792, ""omega"": 0.44388666807352967}",2.1414291378926977,True,2023-09-22,1.3017344122699308,1.6282957850520776,normal,ETH-USD,793,0.20780615478190123,0.05615494733661446,,-0.06975002689714847,2023-09-21,2022-05-10,3.5920875112195167,5.051459149242937
-0.03699113172249491,0.03699113172249491,4.357686375383788,5.607989187622372,False,False,2616.8663837691583,2629.510208064425,0,null,-1305.4331918845792,"{""alpha[1]"": 0.1347875219673491, ""beta[1]"": 0.8358328594947319, ""omega"": 0.44090964760709306}",2.0751865233782865,True,2023-09-23,1.2729513310143443,1.5987977440120682,normal,ETH-USD,794,0.17637708834733387,0.04941769444266368,,-0.07717255564458875,2023-09-22,2022-05-11,3.4905506352241793,4.904778312543869
0.8192535314077576,-0.8192535314077576,4.1835485047192815,5.390199022986168,False,False,2609.4142787473074,2622.058103042574,0,null,-1301.7071393736537,"{""alpha[1]"": 0.13910483542485816, ""beta[1]"": 0.8335002884583568, ""omega"": 0.4382354972618963}",2.0027347530727995,True,2023-09-24,1.2311236211630772,1.5586761213115343,normal,ETH-USD,795,0.12637169352607983,0.03892286083186658,,-0.052481879515796456,2023-09-23,2022-05-12,3.3466874019293518,4.711539614594412
-0.47138405660017213,0.47138405660017213,4.084497927484123,5.264936663297519,False,False,2606.5044425417,2619.1482668369667,0,null,-1300.25222127085,"{""alpha[1]"": 0.13966213332574004, ""beta[1]"": 0.8334375098737022, ""omega"": 0.4328690727090686}",1.959229821972295,True,2023-09-25,1.206762388061457,1.5349674940592868,normal,ETH-USD,796,0.18685999080770843,0.05072403668554216,,-0.043169480851376646,2023-09-24,2022-05-13,3.2658157595539934,4.601019611954039
-0.32022504503681615,0.32022504503681615,3.9798270322003018,5.1284184874749625,False,False,2604.3451665074217,2616.9889908026885,0,null,-1299.1725832537109,"{""alpha[1]"": 0.13912668919670557, ""beta[1]"": 0.8342416298823879, ""omega"": 0.4244581557275602}",1.9063713890124405,True,2023-09-26,1.1810802165526542,1.508831569500522,normal,ETH-USD,797,0.17517286453945338,0.04802638425216815,,-0.047530352218619835,2023-09-25,2022-05-14,3.183232245752248,4.482413380179995
-0.25534905067319286,0.25534905067319286,3.876416481428898,4.9937882552858515,False,False,2602.1062106658746,2614.7500349611414,0,null,-1298.0531053329373,"{""alpha[1]"": 0.13910860915991805, ""beta[1]"": 0.8344895458189595, ""omega"": 0.41757657030640866}",1.854554611902108,True,2023-09-27,1.1549990109320492,1.4823492179496007,normal,ETH-USD,798,0.16784114308382073,0.04620691160600758,,-0.05100293123645668,2023-09-26,2022-05-15,3.1014738110032187,4.365342109927561
-3.4086442850481307,3.4086442850481307,3.7844686565162706,4.872645329448306,False,False,2599.3657596872413,2612.009583982508,0,null,-1296.6828798436206,"{""alpha[1]"": 0.13907383062368311, ""beta[1]"": 0.8350456606704669, ""omega"": 0.40894877556775566}",1.8060981264851192,True,2023-09-28,1.131486567505711,1.4580325414430457,normal,ETH-USD,799,0.32192091292138464,0.07669263741306188,,-0.05900691940024861,2023-09-27,2022-05-16,3.0297739733795557,4.260619456258051
-0.9070790717855807,0.9070790717855807,4.604903720009167,5.938162009514009,False,False,2599.509405098991,2612.153229394258,0,null,-1296.7547025494955,"{""alpha[1]"": 0.1385161488601146, ""beta[1]"": 0.8334319166502296, ""omega"": 0.43500414175463753}",2.212871639958273,True,2023-09-29,1.3263208794243324,1.6551202271834131,normal,ETH-USD,800,0.22936570308231394,0.06095373353825059,,-0.040385046897276886,2023-09-28,2022-05-17,3.6802349898606943,5.1882942820394735
-0.19274729660440623,0.19274729660440623,4.47576847794696,5.769914561387244,False,False,2597.4563707603897,2610.1001950556565,0,null,-1295.7281853801949,"{""alpha[1]"": 0.13722958660632295, ""beta[1]"": 0.8348077837845279, ""omega"": 0.42717787291079934}",2.14795526759609,True,2023-09-30,1.2981442712305236,1.626508134105876,normal,ETH-USD,801,0.18854864732814114,0.05234792104434865,,-0.04515363752346495,2023-09-29,2022-05-18,3.5782256499584135,5.042044807830454
-3.6802432171211574,3.6802432171211574,4.28092194917939,5.523336980696059,False,False,2592.645854827604,2605.289679122871,0,null,-1293.322927413802,"{""alpha[1]"": 0.13919143308340912, ""beta[1]"": 0.83383363968245, ""omega"": 0.4243232967169309}",2.0620948018423064,True,2023-10-01,1.252888097438201,1.582469094532454,normal,ETH-USD,802,0.35497499610870187,0.0850480566658246,,-0.027412591124777903,2023-09-30,2022-05-19,3.4192567050528733,4.824562449461296
4.132104720355848,-4.132104720355848,5.076656320964297,6.550629014223646,True,False,2593.02881235173,2605.6726366469966,0,null,-1293.514406175865,"{""alpha[1]"": 0.14083230526617244, ""beta[1]"": 0.8310195051084536, ""omega"": 0.44579296122184}",2.44642196989294,True,2023-10-02,1.72942765022671,1.7530068075098835,normal,ETH-USD,803,0.07382286507384185,0.015895142194099845,,-0.030390391098583686,2023-10-01,2022-05-20,4.054396441330751,5.721618939765831
0.418147543903953,-0.418147543903953,5.829545640587481,7.522691344796187,False,False,2594.088596862058,2606.7324211573246,0,null,-1294.044298431029,"{""alpha[1]"": 0.14355160775180006, ""beta[1]"": 0.8275465257551781, ""omega"": 0.46314952963784217}",2.8101937491437705,True,2023-10-03,1.5615056525913649,1.8913362797482125,normal,ETH-USD,804,0.21185664197314266,0.061522637127108384,,-0.03292300265131612,2023-10-02,2022-05-21,4.655280383366803,6.570411256614786
0.5354813985898335,-0.5354813985898335,5.4679918559940655,7.0548944775956,False,False,2592.799296671686,2605.443120966953,0,null,-1293.399648335843,"{""alpha[1]"": 0.13992294010128414, ""beta[1]"": 0.8309504104399168, ""omega"": 0.4502804565700344}",2.633857096078244,True,2023-10-04,1.4976343616045025,1.8272100929118111,normal,ETH-USD,805,0.19159645447677487,0.056268875481683314,,-0.035101090769155865,2023-10-03,2022-05-22,4.367410488125327,6.162368946758161
2.231340536292127,-2.231340536292127,5.178680796733976,6.678768592674897,False,False,2590.997543857712,2603.641368152979,0,null,-1292.498771928856,"{""alpha[1]"": 0.13695989836118425, ""beta[1]"": 0.8338415591288247, ""omega"": 0.4389344480987813}",2.489766437017995,True,2023-10-05,1.443655219217442,1.7726082368724274,normal,ETH-USD,806,0.09534842486468975,0.036037300007177545,,-0.04300767939482649,2023-10-04,2022-05-23,4.13830903358592,5.835070537009878
-2.1094951513917115,2.1094951513917115,5.197555695466826,6.703918978122656,False,False,2589.6978406426533,2602.34166493792,0,null,-1291.8489203213267,"{""alpha[1]"": 0.13621981974199082, ""beta[1]"": 0.8343004801395099, ""omega"": 0.4372917260843451}",2.5001821581784562,True,2023-10-06,1.4471854987615589,1.7763143192082458,normal,ETH-USD,807,0.3131163389500739,0.0796618653647558,,-0.04039793669056712,2023-10-05,2022-05-24,4.1528316276097605,5.8566913850838604
0.6901935999914013,-0.6901935999914013,5.199770393239674,6.707811798948276,False,False,2588.6046419431746,2601.2484662384413,0,null,-1291.3023209715873,"{""alpha[1]"": 0.13538311131764189, ""beta[1]"": 0.8346535208860388, ""omega"": 0.4362387327851586}",2.502967418124763,True,2023-10-07,1.447473296837667,1.7768274651990654,normal,ETH-USD,808,0.17318444394762056,0.051694467750565694,,-0.03686744309993107,2023-10-06,2022-05-25,4.153882478943809,5.859640375047966
0.05891238732646649,-0.05891238732646649,4.956381223458987,6.3939444923141195,False,False,2586.693710110588,2599.337534405855,0,null,-1290.346855055294,"{""alpha[1]"": 0.13334319780977885, ""beta[1]"": 0.8363941147787521, ""omega"": 0.4290598399788603}",2.385991531675886,True,2023-10-08,1.3995193487845707,1.7288985617913664,normal,ETH-USD,809,0.19502301849464967,0.055264998723340626,,-0.034765932466876835,2023-10-07,2022-05-26,3.9593727572194566,5.585412259660524
3.3452233451875424,-3.3452233451875424,4.71410563729798,6.085261730657549,False,False,2583.211269567527,2595.8550938627936,0,null,-1288.6056347837634,"{""alpha[1]"": 0.13416427141009252, ""beta[1]"": 0.8357317532262142, ""omega"": 0.42810686030560574}",2.275772411719437,True,2023-10-09,1.348834333298989,1.679140154847869,normal,ETH-USD,810,0.02089649485087541,0.019688557032890033,,-0.019840736672235012,2023-10-08,2022-05-27,3.76315324220505,5.314079048476544
0.7684582682832717,-0.7684582682832717,5.178396643770655,6.6858298328017876,False,False,2582.804367466226,2595.4481917614926,0,null,-1288.402183733113,"{""alpha[1]"": 0.1338980676830767, ""beta[1]"": 0.8355559450963913, ""omega"": 0.4331481310150511}",2.501957932230608,True,2023-10-10,1.4426055587360587,1.7731804467847647,normal,ETH-USD,811,0.16822361420700183,0.05069542221414809,,-0.017575973113783984,2023-10-09,2022-05-28,4.132930552423305,5.838000489698077
0.09306107850499913,-0.09306107850499913,4.94425752549769,6.381743996027461,False,False,2580.877241525578,2593.521065820845,0,null,-1287.438620762789,"{""alpha[1]"": 0.1303510996481718, ""beta[1]"": 0.8389916251049463, ""omega"": 0.42042677529150085}",2.3858640658746033,True,2023-10-11,1.396587795093411,1.726753624304211,normal,ETH-USD,812,0.19271206217542183,0.0548019387873923,,-0.022905159846405166,2023-10-10,2022-05-29,3.9473023220134325,5.573254957244225
1.7156552996221823,-1.7156552996221823,4.714860714751847,6.083517555271519,False,False,2578.5754166166057,2591.2192409118725,0,null,-1286.2877083083029,"{""alpha[1]"": 0.1265591429412489, ""beta[1]"": 0.8428387315138286, ""omega"": 0.4059291573132062}",2.2716242839530256,True,2023-10-12,1.3493944323688405,1.679048217392923,normal,ETH-USD,813,0.10249931766530254,0.035980852343685456,,-0.029152210397056316,2023-10-11,2022-05-30,3.7656416529282315,5.313740533990725
-0.8071359477739888,0.8071359477739888,4.714597062334792,6.076512849532573,False,False,2574.5538514905047,2587.1976757857715,0,null,-1284.2769257452524,"{""alpha[1]"": 0.13421328297342036, ""beta[1]"": 0.8352527062420988, ""omega"": 0.42742129456543027}",2.260435839945677,True,2023-10-13,1.3503188950819918,1.6783742084844788,normal,ETH-USD,814,0.22885945711648878,0.061176631631673806,,-0.05196710473003849,2023-10-12,2022-05-31,3.770053194555783,5.310527215393386
-0.20386263884976846,0.20386263884976846,4.5512711251813425,5.8675575444415875,False,False,2572.4945382063297,2585.1383625015965,0,null,-1283.2472691031649,"{""alpha[1]"": 0.12907348895124113, ""beta[1]"": 0.8405827015237404, ""omega"": 0.4079178294733418}",2.184702626769335,True,2023-10-14,1.314825664107591,1.6432663322143042,normal,ETH-USD,815,0.1921117857325421,0.053310979863951766,,-0.04485703634912083,2023-10-13,2022-06-01,3.63837307580107,5.127235347545403
-0.18070630375026653,0.18070630375026653,4.36591098453997,5.631860028921867,False,False,2569.3396772299025,2581.9835015251692,0,null,-1281.6698386149512,"{""alpha[1]"": 0.12987815641733533, ""beta[1]"": 0.8398454530523248, ""omega"": 0.40676738701528714}",2.101155312512912,True,2023-10-15,1.2727263340481372,1.6020142473173653,normal,ETH-USD,816,0.1834315125591403,0.05100555508901621,,-0.03183101085731892,2023-10-14,2022-06-02,3.4879239474325363,4.91984920515135
-2.6889749374948724,2.6889749374948724,4.213801103949597,5.435087681197225,False,False,2567.0244940820494,2579.668318377316,0,null,-1280.5122470410247,"{""alpha[1]"": 0.12242852177877772, ""beta[1]"": 0.8476303135979597, ""omega"": 0.37965146741408046}",2.027026910184585,True,2023-10-16,1.237356149200589,1.5664947659828075,normal,ETH-USD,817,0.3027882118894939,0.07437171415776012,,-0.0326267351496493,2023-10-15,2022-06-03,3.366789300295,4.748196478281132
2.217084910324277,-2.217084910324277,4.522192577961073,5.837041043915857,False,False,2566.007942728047,2578.651767023314,0,null,-1280.0039713640235,"{""alpha[1]"": 0.11721598543681641, ""beta[1]"": 0.8524410474437201, ""omega"": 0.370047774720749}",2.182315987875516,True,2023-10-17,1.3073468189742434,1.6375307915535995,normal,ETH-USD,818,0.0696603448614489,0.02880442688297296,,-0.020701439742026397,2023-10-16,2022-06-04,3.6102918075532537,5.0975275986215705
0.10799583659634429,-0.10799583659634429,4.620814451914987,5.96230769179602,False,False,2564.3590195869165,2577.0028438821832,0,null,-1279.1795097934582,"{""alpha[1]"": 0.11176103560302947, ""beta[1]"": 0.8576917887167647, ""omega"": 0.356058879905897}",2.226539575336872,True,2023-10-18,1.3292255197911533,1.658912753033598,normal,ETH-USD,819,0.17912193064464899,0.05099812524401866,,-0.02810275344547609,2023-10-17,2022-06-05,3.690434449489321,5.2078083609982055
-0.23678759276244743,0.23678759276244743,4.441364185882022,5.730261923564607,False,False,2561.56588068389,2574.209704979157,0,null,-1277.782940341945,"{""alpha[1]"": 0.10737626924196314, ""beta[1]"": 0.8618532658914987, ""omega"": 0.3429241868976176}",2.13924434070718,True,2023-10-19,1.289693938518094,1.6192542984646274,normal,ETH-USD,820,0.18921244457138053,0.052421316027380434,,-0.028717485917543206,2023-10-18,2022-06-06,3.5474612986651595,5.005344009975591
-2.3461596697494533,2.3461596697494533,4.298579368474704,5.544184632861241,False,False,2558.534600294146,2571.1784245894128,0,null,-1276.267300147073,"{""alpha[1]"": 0.10547179244976877, ""beta[1]"": 0.8633637956368712, ""omega"": 0.33737027068702646}",2.0673897817409244,True,2023-10-20,1.2573163789522948,1.5863885451590063,normal,ETH-USD,821,0.28904306190680745,0.07189775480883935,,-0.03414798756771825,2023-10-19,2022-06-07,3.43470156838669,4.843615811134475
-1.5237024254488953,1.5237024254488953,4.4683343537862354,5.766333287865949,False,False,2556.62383887433,2569.2676631695967,0,null,-1275.311919437165,"{""alpha[1]"": 0.10616384248812502, ""beta[1]"": 0.861399550304583, ""omega"": 0.34748007672899456}",2.1543500254461625,True,2023-10-21,1.2955502737192113,1.6254331173894316,normal,ETH-USD,822,0.2545910921485752,0.065599989915299,,-0.024528964444487975,2023-10-20,2022-06-08,3.5681194175226048,5.036296566080999
-2.0728493098708096,2.0728493098708096,4.444079023215343,5.7365464439328315,False,False,2553.941615605968,2566.5854399012346,0,null,-1273.970807802984,"{""alpha[1]"": 0.10739037793648977, ""beta[1]"": 0.8589424706107033, ""omega"": 0.35652199277597946}",2.1451691119340013,True,2023-10-22,1.2898708831114334,1.6201390285421406,normal,ETH-USD,823,0.2810274862909736,0.07082470134636305,,-0.01921122175974744,2023-10-21,2022-06-09,3.547700415948658,5.00962082476549
-5.94857936529033,5.94857936529033,4.5336579630963705,5.853623723780492,False,False,2551.6164918000773,2564.260316095344,0,null,-1272.8082459000386,"{""alpha[1]"": 0.10975019994016876, ""beta[1]"": 0.8549999268372662, ""omega"": 0.37178342526722935}",2.190809403194213,True,2023-10-23,1.3096061098937417,1.6402349272814774,normal,ETH-USD,824,0.4783393753206849,0.11059811511159848,,-0.0146473483199678,2023-10-22,2022-06-10,3.618208141123359,5.111232145869508
-1.0735751105920457,1.0735751105920457,6.066657709041721,7.842096898835805,False,False,2555.288636692644,2567.932460987911,0,null,-1274.644318346322,"{""alpha[1]"": 0.11549474821947348, ""beta[1]"": 0.8458588933793595, ""omega"": 0.42549565417174967}",2.9467801269211997,True,2023-10-24,1.5998395408774058,1.9321723815248046,normal,ETH-USD,825,0.29544468452599554,0.07917107394453989,,0.011703399666995476,2023-10-23,2022-06-11,4.8353185799278595,6.843532283861936
-0.16574582022232173,0.16574582022232173,5.7172260136940585,7.396180286319628,False,False,2552.35089528756,2564.9947195828267,0,null,-1273.17544764378,"{""alpha[1]"": 0.11208238089293616, ""beta[1]"": 0.8491324464215326, ""omega"": 0.4163243157748354}",2.786639561085885,True,2023-10-25,1.5398145119875686,1.8732898997101044,normal,ETH-USD,826,0.23592744552081174,0.0661762774000791,,0.03081109886466708,2023-10-24,2022-06-12,4.552803090193909,6.451881919785583
-0.9267512484962146,0.9267512484962146,5.40937002996075,7.001816427401891,False,False,2549.315802398268,2561.9596266935346,0,null,-1271.657901199134,"{""alpha[1]"": 0.11212534139660373, ""beta[1]"": 0.8479621927040433, ""omega"": 0.42198430701991363}",2.643058362202233,True,2023-10-26,1.4839635422988833,1.8182537221146289,normal,ETH-USD,827,0.2615847538532792,0.07032924145627856,,0.04250030474339625,2023-10-25,2022-06-13,4.304943828569365,6.106172897131635
1.3389403528757016,-1.3389403528757016,5.07916813934294,6.586346174573435,False,False,2542.5570067896315,2555.2008310848983,0,null,-1268.2785033948157,"{""alpha[1]"": 0.10337251286399284, ""beta[1]"": 0.8617211919291936, ""omega"": 0.3678854772659085}",2.5015344414383844,True,2023-10-27,1.4193482188880582,1.756295239986744,normal,ETH-USD,828,0.13474693273176516,0.0439971998537148,,0.08077899143294982,2023-10-26,2022-06-14,4.033879007511002,5.738660338247178
0.19271573523490093,-0.19271573523490093,4.973906407559511,6.449213815828486,False,False,2540.139061003506,2552.7828852987727,0,null,-1267.069530501753,"{""alpha[1]"": 0.10734622077346419, ""beta[1]"": 0.8559389060382089, ""omega"": 0.38731243716856195}",2.4486372593199612,True,2023-10-28,1.3984948711267413,1.7352974727246941,normal,ETH-USD,829,0.18790025568331992,0.05426737319101632,,0.07692902817965463,2023-10-27,2022-06-15,3.9507208489012964,5.619453054336528
-1.0597516331383812,1.0597516331383812,4.775940686057341,6.1922817945184,False,False,2537.360441402556,2550.0042656978226,0,null,-1265.680220701278,"{""alpha[1]"": 0.1104342186573902, ""beta[1]"": 0.8512845043796119, ""omega"": 0.402466848167602}",2.3507681115446437,True,2023-10-29,1.3579162842867367,1.6946602419306451,normal,ETH-USD,830,0.24267011412143077,0.06455437226687431,,0.07301880510584015,2023-10-28,2022-06-16,3.79365064929023,5.395685593549044
-0.8066641406514313,0.8066641406514313,4.587670617057597,5.958055715551307,False,False,2531.2055355086177,2543.8493598038845,0,null,-1262.6027677543088,"{""alpha[1]"": 0.1094911274971326, ""beta[1]"": 0.854746544770393, ""omega"": 0.3836316975760386}",2.274492755191785,True,2023-10-30,1.3162045935185276,1.6553816943625037,normal,ETH-USD,831,0.22219585394220703,0.05993970806553791,,0.10395471965934945,2023-10-29,2022-06-17,3.6372529381927055,5.187306665902354
-0.3513185675472777,0.3513185675472777,4.437371977845604,5.763308289811732,False,False,2528.8130817588562,2541.456906054123,0,null,-1261.4065408794281,"{""alpha[1]"": 0.1113896434801378, ""beta[1]"": 0.8517634969954795, ""omega"": 0.39248372916881946}",2.2007190086404123,True,2023-10-31,1.2828246316243224,1.6221155667566665,normal,ETH-USD,832,0.19345499519042464,0.05368877247657154,,0.10207930700201873,2023-10-30,2022-06-18,3.5177813362612116,5.017558680109872
-1.6722284451424998,1.6722284451424998,4.254064767903445,5.531884217819248,False,False,2525.070665179062,2537.7144894743287,0,null,-1259.535332589531,"{""alpha[1]"": 0.1097800808110077, ""beta[1]"": 0.8541805424730902, ""omega"": 0.3814184672009664}",2.120857184211408,True,2023-11-01,1.2395519158812998,1.5806112448686669,normal,ETH-USD,833,0.2520036783987582,0.06485425537913397,,0.120654508863561,2023-10-31,2022-06-19,3.3678451228326596,4.813197092770891
2.5479687336297383,-2.5479687336297383,4.27500875646851,5.552531271486296,False,False,2517.9694149741654,2530.613239269432,0,null,-1255.9847074870827,"{""alpha[1]"": 0.11207612127759156, ""beta[1]"": 0.8538939709511398, ""omega"": 0.37495751678589795}",2.1203643473620843,True,2023-11-02,1.2455319065070918,1.5848498434374654,normal,ETH-USD,834,0.04205131570849962,0.022860424186306575,,0.09869393941738559,2023-11-01,2022-06-20,3.38899504779973,4.834011152260394
-1.7710624806014197,1.7710624806014197,4.523910541702544,5.87264746296222,False,False,2517.570935777844,2530.214760073111,0,null,-1255.785467888922,"{""alpha[1]"": 0.11228409162091692, ""beta[1]"": 0.8529372831944982, ""omega"": 0.38086988910925557}",2.2385622548265665,True,2023-11-03,1.3026079318620227,1.641134945294008,normal,ETH-USD,835,0.26797846164393263,0.06885136531294363,,0.09360049173091552,2023-11-02,2022-06-21,3.5885067522772283,5.114074050692937
-1.3496199442146435,1.3496199442146435,4.497359579934496,5.839521974166377,False,False,2516.2704582126735,2528.9142825079402,0,null,-1255.1352291063367,"{""alpha[1]"": 0.11276793975324625, ""beta[1]"": 0.8518356424720057, ""omega"": 0.38427983242000274}",2.2276502023604605,True,2023-11-04,1.2965147776884018,1.635378823420047,normal,ETH-USD,836,0.2458067718012749,0.0643426623346162,,0.09764302312093376,2023-11-03,2022-06-22,3.5665154918108506,5.084646289246972
-1.9435848051120739,1.9435848051120739,4.388513992342724,5.703614198745126,False,False,2513.292923643527,2525.936747938794,0,null,-1253.6464618217635,"{""alpha[1]"": 0.11293064846938565, ""beta[1]"": 0.8519583657594337, ""omega"": 0.38165196806343205}",2.182733813364809,True,2023-11-05,1.2711582789388562,1.6114182304471525,normal,ETH-USD,837,0.2710011717415206,0.0690754397156597,,0.11383899986439075,2023-11-04,2022-06-23,3.4764386297183334,4.96395916645389
-0.299404246326716,0.299404246326716,4.434096950325077,5.758748521522643,False,False,2509.2568722613005,2521.9006965565673,0,null,-1251.6284361306502,"{""alpha[1]"": 0.1145076471463989, ""beta[1]"": 0.8509672854162993, ""omega"": 0.3821506124168639}",2.198586663817336,True,2023-11-06,1.2821341848654844,1.621347101117728,normal,ETH-USD,838,0.19074007874639182,0.0531312573804676,,0.10095591954596497,2023-11-05,2022-06-24,3.515397328601117,5.013721491720039
0.6184419143133392,-0.6184419143133392,4.28773994500749,5.5657011198871595,False,False,2505.1713396323876,2517.8151639276543,0,null,-1249.5856698161938,"{""alpha[1]"": 0.11613056224676895, ""beta[1]"": 0.849886432740486, ""omega"": 0.3813046619391508}",2.1210924118156065,True,2023-11-07,1.249049958310684,1.587480773427564,normal,ETH-USD,839,0.13914900468047164,0.042284923698066836,,0.08746453875137664,2023-11-06,2022-06-25,3.4014220079227693,4.846934284120019
-0.06343544458923944,0.06343544458923944,4.165743131699349,5.406923518993187,False,False,2503.783424017196,2516.427248312463,0,null,-1248.891712008598,"{""alpha[1]"": 0.11466168003225895, ""beta[1]"": 0.8515905663594194, ""omega"": 0.37280873270333575}",2.060045604617996,True,2023-11-08,1.2202547288859842,1.5585717022143428,normal,ETH-USD,840,0.16841848040175111,0.047722788363239274,,0.08353932099556889,2023-11-07,2022-06-26,3.30493416344578,4.708843391734684
-11.546245290568118,11.546245290568118,4.013650311734552,5.212528584025664,False,False,2501.618524613071,2514.2623489083376,0,null,-1247.8092623065354,"{""alpha[1]"": 0.11432713555005747, ""beta[1]"": 0.8522009182917538, ""omega"": 0.36709384522822025}",1.9898347900019095,True,2023-11-09,1.1825403978661573,1.521705963434346,normal,ETH-USD,841,0.7364212433755378,0.16084485829555342,,0.09080739442623514,2023-11-08,2022-06-27,3.1821795769426267,4.53824053898721
2.0135351256461957,-2.0135351256461957,8.59542934925859,11.139652902553124,False,False,2530.356115738118,2542.999940033385,0,null,-1262.178057869059,"{""alpha[1]"": 0.1018224788478639, ""beta[1]"": 0.853551529811647, ""omega"": 0.4977489856076803}",4.2227677795952605,True,2023-11-10,1.9459444775685006,2.28205519874265,normal,ETH-USD,842,0.240868596977632,0.07695163888141159,,0.11492783284224856,2023-11-09,2022-06-28,6.830907065198831,9.708699013787347
1.2382586356695704,-1.2382586356695704,8.083740502173356,10.479781516570617,False,False,2529.5725158921714,2542.216340187438,0,null,-1261.7862579460857,"{""alpha[1]"": 0.09819939335019129, ""beta[1]"": 0.8579632276927259, ""omega"": 0.4807472363812177}",3.9768222336766454,True,2023-11-11,1.8842875261609864,2.2208562932958205,normal,ETH-USD,843,0.25918650933614845,0.078939116606707,,0.11930165241175014,2023-11-10,2022-06-29,6.421988822392535,9.132170296340263
0.3673521486571377,-0.3673521486571377,7.575071874769753,9.824188501249868,False,False,2528.5779771781854,2541.221801473452,0,null,-1261.2889885890927,"{""alpha[1]"": 0.0942631584190703, ""beta[1]"": 0.862723741004725, ""omega"": 0.4625791329823479}",3.732964900255657,True,2023-11-12,1.818943519127124,2.156086168075211,normal,ETH-USD,844,0.28239330359238274,0.08191860175958425,,0.12496263496327081,2023-11-11,2022-06-30,6.015218220504788,8.559212324615556
-0.491574505883015,0.491574505883015,7.082807838696541,9.189630497272901,False,False,2527.6496651632715,2540.2934894585383,0,null,-1260.8248325816357,"{""alpha[1]"": 0.08914262022190741, ""beta[1]"": 0.8689650490680167, ""omega"": 0.43863523319292164}",3.496792893233449,True,2023-11-13,1.7513727099386793,2.0891319769836323,normal,ETH-USD,845,0.3056607665819576,0.08496259571640737,,0.13007164737703963,2023-11-12,2022-07-01,5.621640825756131,8.004685065757714
3.7786727372140088,-3.7786727372140088,6.655748794278972,8.638531890906876,False,False,2526.7367487617544,2539.380573057021,0,null,-1260.3683743808772,"{""alpha[1]"": 0.08301597596903822, ""beta[1]"": 0.8765246384242653, ""omega"": 0.4097267500823002}",3.290918584384767,True,2023-11-14,1.6888715197925368,2.0271387732780877,normal,ETH-USD,846,0.0750967757058794,0.03744677597015297,,0.13247111819569302,2023-11-13,2022-07-02,5.2806082513315955,7.523350334229303
-4.028598697920784,4.028598697920784,6.727226688279006,8.728309792429668,False,False,2526.864978453026,2539.508802748293,0,null,-1260.432489226513,"{""alpha[1]"": 0.07969046894673873, ""beta[1]"": 0.8807091068831508, ""omega"": 0.39403442767061325}",3.3212919696297023,True,2023-11-15,1.6998621628876052,2.0376264935391646,normal,ETH-USD,847,0.46839965226916314,0.11631434415590025,,0.12364479494774497,2023-11-14,2022-07-03,5.33939434746247,7.60283571766923
4.951007443713502,-4.951007443713502,6.771054219837895,8.78689642409403,False,False,2526.940929441451,2539.5847537367176,0,null,-1260.4704647207254,"{""alpha[1]"": 0.07705638966224904, ""beta[1]"": 0.8837051479042771, ""omega"": 0.3841397868563193}",3.3457883438970146,True,2023-11-16,1.7061795853644046,2.0442313612316747,normal,ETH-USD,848,0.021098920021496267,0.02702113908774409,,0.13034624832753697,2023-11-15,2022-07-04,5.372985844143427,7.653121352487909
-0.020354588380111963,0.020354588380111963,7.177677991501521,9.30533872339131,False,False,2526.62219741407,2539.2660217093367,0,null,-1260.311098707035,"{""alpha[1]"": 0.08062855355694801, ""beta[1]"": 0.8793964681044084, ""omega"": 0.39972631463467134}",3.5313788259290444,True,2023-11-17,1.7653914700588738,2.1019884120557806,normal,ETH-USD,849,0.2861206758723141,0.08129027871610137,,0.10654234090285493,2023-11-16,2022-07-05,5.702058929066165,8.108673283230017
-0.10213981767306364,0.10213981767306364,6.7741915140491935,8.78485345701,False,False,2525.2706486974516,2537.9144729927184,0,null,-1259.6353243487258,"{""alpha[1]"": 0.07517052587959419, ""beta[1]"": 0.8857365244515236, ""omega"": 0.37750029878175617}",3.3371904200001654,True,2023-11-18,1.7072687960968076,2.044300481681229,normal,ETH-USD,850,0.2740927838730907,0.07756131750133682,,0.1094739063762332,2023-11-17,2022-07-06,5.379715859788746,7.653991932460612
-2.510860725621316,2.510860725621316,6.4659231913541,8.383962881381354,False,False,2523.3241304899993,2535.967954785266,0,null,-1258.6620652449997,"{""alpha[1]"": 0.07203686424293089, ""beta[1]"": 0.8892258099494522, ""omega"": 0.36540220806315293}",3.1834609001020975,True,2023-11-19,1.6608151840912493,1.9976503114300437,normal,ETH-USD,851,0.38232727769634206,0.09816055843180367,,0.10064237948561447,2023-11-18,2022-07-07,5.135684828305519,7.305195117559042
-0.44776653977165415,0.44776653977165415,6.337665691710416,8.21726959058995,False,False,2521.8883707603663,2534.532195055633,0,null,-1257.9441853801832,"{""alpha[1]"": 0.07015871258861014, ""beta[1]"": 0.8910301801603788, ""omega"": 0.36013378813344077}",3.119667205467172,True,2023-11-20,1.64082254457837,1.9775881704719298,normal,ETH-USD,852,0.2740925324699141,0.07607885902757529,,0.09731180816761813,2023-11-19,2022-07-08,5.0340841096266224,7.160119362985868
4.303052497317202,-4.303052497317202,6.07628491957254,7.880519765137121,False,False,2519.9833940627727,2532.6272183580395,0,null,-1256.9916970313864,"{""alpha[1]"": 0.06786374163471719, ""beta[1]"": 0.8928423172868266, ""omega"": 0.3559677318328564}",2.9945736343834337,True,2023-11-21,1.5984600643869484,1.9356256768373763,normal,ETH-USD,853,0.02609611686387068,0.025627070415952278,,0.10066046909422804,2023-11-20,2022-07-09,4.824974834594615,6.865759538912427
-6.367702350900458,6.367702350900458,6.317653164591358,8.190140669535051,False,False,2519.9904735735017,2532.6342978687685,0,null,-1256.9952367867509,"{""alpha[1]"": 0.06774367694899905, ""beta[1]"": 0.8921701250829764, ""omega"": 0.361459560977544}",3.1078557909473035,True,2023-11-22,1.6377894997969693,1.9743438148266215,normal,ETH-USD,854,0.5693354720700256,0.1350469528371448,,0.09296077928176488,2023-11-21,2022-07-10,5.019007090500043,7.13699293281401
0.10733198761012902,-0.10733198761012902,6.966729883624761,9.034906886128727,False,False,2521.8967745249283,2534.540598820195,0,null,-1257.9483872624642,"{""alpha[1]"": 0.0703013123973561, ""beta[1]"": 0.8883736476627441, ""omega"": 0.3793915613234126}",3.4326508758889025,True,2023-11-23,1.735258145442085,2.0723494256645036,normal,ETH-USD,855,0.2712516606940512,0.07764365038065596,,0.11384304177286093,2023-11-22,2022-07-11,5.532365201491149,7.871697025675718
-0.9143075273879462,0.9143075273879462,6.641934792768843,8.618850242012934,False,False,2519.6699450988035,2532.3137693940703,0,null,-1256.8349725494018,"{""alpha[1]"": 0.06883773543091211, ""beta[1]"": 0.8894079227913715, ""omega"": 0.3780031480028049}",3.281179773389834,True,2023-11-24,1.686976844813238,2.0249459244129424,normal,ETH-USD,856,0.3092585614395675,0.08421276368022522,,0.1261967495366803,2023-11-23,2022-07-12,5.270863701403398,7.506968840634568
-0.1565687497638453,0.1565687497638453,6.362416878815548,8.261452948878537,False,False,2517.4988466285017,2530.1426709237685,0,null,-1255.7494233142509,"{""alpha[1]"": 0.06805413288837779, ""beta[1]"": 0.8892663754569511, ""omega"": 0.3815630580894359}",3.15191969611597,True,2023-11-25,1.6434022998004152,1.9823157683929002,normal,ETH-USD,857,0.26009635235911044,0.07349942187372915,,0.13908824659777724,2023-11-24,2022-07-13,5.045358297418359,7.193373437609063
1.0187400099471922,-1.0187400099471922,6.1250519730119075,7.950751693559452,False,False,2514.8282247007355,2527.4720489960023,0,null,-1254.4141123503678,"{""alpha[1]"": 0.06707658479603215, ""beta[1]"": 0.889878037098396, ""omega"": 0.3803948919404836}",3.0301998993607104,True,2023-11-26,1.6056629801052917,1.9441173337144733,normal,ETH-USD,858,0.192005755809856,0.0590517891514223,,0.1253801687071426,2023-11-25,2022-07-14,4.8588551261443085,6.923918925089416
1.7537176365216702,-1.7537176365216702,5.942862899406482,7.710799644090885,False,False,2512.2644270275123,2524.908251322779,0,null,-1253.1322135137561,"{""alpha[1]"": 0.06657223809976213, ""beta[1]"": 0.8897807080366409, ""omega"": 0.38198272952458395}",2.93432796506761,True,2023-11-27,1.5758702455420859,1.9136670493424774,normal,ETH-USD,859,0.14815046919596223,0.04962737011186276,,0.10981297556567993,2023-11-26,2022-07-15,4.716727020440912,6.716454647707941
-1.0754134409723857,1.0754134409723857,5.8138525603484075,7.541077042085467,False,False,2510.0956834076565,2522.739507702923,0,null,-1252.0478417038282,"{""alpha[1]"": 0.06803530849055159, ""beta[1]"": 0.8860078356382395, ""omega"": 0.39981444541308}",2.866755902861899,True,2023-11-28,1.5542010187228397,1.8915442790983925,normal,ETH-USD,860,0.28456828644484916,0.07645043384506857,,0.09944155648234564,2023-11-27,2022-07-16,4.615952287924592,6.569629943534465
0.9515964938315388,-0.9515964938315388,5.662847095583269,7.341189059944628,False,False,2507.2018484217906,2519.8456727170574,0,null,-1250.6009242108953,"{""alpha[1]"": 0.06579742083048588, ""beta[1]"": 0.8892750237030927, ""omega"": 0.3866691414376484}",2.785623284192316,True,2023-11-29,1.5283767786811628,1.8649175718286743,normal,ETH-USD,861,0.17736261694407743,0.05445638581616807,,0.08309372961111897,2023-11-28,2022-07-17,4.498848832713084,6.39723507544834
-1.1085004720933924,1.1085004720933924,5.470955369239535,7.093298824276477,False,False,2504.670007654224,2517.3138319494906,0,null,-1249.335003827112,"{""alpha[1]"": 0.06945301030812782, ""beta[1]"": 0.8816581837979396, ""omega"": 0.4204625234943914}",2.6926799181998486,True,2023-11-30,1.4937924635447497,1.8305138033540107,normal,ETH-USD,862,0.27271474086072356,0.07289340690720741,,0.08326998454934001,2023-11-29,2022-07-18,4.3457943451210745,6.180840218627343
-1.6708736688136887,1.6708736688136887,5.364933547340812,6.947319657527787,False,False,2497.1403577307256,2509.7841820259923,0,null,-1245.5701788653628,"{""alpha[1]"": 0.07578007131382768, ""beta[1]"": 0.8760324099083879, ""omega"": 0.43661950816793116}",2.6263608291511966,True,2023-12-01,1.4753243293878797,1.8102510807906853,normal,ETH-USD,863,0.2969179116120566,0.07728208028088537,,0.05249457208518295,2023-11-30,2022-07-19,4.2674845634274385,6.057334359274843
-3.6950872390476017,3.6950872390476017,5.252380203975638,6.80420431908558,False,False,2495.546579539234,2508.1904038345006,0,null,-1244.773289769617,"{""alpha[1]"": 0.07600549321174487, ""beta[1]"": 0.8745947787784475, ""omega"": 0.4430178220289371}",2.575635645067302,True,2023-12-02,1.4537736740466811,1.7892676240044194,normal,ETH-USD,864,0.39356072214823595,0.096264953176764,,0.0604164285773359,2023-12-01,2022-07-20,4.17612720391711,5.931408078628791
-1.2840280682587228,1.2840280682587228,5.478011517110161,7.098767978640986,False,False,2495.473184805933,2508.1170091012,0,null,-1244.7365924029666,"{""alpha[1]"": 0.07528312260485308, ""beta[1]"": 0.8749039860803411, ""omega"": 0.44434132337514576}",2.690045910258454,True,2023-12-03,1.495547208597837,1.8315093807479275,normal,ETH-USD,865,0.2818989602825199,0.07471230017897817,,0.07078063476292287,2023-12-02,2022-07-21,4.353951137391669,6.187201949639089
-2.2324660670672682,2.2324660670672682,5.335396888679853,6.913113281105982,False,False,2493.502725379909,2506.1465496751757,0,null,-1243.7513626899545,"{""alpha[1]"": 0.07554930320408884, ""beta[1]"": 0.8733815543773366, ""omega"": 0.45130496418709654}",2.618610278428258,True,2023-12-04,1.4692781864834998,1.8050612874964136,normal,ETH-USD,866,0.3236826305303849,0.08258220450725647,,0.06604407050470175,2023-12-03,2022-07-22,4.241186543540423,6.025754383658371
-2.23175822520356,2.23175822520356,5.2842726570471,6.849836450971363,False,False,2491.951391017037,2504.595215312304,0,null,-1242.9756955085186,"{""alpha[1]"": 0.0764535314820753, ""beta[1]"": 0.8706463085809811, ""omega"": 0.4644462438492073}",2.598440037756763,True,2023-12-05,1.459260723737569,1.7956780747038517,normal,ETH-USD,867,0.3215124428674922,0.08201070794487761,,0.07556288837385457,2023-12-04,2022-07-23,4.198490632146278,5.9693125692841935
2.748173231451671,-2.748173231451671,5.245698285975924,6.800848433995934,False,False,2490.3829838586744,2503.026808153941,0,null,-1242.1914919293372,"{""alpha[1]"": 0.07770462088760179, ""beta[1]"": 0.8672534781869446, ""omega"": 0.48032717801773384}",2.5811560186949736,True,2023-12-06,1.45179994615998,1.7884359342541938,normal,ETH-USD,868,0.07094826578326523,0.03178008293246029,,0.0784852919610744,2023-12-05,2022-07-24,4.167138547116974,5.926181524697697
-5.488917509905921,5.488917509905921,5.3422396497819715,6.922121217315713,False,False,2489.19074092136,2501.8345652166267,0,null,-1241.59537046068,"{""alpha[1]"": 0.07819852618123425, ""beta[1]"": 0.865428189202612, ""omega"": 0.4899827258042064}",2.6222039216322,True,2023-12-07,1.4705414878567655,1.8063545739404363,normal,ETH-USD,869,0.48677225888720316,0.1152246206503159,,0.0666139632649656,2023-12-06,2022-07-25,4.246527667838133,6.033544555125658
-0.04886632348465541,0.04886632348465541,6.0061495860300464,7.789078198444236,False,False,2489.6366417964955,2502.2804660917623,0,null,-1241.8183208982477,"{""alpha[1]"": 0.07784527933215626, ""beta[1]"": 0.8661709510680645, ""omega"": 0.4958313145092326}",2.959210674734893,True,2023-12-08,1.5869059947001602,1.923981111561075,normal,ETH-USD,870,0.24092412809387767,0.06835167612634833,,0.09785217285830791,2023-12-07,2022-07-26,4.769616238392894,6.786301289150172
0.747109328569743,-0.747109328569743,5.758915477137814,7.469802328370556,False,False,2487.664700110892,2500.308524406159,0,null,-1240.832350055446,"{""alpha[1]"": 0.07890357705593545, ""beta[1]"": 0.8630889622684123, ""omega"": 0.5093998982714005}",2.83963956727133,True,2023-12-09,1.5447087345699968,1.882048757746499,normal,ETH-USD,871,0.19126183429569069,0.05760434714816571,,0.09844542697760211,2023-12-08,2022-07-27,4.5723460144835535,6.507544043386309
-0.48096486800292826,0.48096486800292826,5.642945421674324,7.312132038751972,False,False,2479.747987724286,2492.3918120195526,0,null,-1236.873993862143,"{""alpha[1]"": 0.08997205381910973, ""beta[1]"": 0.8440796506279951, ""omega"": 0.6020462572838058}",2.7704277226739116,True,2023-12-10,1.5252564497784764,1.861144879820924,normal,ETH-USD,872,0.248313081584562,0.06854292186670413,,0.07165132415878357,2023-12-09,2022-07-28,4.485296763688307,6.373327318667479
5.589509397402901,-5.589509397402901,5.433885007462555,7.039185643430544,True,False,2477.3029419658815,2489.9467662611482,0,null,-1235.6514709829407,"{""alpha[1]"": 0.09083219281509446, ""beta[1]"": 0.8419191024057944, ""omega"": 0.6131588457369787}",2.6643931479022243,True,2023-12-11,6.158330265553817,1.8232286208310269,normal,ETH-USD,873,1.2055172510315835,0.005468030748780328,,0.06199286295038916,2023-12-10,2022-07-29,4.320543870001234,6.136312472280934
1.0184285704727936,-1.0184285704727936,6.29477974199548,8.148209730666464,False,False,2480.9578247262257,2493.6016490214924,0,null,-1237.4789123631128,"{""alpha[1]"": 0.08867038570348851, ""beta[1]"": 0.8472102659054364, ""omega"": 0.5895689141690105}",3.076225132717096,True,2023-12-12,1.6355151348630956,1.9698647158921494,normal,ETH-USD,874,0.1995461129179948,0.06087351989058327,,0.05058923803630396,2023-12-11,2022-07-30,5.009350828832686,7.105780559531115
-2.6268465287957494,2.6268465287957494,6.009981773019543,7.7807026359543725,False,False,2480.1293157922732,2492.77314008754,0,null,-1237.0646578961366,"{""alpha[1]"": 0.08588852425358938, ""beta[1]"": 0.8517278747278986, ""omega"": 0.5660524802956637}",2.938948897385942,True,2023-12-13,1.5890838617871026,1.9236490971972668,normal,ETH-USD,875,0.3704380761928894,0.09411638289915951,,0.05222575822826615,2023-12-12,2022-07-31,4.7819149950620305,6.784791761120193
-2.443977296306894,2.443977296306894,5.934848742117256,7.6856583695450995,False,False,2479.7982685042216,2492.4420927994884,0,null,-1236.8991342521108,"{""alpha[1]"": 0.0840183833588907, ""beta[1]"": 0.8547968683593594, ""omega"": 0.5496319262943156}",2.90590128109375,True,2023-12-14,1.5762436523332117,1.9112327119284265,normal,ETH-USD,876,0.3582284255164913,0.09144923516004845,,0.05919104774705768,2023-12-13,2022-08-01,4.720591214022926,6.7009462196979435
4.288288873008706,-4.288288873008706,5.839934534894421,7.566080094497925,False,False,2478.9665534146734,2491.61037770994,0,null,-1236.4832767073367,"{""alpha[1]"": 0.0828107583154626, ""beta[1]"": 0.8562820189834521, ""omega"": 0.5423418197368313}",2.8649651649307253,True,2023-12-15,1.559725508899934,1.8953602827076335,normal,ETH-USD,877,0.017724683287320502,0.023069509437581452,,0.06966580387081052,2023-12-14,2022-08-02,4.642782538755116,6.595239816766849
-0.34137062096543125,0.34137062096543125,6.167857127601955,7.987361477583176,False,False,2479.8945514623,2492.538375757567,0,null,-1236.94727573115,"{""alpha[1]"": 0.08194934695915103, ""beta[1]"": 0.858032356850223, ""omega"": 0.5332115489184952}",3.0199171507491527,True,2023-12-16,1.6147585190921614,1.9497395333488687,normal,ETH-USD,878,0.262366382130424,0.07305383807530548,,0.06136465685965518,2023-12-15,2022-08-03,4.905957021643045,6.96401318656511
1.3765764194873595,-1.3765764194873595,5.880547398300824,7.616835933364712,False,False,2478.417174540094,2491.060998835361,0,null,-1236.208587270047,"{""alpha[1]"": 0.07984392412626086, ""beta[1]"": 0.8604886534869695, ""omega"": 0.5214328666239735}",2.881799939495981,True,2023-12-17,1.5668752831400843,1.9021523013211454,normal,ETH-USD,879,0.16498922087847406,0.05263714497598484,,0.06377824557166029,2023-12-16,2022-08-04,4.676360837056838,6.640290917085839
-0.9421634189520469,0.9421634189520469,5.694939439350916,7.376595508480614,False,False,2476.940606876752,2489.584431172019,0,null,-1235.470303438376,"{""alpha[1]"": 0.07864677242007154, ""beta[1]"": 0.8614096550584072, ""omega"": 0.5166168480198554}",2.7911238601208046,True,2023-12-18,1.534782680739962,1.8700934568669396,normal,ETH-USD,880,0.27354030646413596,0.07372940982868921,,0.062347494259832305,2023-12-17,2022-08-05,4.528642710330667,6.430777563916867
1.7929750027618725,-1.7929750027618725,5.517961935020197,7.1441339738297085,False,False,2474.2270152176447,2486.8708395129115,0,null,-1234.1135076088224,"{""alpha[1]"": 0.07985594968469786, ""beta[1]"": 0.8583516208329725, ""omega"": 0.5335960396906636}",2.6990343991869263,True,2023-12-19,1.5036185661268582,1.8382688120613704,normal,ETH-USD,881,0.12985853149608736,0.044365470456639494,,0.04937088808578583,2023-12-18,2022-08-06,4.390145632683618,6.229522048425818
-1.0977280953573016,1.0977280953573016,5.418257398724905,7.015644508941966,False,False,2472.777804931057,2485.4216292263236,0,null,-1233.3889024655284,"{""alpha[1]"": 0.07895612916491125, ""beta[1]"": 0.8590191043874965, ""omega"": 0.529459566567594}",2.651258696127833,True,2023-12-20,1.485307628833215,1.8200827402950375,normal,ETH-USD,882,0.2704066353938195,0.0721495025683317,,0.05052786979341364,2023-12-19,2022-08-07,4.310404612519084,6.117222161475862
-1.6945804108509637,1.6945804108509637,5.253509415652441,6.803151219348538,False,False,2470.887809162451,2483.531633457718,0,null,-1232.4439045812255,"{""alpha[1]"": 0.07871769795851348, ""beta[1]"": 0.8583070475724841, ""omega"": 0.5306882521086473}",2.5720135599280103,True,2023-12-21,1.4543207823679323,1.789273400764639,normal,ETH-USD,883,0.29366751739865454,0.07626162792499877,,0.05181589549383453,2023-12-20,2022-08-08,4.178769937122121,5.931582381648907
-3.8104100872271474,3.8104100872271474,5.17147283511017,6.695581032611822,False,False,2468.9652910955438,2481.6091153908105,0,null,-1231.4826455477719,"{""alpha[1]"": 0.0786411105830853, ""beta[1]"": 0.8572571514273944, ""omega"": 0.5358320294110825}",2.5296342299374692,True,2023-12-22,1.4387610407940077,1.773421843317477,normal,ETH-USD,884,0.39624260179546816,0.09648783210852094,,0.04643608929103269,2023-12-21,2022-08-09,4.114441948682209,5.8383731236249385
0.7541076057585379,-0.7541076057585379,5.4448088344456895,7.053417375728224,False,False,2468.701042430208,2481.3448667254747,0,null,-1231.350521215104,"{""alpha[1]"": 0.07853106909055112, ""beta[1]"": 0.8561458623902637, ""omega"": 0.545179645892501}",2.669883434304975,True,2023-12-23,1.4897637540783588,1.825243396413395,normal,ETH-USD,885,0.17875329623242817,0.053945761255266116,,0.062393920047092905,2023-12-22,2022-08-10,4.329173530407098,6.148683731285145
1.8954327432414182,-1.8954327432414182,5.307739765066611,6.870980175573479,False,False,2466.2024801992784,2478.846304494545,0,null,-1230.1012400996392,"{""alpha[1]"": 0.07695599121932395, ""beta[1]"": 0.8565878121716191, ""omega"": 0.5537295023903152}",2.5945838087622946,True,2023-12-24,1.4649038765134605,1.7993458230312083,normal,ETH-USD,886,0.11640681788060185,0.04096330296874765,,0.04414148741877159,2023-12-23,2022-08-11,4.223569100853453,5.991763040116179
-0.3027434950825369,0.3027434950825369,5.250256001567009,6.794675850208777,False,False,2464.466229364808,2477.1100536600748,0,null,-1229.233114682404,"{""alpha[1]"": 0.07797956551374292, ""beta[1]"": 0.8544172959993177, ""omega"": 0.5585582982729733}",2.563346434933682,True,2023-12-25,1.4542643398534971,1.7882992716538562,normal,ETH-USD,887,0.22409408279335682,0.06228787504571485,,0.037191519849197656,2023-12-24,2022-08-12,4.179138160784595,5.926044009488942
1.8249258109959663,-1.8249258109959663,5.083620421675132,6.577229951341555,False,False,2462.1230014032744,2474.766825698541,0,null,-1228.0615007016372,"{""alpha[1]"": 0.07845919580476357, ""beta[1]"": 0.852284806994105, ""omega"": 0.5667422107642912}",2.4790141530623773,True,2023-12-26,1.4222557567553746,1.7558920560545368,normal,ETH-USD,888,0.11114078940469561,0.03912249671859047,,0.029873821838806637,2023-12-25,2022-08-13,4.047741599089877,5.73717548285501
-6.391246229866847,6.391246229866847,5.039423496267867,6.518342743609382,False,False,2460.0097225576974,2472.653546852964,0,null,-1227.0048612788487,"{""alpha[1]"": 0.08156636699017707, ""beta[1]"": 0.8457731129615601, ""omega"": 0.5916686265620783}",2.454631998909905,True,2023-12-27,1.4137583856453908,1.7470122404958266,normal,ETH-USD,889,0.5202489605251904,0.12077796796482387,,0.02377736560114714,2023-12-26,2022-08-14,4.013732980636952,5.686550566615529
1.319181579820474,-1.319181579820474,6.191042664220326,8.011402093549693,False,False,2463.753661993001,2476.397486288268,0,null,-1228.8768309965005,"{""alpha[1]"": 0.08401049621535034, ""beta[1]"": 0.8391333155167539, ""omega"": 0.6361234908003729}",3.0213363662562496,True,2023-12-28,1.6191809769973937,1.953069280196293,normal,ETH-USD,890,0.18046839731060585,0.0566839129833765,,0.04110655424438609,2023-12-27,2022-08-15,4.928549526032588,6.987572878158119
2.01697448290272,-2.01697448290272,5.968193432898995,7.723680651383015,False,False,2461.4115680005384,2474.055392295805,0,null,-1227.7057840002692,"{""alpha[1]"": 0.0873273492628781, ""beta[1]"": 0.8306133095592237, ""omega"": 0.6746603577479484}",2.913664899496138,True,2023-12-29,1.582445921621118,1.9164577973173502,normal,ETH-USD,891,0.13668586613390887,0.047193631896310206,,0.04186047207652459,2023-12-28,2022-08-16,4.750691805580895,6.736337672533736
0.37560253341999095,-0.37560253341999095,5.841417835661564,7.559502553432084,False,False,2459.182204210876,2471.826028506143,0,null,-1226.591102105438,"{""alpha[1]"": 0.09203678988120287, ""beta[1]"": 0.8190617137432598, ""omega"": 0.7283553291250184}",2.851586205709685,True,2023-12-30,1.5609885717628642,1.8949786440787144,normal,ETH-USD,892,0.21371269135195334,0.0621759342130962,,0.04058555256730873,2023-12-29,2022-08-17,4.6498563604590535,6.593195954729605
0.4632851478789373,-0.4632851478789373,5.5600699803113125,7.197177079484297,False,False,2456.3443093652777,2468.9881336605445,0,null,-1225.1721546826388,"{""alpha[1]"": 0.0962676063704919, ""beta[1]"": 0.807273630373494, ""omega"": 0.7852119572461547}",2.7171838344089254,True,2023-12-31,1.5114045938400844,1.8457550844682484,normal,ETH-USD,893,0.19806923109831906,0.058131297734002975,,0.044699915276114215,2023-12-30,2022-08-18,4.424669769845315,6.27641492127923
-3.0584931420793913,3.0584931420793913,5.3027680188810455,6.864003943573168,False,False,2453.3073970156106,2465.9512213108774,0,null,-1223.6536985078053,"{""alpha[1]"": 0.1025691500359023, ""beta[1]"": 0.790946436073796, ""omega"": 0.8638432794085756}",2.5912568691534696,True,2024-01-01,1.464037392340535,1.7983641821846228,normal,ETH-USD,894,0.3639240344502994,0.09044407338064889,,0.04225071266341052,2023-12-31,2022-08-19,4.219987546926591,5.985914195985489
-0.1490409178902271,0.1490409178902271,5.449087766148295,7.062763664535624,False,False,2448.3855135129597,2461.0293378082265,0,null,-1221.1927567564799,"{""alpha[1]"": 0.10219211187282866, ""beta[1]"": 0.7870033787424725, ""omega"": 0.9125511635978927}",2.6782939657938942,True,2024-01-02,1.4900652620108286,1.8263338009936958,normal,ETH-USD,895,0.22394894811019672,0.06304220891906645,,0.07546349936462604,2024-01-01,2022-08-20,4.329938044313703,6.155179974016412
6.355859894152825,-6.355859894152825,5.184917495641855,6.722836491573943,True,True,2446.3668652806155,2459.010689575882,0,null,-1220.1834326403077,"{""alpha[1]"": 0.1020352921701113, ""beta[1]"": 0.7871855858842576, ""omega"": 0.9031841684473687}",2.5525566632067496,True,2024-01-03,10.07104198532316,9.18441985907382,normal,ETH-USD,896,2.125674052415122,0.49301896324838534,,0.08027382544312556,2024-01-02,2022-08-21,4.118308260031644,5.8578609413766785
-2.601875528000639,2.601875528000639,6.5635766353422245,8.4989307587784,False,False,2450.490009750736,2463.133834046003,0,null,-1222.245004875368,"{""alpha[1]"": 0.10278994834488965, ""beta[1]"": 0.7859912239627717, ""omega"": 0.9189351540538515}",3.212198481525108,True,2024-01-04,1.6770364039792578,2.011864726405779,normal,ETH-USD,897,0.39116027690348554,0.10012300323738278,,0.0622663127555215,2024-01-03,2022-08-22,5.221330010069065,7.410424795737631
0.017227682171271255,-0.017227682171271255,6.373051901269369,8.254160435913501,False,False,2449.075873247705,2461.719697542972,0,null,-1221.5379366238526,"{""alpha[1]"": 0.1070327791890101, ""beta[1]"": 0.7750808520148051, ""omega"": 0.969257108171191}",3.122164520382189,True,2024-01-05,1.647368828445761,1.9825400097191759,normal,ETH-USD,898,0.2525599555525164,0.0717893627015733,,0.06707684206825149,2024-01-04,2022-08-23,5.068426793221596,7.196163952328595
1.198277376628434,-1.198277376628434,5.947677166404834,7.70309517064553,False,False,2446.9040651300293,2459.547889425296,0,null,-1220.4520325650146,"{""alpha[1]"": 0.11045786994046321, ""beta[1]"": 0.7632240407853329, ""omega"": 1.0299456061460002}",2.9135500213533687,True,2024-01-06,1.5783067856798159,1.913452433479359,normal,ETH-USD,899,0.17659730826724512,0.05517513743504333,,0.06213977795429439,2024-01-05,2022-08-24,4.730223541973333,6.715791120132762
0.8403601019708341,-0.8403601019708341,5.625501175454174,7.28631519379094,False,False,2444.5453662948025,2457.1891905900693,0,null,-1219.2726831474013,"{""alpha[1]"": 0.11856252527859, ""beta[1]"": 0.7393986258565669, ""omega"": 1.1534216103558983}",2.7565313258149593,True,2024-01-07,1.5225563880286757,1.8577993177923453,normal,ETH-USD,900,0.18166495762507442,0.05511859392966014,,0.06043129459976733,2024-01-06,2022-08-25,4.473659254472319,6.352219494936843
-4.837167624137646,4.837167624137646,5.298967660799085,6.862540320079381,False,False,2441.9287278625266,2454.5725521577933,0,null,-1217.9643639312633,"{""alpha[1]"": 0.12692481914521386, ""beta[1]"": 0.7114232528024991, ""omega"": 1.3064772617528018}",2.5951352577155222,True,2024-01-08,1.4628681802121273,1.7979321323511934,normal,ETH-USD,901,0.45258670963579334,0.10820303941267784,,0.05405107250480732,2024-01-07,2022-08-26,4.214566568578213,5.9831363171301275
-0.5042672648755663,0.5042672648755663,6.109500748732732,7.919536861680282,False,False,2437.2018426503455,2449.8456669456123,0,null,-1215.6009213251727,"{""alpha[1]"": 0.1260511908035698, ""beta[1]"": 0.7192948675180012, ""omega"": 1.2673699806516758}",3.004202271361457,True,2024-01-09,1.6043727055347525,1.9407869465339274,normal,ETH-USD,902,0.26792172571364353,0.07405781079298521,,0.08730575274744373,2024-01-08,2022-08-27,4.8541672493973,6.901513814422947
-9.639269471556386,9.639269471556386,5.648454716402599,7.32475608142952,False,False,2436.0478115598935,2448.6916358551603,0,null,-1215.0239057799467,"{""alpha[1]"": 0.12723242256455616, ""beta[1]"": 0.7121964126018129, ""omega"": 1.306361087223839}",2.782236405272274,True,2024-01-10,1.5255588062929535,1.8625448130830602,normal,ETH-USD,903,0.7062570581769492,0.16021219267774645,,0.09049995026594172,2024-01-09,2022-08-28,4.4858716919825845,6.381949796218244
-1.442455815297972,1.442455815297972,8.845569747449478,11.463786573326468,False,False,2445.5746419912916,2458.2184662865584,0,null,-1219.7873209956458,"{""alpha[1]"": 0.131694901378832, ""beta[1]"": 0.7136257223028096, ""omega"": 1.311659769220507}",4.345577902535677,True,2024-01-11,1.9746343589082729,2.310738997695955,normal,ETH-USD,904,0.423609297067592,0.11433672282208591,,0.11810944813211925,2024-01-10,2022-08-29,7.02973012605386,9.99121646691061
3.7001681500746173,-3.7001681500746173,7.918274410671914,10.261679182931934,False,False,2440.2388896603907,2452.8827139556574,0,null,-1217.1194448301953,"{""alpha[1]"": 0.13368390682143688, ""beta[1]"": 0.7102171375791492, ""omega"": 1.3267489189328012}",3.889459381049841,True,2024-01-12,1.8639207173434742,2.1999767997536894,normal,ETH-USD,905,0.12964299754130731,0.052435041432993906,,0.10456326889949805,2024-01-11,2022-08-30,6.293028100900761,8.943672293374004
-2.0442625672340022,2.0442625672340022,7.617924401377908,9.87254660680824,False,False,2441.4832456951194,2454.127069990386,0,null,-1217.7416228475597,"{""alpha[1]"": 0.13192514062827188, ""beta[1]"": 0.71512081458178, ""omega"": 1.300067425815843}",3.742102769201525,True,2024-01-13,1.8252417345263332,2.1613134991046485,normal,ETH-USD,906,0.4049257485958602,0.10648736481145239,,0.10095890766308206,2024-01-12,2022-08-31,6.0542524046831945,8.604473913911228
4.13447732469347,-4.13447732469347,6.983836710948023,9.053308224693959,False,False,2441.9340607873933,2454.57788508266,0,null,-1217.9670303936966,"{""alpha[1]"": 0.12830970181550128, ""beta[1]"": 0.7219152571150799, ""omega"": 1.2659995324646098}",3.4347994372273236,True,2024-01-14,1.7380864051581866,2.0745653108911384,normal,ETH-USD,907,0.07070484540203477,0.037548929644169185,,0.10116807944007553,2024-01-13,2022-09-01,5.548574232734164,7.889370289110385
-1.570082815174968,1.570082815174968,7.102291755819743,9.202738629334753,False,False,2443.3805330013265,2456.0243572965933,0,null,-1218.6902665006633,"{""alpha[1]"": 0.12559401331967018, ""beta[1]"": 0.731702710235216, ""omega"": 1.2086013214840021}",3.486210702178804,True,2024-01-15,1.755308347272587,2.09113069032904,normal,ETH-USD,908,0.36078147118684434,0.09591461961413132,,0.08875970923393176,2024-01-14,2022-09-02,5.645546608561912,8.021379146238155
-2.9940094644167914,2.9940094644167914,6.555760667298067,8.497818322406992,False,False,2443.509326123577,2456.153150418844,0,null,-1218.7546630617885,"{""alpha[1]"": 0.121300258182033, ""beta[1]"": 0.7399747568881403, ""omega"": 1.16493905981127}",3.2233246490824077,True,2024-01-16,1.6748919017228463,2.0112733836495753,normal,ETH-USD,909,0.4101437167591742,0.10399551540034503,,0.09303236911859471,2024-01-15,2022-09-03,5.208864870766686,7.405542075617704
2.3191451801714082,-2.3191451801714082,6.386788341380955,8.281998184490215,False,False,2443.75155053648,2456.3953748317467,0,null,-1218.87577526824,"{""alpha[1]"": 0.1181857132759198, ""beta[1]"": 0.7470334491987763, ""omega"": 1.125718086336651}",3.1455691268522314,True,2024-01-17,1.6484309248804188,1.9853801182748199,normal,ETH-USD,910,0.1376619111740485,0.04896925487252696,,0.10161738347709302,2024-01-16,2022-09-04,5.072383403652376,7.216070667424099
2.4564125390020988,-2.4564125390020988,6.171225053893992,8.001341673220423,False,False,2443.608866354634,2456.2526906499006,0,null,-1218.804433177317,"{""alpha[1]"": 0.11489512041047888, ""beta[1]"": 0.7535436492337011, ""omega"": 1.0905848760671166}",3.0375308345000622,True,2024-01-18,1.6142234324928406,1.9509661894277697,normal,ETH-USD,911,0.12227761847371292,0.04515612158542622,,0.09432870162800475,2024-01-17,2022-09-05,4.901964908476355,6.972024697544716
-0.9070840923699219,0.9070840923699219,6.030491843240174,7.816620320395035,False,False,2443.148957175379,2455.792781470646,0,null,-1218.5744785876896,"{""alpha[1]"": 0.11226576250778991, ""beta[1]"": 0.7581828947360337, ""omega"": 1.0663808309682974}",2.9645216411035813,True,2024-01-19,1.591413722413455,1.9277342505990407,normal,ETH-USD,912,0.28494116759590843,0.07719127795702194,,0.08446491399711478,2024-01-18,2022-09-06,4.791739259548241,6.812043703332265
0.8029513648322297,-0.8029513648322297,5.6565544768579405,7.3360264570527205,False,False,2441.5243128589773,2454.168137154244,0,null,-1217.7621564294886,"{""alpha[1]"": 0.11090470695580891, ""beta[1]"": 0.7579901358387904, ""omega"": 1.0693172423169672}",2.787498824745986,True,2024-01-20,1.5268977368165833,1.8640369630831266,normal,ETH-USD,913,0.18444105686583362,0.0558848555014944,,0.0932550498575019,2024-01-19,2022-09-07,4.491772502148899,6.391436914981664
0.6367856596424891,-0.6367856596424891,5.3781952270479785,6.973396264409404,False,False,2439.6982950079077,2452.3421193031745,0,null,-1216.8491475039539,"{""alpha[1]"": 0.11017177618654414, ""beta[1]"": 0.7566524679217458, ""omega"": 1.0778618762295777}",2.6476303679462667,True,2024-01-21,1.4766450679366976,1.8134429965582335,normal,ETH-USD,914,0.1817536455720204,0.054394177756148986,,0.08310584246038404,2024-01-20,2022-09-08,4.271858571082894,6.076203435257383
6.007871198510473,-6.007871198510473,5.1382915150751955,6.66285195628305,True,True,2438.032584895648,2450.676409190915,0,null,-1216.016292447824,"{""alpha[1]"": 0.1091452028841251, ""beta[1]"": 0.7558387809360049, ""omega"": 1.0809945293601855}",2.530384840137819,True,2024-01-22,8.931195799440431,4.806816165732414,normal,ETH-USD,915,1.8305780082651502,0.20045669267289476,,0.08116570259971367,2024-01-21,2022-09-09,4.080946979283999,5.805389690760074
3.0823131796289207,-3.0823131796289207,6.419773940419962,8.312217900092358,False,False,2441.4173258147075,2454.0611501099743,0,null,-1217.7086629073538,"{""alpha[1]"": 0.1024190215495799, ""beta[1]"": 0.771655926556487, ""omega"": 1.015215425068224}",3.140978459713657,True,2024-01-23,1.6549385280616793,1.9896773838111113,normal,ETH-USD,916,0.10124870377355966,0.04165532825997678,,0.05916255653634588,2024-01-22,2022-09-10,5.107287255100112,7.247846005626595
0.31845679249603553,-0.31845679249603553,6.335267037856381,8.19931713355787,False,False,2440.690303469958,2453.334127765225,0,null,-1217.345151734979,"{""alpha[1]"": 0.10191029236471867, ""beta[1]"": 0.7693993582826658, ""omega"": 1.0307702577497704}",3.093851825043797,True,2024-01-24,1.6420688408344164,1.9761862916761515,normal,ETH-USD,917,0.2362007928493004,0.06832458077100301,,0.04646074619168251,2024-01-23,2022-09-11,5.042472649482039,7.15091486959633
0.7122292281701372,-0.7122292281701372,5.906032538330881,7.644996397167271,False,False,2438.7534797134667,2451.3973040087335,0,null,-1216.3767398567334,"{""alpha[1]"": 0.1019283564560087, ""beta[1]"": 0.7625135464448294, ""omega"": 1.0730182537180142}",2.8862403004901562,True,2024-01-25,1.5717691856048677,1.9061180566549116,normal,ETH-USD,918,0.1993880651655181,0.05954717463811896,,0.04745229503424479,2024-01-24,2022-09-12,4.699990531480496,6.6669466919820275
-2.2070236324429127,2.2070236324429127,5.5620321165082425,7.201715083717816,False,False,2436.479175208923,2449.12299950419,0,null,-1215.2395876044616,"{""alpha[1]"": 0.1027627284009049, ""beta[1]"": 0.752474348731192, ""omega"": 1.1341643096717204}",2.7214591240293324,True,2024-01-26,1.511508277804023,1.8462648584418755,normal,ETH-USD,919,0.3315934534733871,0.08486527806182605,,0.05155647373500112,2024-01-25,2022-09-13,4.424845437024823,6.279504173739685
-0.03026531588135113,0.03026531588135113,5.4605809319867475,7.0766385675498755,False,False,2433.901547637164,2446.545371932431,0,null,-1213.950773818582,"{""alpha[1]"": 0.0995510649588435, ""beta[1]"": 0.7571336556625035, ""omega"": 1.1156212698595414}",2.682247047272289,True,2024-01-27,1.4923020106349711,1.828359044745767,normal,ETH-USD,920,0.21850223473231392,0.06197980626634791,,0.07212440532077802,2024-01-26,2022-09-14,4.3397793787649235,6.167715310753434
0.4719134719562712,-0.4719134719562712,5.184024336973923,6.7173586749203436,False,False,2431.4064643398424,2444.050288635109,0,null,-1212.7032321699212,"{""alpha[1]"": 0.10211365873616678, ""beta[1]"": 0.7415833265133356, ""omega"": 1.2065845957015924}",2.5449472902028445,True,2024-01-28,1.44044573606811,1.776311675929124,normal,ETH-USD,921,0.18243406378877,0.053830482131943184,,0.06547103295880148,2024-01-27,2022-09-15,4.120594747731668,5.854961685150585
-2.6171978034792973,2.6171978034792973,5.009668290410952,6.497937532616028,False,False,2426.13923323627,2438.7830575315365,0,null,-1210.069616618135,"{""alpha[1]"": 0.09796036525121035, ""beta[1]"": 0.755237278437681, ""omega"": 1.1316838635872624}",2.470150626193307,True,2024-01-29,1.4053330844772525,1.7426668853655745,normal,ETH-USD,922,0.3297345488689672,0.08278084418574284,,0.08554304271046989,2024-01-28,2022-09-16,3.9774931739000414,5.660886615094981
-1.1768494736258148,1.1768494736258148,5.096695423740254,6.6134924918842986,False,False,2425.026599590755,2437.6704238860216,0,null,-1209.5132997953774,"{""alpha[1]"": 0.10016775935272573, ""beta[1]"": 0.7434802658921501, ""omega"": 1.2000259500711634}",2.517499603857232,True,2024-01-30,1.4221919054288175,1.7601186288788377,normal,ETH-USD,923,0.2610792287924177,0.06937246072926823,,0.096183252030929,2024-01-29,2022-09-17,4.044735102222534,5.760396599301002
2.6778651381951257,-2.6778651381951257,4.957085095869138,6.4322891668753845,False,False,2422.9952446624056,2435.6390689576724,0,null,-1208.4976223312028,"{""alpha[1]"": 0.10447629831823577, ""beta[1]"": 0.7221224434062259, ""omega"": 1.3229499250952137}",2.4484657455931447,True,2024-01-31,1.3944236297433905,1.7323402300768223,normal,ETH-USD,924,0.06280530338005699,0.029247213874182505,,0.09339655630906016,2024-01-30,2022-09-18,3.9339712057962646,5.602586525613374
-0.9279857359686842,0.9279857359686842,5.129948059276566,6.659682452015491,False,False,2417.0142461948226,2429.6580704900894,0,null,-1205.5071230974113,"{""alpha[1]"": 0.10240940797803988, ""beta[1]"": 0.7391576457732257, ""omega"": 1.2162004614640418}",2.538972291421453,True,2024-02-01,1.4282839117987978,1.7668806191290498,normal,ETH-USD,925,0.24985004570488073,0.06727295924220648,,0.10722260414494163,2024-01-31,2022-09-19,4.069015178128926,5.799310188251958
-0.18271923347929897,0.18271923347929897,4.964587753746332,6.444745751391935,False,False,2415.679196804319,2428.3230210995857,0,null,-1204.8395984021595,"{""alpha[1]"": 0.10255576806703907, ""beta[1]"": 0.7367809567579957, ""omega"": 1.2275586131801444}",2.4566880111908596,True,2024-02-02,1.3955558665651138,1.7340919155050432,normal,ETH-USD,926,0.2060378673993893,0.05794976094507781,,0.10285407098700039,2024-02-01,2022-09-20,3.9380381145084837,5.612256861028477
0.5212677673959717,-0.5212677673959717,4.7958211372569455,6.229089283057732,False,False,2413.612866165183,2426.2566904604496,0,null,-1203.8064330825914,"{""alpha[1]"": 0.10189368178574913, ""beta[1]"": 0.7383078368453426, ""omega"": 1.21523816056187}",2.3788627134477083,True,2024-02-03,1.3604749888234808,1.699818522697694,normal,ETH-USD,927,0.16402618728823026,0.049017049995946256,,0.11108944907350966,2024-02-02,2022-09-21,3.8017915131605737,5.4229727669905925
0.28315654747874197,-0.28315654747874197,4.676859771810649,6.0783310126585475,False,False,2409.800916789111,2422.4447410843777,0,null,-1201.9004583945555,"{""alpha[1]"": 0.09903707042243837, ""beta[1]"": 0.7531303772902564, ""omega"": 1.1222355667157848}",2.3260878912226572,True,2024-02-04,1.3348000145987284,1.6750509864012129,normal,ETH-USD,928,0.17108630221022422,0.05006941560296967,,0.12119151280226613,2024-02-03,2022-09-22,3.7048825916832233,5.290098107775705
-0.40723191203128584,0.40723191203128584,4.576460986262902,5.945040879643139,False,False,2404.3663490866825,2417.0101733819492,0,null,-1199.1831745433412,"{""alpha[1]"": 0.09874197307510715, ""beta[1]"": 0.7655300219833376, ""omega"": 1.035066997937004}",2.27149657115801,True,2024-02-05,1.3135243092589013,1.653082477775865,normal,ETH-USD,929,0.20172636012172238,0.05582539047961859,,0.1089840832739274,2024-02-04,2022-09-23,3.6272952904031586,5.175307135930568
-3.139267102881691,3.139267102881691,4.495367482806689,5.84047304446231,False,False,2404.401944355137,2417.0457686504037,0,null,-1199.2009721775685,"{""alpha[1]"": 0.09996497699962294, ""beta[1]"": 0.7615943474269014, ""omega"": 1.0541954769773363}",2.232535116090164,True,2024-02-06,1.295525942492774,1.6352793040567568,normal,ETH-USD,930,0.335087464575828,0.08223209129557002,,0.10971129436256935,2024-02-05,2022-09-24,3.562482188634863,5.083942026675305
-2.149531568278417,2.149531568278417,4.85238231781637,6.304056153380838,False,False,2405.9911349447193,2418.634959239986,0,null,-1199.9955674723597,"{""alpha[1]"": 0.10024831215929038, ""beta[1]"": 0.756780844624587, ""omega"": 1.0905242274645632}",2.4094115044903246,True,2024-02-07,1.371985160689034,1.7116784757395829,normal,ETH-USD,931,0.2997559584603189,0.07637119248387476,,0.1175416510515578,2024-02-06,2022-09-25,3.845587600927956,5.487587680109052
0.15850123468495803,-0.15850123468495803,4.8848438340779285,6.348318615833248,False,False,2406.099575008057,2418.7433993033237,0,null,-1200.0497875040285,"{""alpha[1]"": 0.10070274968104914, ""beta[1]"": 0.7548325714949775, ""omega"": 1.102172196346733}",2.4289980912424753,True,2024-02-08,1.3783560267939126,1.718532715445832,normal,ETH-USD,932,0.1855681723707209,0.05366711672787223,,0.1254816381390161,2024-02-07,2022-09-26,3.8698646820993727,5.525212907472176
-2.755557085879763,2.755557085879763,4.738897876557268,6.157823980833555,False,False,2404.7133362580444,2417.357160553311,0,null,-1199.3566681290222,"{""alpha[1]"": 0.10051399042116661, ""beta[1]"": 0.7581827892792229, ""omega"": 1.0782984612700142}",2.355058550969592,True,2024-02-09,1.3481438961321377,1.6881240988436654,normal,ETH-USD,933,0.3255186063083796,0.08115330980211996,,0.11891155895758825,2024-02-08,2022-09-27,3.754815040287823,5.359773894332225
-0.5497448183781939,0.5497448183781939,4.927127862085468,6.4028717524775995,False,False,2405.996506460655,2418.6403307559217,0,null,-1199.9982532303275,"{""alpha[1]"": 0.10061681647452135, ""beta[1]"": 0.7555456042132258, ""omega"": 1.0985681812973793}",2.4493617092778455,True,2024-02-10,1.3870311043190386,1.7271162905748998,normal,ETH-USD,934,0.22266922018698482,0.06122610317653532,,0.1252019058602234,2024-02-09,2022-09-28,3.9036395853614985,5.572865499275332
-0.2532459221222207,0.2532459221222207,4.774668919410952,6.205882959854136,False,False,2406.075103609369,2418.7189279046356,0,null,-1200.0375518046844,"{""alpha[1]"": 0.10046757073926685, ""beta[1]"": 0.7554117684888625, ""omega"": 1.0981164346188363}",2.3754534179442732,True,2024-02-11,1.3554348243997936,1.695788328351278,normal,ETH-USD,935,0.20176549114310713,0.05654167661419945,,0.12520926941999053,2024-02-10,2022-09-29,3.7820639007399186,5.4009217392977185
-5.830320991701307,5.830320991701307,4.647494339942689,6.0417865399385295,False,False,2405.977235389539,2418.621059684806,0,null,-1199.9886176947696,"{""alpha[1]"": 0.10112392490194448, ""beta[1]"": 0.7530606612464708, ""omega"": 1.108599644958839}",2.314172498662433,True,2024-02-12,1.328259497268034,1.668904505461179,normal,ETH-USD,936,0.47554085538438984,0.11087912352298676,,0.12597891182977194,2024-02-11,2022-09-30,3.6804961159864815,5.25759136059736
0.6011247723401513,-0.6011247723401513,5.902911515174119,7.667643301997553,False,False,2411.616292542437,2424.2601168377037,0,null,-1202.8081462712184,"{""alpha[1]"": 0.1017226705952858, ""beta[1]"": 0.7374887012783642, ""omega"": 1.2341101435031052}",2.929008545407046,True,2024-02-13,1.5681051240732962,1.9075637407608785,normal,ETH-USD,937,0.2038936816104399,0.06073976105579301,,0.1387919247356893,2024-02-12,2022-10-01,4.6789984045489454,6.675100877919447
-5.008974932999285,5.008974932999285,5.550827168385277,7.213089857199323,False,False,2411.592567277429,2424.236391572696,0,null,-1202.7962836387146,"{""alpha[1]"": 0.10144214688379281, ""beta[1]"": 0.7344841998595523, ""omega"": 1.2547714651739155}",2.7589357525041103,True,2024-02-14,1.5062577958503134,1.8462843747280875,normal,ETH-USD,938,0.47034777343183404,0.11287154312057411,,0.14006494339508824,2024-02-13,2022-10-02,4.397980535637387,6.278179379058116
-1.659239377675644,1.659239377675644,6.1494081241079925,7.991042766845354,False,False,2413.7065267458465,2426.3503510411133,0,null,-1203.8532633729233,"{""alpha[1]"": 0.10463315987648106, ""beta[1]"": 0.7243864102373472, ""omega"": 1.318235135820395}",3.056647840975897,True,2024-02-15,1.6086531874047139,1.948701745501097,normal,ETH-USD,939,0.3265699569852665,0.08614487058708545,,0.15557852551291118,2024-02-14,2022-10-03,4.87215976202968,6.955247681032892
0.7351575948967054,-0.7351575948967054,5.79838270086824,7.536326809657236,False,False,2412.81044467208,2425.4542689673467,0,null,-1203.40522233604,"{""alpha[1]"": 0.10389050036810206, ""beta[1]"": 0.72718746999749, ""omega"": 1.3016780437627307}",2.88454777326007,True,2024-02-16,1.5497047298968925,1.890032968504035,normal,ETH-USD,940,0.19289451685812925,0.05823693050093773,,0.15161093490233218,2024-02-15,2022-10-04,4.593047932059287,6.558850644990473
0.6088638069522696,-0.6088638069522696,5.48004845327061,7.122897057101215,False,False,2412.369864826135,2425.013689121402,0,null,-1203.1849324130676,"{""alpha[1]"": 0.10350271966391542, ""beta[1]"": 0.7266768286162376, ""omega"": 1.3067106778513264}",2.7267132803741596,True,2024-02-17,1.4931993254583613,1.8335932466458722,normal,ETH-USD,941,0.18659012346850806,0.05590041883407334,,0.14437795255775468,2024-02-16,2022-10-05,4.340666276322428,6.198905690359599
-3.259406314447387,3.259406314447387,5.215348017326366,6.7809238830497245,False,False,2412.731786431419,2425.375610726686,0,null,-1203.3658932157095,"{""alpha[1]"": 0.10373118898263153, ""beta[1]"": 0.7202529891905938, ""omega"": 1.3503872605264735}",2.5984600738908505,True,2024-02-18,1.4434144600216197,1.7842592728724478,normal,ETH-USD,942,0.3694481967295183,0.09159799526238398,,0.14452885688498368,2024-02-17,2022-10-06,4.129557620142973,5.900393211791003
-2.218239622437666,2.218239622437666,5.392675796158385,7.012000452334994,False,False,2414.3506320842725,2426.9944563795393,0,null,-1204.1753160421363,"{""alpha[1]"": 0.10426212193791401, ""beta[1]"": 0.7142547504254974, ""omega"": 1.394487670933204}",2.6876694754091632,True,2024-02-19,1.4767837936961805,1.817737025227796,normal,ETH-USD,943,0.32439240269981673,0.08319479339565382,,0.15121445311485993,2024-02-18,2022-10-07,4.269608431558663,6.101239717127709
-2.3478679644854137,2.3478679644854137,5.295004261985124,6.887931136055627,False,False,2414.8627045540784,2427.506528849345,0,null,-1204.4313522770392,"{""alpha[1]"": 0.10475461729385437, ""beta[1]"": 0.7083923186311645, ""omega"": 1.4345512547385888}",2.643855831916203,True,2024-02-20,1.4581219440730573,1.7997006876617236,normal,ETH-USD,944,0.32690563975189807,0.08339885334622532,,0.1585110237116269,2024-02-19,2022-10-08,4.190244830552541,5.99201737013711
1.44217769537646,-1.44217769537646,5.245368864587318,6.825920050982574,False,False,2415.476083935155,2428.119908230422,0,null,-1204.7380419675776,"{""alpha[1]"": 0.10521563520244907, ""beta[1]"": 0.7027378656916359, ""omega"": 1.4738298002009196}",2.6233153196260393,True,2024-02-21,1.4483657179367397,1.7904951295682752,normal,ETH-USD,945,0.13535073897060224,0.04494789078038599,,0.16577724333574922,2024-02-20,2022-10-09,4.149192474788502,5.9369667734150555
-0.02194294559435868,0.02194294559435868,5.130743104153353,6.6766559411358255,False,False,2415.9823089178544,2428.626133213121,0,null,-1204.9911544589272,"{""alpha[1]"": 0.105544819001828, ""beta[1]"": 0.6962843665202144, ""omega"": 1.5182557720584733}",2.5658244180701373,True,2024-02-22,1.4262840306068592,1.768391651610266,normal,ETH-USD,946,0.20402663804812357,0.05829127340918698,,0.16181578481520625,2024-02-21,2022-10-10,4.0585898153681095,5.8071843953243345
1.6749728802306054,-1.6749728802306054,4.926934179964813,6.414726534460813,False,False,2415.3952483784165,2428.039072673683,0,null,-1204.6976241892082,"{""alpha[1]"": 0.10482180777114591, ""beta[1]"": 0.7015489087670415, ""omega"": 1.4823873780134158}",2.4693591131795376,True,2024-02-23,1.3852876246110855,1.7281492327422119,normal,ETH-USD,947,0.1110058462101316,0.03902970953832193,,0.16664448912579852,2024-02-22,2022-10-11,3.895089804433235,5.577943834062795
-2.3919724969342124,2.3919724969342124,4.93318963881276,6.422365202910121,False,False,2415.845892462302,2428.4897167575687,0,null,-1204.922946231151,"{""alpha[1]"": 0.10240247578665432, ""beta[1]"": 0.7152769455452326, ""omega"": 1.3962545706250418}",2.4716548913667524,True,2024-02-24,1.3866275675554705,1.7293733448750306,normal,ETH-USD,948,0.31461792241116754,0.07976777037480094,,0.16512456134781625,2024-02-23,2022-10-12,3.9003859512891332,5.584804540545874
-3.941858060931035,3.941858060931035,4.984648131862888,6.489555893844108,False,False,2416.430558162893,2429.0743824581596,0,null,-1205.2152790814464,"{""alpha[1]"": 0.0971069527051528, ""beta[1]"": 0.7430136794726806, ""omega"": 1.2250513183305582}",2.4977663618938433,True,2024-02-25,1.3969770018183212,1.7397677687027255,normal,ETH-USD,949,0.3941395793796372,0.0958500499379674,,0.16752653297677117,2024-02-24,2022-10-13,3.9409335266617007,5.6431469328656965
-2.107504665529186,2.107504665529186,5.266233420792451,6.855999481981757,False,False,2418.2717168747895,2430.9155411700563,0,null,-1206.1358584373947,"{""alpha[1]"": 0.07896394956170696, ""beta[1]"": 0.8152491078417675, ""omega"": 0.8070118376889465}",2.638609681759797,True,2024-02-26,1.4519499456998592,1.7947075232209047,normal,ETH-USD,950,0.31355854034472447,0.08069368125328101,,0.1764605637865742,2024-02-25,2022-10-14,4.163666141365297,5.961863459798908
-2.040251451060009,2.040251451060009,4.744419516198577,6.182579032005182,False,False,2414.225412982251,2426.8692372775176,0,null,-1204.1127064911254,"{""alpha[1]"": 0.003906879594332679, ""beta[1]"": 0.9802742479294394, ""omega"": 0.08672800158418015}",2.3869811508514887,True,2024-02-27,1.3467385253294943,1.6909053795285525,normal,ETH-USD,951,0.28936244897806407,0.07413962901777332,,0.17923707494160315,2024-02-26,2022-10-15,3.746997528501267,5.373711450717317
-4.259461928714246,4.259461928714246,4.703599342780303,6.132051797017497,False,False,2412.1293415856803,2424.773165880947,0,null,-1203.0646707928402,"{""alpha[1]"": 0.002838461945957078, ""beta[1]"": 0.9807215344351432, ""omega"": 0.08989708868208995}",2.3708698831223707,True,2024-02-28,1.337704280159035,1.682511595104891,normal,ETH-USD,952,0.39861857624641267,0.09588105710873593,,0.18682433006984367,2024-02-27,2022-10-16,3.7129095962140006,5.3286437821593395
1.30164230969903,-1.30164230969903,4.741681013989006,6.182322596966586,False,False,2412.380914175113,2425.02473847038,0,null,-1203.1904570875565,"{""alpha[1]"": 0.0033471097038056934, ""beta[1]"": 0.9790922223830347, ""omega"": 0.09711947681813743}",2.3911007547529657,True,2024-02-29,1.3456766987585125,1.690632670648644,normal,ETH-USD,953,0.12204476511410911,0.040704167108573774,,0.19047313688060818,2024-02-28,2022-10-17,3.74253761198121,5.372059020556404
-2.7487237201465495,2.7487237201465495,4.734604401808496,6.171292820711774,False,False,2410.120274140805,2422.764098436072,0,null,-1202.0601370704026,"{""alpha[1]"": 0.0030672620504233706, ""beta[1]"": 0.9783663582072524, ""omega"": 0.10274664108249831}",2.384539501965728,True,2024-03-01,1.3444472829199263,1.6889730311954718,normal,ETH-USD,954,0.3243463199830175,0.08111976352207342,,0.18401576890358962,2024-02-29,2022-10-18,3.738202679513795,5.363252632060787
0.3792903256266092,-0.3792903256266092,4.734600072313567,6.173833418048935,False,False,2408.6271399544576,2421.2709642497243,0,null,-1201.3135699772288,"{""alpha[1]"": 0.003254799306844005, ""beta[1]"": 0.9768983942048174, ""omega"": 0.11039703896177167}",2.3887634370102955,True,2024-03-02,1.3440733863608867,1.6892066663795067,normal,ETH-USD,955,0.16785715071779078,0.049850715543357606,,0.1927328633130271,2024-03-01,2022-10-19,3.736433339982422,5.364361879962366
-1.9946680012832543,1.9946680012832543,4.723970204846844,6.160988813429922,False,False,2406.054694383678,2418.6985186789448,0,null,-1200.027347191839,"{""alpha[1]"": 0.0033978662497003223, ""beta[1]"": 0.975414317483546, ""omega"": 0.11808594687209206}",2.3850875333441848,True,2024-03-03,1.3416764733857311,1.6870528413399999,normal,ETH-USD,956,0.2861003741946341,0.07347430916671319,,0.19578039720850027,2024-03-02,2022-10-20,3.7273394826094224,5.352762915388057
-3.916574600490986,3.916574600490986,4.730618977291155,6.170860561665203,False,False,2404.0094410762367,2416.6532653715035,0,null,-1199.0047205381184,"{""alpha[1]"": 0.004307939590142157, ""beta[1]"": 0.9723996249372988, ""omega"": 0.13077947049559296}",2.3904368582126287,True,2024-03-04,1.3429069459615661,1.688569966270749,normal,ETH-USD,957,0.3824163795519336,0.09277396557940963,,0.20016574568184586,2024-03-03,2022-10-21,3.7317529905476787,5.36082195744997
2.10070503362918,-2.10070503362918,4.773566792377787,6.2278836629869,False,False,2403.744155515018,2416.387979810285,0,null,-1198.872077757509,"{""alpha[1]"": 0.0058218604438545025, ""beta[1]"": 0.9679668610806804, ""omega"": 0.149540703591283}",2.413798274360614,True,2024-03-05,1.3517994146865817,1.6976990209164953,normal,ETH-USD,958,0.08321169948984537,0.03309223627407913,,0.20540582288517492,2024-03-04,2022-10-22,3.764939023426086,5.40992866103709
-7.1702762150899515,7.1702762150899515,4.7949913294957005,6.25369746795533,False,False,2401.9265827175986,2414.5704070128654,0,null,-1197.9632913587993,"{""alpha[1]"": 0.007189101028053753, ""beta[1]"": 0.9633161243659943, ""omega"": 0.1700131684219924}",2.4210833491454817,True,2024-03-06,1.3565867627272108,1.7019827081531682,normal,ETH-USD,959,0.5476797820127034,0.12603550014420575,,0.19900830282965704,2024-03-05,2022-10-23,3.7833194251641062,5.433273799330612
-1.432943424406373,1.432943424406373,4.999468087357762,6.519944276593051,False,False,2407.2260752591696,2419.8698995544364,0,null,-1200.6130376295848,"{""alpha[1]"": 0.00882866471520485, ""beta[1]"": 0.9580147099204208, ""omega"": 0.19727478661129147}",2.5236060145856527,True,2024-03-07,1.3984066972700568,1.743704409361548,normal,ETH-USD,960,0.2688949785231652,0.07097722551323557,,0.206006360030835,2024-03-06,2022-10-24,3.944956146056926,5.664779126917177
-0.4561544574664539,0.4561544574664539,4.976317795583288,6.491664918891881,False,False,2404.604680579415,2417.2485048746817,0,null,-1199.3023402897074,"{""alpha[1]"": 0.009230613125088268, ""beta[1]"": 0.9541154852114582, ""omega"": 0.2187850493134153}",2.5150930620557426,True,2024-03-08,1.393498979059534,1.7392306190640454,normal,ETH-USD,961,0.21907587635585848,0.060955389798025436,,0.21159687559216073,2024-03-07,2022-10-25,3.925363069650712,5.639384522336084
-0.5983487565349578,0.5983487565349578,4.950514287223088,6.453731450393636,False,False,2401.432725680666,2414.0765499759327,0,null,-1197.716362840333,"{""alpha[1]"": 0.008584163683103078, ""beta[1]"": 0.9556758681853633, ""omega"": 0.21236315977181322}",2.4949603953439734,True,2024-03-09,1.3888987804834079,1.7336554934840107,normal,ETH-USD,962,0.22531604687200296,0.062066220935827955,,0.19587247447671596,2024-03-08,2022-10-26,3.907972180905097,5.608273337047832
0.8779723703157419,-0.8779723703157419,4.932406421940831,6.4266350020306,False,False,2398.432282884447,2411.0761071797137,0,null,-1196.2161414422235,"{""alpha[1]"": 0.008320371058007602, ""beta[1]"": 0.9554833309721014, ""omega"": 0.21464881567516703}",2.4800416202353253,True,2024-03-10,1.3857250467899833,1.7296823830883894,normal,ETH-USD,963,0.15090629462244495,0.04708259989181471,,0.1832071912700423,2024-03-09,2022-10-27,3.8960982627646383,5.586232359497209
-4.662655987943923,4.662655987943923,4.908376739563726,6.3970529771928195,False,False,2395.644567291728,2408.2883915869947,0,null,-1194.822283645864,"{""alpha[1]"": 0.008735128185394857, ""beta[1]"": 0.9516374187075793, ""omega"": 0.2355518193072902}",2.47082613568647,True,2024-03-11,1.3805972901756793,1.7249521703228154,normal,ETH-USD,964,0.4269287671576738,0.10222429140181861,,0.18822797564083527,2024-03-10,2022-10-28,3.875919355209545,5.55977315223793
2.141871171306122,-2.141871171306122,4.981277239825433,6.492406510258613,False,False,2395.8647646359823,2408.508588931249,0,null,-1194.9323823179911,"{""alpha[1]"": 0.009779067023830834, ""beta[1]"": 0.9459091374741008, ""omega"": 0.26644889863221183}",2.508092492786466,True,2024-03-12,1.3952926070033147,1.73972523587587,normal,ETH-USD,965,0.08956882973625106,0.03500627199727033,,0.192197267458436,2024-03-11,2022-10-29,3.9332477660311413,5.6424983710331515
-0.6556858958397098,0.6556858958397098,4.993150103111147,6.504132651493617,False,False,2393.6827486831353,2406.326572978402,0,null,-1193.8413743415676,"{""alpha[1]"": 0.010207722895229929, ""beta[1]"": 0.9415686292989927, ""omega"": 0.2907638928355663}",2.5078489712816467,True,2024-03-13,1.3981939287860667,1.7417784368693363,normal,ETH-USD,966,0.23004541414265106,0.06309992929350455,,0.17982208924582824,2024-03-12,2022-10-30,3.945222387013307,5.65430703351074
3.126311454330491,-3.126311454330491,4.953302735957956,6.454081554305179,False,False,2390.501859442204,2403.145683737471,0,null,-1192.250929721102,"{""alpha[1]"": 0.010315078393846783, ""beta[1]"": 0.9363877785114793, ""omega"": 0.32136304859035353}",2.4909133594841943,True,2024-03-14,1.389921845733932,1.7339293329617091,normal,ETH-USD,967,0.03930701331987615,0.024836833908840554,,0.18473615304144014,2024-03-13,2022-10-31,3.912451720728013,5.609994845214544
3.8837426126932986,-3.8837426126932986,4.9831872742584995,6.491536119986408,False,False,2388.9864859284426,2401.6303102237093,0,null,-1191.4932429642213,"{""alpha[1]"": 0.010811292849948565, ""beta[1]"": 0.9300286974072192, ""omega"": 0.358351765834562}",2.503477690819158,True,2024-03-15,1.396143587906706,1.7398145102894804,normal,ETH-USD,968,0.002667176256969863,0.017594491691492332,,0.18076822190329223,2024-03-14,2022-11-01,3.937086137832696,5.64319178184253
5.853358660246213,-5.853358660246213,5.0495208110201135,6.574717245943439,True,True,2388.273176378046,2400.917000673313,0,null,-1191.136588189023,"{""alpha[1]"": 0.011524777990202016, ""beta[1]"": 0.9226384505781426, ""omega"": 0.40141492787737926}",2.5314404288915022,True,2024-03-16,8.783276860390156,3.828306605696273,normal,ETH-USD,969,1.7685422988454687,0.13509676949661242,,0.17211378309647854,2024-03-15,2022-11-02,3.991735187777299,5.716897276916302
-3.3373207634509816,3.3373207634509816,5.246387063431372,6.8279288650821135,False,False,2390.385580869406,2403.029405164673,0,null,-1192.192790434703,"{""alpha[1]"": 0.013367099698314984, ""beta[1]"": 0.9140288980225395, ""omega"": 0.4490090446331779}",2.624959490468427,True,2024-03-17,1.448469417647313,1.7907460940147564,normal,ETH-USD,970,0.37434222026013253,0.09275739196799525,,0.1681504967460186,2024-03-16,2022-11-03,4.149523641751662,5.938418433348535
3.475798478295058,-3.475798478295058,5.246818985556003,6.829983568295482,False,False,2388.2944386634986,2400.9382629587653,0,null,-1191.1472193317493,"{""alpha[1]"": 0.013935034376584101, ""beta[1]"": 0.9046682812804141, ""omega"": 0.5048181487486437}",2.6276528967479114,True,2024-03-18,1.4483544484488355,1.7909525344319164,normal,ETH-USD,971,0.03365158105201934,0.02463761953521804,,0.17327429824990082,2024-03-17,2022-11-04,4.148830099335444,5.93956043181686
10.807041511498657,-10.807041511498657,5.2904081165617995,6.880096009431155,True,True,2386.5952893959256,2399.2391136911924,0,null,-1190.2976446979628,"{""alpha[1]"": 0.014422289496820404, ""beta[1]"": 0.8975880464239067, ""omega"": 0.5478881524017064}",2.6384799421139076,True,2024-03-19,26.480694792735836,71.87092167762084,normal,ETH-USD,972,6.288189138388799,4.77282718425207,,0.1520182523880088,2024-03-18,2022-11-05,4.187895050036762,5.9860039516480805
-10.676425818817359,10.676425818817359,6.816081208045293,8.845703663271898,False,False,2399.283470153472,2411.927294448739,0,null,-1196.641735076736,"{""alpha[1]"": 0.0319498668542672, ""beta[1]"": 0.8619670692513334, ""omega"": 0.6969919965554321}",3.368660076106823,True,2024-03-20,1.7127693328511886,2.050883295401296,normal,ETH-USD,973,0.8042440743944557,0.18380603950155547,,0.13249707507918954,2024-03-19,2022-11-06,5.40845566907174,7.704178131338174
0.5823806362037327,-0.5823806362037327,9.088530182199376,11.790188228858192,False,False,2403.941256800883,2416.5850810961497,0,null,-1198.9706284004415,"{""alpha[1]"": 0.06159895362334807, ""beta[1]"": 0.7928473796296219, ""omega"": 1.0025637774825285}",4.484069230528974,True,2024-03-21,2.0008512061610895,2.3383893166913388,normal,ETH-USD,974,0.33162200258853236,0.09688307435926598,,0.16081684936270696,2024-03-20,2022-11-07,7.214820687974374,10.270688072130321
4.6679254580081295,-4.6679254580081295,7.5857317985990615,9.84823013775844,False,False,2401.649280318715,2414.2931046139815,0,null,-1197.8246401593574,"{""alpha[1]"": 0.14502980655727468, ""beta[1]"": 0.370914098297414, ""omega"": 3.461222119706104}",3.7551751596743395,True,2024-03-22,1.8194156877197196,2.158080471068513,normal,ETH-USD,975,0.06743359627626712,0.039078021936563075,,0.16011609769494073,2024-03-21,2022-11-08,6.016597383533471,8.575727651664433
-0.0871329335610886,0.0871329335610886,7.732221794728738,10.044296284372068,False,False,2397.9353238730596,2410.5791481683264,0,null,-1195.9676619365298,"{""alpha[1]"": 0.05660308340952195, ""beta[1]"": 0.7776650457486904, ""omega"": 1.1273892199660858}",3.8374590339152275,True,2024-03-23,1.838015039395403,2.1775398495557137,normal,ETH-USD,976,0.3107918620480487,0.0883104349601533,,0.18335410281327458,2024-03-22,2022-11-09,6.12870430739988,8.743910562454234
-3.4766710205376397,3.4766710205376397,7.120835842931866,9.2655876549637,False,False,2391.0171487402586,2403.6609730355253,0,null,-1192.5085743701293,"{""alpha[1]"": 0.04054851344483829, ""beta[1]"": 0.8525651359599437, ""omega"": 0.7205584446291193}",3.5597456974049613,True,2024-03-24,1.7541349688394767,2.0961182390478994,normal,ETH-USD,977,0.45550172216821483,0.1153598065724691,,0.22189719857480084,2024-03-23,2022-11-10,5.633363422826648,8.05930963670926
-3.8681118375388186,3.8681118375388186,7.009785219182733,9.114405130069645,False,False,2374.4757734288933,2387.11959772416,0,null,-1184.2378867144466,"{""alpha[1]"": 0.022661730031126193, ""beta[1]"": 0.9590596049684346, ""omega"": 0.13323998794527103}",3.4931368890440626,True,2024-03-25,1.7390782394644781,2.07998408711504,normal,ETH-USD,978,0.4709128869347918,0.11798810432875019,,0.19555298022510073,2024-03-24,2022-11-11,5.550145901157008,7.930698595336191
0.0941410782820151,-0.0941410782820151,6.982087359897861,9.08142966754384,False,False,2375.880334417552,2388.524158712819,0,null,-1184.940167208776,"{""alpha[1]"": 0.022813873103617086, ""beta[1]"": 0.9585080888443235, ""omega"": 0.1354782982950713}",3.4843774021308787,True,2024-03-26,1.7348172893135958,2.076214853005893,normal,ETH-USD,979,0.27159835978068797,0.07806550349854156,,0.20518253366695374,2024-03-25,2022-11-12,5.52610827389577,7.900691428136164
2.4661050246410863,-2.4661050246410863,6.812636901673604,8.86389755482918,False,False,2375.4005463828244,2388.044370678091,0,null,-1184.7002731914122,"{""alpha[1]"": 0.021833966078888895, ""beta[1]"": 0.9597788336975512, ""omega"": 0.13235686040977138}",3.404574013348949,True,2024-03-27,1.7099566618022841,2.051829883579449,normal,ETH-USD,980,0.1461949684836217,0.05244096973559707,,0.21002151976823039,2024-03-26,2022-11-13,5.390004394313518,7.710201998200789
-1.732805456880145,1.732805456880145,6.739740837741159,8.769846281760683,False,False,2375.3384836595933,2387.98230795486,0,null,-1184.6692418297966,"{""alpha[1]"": 0.021486872742332137, ""beta[1]"": 0.9602272148133456, ""omega"": 0.1313140556297048}",3.3694617153770827,True,2024-03-28,1.6991172218617194,2.0411234753053664,normal,ETH-USD,981,0.3532292891659593,0.09360854558136544,,0.21049099697308862,2024-03-27,2022-11-14,5.331780326439034,7.628049101256392
1.399346817243807,-1.399346817243807,6.619909933221074,8.615087637449733,False,False,2375.601864838323,2388.2456891335896,0,null,-1184.8009324191614,"{""alpha[1]"": 0.021018359940298804, ""beta[1]"": 0.960341932550592, ""omega"": 0.13243700433743402}",3.3114904989672818,True,2024-03-29,1.681055249094857,2.023260687270067,normal,ETH-USD,982,0.19184132048299882,0.06093588133997283,,0.21074393093789406,2024-03-28,2022-11-15,5.23617322690378,7.492934951241085
0.11002716966062602,-0.11002716966062602,6.136227879234837,7.988833784866982,False,False,2376.2314427550014,2388.875267050268,0,null,-1185.1157213775007,"{""alpha[1]"": 0.03708853677653681, ""beta[1]"": 0.8813348921284894, ""omega"": 0.5553149885706794}",3.0748573632458904,True,2024-03-30,1.6048214037373936,1.947617031722042,normal,ETH-USD,983,0.23706716657209237,0.06836840935114309,,0.2063197851909738,2024-03-29,2022-11-16,4.851370501102469,6.9468681047749286
-3.9109513085083036,3.9109513085083036,5.574336690411004,7.264465705880875,False,False,2375.119003273872,2387.7628275691386,0,null,-1184.559501636936,"{""alpha[1]"": 0.04388827296541552, ""beta[1]"": 0.8336912005785714, ""omega"": 0.828023965286795}",2.8051868086212193,True,2024-03-31,1.5078930543627092,1.8521408871451395,normal,ETH-USD,984,0.41565574688812407,0.1022483360984883,,0.21195806718286728,2024-03-30,2022-11-17,4.40216362925417,6.3138823013405165
3.994063181333666,-3.994063181333666,5.7353045651757855,7.475450999594994,False,False,2376.3407047402534,2388.98452903552,0,null,-1185.1703523701267,"{""alpha[1]"": 0.04127416295044818, ""beta[1]"": 0.8542139786222013, ""omega"": 0.7076324632490443}",2.8882030769378457,True,2024-04-01,1.5362139885545165,1.8807006020225305,normal,ETH-USD,985,0.02671896064168442,0.025026729941926448,,0.22222891230626363,2024-03-31,2022-11-18,4.528442394167354,6.496736175526308
6.719912510429002,-6.719912510429002,5.992891962707506,7.805387883795609,True,False,2378.0191564292654,2390.662980724532,0,null,-1186.0095782146327,"{""alpha[1]"": 0.03778902731346774, ""beta[1]"": 0.8800504736807232, ""omega"": 0.5579561652891657}",3.0082849309007362,True,2024-04-02,8.202196602786744,1.9242113201094853,normal,ETH-USD,986,1.884857022635176,0.0006606885018798986,,0.2123358928930334,2024-04-01,2022-11-19,4.735852486602501,6.785981360616992
-1.0383749539247433,1.0383749539247433,6.8002938509879005,8.844405069175073,False,False,2382.5207213739254,2395.164545669192,0,null,-1188.2603606869627,"{""alpha[1]"": 0.02568264185781359, ""beta[1]"": 0.9482545798349213, ""omega"": 0.18346659721619077}",3.392707759069606,True,2024-04-03,1.7084933504777613,2.0497961639448663,normal,ETH-USD,987,0.3210497360420999,0.08733105540703401,,0.19788789577479343,2024-04-02,2022-11-20,5.382619766917249,7.6947305867786495
-0.560076182871969,0.560076182871969,6.68831240617256,8.704081805244732,False,False,2377.775370677953,2390.41919497322,0,null,-1185.8876853389766,"{""alpha[1]"": 0.02219328712903552, ""beta[1]"": 0.9597454704254706, ""omega"": 0.13067145085357146}",3.345667505700768,True,2024-04-04,1.6913375756811133,2.0335389328345808,normal,ETH-USD,988,0.2925185353349865,0.08130423864508643,,0.21283880749783718,2024-04-03,2022-11-21,5.290294523827757,7.570347681636667
0.33555145099542455,-0.33555145099542455,6.552358677990267,8.530515225038267,False,False,2376.825384910925,2389.469209206192,0,null,-1185.4126924554625,"{""alpha[1]"": 0.021678245833385987, ""beta[1]"": 0.9598874967629739, ""omega"": 0.1325456366995693}",3.283239681926913,True,2024-04-05,1.6704452435373653,2.0132262866923685,normal,ETH-USD,989,0.24224376919680388,0.07082384338984798,,0.22002186403698318,2024-04-04,2022-11-22,5.180426834931498,7.417935789980217
-1.0579513788583212,1.0579513788583212,6.433453196692161,8.375285607685381,False,False,2376.54102868317,2389.184852978437,0,null,-1185.270514341585,"{""alpha[1]"": 0.021320815345777788, ""beta[1]"": 0.9596858615858568, ""omega"": 0.1352205767730762}",3.2229508008043677,True,2024-04-06,1.652177580264285,1.994883708670959,normal,ETH-USD,990,0.30723324974771105,0.08341087424354474,,0.21456869809332138,2024-04-05,2022-11-23,5.086713616095894,7.2831360454961445
-2.917818084466581,2.917818084466581,5.562230158651215,7.247782867204992,False,False,2374.9105973707165,2387.554421665983,0,null,-1184.4552986853582,"{""alpha[1]"": 0.042126937605575704, ""beta[1]"": 0.860163826556123, ""omega"": 0.666866671717499}",2.7975912962811966,True,2024-04-07,1.5058317793878224,1.8498956738691676,normal,ETH-USD,991,0.3655524518261637,0.09217591410646202,,0.2083972383593099,2024-04-06,2022-11-24,4.393230952056687,6.299773326179612
-6.767311887192952,6.767311887192952,5.549905652777257,7.232545772912971,False,False,2375.620052082244,2388.2638763775108,0,null,-1184.810026041122,"{""alpha[1]"": 0.04089427376955843, ""beta[1]"": 0.8667094881881157, ""omega"": 0.630021963436333}",2.7927571359688725,True,2024-04-08,1.5035108296047852,1.8477420831810165,normal,ETH-USD,992,0.5575119165821237,0.13053486253323043,,0.21075025984349374,2024-04-07,2022-11-25,4.382926444449512,6.286174366130081
5.282265463886302,-5.282265463886302,6.5597996384025,8.541620720754931,True,False,2380.1008124955524,2392.744636790819,0,null,-1187.0504062477762,"{""alpha[1]"": 0.021742674630750896, ""beta[1]"": 0.9606638943954842, ""omega"": 0.12714862140235594}",3.2893218839373097,True,2024-04-09,1.9669855685591164,2.0144555715744272,normal,ETH-USD,993,0.0920922138660813,0.021447147682378303,,0.22512673960944327,2024-04-08,2022-11-26,5.18532629139569,7.42698023212413
-1.0944718725401268,1.0944718725401268,6.73455826260431,8.764000353542658,False,False,2383.0687220741206,2395.7125463693874,0,null,-1188.5343610370603,"{""alpha[1]"": 0.022706925772339466, ""beta[1]"": 0.9600099986202113, ""omega"": 0.12603114268042406}",3.368360716994271,True,2024-04-10,1.6982555199498495,2.0404123841228885,normal,ETH-USD,994,0.3210764843062176,0.0871704813687777,,0.21340252864466858,2024-04-09,2022-11-27,5.3270578135842195,7.622576264337636
1.0920619425545175,-1.0920619425545175,6.592780587777344,8.581974093563602,False,False,2383.2868470317003,2395.930671326967,0,null,-1188.6434235158501,"{""alpha[1]"": 0.0228865469521118, ""beta[1]"": 0.9580565669296052, ""omega"": 0.1368100559491854}",3.3015582426855747,True,2024-04-11,1.6767180582754624,2.0192992095274174,normal,ETH-USD,995,0.2060566111688241,0.0637112517219719,,0.21738588414190052,2024-04-10,2022-11-28,5.213194165930996,7.463187114751701
7.775162523681398,-7.775162523681398,6.465186648478589,8.417710060695091,True,True,2383.043198999898,2395.6870232951646,0,null,-1188.521599499949,"{""alpha[1]"": 0.02308685113638348, ""beta[1]"": 0.9561829933744587, ""omega"": 0.14722913458096942}",3.240695159565148,True,2024-04-12,9.898442492443973,7.412455679792901,normal,ETH-USD,996,2.5309235940598294,0.45105884128437207,,0.21943676238376225,2024-04-11,2022-11-29,5.111032424671051,7.319547532485062
7.62651729239407,-7.62651729239407,7.008904110486247,9.113409023886458,True,False,2387.453174766284,2400.096999061551,0,null,-1190.726587383142,"{""alpha[1]"": 0.023541048225043364, ""beta[1]"": 0.960913517312525, ""omega"": 0.11633345882017947}",3.492946022293795,True,2024-04-13,7.666177464280642,2.0798676938107956,normal,ETH-USD,997,1.9733141072842006,0.0030324987507722883,,0.1960403856312828,2024-04-12,2022-11-30,5.549344547884385,7.929767167471298
-4.93593845909959,4.93593845909959,7.520172765917562,9.76589490118358,False,False,2387.619426677481,2400.2632509727478,0,null,-1190.8097133387405,"{""alpha[1]"": 0.024871754353375942, ""beta[1]"": 0.9623868444203699, ""omega"": 0.10302613989319252}",3.7273309031532995,True,2024-04-14,1.8104795832474196,2.1495617171339836,normal,ETH-USD,998,0.5449305894082321,0.13438766355662038,,0.1682404258349689,2024-04-13,2022-12-01,5.962673329065042,8.502827896562437
1.768558663477851,-1.768558663477851,7.568393500951694,9.831965977770173,False,False,2389.590880029541,2402.234704324808,0,null,-1191.7954400147705,"{""alpha[1]"": 0.025188401774643432, ""beta[1]"": 0.9621476909731072, ""omega"": 0.10274582778429817}",3.756957956587693,True,2024-04-15,1.8165551187226425,2.156152436983268,normal,ETH-USD,999,0.2114977732175472,0.0679030069832209,,0.18113179336866717,2024-04-14,2022-12-02,5.998514127828791,8.558859361799934
0.5392438737674049,-0.5392438737674049,7.452036655974712,9.679769616063505,False,False,2390.2908900340785,2402.9347143293453,0,null,-1192.1454450170393,"{""alpha[1]"": 0.02486095883177366, ""beta[1]"": 0.9622506254251951, ""omega"": 0.10316198643862877}",3.6974734210065305,True,2024-04-16,1.801158384288117,2.140598108281319,normal,ETH-USD,1000,0.2683884784189053,0.07887576433559905,,0.17478912495375404,2024-04-15,2022-12-03,5.907013442145506,8.426820307327302
3.3017312940897194,-3.3017312940897194,7.308306171985335,9.496088607568055,False,False,2388.483946362946,2401.1277706582127,0,null,-1191.241973181473,"{""alpha[1]"": 0.024479344432428378, ""beta[1]"": 0.962246563735632, ""omega"": 0.10592852347760055}",3.631165652004184,True,2024-04-17,1.781396270664036,2.1213024445212403,normal,ETH-USD,1001,0.12446294870431127,0.04963877476155594,,0.18174572458474683,2024-04-16,2022-12-04,5.790990268175943,8.26560877024531
-2.6874312490518606,2.6874312490518606,7.29133377223241,9.47052037519148,False,False,2388.9038065430977,2401.5476308383645,0,null,-1191.4519032715489,"{""alpha[1]"": 0.024463848813996242, ""beta[1]"": 0.9622727988035106, ""omega"": 0.10590168200099878}",3.616898743345572,True,2024-04-18,1.7794055721819584,2.1187669688790196,normal,ETH-USD,1002,0.42337053381180195,0.10932306362130816,,0.16928958912401432,2024-04-17,2022-12-05,5.779979427184172,8.244875113078946
0.22036536831554981,-0.22036536831554981,7.198034787324786,9.352486169900546,False,False,2389.5973016135813,2402.241125908848,0,null,-1191.7986508067906,"{""alpha[1]"": 0.024241217876466024, ""beta[1]"": 0.9623008996708408, ""omega"": 0.10649962151724979}",3.5758445319259162,True,2024-04-19,1.7662236795983959,2.1060795072387695,normal,ETH-USD,1003,0.2741734976551595,0.0792038743009668,,0.17790552633419782,2024-04-18,2022-12-06,5.703835321418735,8.140752798412223
-3.1641733747600194,3.1641733747600194,7.058881136447507,9.172005330733887,False,False,2390.091997418024,2402.735821713291,0,null,-1192.045998709012,"{""alpha[1]"": 0.023934478907814173, ""beta[1]"": 0.9621838040210969, ""omega"": 0.10807815104682125}",3.507251849139185,True,2024-04-20,1.746670458021594,2.0865779992944766,normal,ETH-USD,1004,0.43787585637614407,0.11147689085804788,,0.17557217192599117,2024-04-19,2022-12-07,5.593343752762855,7.983515711044759
0.3279546513185339,-0.3279546513185339,6.9957203866677595,9.09407422123545,False,False,2389.8757022994996,2402.5195265947664,0,null,-1191.9378511497498,"{""alpha[1]"": 0.023878120952070304, ""beta[1]"": 0.9619438156097863, ""omega"": 0.11025176994703824}",3.482736786760981,True,2024-04-21,1.7372723299345765,2.077848148003664,normal,ETH-USD,1005,0.2606236097770606,0.07585937279845335,,0.18816538856137419,2024-04-20,2022-12-08,5.5404268468597415,7.913891931163863
-1.712564582491717,1.712564582491717,6.86890311247905,8.927760075337094,False,False,2388.445462574404,2401.0892868696706,0,null,-1191.222731287202,"{""alpha[1]"": 0.02378367925948517, ""beta[1]"": 0.9611504258907411, ""omega"": 0.11619757023207553}",3.417181966692466,True,2024-04-22,1.7191254087941283,2.059461333188775,normal,ETH-USD,1006,0.3576783419279039,0.0948235669011653,,0.17976189580091329,2024-04-21,2022-12-09,5.441002256066354,7.769792107624804
-0.5686954456864607,0.5686954456864607,6.752266805642416,8.778828313991836,False,False,2388.8687205708957,2401.5125448661624,0,null,-1191.4343602854478,"{""alpha[1]"": 0.02363513564784468, ""beta[1]"": 0.9608326885336813, ""omega"": 0.11841356066327356}",3.363579678265488,True,2024-04-23,1.7017255595144087,2.0425074045984957,normal,ETH-USD,1007,0.29577298016171044,0.0820771980359885,,0.18583207578751185,2024-04-22,2022-12-10,5.346764157547742,7.639024357912381
2.5193160149868854,-2.5193160149868854,6.61729805518052,8.604671602113381,False,False,2389.3242561801285,2401.9680804753953,0,null,-1191.6621280900642,"{""alpha[1]"": 0.02361996260558811, ""beta[1]"": 0.9600573174822801, ""omega"": 0.12255184143392964}",3.2985375711740783,True,2024-04-24,1.6813960506263754,2.022403343833973,normal,ETH-USD,1008,0.13598289168349054,0.04967592212233086,,0.18663763892468851,2024-04-23,2022-12-11,5.238973848656694,7.486908227219967
-0.5306083001168195,0.5306083001168195,6.56030866837469,8.52968050345644,False,False,2390.3130549244806,2402.9568792197474,0,null,-1192.1565274622403,"{""alpha[1]"": 0.02377131921824063, ""beta[1]"": 0.9594502011798453, ""omega"": 0.12490980769332577}",3.2686592813186155,True,2024-04-25,1.672840242630004,2.0136949160917936,normal,ETH-USD,1009,0.2862538839841553,0.07952650175597015,,0.18199669457923542,2024-04-24,2022-12-12,5.194469379566281,7.422041875480188
0.83811818106982,-0.83811818106982,6.404561562280417,8.328256117630934,False,False,2390.5540318114354,2403.197856106702,0,null,-1192.2770159057177,"{""alpha[1]"": 0.024310162646377077, ""beta[1]"": 0.9570228654632205, ""omega"": 0.13666900116198585}",3.1928465466794584,True,2024-04-26,1.6486964174555654,1.9897411438849106,normal,ETH-USD,1010,0.2116141569787108,0.06408189692975426,,0.18136390196115787,2024-04-25,2022-12-13,5.070401320644033,7.2463078740452405
-3.82362630367448,3.82362630367448,6.283774564779082,8.169630586801581,False,False,2389.44238496647,2402.0862092617367,0,null,-1191.721192483235,"{""alpha[1]"": 0.0245607015087792, ""beta[1]"": 0.9554973339232707, ""omega"": 0.1449274037908951}",3.1300441490057964,True,2024-04-27,1.6298288010712971,1.9705932653994127,normal,ETH-USD,1011,0.43997415926230254,0.10932590265929241,,0.1726075894388549,2024-04-26,2022-12-14,4.975856881571564,7.108963962254752
-0.3256039102912204,0.3256039102912204,6.278954904921221,8.166135334073669,False,False,2390.8899085545236,2403.5337328497903,0,null,-1192.4449542772618,"{""alpha[1]"": 0.024891549701517506, ""beta[1]"": 0.9548022325406021, ""omega"": 0.14732382810422487}",3.1322423299589492,True,2024-04-28,1.6287554512714095,1.9700185523393459,normal,ETH-USD,1012,0.26478613009565644,0.07430327730269955,,0.18196146530200305,2024-04-27,2022-12-15,4.970118691621904,7.1047238199787275
1.4617183658861372,-1.4617183658861372,5.391895609159359,7.022113123124284,False,False,2389.6210354605464,2402.264859755813,0,null,-1191.8105177302732,"{""alpha[1]"": 0.041857927950373734, ""beta[1]"": 0.8932540921095362, ""omega"": 0.4534485315556105}",2.7057488650275214,True,2024-04-29,1.4752078637790813,1.818492774548944,normal,ETH-USD,1013,0.13997776198713116,0.046435075253274685,,0.18928722863159064,2024-04-28,2022-12-16,4.261273605628758,6.105225891213602
6.526122570024033,-6.526122570024033,5.787516165038399,7.537147359932136,True,False,2375.386941850684,2388.0307661459506,0,null,-1184.693470925342,"{""alpha[1]"": 0.03271168212805317, ""beta[1]"": 0.9334921257236511, ""omega"": 0.24500797198353003}",2.903945381059333,True,2024-04-30,8.291752794030288,1.8892838555690266,normal,ETH-USD,1014,1.8544443101796166,0.00026975428759346465,,0.20248916477471912,2024-04-29,2022-12-17,4.5740759277297,6.55309799878338
1.4210098277107652,-1.4210098277107652,6.382538270923749,8.301171839664152,False,False,2380.8031233266815,2393.4469476219483,0,null,-1187.4015616633408,"{""alpha[1]"": 0.02994893940512996, ""beta[1]"": 0.944963236001342, ""omega"": 0.18974359136272567}",3.1844465886009,True,2024-05-01,1.645082942222202,1.9864027808851121,normal,ETH-USD,1015,0.18154391005880063,0.058010602314708934,,0.1860604922066578,2024-04-30,2022-12-18,5.051888028886775,7.222070059181654
-0.6171195696829382,0.6171195696829382,6.265717980860744,8.149568276797725,False,False,2382.1220632628533,2394.76588755812,0,null,-1188.0610316314267,"{""alpha[1]"": 0.029834375223257478, ""beta[1]"": 0.9443468175943956, ""omega"": 0.1937862727459349}",3.1267151508610986,True,2024-05-02,1.6265733245364031,1.9679533379549694,normal,ETH-USD,1016,0.2788155459886492,0.07707149307371992,,0.1837974062479566,2024-05-01,2022-12-19,4.959191350090041,7.090029737689047
-3.788339378396801,3.788339378396801,6.1020872141350635,7.939352436318392,False,False,2382.3698221144587,2395.0136464097254,0,null,-1188.1849110572293,"{""alpha[1]"": 0.030173995877251166, ""beta[1]"": 0.9421762018209772, ""omega"": 0.20549623741537035}",3.0493957076847074,True,2024-05-03,1.599814133603501,1.9416778275359543,normal,ETH-USD,1017,0.4308104300463949,0.10694354232814043,,0.1879403672643525,2024-05-02,2022-12-20,4.827869222531089,6.906014854417232
-0.4511872910238055,0.4511872910238055,6.080598808224127,7.911346491809645,False,False,2378.837314512591,2391.481138807858,0,null,-1186.4186572562955,"{""alpha[1]"": 0.033004566701266794, ""beta[1]"": 0.9359886072382079, ""omega"": 0.23185380662046823}",3.0385782416025853,True,2024-05-04,1.596291867454708,1.9381467094866514,normal,ETH-USD,1018,0.2631044142578365,0.07332861876139825,,0.18711544734291882,2024-05-03,2022-12-21,4.81090099413292,6.881674585116012
-0.6290398368676899,0.6290398368676899,5.9111673660099715,7.692886298895545,False,False,2379.9965920822588,2392.6404163775255,0,null,-1186.9982960411294,"{""alpha[1]"": 0.033161431484985265, ""beta[1]"": 0.9336769081170695, ""omega"": 0.24557906955156603}",2.957202912590542,True,2024-05-05,1.5677992824947329,1.9100332917541243,normal,ETH-USD,1019,0.26522564085424516,0.07319829589491283,,0.18869295618880158,2024-05-04,2022-12-22,4.675472980217209,6.690789752623588
2.4040038364985503,-2.4040038364985503,5.75171850434272,7.487011060347704,False,False,2381.1542837313145,2393.7981080265813,0,null,-1187.5771418656573,"{""alpha[1]"": 0.033372328151371373, ""beta[1]"": 0.9312892451611241, ""omega"": 0.25944620933902457}",2.880146866096185,True,2024-05-06,1.5402575974094472,1.8828125877895356,normal,ETH-USD,1020,0.10721094292482108,0.04107022378513447,,0.18919732385625604,2024-05-05,2022-12-23,4.54822269499497,6.511026215011994
1.8503998653284799,-1.8503998653284799,5.718029133774517,7.441982177837073,False,False,2382.9945922387124,2395.638416533979,0,null,-1188.4972961193562,"{""alpha[1]"": 0.03315808004938346, ""beta[1]"": 0.9311104910614659, ""omega"": 0.26180513544769596}",2.861326143520602,True,2024-05-07,1.534525674504252,1.8768484071275093,normal,ETH-USD,1021,0.1335998935405597,0.04621975176666896,,0.18406494892125952,2024-05-06,2022-12-24,4.522397736139672,6.472375041995371
1.100968673213486,-1.100968673213486,5.650272845113093,7.3533065242032425,False,False,2384.4589719950527,2397.1027962903195,0,null,-1189.2294859975264,"{""alpha[1]"": 0.032969913930455806, ""beta[1]"": 0.9307575189025209, ""omega"": 0.264775744895731}",2.826605287226083,True,2024-05-08,1.5226656167523718,1.8648901203344344,normal,ETH-USD,1022,0.16840906014120965,0.05294496444861163,,0.18020208261635495,2024-05-07,2022-12-25,4.469149876037676,6.395465118074644
-2.075502961269021,2.075502961269021,5.5451172566941,7.216897381779431,False,False,2385.4546326560885,2398.0984569513553,0,null,-1189.7273163280443,"{""alpha[1]"": 0.03296943361452699, ""beta[1]"": 0.9296938550683388, ""omega"": 0.27106879251826616}",2.774732290185986,True,2024-05-09,1.503824377703081,1.8461387607887976,normal,ETH-USD,1023,0.3230586428461933,0.08352136949898725,,0.17835857567694463,2024-05-08,2022-12-26,4.385669895654839,6.276633988629698
4.24662677995022,-4.24662677995022,5.480032380950324,7.133631493074749,False,False,2386.577244780012,2399.2210690752786,0,null,-1190.288622390006,"{""alpha[1]"": 0.03274617530976924, ""beta[1]"": 0.9296875378246597, ""omega"": 0.2717534961102116}",2.7445564058253917,True,2024-05-10,1.4918352226160803,1.8344467489050622,normal,ETH-USD,1024,0.004328375513615649,0.01956966911654594,,0.181199268272259,2024-05-09,2022-12-27,4.333194290222533,6.203593691604812
-0.06221160336238723,0.06221160336238723,5.723209402948683,7.446036907444469,False,False,2389.3167717620963,2401.960596057363,0,null,-1191.6583858810482,"{""alpha[1]"": 0.030380472206494497, ""beta[1]"": 0.9382873529366669, ""omega"": 0.22928774915619957}",2.859458032437729,True,2024-05-11,1.5357568733765565,1.8775490697776585,normal,ETH-USD,1025,0.2295285108021253,0.06539274414942305,,0.17503130309060483,2024-05-10,2022-12-28,4.5283586126801145,6.477062811579912
-0.5855825996575821,0.5855825996575821,5.570883862479204,7.250363643192783,False,False,2388.948171977324,2401.5919962725907,0,null,-1191.474085988662,"{""alpha[1]"": 0.03126454109931606, ""beta[1]"": 0.9345574214569873, ""omega"": 0.24845332328185693}",2.787511771634793,True,2024-05-12,1.5084688797781873,1.8507693421083484,normal,ETH-USD,1026,0.24958395387257007,0.06891352313514408,,0.17895236994959787,2024-05-11,2022-12-29,4.406096477793815,6.30576971385682
-0.702877979976,0.702877979976,5.474282740546797,7.125321062248906,False,False,2389.372739742731,2402.016564037998,0,null,-1191.6863698713655,"{""alpha[1]"": 0.03083141133635735, ""beta[1]"": 0.9352494526599495, ""omega"": 0.24508960958193346}",2.7403061412322316,True,2024-05-13,1.4908900994321255,1.833331181195943,normal,ETH-USD,1027,0.2516049320937527,0.06899601512388488,,0.17818183346417943,2024-05-12,2022-12-30,4.32922066189905,6.196723532412482
2.339578604478114,-2.339578604478114,5.390099737312268,7.017074481110206,False,False,2389.7880011635666,2402.4318254588334,0,null,-1191.8940005817833,"{""alpha[1]"": 0.030256751212193345, ""beta[1]"": 0.93657567829635, ""omega"": 0.23817648216146767}",2.700366686499987,True,2024-05-14,1.4752221204966665,1.8179411347859356,normal,ETH-USD,1028,0.09610740610063381,0.03762432483894199,,0.17998121189764427,2024-05-13,2022-12-31,4.261726726490789,6.10201108837231
-5.26965537655487,5.26965537655487,5.437620519365751,7.077228981611504,False,False,2390.8698932852512,2403.513717580518,0,null,-1192.4349466426256,"{""alpha[1]"": 0.028674548002116336, ""beta[1]"": 0.9417372998740641, ""omega"": 0.2120861221702928}",2.721335464628321,True,2024-05-15,1.4842179185686248,1.8265815866828499,normal,ETH-USD,1029,0.4785070444326591,0.11424715352197662,,0.1757129970472577,2024-05-14,2023-01-01,4.300485512098305,6.15505997564278
3.073550260256281,-3.073550260256281,5.776261599604033,7.5176584307323155,False,False,2394.403600561084,2407.047424856351,0,null,-1194.201800280542,"{""alpha[1]"": 0.025067528992817483, ""beta[1]"": 0.9536490379370705, ""omega"": 0.15473699822194692}",2.8902784193062283,True,2024-05-16,1.544671740640152,1.886972376423826,normal,ETH-USD,1030,0.0747490983738948,0.03464690082721646,,0.18555271316124144,2024-05-15,2023-01-02,4.568532227734176,6.538240342977924
-4.934976687832733,4.934976687832733,5.831901802707508,7.58709292228313,False,False,2395.6069363701235,2408.2507606653903,0,null,-1194.8034681850618,"{""alpha[1]"": 0.024089809246769976, ""beta[1]"": 0.9565697498367519, ""omega"": 0.14046292902211438}",2.913173450178198,True,2024-05-17,1.5546125726202344,1.8963358963796804,normal,ETH-USD,1031,0.4774791109915713,0.11534893166901358,,0.17713838346565702,2024-05-16,2023-01-03,4.614605531998686,6.5999164790686144
-0.9274639232585327,0.9274639232585327,5.98818499290336,7.7919021999744125,False,False,2398.2916825209413,2410.935506816208,0,null,-1196.1458412604707,"{""alpha[1]"": 0.023014197805861697, ""beta[1]"": 0.9601281850071925, ""omega"": 0.1233603963362955}",2.9937144853714996,True,2024-05-18,1.5808851475830674,1.9228897091428934,normal,ETH-USD,1032,0.2832348917243038,0.07704897033694863,,0.1869882180929342,2024-05-17,2023-01-04,4.737233911227537,6.7774331104363235
1.6500026642583834,-1.6500026642583834,5.888374194155178,7.661505386475385,False,False,2397.199577583385,2409.8434018786515,0,null,-1195.5997887916924,"{""alpha[1]"": 0.023374990470520343, ""beta[1]"": 0.9587076002901376, ""omega"": 0.13040237089266446}",2.942949434702564,True,2024-05-19,1.564138169882653,1.9060426190286321,normal,ETH-USD,1033,0.15043165453471885,0.05014236199919086,,0.18208529665254009,2024-05-18,2023-01-05,4.6586357549527575,6.664238864177465
-17.6238286731965,17.6238286731965,5.828774267843183,7.583816639833392,False,False,2397.4905430589106,2410.1343673541774,0,null,-1195.7452715294553,"{""alpha[1]"": 0.023057809760006764, ""beta[1]"": 0.9590836846271698, ""omega"": 0.128710683291004}",2.9129265667979363,True,2024-05-20,1.5539818489688888,1.89585880149254,normal,ETH-USD,1034,1.1117704916408924,0.24220552530284428,,0.1797566688195547,2024-05-19,2023-01-06,4.6115811596213305,6.59672385708791
-3.3668668814154956,3.3668668814154956,8.222482566895387,10.686124727593345,False,False,2429.4504033317025,2442.0942276269693,0,null,-1211.7252016658513,"{""alpha[1]"": 0.021393996099395962, ""beta[1]"": 0.9749202174359045, ""omega"": 0.04471388398495461}",4.08902304326849,True,2024-05-21,1.8990716996447512,2.2392796542604185,normal,ETH-USD,1035,0.4940356815088154,0.1266735931037965,,0.21199763464751908,2024-05-20,2023-01-07,6.513846748760804,9.300492428964143
1.3843244989582024,-1.3843244989582024,8.148275122948535,10.592444349159184,False,False,2430.727499037477,2443.371323332744,0,null,-1212.3637495187386,"{""alpha[1]"": 0.021382995119772787, ""beta[1]"": 0.9745217197889514, ""omega"": 0.04685292106616896}",4.05670289584249,True,2024-05-22,1.8897707563211386,2.230361642586457,normal,ETH-USD,1036,0.2534410038087315,0.07833439761842072,,0.21953789655823236,2024-05-21,2023-01-08,6.4531445751328285,9.217764260800267
-1.0569357542440212,1.0569357542440212,8.036764440939393,10.446496359033253,False,False,2431.2061336190045,2443.8499579142713,0,null,-1212.6030668095023,"{""alpha[1]"": 0.02122392775750441, ""beta[1]"": 0.974224180580238, ""omega"": 0.04916071359529206}",3.9995456720037037,True,2024-05-23,1.876076356502062,2.2165282737343865,normal,ETH-USD,1037,0.3711226659041922,0.10148120684525551,,0.21314964091353975,2024-05-22,2023-01-09,6.365517563839815,9.091184930281521
1.332471649903636,-1.332471649903636,7.912221323988936,10.284661891305666,False,False,2431.1767999216377,2443.8206242169044,0,null,-1212.5883999608188,"{""alpha[1]"": 0.02095010588900636, ""beta[1]"": 0.9741591497670222, ""omega"": 0.0507304212616078}",3.937651459006838,True,2024-05-24,1.8604538418289036,2.2009131109909896,normal,ETH-USD,1038,0.24671829310548765,0.07617852678465975,,0.21002277200476996,2024-05-23,2023-01-10,6.266837512013384,8.950324328369604
-0.5966173788722317,0.5966173788722317,7.8006429909851835,10.139052642199351,False,False,2431.776529191403,2444.4203534866697,0,null,-1212.8882645957015,"{""alpha[1]"": 0.020908226605276168, ""beta[1]"": 0.9735819061120915, ""omega"": 0.05416492666345102}",3.881168743153541,True,2024-05-25,1.8463025354943032,2.1866785542854013,normal,ETH-USD,1039,0.33877391896219505,0.09420472549686117,,0.20509348361512428,2024-05-24,2023-01-11,6.178861000371664,8.823855170813877
-2.0240831626970777,2.0240831626970777,7.689849661562349,9.99404384598844,False,False,2430.8417654859563,2443.485589781223,0,null,-1212.4208827429782,"{""alpha[1]"": 0.02049324503163096, ""beta[1]"": 0.973963357372836, ""omega"": 0.05388943377572746}",3.8243797198267955,True,2024-05-26,1.8320880451457833,2.1723167068958746,normal,ETH-USD,1040,0.4057940324198901,0.10722173426145017,,0.1987473672960427,2024-05-25,2023-01-12,6.0917974857007176,8.698090263447929
-1.7131850661742463,1.7131850661742463,7.587691687617079,9.861979316750675,False,False,2431.1491814289157,2443.7930057241824,0,null,-1212.5745907144578,"{""alpha[1]"": 0.02042493532685566, ""beta[1]"": 0.9735416295496566, ""omega"": 0.05660849534804023}",3.774742400054205,True,2024-05-27,1.818649868629663,2.158983397525165,normal,ETH-USD,1041,0.3861782993847434,0.10296031217576128,,0.19851780601604865,2024-05-26,2023-01-13,6.010380921520616,8.582846151401872
1.338579908251552,-1.338579908251552,7.481098858185877,9.723881184188778,False,False,2431.25701266452,2443.900836959787,0,null,-1212.62850633226,"{""alpha[1]"": 0.02033680571273559, ""beta[1]"": 0.9731399729897786, ""omega"": 0.05933004557604946}",3.722451563121102,True,2024-05-28,1.8044609592124123,2.1448615782346803,normal,ETH-USD,1042,0.22935291950546594,0.07123887715445179,,0.1972496563900563,2024-05-27,2023-01-14,5.925638298360866,8.462467623696725
2.0270383671832812,-2.0270383671832812,7.474643696705408,9.71090093436731,False,False,2426.8808552788955,2439.5246795741623,0,null,-1210.4404276394478,"{""alpha[1]"": 0.019329972831335314, ""beta[1]"": 0.9757420202690763, ""omega"": 0.04934366202244537}",3.7116215663742707,True,2024-05-29,1.8040235990850788,2.1437303236412832,normal,ETH-USD,1043,0.1948335091631587,0.06426118928120074,,0.18136564487557164,2024-05-28,2023-01-15,5.9237085504464515,8.453157295303349
0.4353355361003319,-0.4353355361003319,7.390165800213684,9.600496839314593,False,False,2427.718381920662,2440.362206215929,0,null,-1210.859190960331,"{""alpha[1]"": 0.019398734507456883, ""beta[1]"": 0.9750881957885139, ""omega"": 0.05261932423150991}",3.668590632324088,True,2024-05-30,1.7927185218541917,2.13232552120129,normal,ETH-USD,1044,0.27109379943475836,0.07921999399549982,,0.17708308258297784,2024-05-29,2023-01-16,5.857211524795494,8.357334935650307
-0.3510652140078289,0.3510652140078289,7.274921986913644,9.450427637298892,False,False,2427.9645068222544,2440.608331117521,0,null,-1210.9822534111272,"{""alpha[1]"": 0.01936143740801574, ""beta[1]"": 0.9745075522255205, ""omega"": 0.05605231627848585}",3.610789292819172,True,2024-05-31,1.7770354765228253,2.1165870187714324,normal,ETH-USD,1045,0.3058592872931924,0.08577917876372006,,0.17309933259514182,2024-05-30,2023-01-17,5.766120531856014,8.22685266236417
-1.4042428063769437,1.4042428063769437,7.14651264132328,9.2850499842705,False,False,2428.3157420788934,2440.95956637416,0,null,-1211.1578710394467,"{""alpha[1]"": 0.019390539621475415, ""beta[1]"": 0.9737075247554143, ""omega"": 0.06048975077099192}",3.549431250082196,True,2024-06-01,1.7590879654700098,2.098865855537946,normal,ETH-USD,1046,0.3533796507050595,0.09486509991471434,,0.17494465758835803,2024-05-31,2023-01-18,5.66335020772424,8.082267185094482
0.8507445312401543,-0.8507445312401543,7.051070058698164,9.164533208280321,False,False,2427.37379420203,2440.0176184972966,0,null,-1210.686897101015,"{""alpha[1]"": 0.01907256746781205, ""beta[1]"": 0.9739800079037955, ""omega"": 0.06045980622477112}",3.507814429223737,True,2024-06-02,1.7452999512581,2.0856365503922585,normal,ETH-USD,1047,0.23672765322601166,0.07125108417893287,,0.1845436908209893,2024-06-01,2023-01-19,5.585297595760383,7.9758529491334365
0.384425752192846,-0.384425752192846,6.953554831623869,9.036626621642078,False,False,2427.205666838453,2439.8494911337198,0,null,-1210.6028334192265,"{""alpha[1]"": 0.01904112118919058, ""beta[1]"": 0.9734871888522403, ""omega"": 0.06343860829204163}",3.4573724569455746,True,2024-06-03,1.7314895250873494,2.071637212629204,normal,ETH-USD,1048,0.25622171288475126,0.07480613697148672,,0.17801161564118403,2024-06-02,2023-01-20,5.508860009887867,7.865039449341511
-1.2172544285708293,1.2172544285708293,6.9800641663789476,9.066754147643486,False,False,2422.3120016842417,2434.9558259795085,0,null,-1208.1560008421209,"{""alpha[1]"": 0.018082865953685082, ""beta[1]"": 0.9761247822445331, ""omega"": 0.05331701442825199}",3.463377739537829,True,2024-06-04,1.7357241726128163,2.075171961526721,normal,ETH-USD,1049,0.33750572053753874,0.09110386415743191,,0.16388945420184947,2024-06-03,2023-01-21,5.532859982179939,7.893131987172352
-1.3481152744487948,1.3481152744487948,6.876565425259352,8.934895509301906,False,False,2422.251023947504,2434.894848242771,0,null,-1208.125511973752,"{""alpha[1]"": 0.017998784656943323, ""beta[1]"": 0.9757801212114265, ""omega"": 0.0556333321520068}",3.4163074810825345,True,2024-06-05,1.7205250654835487,2.0603970032424805,normal,ETH-USD,1050,0.33985726275679157,0.09125339149781954,,0.17029577035302354,2024-06-04,2023-01-22,5.4490299806870315,7.77722387533315
1.371984567859516,-1.371984567859516,6.764603806189044,8.790973009964613,False,False,2422.7228082006495,2435.3666324959163,0,null,-1208.3614041003248,"{""alpha[1]"": 0.01807884825046243, ""beta[1]"": 0.974992128903542, ""omega"": 0.05960693641013987}",3.36326050129801,True,2024-06-06,1.7039503188166445,2.0440815266173944,normal,ETH-USD,1051,0.19936249806304693,0.0627929264435844,,0.17283670482220703,2024-06-05,2023-01-23,5.359234529120451,7.651277212217951
3.5510442157954536,-3.5510442157954536,6.6651193849040355,8.661633217417055,False,False,2423.205445222243,2435.8492695175096,0,null,-1208.6027226111214,"{""alpha[1]"": 0.01822288871553172, ""beta[1]"": 0.9741005568835794, ""omega"": 0.06393867845711916}",3.313708134073011,True,2024-06-07,1.6891401442190093,2.029262139146379,normal,ETH-USD,1052,0.08647059018016184,0.039876848335072414,,0.17010882358989884,2024-06-06,2023-01-24,5.280456019398689,7.538729049302692
-0.06306885339713411,0.06306885339713411,6.725598735568071,8.740332441178376,False,False,2422.1019619167687,2434.7457862120355,0,null,-1208.0509809583843,"{""alpha[1]"": 0.017892148791748386, ""beta[1]"": 0.9753084403212315, ""omega"": 0.05880708035349362}",3.343948516434025,True,2024-06-08,1.698162559593141,2.0383019423703432,normal,ETH-USD,1053,0.2695684001033396,0.0767024967857961,,0.17200669692584755,2024-06-07,2023-01-25,5.328299148669653,7.60718082518247
-0.6756314321282162,0.6756314321282162,6.652826315283808,8.644308283458939,False,False,2421.0499399101523,2433.693764205419,0,null,-1207.5249699550761,"{""alpha[1]"": 0.01771047342033572, ""beta[1]"": 0.9753400939955302, ""omega"": 0.05961315668624393}",3.305356511602643,True,2024-06-09,1.6874347365336364,2.0273275093335625,normal,ETH-USD,1054,0.2973642092014232,0.08199865631265052,,0.16517489457703072,2024-06-08,2023-01-26,5.271652751900243,7.524234199136828
1.0630316469208474,-1.0630316469208474,6.5358464886237115,8.493867043811434,False,False,2421.2854840077266,2433.9293083029934,0,null,-1207.6427420038633,"{""alpha[1]"": 0.017824489352940863, ""beta[1]"": 0.9744761787268233, ""omega"": 0.06387645525178746}",3.24981902691896,True,2024-06-10,1.6695297449341564,2.00969150173027,normal,ETH-USD,1055,0.20574240630796825,0.06329581097086208,,0.1675968402833469,2024-06-09,2023-01-27,5.177879773080209,7.3926127440070495
4.701098201868667,-4.701098201868667,6.4299798886846835,8.356637317926785,False,False,2421.5962875324894,2434.240111827756,0,null,-1207.7981437662447,"{""alpha[1]"": 0.018007693788938184, ""beta[1]"": 0.9734898437181287, ""omega"": 0.06856124650393533}",3.197764168162911,True,2024-06-11,1.6531612558852888,1.993384974780172,normal,ETH-USD,1056,0.019633328594813655,0.025719244560478187,,0.16608921637328256,2024-06-10,2023-01-28,5.093764773764939,7.273022657916483
-1.7367271153907233,1.7367271153907233,6.518360434418435,8.469034647620807,False,False,2423.683764235283,2436.3275885305497,0,null,-1208.8418821176415,"{""alpha[1]"": 0.018290811874400695, ""beta[1]"": 0.9733082911406682, ""omega"": 0.0681538797375076}",3.2376259567803496,True,2024-06-12,1.6670750217465682,2.006871365475814,normal,ETH-USD,1057,0.34511079102811215,0.09108639284335265,,0.15993209255087454,2024-06-11,2023-01-29,5.165488705171513,7.371912168944534
2.5705704775713127,-2.5705704775713127,6.493798710100389,8.43563664554212,False,False,2421.8068604648315,2434.4506847600983,0,null,-1207.9034302324158,"{""alpha[1]"": 0.0178988782172863, ""beta[1]"": 0.9741375073871632, ""omega"": 0.06538225396377097}",3.2229599699920133,True,2024-06-13,1.663458524252487,2.0029962812620106,normal,ETH-USD,1058,0.12882424102517875,0.04772913498652458,,0.1542420980858853,2024-06-12,2023-01-30,5.147055298074886,7.343483976223767
-0.31630039544893807,0.31630039544893807,6.5244690495239155,8.476630519590602,False,False,2419.608887286475,2432.2527115817416,0,null,-1206.8044436432374,"{""alpha[1]"": 0.017397057961496848, ""beta[1]"": 0.9755237233694418, ""omega"": 0.060367729449908265}",3.2400944271152294,True,2024-06-14,1.668047948961088,2.0077852668489866,normal,ETH-USD,1059,0.2743433121367289,0.07694971954839933,,0.1589152228201034,2024-06-13,2023-01-31,5.170565847285634,7.378671559390987
-2.4207752650367778,2.4207752650367778,6.416345579106539,8.336398239364895,False,False,2419.7142722863964,2432.358096581663,0,null,-1206.8571361431982,"{""alpha[1]"": 0.017529016874896716, ""beta[1]"": 0.9747086626959994, ""omega"": 0.0642056862226702}",3.186801921696751,True,2024-06-15,1.6513109009482028,1.9910909099528546,normal,ETH-USD,1060,0.3752743202274491,0.09677273580798663,,0.15711155976662555,2024-06-14,2023-02-01,5.084711139512197,7.256498315761877
-1.5311473810406846,1.5311473810406846,6.384157523585018,8.294222477108384,False,False,2419.1316789119874,2431.775503207254,0,null,-1206.5658394559937,"{""alpha[1]"": 0.017429822377285863, ""beta[1]"": 0.9747872931292682, ""omega"": 0.06436185277688855}",3.170224853955219,True,2024-06-16,1.6463203375922406,1.9860373987824893,normal,ETH-USD,1061,0.3295298672486931,0.08751087344924081,,0.1551058853467709,2024-06-15,2023-02-02,5.059449963933172,7.219939963883388
3.0620859309889896,-3.0620859309889896,6.281277199684439,8.162134599077437,False,False,2419.498832771583,2432.1426570668496,0,null,-1206.7494163857914,"{""alpha[1]"": 0.017644134004689224, ""beta[1]"": 0.9738322195217443, ""omega"": 0.06860638091857661}",3.1217476993660345,True,2024-06-17,1.6299004540478652,1.9699005094340354,normal,ETH-USD,1062,0.0957370166567963,0.04042193431118353,,0.15799176160472128,2024-06-16,2023-02-03,4.976826264124914,7.104279362107339
0.7919203996926983,-0.7919203996926983,6.263043300843335,8.136026384668153,False,False,2420.5021962611845,2433.1460205564513,0,null,-1207.2510981305923,"{""alpha[1]"": 0.017901683020497616, ""beta[1]"": 0.9731673226989253, ""omega"": 0.0709958865236413}",3.1086783265805242,True,2024-06-18,1.6272606931921283,1.9668251256171247,normal,ETH-USD,1063,0.20860665614968243,0.06290679518609683,,0.1492672978150641,2024-06-17,2023-02-04,4.964053522686344,7.0825999183023765
-2.148760977696511,2.148760977696511,6.152667016249998,7.99286633887882,False,False,2420.665641646777,2433.309465942044,0,null,-1207.3328208233886,"{""alpha[1]"": 0.01820020144322956, ""beta[1]"": 0.9719494801570909, ""omega"": 0.07647368074048562}",3.0542655725231502,True,2024-06-19,1.6094548054317879,1.9490604930512334,normal,ETH-USD,1064,0.3512587542305866,0.09106639501369376,,0.1474056977225035,2024-06-18,2023-02-05,4.876414106915215,6.957878523672858
1.3651565173804403,-1.3651565173804403,6.076566155677958,7.897046666322171,False,False,2420.5577500229647,2433.2015743182315,0,null,-1207.2788750114823,"{""alpha[1]"": 0.01833681622405453, ""beta[1]"": 0.9712863604268527, ""omega"": 0.07964364114454586}",3.0215373306229125,True,2024-06-20,1.5966617017573022,1.936833124292562,normal,ETH-USD,1065,0.17244162626521037,0.05507992833489491,,0.15599759455972254,2024-06-19,2023-02-06,4.813989042684645,6.873149350869927
-0.14198535379064317,0.14198535379064317,5.9800048176275356,7.772037001740505,False,False,2420.650082685027,2433.2939069802937,0,null,-1207.3250413425135,"{""alpha[1]"": 0.018664098273427576, ""beta[1]"": 0.9700510999740231, ""omega"": 0.08519182619375802}",2.9743203018740108,True,2024-06-21,1.5805875871664465,1.920849809782469,normal,ETH-USD,1066,0.24395715636830864,0.06906125302094426,,0.1551637626773392,2024-06-20,2023-02-07,4.737157773575525,6.764139948303778
0.6065499453371112,-0.6065499453371112,5.904599537862989,7.672708101888688,False,False,2419.454468029511,2432.098292324778,0,null,-1206.7272340147556,"{""alpha[1]"": 0.018686304816755633, ""beta[1]"": 0.9696777064940004, ""omega"": 0.08721292154165051}",2.9346131417288315,True,2024-06-22,1.5680536942694383,1.9080619845409137,normal,ETH-USD,1067,0.20358972749371704,0.060717165233953985,,0.148664574660676,2024-06-21,2023-02-08,4.678344495211448,6.678266468732504
2.204543881544443,-2.204543881544443,4.905157491332666,6.381731448475824,False,False,2422.499210254784,2435.1430345500507,0,null,-1208.249605127392,"{""alpha[1]"": 0.0692914556051603, ""beta[1]"": 0.7693567671302209, ""omega"": 1.213323704529819}",2.4507394101982727,True,2024-06-23,1.381514299342541,1.7233065647977552,normal,ETH-USD,1068,0.08382748240432968,0.0334671445725191,,0.1500140779465056,2024-06-22,2023-02-09,3.881093529631035,5.55125833879635
2.019770221933543,-2.019770221933543,5.891138764606132,7.658233972091592,False,False,2414.724059111267,2427.3678834065336,0,null,-1204.3620295556334,"{""alpha[1]"": 0.017977337282762556, ""beta[1]"": 0.9716681056927203, ""omega"": 0.07953036250988214}",2.932931226103997,True,2024-06-24,1.5654161532788406,1.9060032223991494,normal,ETH-USD,1069,0.13229081519529035,0.0464459206160445,,0.1586560390170401,2024-06-23,2023-02-10,4.665586525839347,6.664362283537989
-1.3275453858350132,1.3275453858350132,5.839083333728431,7.590998559097859,False,False,2414.7080400600944,2427.351864355361,0,null,-1204.3540200300472,"{""alpha[1]"": 0.018138065542446572, ""beta[1]"": 0.971102134482644, ""omega"": 0.08193847925886279}",2.9077362941211473,True,2024-06-25,1.556489052380543,1.8971601994869047,normal,ETH-USD,1070,0.2975802207214591,0.07933209970925707,,0.15874156100943768,2024-06-24,2023-02-11,4.624059028594163,6.605664585090686
0.7554691565780283,-0.7554691565780283,4.9658235860681,6.462483966010373,False,False,2417.6320868461,2430.2759111413666,0,null,-1205.81604342305,"{""alpha[1]"": 0.07251431567235643, ""beta[1]"": 0.7571716695549946, ""omega"": 1.2794361436467683}",2.484077793098468,True,2024-06-26,1.3935514564121383,1.7357588335366416,normal,ETH-USD,1071,0.15861798592143544,0.048652444437477696,,0.15811549260089006,2024-06-25,2023-02-12,3.927828875006734,5.620713600325794
-2.2108376522136934,2.2108376522136934,4.884780672363465,6.358279806745527,False,False,2416.917001881553,2429.56082617682,0,null,-1205.4585009407765,"{""alpha[1]"": 0.07321200115614614, ""beta[1]"": 0.7575544315769484, ""omega"": 1.2675742795077631}",2.4456359818982287,True,2024-06-27,1.3769171534942433,1.719416998894074,normal,ETH-USD,1072,0.3036843438621507,0.07740373729381418,,0.15986398999901077,2024-06-26,2023-02-13,3.8628492250293154,5.529536077167718
2.087491317843749,-2.087491317843749,4.929910898798015,6.41818790106501,False,False,2416.7988794183034,2429.44270371357,0,null,-1205.3994397091517,"{""alpha[1]"": 0.0762093333919216, ""beta[1]"": 0.7465580235826283, ""omega"": 1.325816181660183}",2.470163505933922,True,2024-06-28,1.3859498895462954,1.7287165648440386,normal,ETH-USD,1073,0.0905119541262749,0.034936413011895734,,0.16532700152933108,2024-06-27,2023-02-14,3.8977304003692455,5.581132619033319
0.019808870538558822,-0.019808870538558822,5.007498757071103,6.5153233979565,False,False,2416.1088951298125,2428.7527194250792,0,null,-1205.0544475649062,"{""alpha[1]"": 0.07652493756064208, ""beta[1]"": 0.7432665826643576, ""omega"": 1.344712704494876}",2.502607643328247,True,2024-06-29,1.4021022240866499,1.7439945437807953,normal,ETH-USD,1074,0.197097615371917,0.05647465019088424,,0.1546620809880478,2024-06-28,2023-02-15,3.961761177976895,5.667273889626978
-1.7609225693300115,1.7609225693300115,4.867057209226285,6.329619933016207,False,False,2408.886321378169,2421.530145673436,0,null,-1201.4431606890846,"{""alpha[1]"": 0.07375767791845567, ""beta[1]"": 0.7743643555268612, ""omega"": 1.1354895063559143}",2.427484305638053,True,2024-06-30,1.374078825804323,1.7152809298396017,normal,ETH-USD,1075,0.28068165878949736,0.07267949764982012,,0.14014575803659618,2024-06-29,2023-02-16,3.8527106064599312,5.507027195651994
-0.21685277947439086,0.21685277947439086,4.857258380771854,6.3191751037894255,False,False,2408.526480514787,2421.170304810054,0,null,-1201.2632402573936,"{""alpha[1]"": 0.07421523972144775, ""beta[1]"": 0.7732755903644722, ""omega"": 1.139789258068186}",2.426412107700282,True,2024-07-01,1.3717352999896004,1.7134721055823827,normal,ETH-USD,1076,0.20301062926157823,0.05713798477697298,,0.14773295007260492,2024-06-30,2023-02-17,3.8433598057571703,5.496945698222902
0.6996639151289795,-0.6996639151289795,4.766431562409653,6.200028062268565,False,False,2406.721767163586,2419.3655914588526,0,null,-1200.360883581793,"{""alpha[1]"": 0.07453539716303381, ""beta[1]"": 0.7770861858422262, ""omega"": 1.1092281891898261}",2.3794076981583303,True,2024-07-02,1.353002178087781,1.6945058273094142,normal,ETH-USD,1077,0.15362551481598546,0.04694062954094769,,0.14160317086329752,2024-07-01,2023-02-18,3.772174211448686,5.393726869223745
3.680039439959563,-3.680039439959563,4.720005506878114,6.139734858854196,False,False,2406.916241027264,2419.5600653225306,0,null,-1200.458120513632,"{""alpha[1]"": 0.07491307440656209, ""beta[1]"": 0.7762169828108672, ""omega"": 1.111738857244037}",2.356391739046296,True,2024-07-03,1.343200056910503,1.684726779810907,normal,ETH-USD,1078,0.0027663072885924203,0.016611935598208134,,0.14055391275737608,2024-07-02,2023-02-19,3.735365585731411,5.341232999780375
7.515061483789381,-7.515061483789381,5.152925587650878,6.697317148324483,True,True,2409.4206731373824,2422.064497432649,0,null,-1201.7103365686912,"{""alpha[1]"": 0.07440259356265598, ""beta[1]"": 0.7711160997026861, ""omega"": 1.157385945044274}",2.5632994840592773,True,2024-07-04,14.757080686211939,26.95164970138655,normal,ETH-USD,1079,3.2615724121636602,1.6694966634523323,,0.13442508759536956,2024-07-03,2023-02-20,4.08182736572237,5.828701217675914
2.4163496026388,-2.4163496026388,6.816681419089355,8.841918884304828,False,False,2417.992242482692,2430.6360667779586,0,null,-1205.996121241346,"{""alpha[1]"": 0.08329062596083264, ""beta[1]"": 0.724948866962814, ""omega"": 1.467232740972161}",3.3613821014536573,True,2024-07-05,1.7133217070299995,2.0506790265234063,normal,ETH-USD,1080,0.14978737230008418,0.05286510010411525,,0.1168844925053286,2024-07-04,2023-02-21,5.412097048640481,7.702859613050321
-2.90153016985118,2.90153016985118,6.450229080145074,8.368569225130262,False,False,2417.940980275069,2430.5848045703356,0,null,-1205.9704901375344,"{""alpha[1]"": 0.0816266055236479, ""beta[1]"": 0.7298960072873427, ""omega"": 1.440853639399043}",3.1839595793608186,True,2024-07-06,1.657852159674599,1.9955556631745814,normal,ETH-USD,1081,0.4010656254620635,0.10191162645540755,,0.1173651227884429,2024-07-05,2023-02-22,5.119782339390083,7.289632475689567
4.668165561600731,-4.668165561600731,5.894867174427108,7.653209672503869,False,False,2416.083381654037,2428.727205949304,0,null,-1205.0416908270186,"{""alpha[1]"": 0.018192067769608012, ""beta[1]"": 0.9712558845756207, ""omega"": 0.08085824590335274}",2.9184039416492342,True,2024-07-07,1.5672101854692904,1.9059049776376384,normal,ETH-USD,1082,0.0003609866618781158,0.01996095230154455,,0.12496201349292103,2024-07-06,2023-02-23,4.675385294838294,6.664260791755185
-3.004359701792278,3.004359701792278,6.502713613427594,8.435597849093243,False,False,2421.7394662974684,2434.383290592735,0,null,-1207.8697331487342,"{""alpha[1]"": 0.08281854847822885, ""beta[1]"": 0.7303407920510794, ""omega"": 1.4369204466804901}",3.2080990923487542,True,2024-07-08,1.6660696846507292,2.003588062912298,normal,ETH-USD,1083,0.4083269828674365,0.10352840732877035,,0.11467347211312921,2024-07-07,2023-02-24,5.162179955556446,7.348481031084747
-1.489515486971151,1.489515486971151,6.279989678893165,8.151103903611427,False,False,2421.884297250274,2434.5281215455407,0,null,-1207.942148625137,"{""alpha[1]"": 0.08250818158048578, ""beta[1]"": 0.730786368223422, ""omega"": 1.4355270268832778}",3.1055764930134435,True,2024-07-09,1.6307288813737948,1.9690450429145785,normal,ETH-USD,1084,0.32359057586699463,0.08588244031224532,,0.12592272793965995,2024-07-08,2023-02-25,4.982296030368736,7.098728544253374
-1.238557261370864,1.238557261370864,5.882946886920927,7.63944921348268,False,False,2418.9839431603605,2431.6277674556272,0,null,-1206.4919715801802,"{""alpha[1]"": 0.018923630420114176, ""beta[1]"": 0.9694435900688083, ""omega"": 0.0878719142377055}",2.9153497222303306,True,2024-07-10,1.564983756224918,1.9040080820736969,normal,ETH-USD,1085,0.2951649251163302,0.07890092566280164,,0.1305823234867912,2024-07-09,2023-02-26,4.664741240955735,6.651535304909293
0.060876226452923565,-0.060876226452923565,5.814016403815185,7.549450687773532,False,False,2418.250094973896,2430.893919269163,0,null,-1206.125047486948,"{""alpha[1]"": 0.019014505411997652, ""beta[1]"": 0.9689069074745453, ""omega"": 0.09046018226377686}",2.880382098662187,True,2024-07-11,1.5532556779895113,1.8921853234942088,normal,ETH-USD,1086,0.22747730369636238,0.06512509903584732,,0.12738464161042454,2024-07-10,2023-02-27,4.610422300380167,6.573386130037649
-1.0851958918814204,1.0851958918814204,5.71002395644581,7.415278889446293,False,False,2418.114831702846,2430.7586559981128,0,null,-1206.057415851423,"{""alpha[1]"": 0.019472389042296548, ""beta[1]"": 0.9672636308320257, ""omega"": 0.097859717541967}",2.8302920070627526,True,2024-07-12,1.5351026347823327,1.8742027833172403,normal,ETH-USD,1087,0.28062781747609644,0.0754138406991822,,0.12805561550842695,2024-07-11,2023-02-28,4.527360457640503,6.456188178036792
-1.363912811146359,1.363912811146359,5.2061538456081315,6.765891633201832,False,False,2420.7633949099354,2433.407219205202,0,null,-1207.3816974549677,"{""alpha[1]"": 0.0806039255633826, ""beta[1]"": 0.7295781775363895, ""omega"": 1.4404165855009146}",2.5887703403810898,True,2024-07-13,1.4420600502330334,1.7822367678343451,normal,ETH-USD,1088,0.2744162601837648,0.07252557297680597,,0.13373589119130005,2024-07-12,2023-03-01,4.124412392528932,5.888644486534232
-2.083161399585736,2.083161399585736,5.097419445678119,6.624137105833679,False,False,2419.4372116713444,2432.081035966611,0,null,-1206.7186058356722,"{""alpha[1]"": 0.08181250650479359, ""beta[1]"": 0.7240684525371567, ""omega"": 1.4700829988615165}",2.5339652781280684,True,2024-07-14,1.4210135010629372,1.7610918267668985,normal,ETH-USD,1089,0.3060870095294013,0.07848622949956517,,0.1294231872957643,2024-07-13,2023-03-02,4.038578791002285,5.765461550370775
-7.294205150501444,7.294205150501444,5.089996612852876,6.616331755339024,False,False,2419.3281987971595,2431.9720230924263,0,null,-1206.6640993985798,"{""alpha[1]"": 0.08173893473006785, ""beta[1]"": 0.7275732820218845, ""omega"": 1.4415180650378927}",2.5333303955182327,True,2024-07-15,1.4193054426001894,1.759792405232182,normal,ETH-USD,1090,0.5662813200102796,0.13052076490727904,,0.1355364396304348,2024-07-14,2023-03-03,4.031421249704138,5.7578713402264485
1.3281276038756058,-1.3281276038756058,5.8956073433804566,7.664355263333895,False,False,2420.4704906298493,2433.114314925116,0,null,-1207.2352453149247,"{""alpha[1]"": 0.019204610268509146, ""beta[1]"": 0.9686116670207453, ""omega"": 0.0919435413276439}",2.935674310904731,True,2024-07-16,1.5661376501966515,1.9067845807410966,normal,ETH-USD,1091,0.16703906387855197,0.05341426431780662,,0.15984565639326825,2024-07-15,2023-03-04,4.668908881446642,6.669554035656263
1.6030453360766923,-1.6030453360766923,5.814596717587434,7.558989819536414,False,False,2420.675909298202,2433.3197335934688,0,null,-1207.337954649101,"{""alpha[1]"": 0.01973754339237888, ""beta[1]"": 0.966810179402188, ""omega"": 0.10017071330031357}",2.895251471247439,True,2024-07-17,1.5523075766551222,1.8929446491969122,normal,ETH-USD,1092,0.15008719871159354,0.04974841195764032,,0.15747557310937568,2024-07-16,2023-03-05,4.60478931030856,6.57788653184072
-1.1007020456965353,1.1007020456965353,5.742637108671502,7.465166536203762,False,False,2420.9183622633655,2433.562186558632,0,null,-1207.4591811316827,"{""alpha[1]"": 0.020322254506756853, ""beta[1]"": 0.9648397731121461, ""omega"": 0.10931598595751717}",2.858963300048435,True,2024-07-18,1.5398879630311462,1.8804708026183743,normal,ETH-USD,1093,0.2824347546285129,0.07597062134192906,,0.1545831065321002,2024-07-17,2023-03-06,4.547993046873718,6.496360088496363
-2.2931297239579966,2.2931297239579966,5.647288983650114,7.3425017182143195,False,False,2420.846520785564,2433.4903450808306,0,null,-1207.423260392782,"{""alpha[1]"": 0.0209294396068102, ""beta[1]"": 0.9625564744116097, ""omega"": 0.12038187768031375}",2.8136244968755664,True,2024-07-19,1.5229874221162705,1.8638270569811084,normal,ETH-USD,1094,0.3382359940475768,0.08682188789041954,,0.15641030157175312,2024-07-18,2023-03-07,4.471590156993533,6.38905906508395
-0.38606421085311876,0.38606421085311876,5.505475935020695,7.160809918253916,False,False,2423.1727636090677,2435.8165879043345,0,null,-1208.5863818045339,"{""alpha[1]"": 0.052540747061214976, ""beta[1]"": 0.8398799720112513, ""omega"": 0.8024857261265903}",2.7474358531956864,True,2024-07-20,1.497216055475835,1.8386079732613196,normal,ETH-USD,1095,0.23717494258137106,0.06615860579827354,,0.16169518717113926,2024-07-19,2023-03-08,4.357434640774298,6.229796368974229
-0.4906558077883029,0.4906558077883029,5.284889552757513,6.877068432530265,False,False,2421.819310925204,2434.4631352204706,0,null,-1207.909655462602,"{""alpha[1]"": 0.061224560486654526, ""beta[1]"": 0.8008381144725495, ""omega"": 1.0270833788435199}",2.6426143505158075,True,2024-07-21,1.4559087228971337,1.7979781004839266,normal,ETH-USD,1096,0.2335652346756941,0.06472231170666215,,0.16606491335436022,2024-07-20,2023-03-09,4.180648885725574,5.981575362877906
2.7573825753876426,-2.7573825753876426,5.0837997825823855,6.621280466180929,False,False,2418.3361454665855,2430.9799697618523,0,null,-1206.1680727332928,"{""alpha[1]"": 0.06696986840946267, ""beta[1]"": 0.7698702848075378, ""omega"": 1.214885652459361}",2.551829175562398,True,2024-07-22,1.4163132501946398,1.7596903155915165,normal,ETH-USD,1097,0.0630055979487733,0.029991688616760482,,0.17989094042128773,2024-07-21,2023-03-10,4.017494534363108,5.756551437063688
-1.2012115217353607,1.2012115217353607,5.197592598296472,6.767087554864842,False,False,2418.4411431273393,2431.084967422606,0,null,-1206.2205715636696,"{""alpha[1]"": 0.06839608010319749, ""beta[1]"": 0.7625995884280157, ""omega"": 1.2561719555564037}",2.604964773733045,True,2024-07-23,1.4387700532439691,1.781625476622433,normal,ETH-USD,1098,0.26551478371513104,0.07085564181472152,,0.17570160358836384,2024-07-22,2023-03-11,4.109084152567256,5.884352659736786
4.273144505876374,-4.273144505876374,5.07614651971159,6.60872450543626,True,False,2416.7944892475552,2429.438313542822,0,null,-1205.3972446237776,"{""alpha[1]"": 0.0698262546881583, ""beta[1]"": 0.7505656166534045, ""omega"": 1.3283595619341257}",2.5436919367619506,True,2024-07-24,2.4391772968281913,1.7579613282515743,normal,ETH-USD,1099,0.24690786372457366,0.014736084068239648,,0.1707594166006551,2024-07-23,2023-03-12,4.013241491429454,5.746752912700337
4.974698333185811,-4.974698333185811,5.6311030180932145,7.31918723062381,True,False,2412.2206971517826,2424.8645214470494,0,null,-1203.1103485758913,"{""alpha[1]"": 0.019110608187073382, ""beta[1]"": 0.9682851129504739, ""omega"": 0.09341157392348241}",2.801792952780048,True,2024-07-25,3.347215439339001,1.8607808762428864,normal,ETH-USD,1100,0.4886327113072766,0.013950555564264272,,0.14819118959023805,2024-07-24,2023-03-13,4.460348110757098,6.3697538896122365
-3.148111448912591,3.148111448912591,5.8736488429541875,7.626456074549217,False,False,2411.3951844479448,2424.0390087432115,0,null,-1202.6975922239724,"{""alpha[1]"": 0.017686626050950907, ""beta[1]"": 0.9727096675086715, ""omega"": 0.07434832778498487}",2.909216798907684,True,2024-07-26,1.5635105020641435,1.9023580258521933,normal,ETH-USD,1101,0.39030586721078037,0.09788731856206943,,0.12722990796844663,2024-07-25,2023-03-14,4.658005895303009,6.640620407294343
0.8689637952050888,-0.8689637952050888,5.847216696378563,7.59334139128487,False,False,2412.5490951749607,2425.1929194702275,0,null,-1203.2745475874804,"{""alpha[1]"": 0.01826262255032241, ""beta[1]"": 0.9713700632356891, ""omega"": 0.07950526767640283}",2.8981254777151895,True,2024-07-27,1.5588572596913668,1.8979377336636123,normal,ETH-USD,1102,0.18836222819535386,0.05742300404313109,,0.13078384426813425,2024-07-26,2023-03-15,4.636208359112163,6.611264199518192
-0.7319076896701497,0.7319076896701497,5.782415327570469,7.510750381806114,False,False,2411.6402800003198,2424.2841042955865,0,null,-1202.8201400001599,"{""alpha[1]"": 0.018245351690593187, ""beta[1]"": 0.9711580522359959, ""omega"": 0.08074166505688131}",2.868599172396078,True,2024-07-28,1.547525656876906,1.8869113301180214,normal,ETH-USD,1103,0.2657826258859856,0.07270586350912965,,0.13468092493612288,2024-07-27,2023-03-16,4.583744828049557,6.538678661242809
-1.4889437058941948,1.4889437058941948,5.68950033765337,7.3903859665690295,False,False,2411.726798907982,2424.3706232032487,0,null,-1202.863399453991,"{""alpha[1]"": 0.018851583266090505, ""beta[1]"": 0.9693930776975455, ""omega"": 0.08816602605243799}",2.823040067081003,True,2024-07-29,1.5312873147561632,1.8707370237466652,normal,ETH-USD,1104,0.2999405417220239,0.07922696399458969,,0.13362056482123721,2024-07-28,2023-03-17,4.509867128546278,6.433752693564767
1.269005312401266,-1.269005312401266,5.808598781437022,7.541258947670986,False,False,2405.1003397306704,2417.744164025937,0,null,-1199.5501698653352,"{""alpha[1]"": 0.016106885397565482, ""beta[1]"": 0.9759119832144187, ""omega"": 0.06323829226630621}",2.875777764688408,True,2024-07-30,1.5524615676303015,1.8911661108929447,normal,ETH-USD,1105,0.16689616644110147,0.05297749331364705,,0.1233048453308329,2024-07-29,2023-03-18,4.606928641223292,6.566754643765966
1.455397040732714,-1.455397040732714,5.734665452911057,7.44600233252072,False,False,2405.1479050401194,2417.791729335386,0,null,-1199.5739525200597,"{""alpha[1]"": 0.016524269196852195, ""beta[1]"": 0.9748471204345364, ""omega"": 0.06724733350770219}",2.8403865005852302,True,2024-07-31,1.5395632741447791,1.8784117643959464,normal,ETH-USD,1106,0.15461934182908044,0.050280938962407484,,0.12423616011729569,2024-07-30,2023-03-19,4.54778387731432,6.483490936973458
0.9243606172638379,-0.9243606172638379,5.66092386209074,7.34908344051977,False,False,2405.561852590137,2418.2056768854036,0,null,-1199.7809262950684,"{""alpha[1]"": 0.017150991858958135, ""beta[1]"": 0.9733435783602995, ""omega"": 0.07277578339882437}",2.801918041114829,True,2024-08-01,1.5267644727176033,1.8653791210978539,normal,ETH-USD,1107,0.178287803409086,0.0547524709401739,,0.11862836690293567,2024-07-31,2023-03-20,4.490116685445555,6.399607711281224
6.970046752112024,-6.970046752112024,5.608476133151646,7.282443938386992,True,True,2404.515703006068,2417.159527301335,0,null,-1199.257851503034,"{""alpha[1]"": 0.017091265041248097, ""beta[1]"": 0.9733039787376122, ""omega"": 0.073202539719006}",2.7783632860698124,True,2024-08-02,10.51271617896778,10.494721045908308,normal,ETH-USD,1108,2.3964084637160434,0.6228056628915318,,0.12248940093297392,2024-08-01,2023-03-21,4.447511527147768,6.340950122928659
2.806156113962565,-2.806156113962565,6.021345173486549,7.809480063927303,False,False,2408.346252409667,2420.990076704934,0,null,-1201.1731262048336,"{""alpha[1]"": 0.015654959171641978, ""beta[1]"": 0.9774903762071728, ""omega"": 0.05674989154037103}",2.9678517798271415,True,2024-08-03,1.5893527011327246,1.926558356966972,normal,ETH-USD,1109,0.09875224733969443,0.03997618860960031,,0.10048070354660386,2024-08-02,2023-03-22,4.781201060756452,6.803774974922592
7.767594568937479,-7.767594568937479,6.084203974916303,7.891336270145184,True,True,2406.620051780148,2419.263876075415,0,null,-1200.310025890074,"{""alpha[1]"": 0.014412845336093301, ""beta[1]"": 0.9799208863934925, ""omega"": 0.049034762826493675}",2.999382668192416,True,2024-08-04,11.25325620753072,13.248716203449277,normal,ETH-USD,1110,2.789874669029499,0.8837216632857651,,0.1026610693799886,2024-08-03,2023-03-23,4.830884391011691,6.874946424204383
10.5589156139984,-10.5589156139984,6.697450361595528,8.676581989761303,True,True,2409.357090785341,2422.0009150806077,0,null,-1201.6785453926705,"{""alpha[1]"": 0.00989835354418109, ""beta[1]"": 0.9890494401329285, ""omega"": 0.019810866777455024}",3.2848580700285823,True,2024-08-05,17.326829509187064,36.55585613272082,normal,ETH-USD,1111,4.9723696860982445,2.9655068617924805,,0.07826845029655335,2024-08-04,2023-03-24,5.324842260210773,7.563454137440338
-1.7030014750837146,1.7030014750837146,10.15925999133521,13.145496828450453,False,False,2424.4321107128876,2437.0759350081544,0,null,-1209.2160553564438,"{""alpha[1]"": 0.11345664661162312, ""beta[1]"": 0.6313589129158826, ""omega"": 2.01769608150196}",4.956398065603035,True,2024-08-06,2.114524649956443,2.448312572206949,normal,ETH-USD,1112,0.48955925161084685,0.13168941800210282,,0.06436577768920095,2024-08-05,2023-03-25,8.088183557133213,11.465940325126555
5.0950140634622985,-5.0950140634622985,8.557009146766996,11.076513316344412,False,False,2425.897282971252,2438.541107266519,0,null,-1209.948641485626,"{""alpha[1]"": 0.10943898658048865, ""beta[1]"": 0.6326211448396163, ""omega"": 2.02799617454136}",4.181739853037108,True,2024-08-07,1.942546392332651,2.276894009906236,normal,ETH-USD,1113,0.08573083475082195,0.04564448347685573,,0.06871920575686723,2024-08-06,2023-03-26,6.809630758478736,9.659462411147867
-13.837472553332766,13.837472553332766,8.247551796483247,10.672630173332598,False,False,2428.0890767898813,2440.732901085148,0,null,-1211.0445383949407,"{""alpha[1]"": 0.11018267665558501, ""beta[1]"": 0.6388859168543977, ""omega"": 1.9813005290230405}",4.025016913113652,True,2024-08-08,1.905990401772355,2.239884350733792,normal,ETH-USD,1114,1.0201567040389254,0.23146159951502873,,0.05490214063028689,2024-08-07,2023-03-27,6.565661527445722,9.308687398170086
3.1709989871286877,-3.1709989871286877,12.742919030589874,16.491156181062905,False,False,2437.1272805049202,2449.771104800187,0,null,-1215.5636402524601,"{""alpha[1]"": 0.12387518789314644, ""beta[1]"": 0.7047434668496002, ""omega"": 1.4584649413593358}",6.221125910419216,True,2024-08-09,2.3409758183701834,2.674990263472534,normal,ETH-USD,1115,0.3486182734199005,0.11212026986767319,,0.08947706194813741,2024-08-08,2023-03-28,10.14336445552669,14.383025973895997
-0.4001952828465216,0.4001952828465216,11.20138839330243,14.49558446923952,False,False,2437.025004883296,2449.6688291785626,0,null,-1215.512502441648,"{""alpha[1]"": 0.11839450052228163, ""beta[1]"": 0.7202190417776345, ""omega"": 1.3721397986159585}",5.467532533107521,True,2024-08-10,2.2120756374899964,2.546028418391786,normal,ETH-USD,1116,0.4658462506100818,0.13043016979288377,,0.07656098820197056,2024-08-09,2023-03-29,8.916729729355106,12.642821696441844
2.1991096068604397,-2.1991096068604397,9.659489743460071,12.502881306339876,False,False,2438.616827679528,2451.2606519747947,0,null,-1216.308413839764,"{""alpha[1]"": 0.11657653209228294, ""beta[1]"": 0.71372690751193, ""omega"": 1.4298868022234212}",4.71931102947063,True,2024-08-11,2.063788484699907,2.3980513507205314,normal,ETH-USD,1117,0.2744186348518184,0.0870455601384601,,0.07509355964004975,2024-08-10,2023-03-30,7.687482303896802,10.903665620706441
-6.489200586323977,6.489200586323977,8.485979264061644,10.985322026105678,False,False,2440.4001350364324,2453.043959331699,0,null,-1217.2000675182162,"{""alpha[1]"": 0.11748995759446187, ""beta[1]"": 0.6995585529257083, ""omega"": 1.5309386710191881}",4.14827701443827,True,2024-08-12,1.9341494689602285,2.2685973197075158,normal,ETH-USD,1118,0.662089210820668,0.16068811137086106,,0.07072486270884272,2024-08-11,2023-03-31,6.752583630089371,9.579610550762114
0.7649120996393738,-0.7649120996393738,8.92740998178612,11.558535331486741,False,False,2443.397678018804,2456.041502314071,0,null,-1218.698839009402,"{""alpha[1]"": 0.11593720104555351, ""beta[1]"": 0.7155171307540593, ""omega"": 1.4273691883730932}",4.367002788102033,True,2024-08-13,1.9847230008548733,2.3193949323803906,normal,ETH-USD,1119,0.3168852837812436,0.09313792952739644,,0.08046259965257943,2024-08-12,2023-04-01,7.10261777526424,10.078705052379009
1.518949236389829,-1.518949236389829,7.798012975435662,10.0990661824355,False,False,2444.6680802427813,2457.311904538048,0,null,-1219.3340401213907,"{""alpha[1]"": 0.11676361604392288, ""beta[1]"": 0.7023073604061169, ""omega"": 1.5209472196875329}",3.8191664915101065,True,2024-08-14,1.8492176176078474,2.184293787847741,normal,ETH-USD,1120,0.2341594979248334,0.07285929951137296,,0.07983066060543467,2024-08-13,2023-04-02,6.202139194886493,8.804879187527119
3.5481308623033474,-3.5481308623033474,6.941027112432432,8.99146204087055,False,False,2445.5703165369487,2458.2141408322154,0,null,-1219.7851582684743,"{""alpha[1]"": 0.1188885593697764, ""beta[1]"": 0.6870750998657584, ""omega"": 1.6227631121137152}",3.4032035191063423,True,2024-08-15,1.7325723270887807,2.0680169974120695,normal,ETH-USD,1121,0.09854182081850867,0.04290100036315441,,0.0788043729825624,2024-08-14,2023-04-03,5.518967278673519,7.838230898618785
-0.8947435423802937,0.8947435423802937,6.814951533284118,8.826015369980006,False,False,2447.3065107864318,2459.9503350816985,0,null,-1220.6532553932159,"{""alpha[1]"": 0.11920706537383172, ""beta[1]"": 0.6865988584645635, ""omega"": 1.6268906514972385}",3.337857461979681,True,2024-08-16,1.7144580137901335,2.049549834828821,normal,ETH-USD,1122,0.31574703458945064,0.08589671349732488,,0.07008980317559997,2024-08-15,2023-04-04,5.420197149408714,7.694927807352187
-0.8203366092252907,0.8203366092252907,6.180181946854586,8.00443059499748,False,False,2446.136221715731,2458.780046010998,0,null,-1220.0681108578656,"{""alpha[1]"": 0.12090909131419984, ""beta[1]"": 0.6770315779743289, ""omega"": 1.6874451386513825}",3.027791486079462,True,2024-08-17,1.616630362503043,1.9518141227797727,normal,ETH-USD,1123,0.2867664043406213,0.0779875056596175,,0.06528232994346213,2024-08-16,2023-04-05,4.9149914775871295,6.9784139567364525
0.04551334563432932,-0.04551334563432932,5.69232570482342,7.37337687481869,False,False,2445.984270542476,2458.628094837743,0,null,-1219.992135271238,"{""alpha[1]"": 0.12318047819410428, ""beta[1]"": 0.6645438663706519, ""omega"": 1.7678858010207525}",2.790119880509239,True,2024-08-18,1.5343032821280516,1.8696472019497374,normal,ETH-USD,1124,0.22404675761333148,0.06382385799523353,,0.06289030718407476,2024-08-17,2023-04-06,4.526448497900955,6.427899145157678
-0.9122421860488193,0.9122421860488193,5.32202103963055,6.896000758837265,False,False,2445.5499637460466,2458.1937880413134,0,null,-1219.7749818730233,"{""alpha[1]"": 0.12577597303645763, ""beta[1]"": 0.6525859782379125, ""omega"": 1.842200194491714}",2.6124083457194014,True,2024-08-19,1.4667395416804787,1.8025690834020782,normal,ETH-USD,1125,0.25713222075297654,0.06922985673715558,,0.06662711352414626,2024-08-18,2023-04-07,4.230402229010707,6.010743487666733
2.4643999265113004,-2.4643999265113004,5.123938028616714,6.640819966028524,False,False,2445.764363473445,2458.4081877687117,0,null,-1219.8821817367225,"{""alpha[1]"": 0.1273691586214369, ""beta[1]"": 0.645384336292779, ""omega"": 1.8862247365733977}",2.5176404653821303,True,2024-08-20,1.4286087101106726,1.7647658234756771,normal,ETH-USD,1126,0.08037594601531645,0.033232764137036526,,0.06923120402596175,2024-08-19,2023-04-08,4.071918846817628,5.78767634021495
-2.2400224389412164,2.2400224389412164,5.31431572996357,6.885873286098194,False,False,2446.6537730384184,2459.297597333685,0,null,-1220.3268865192092,"{""alpha[1]"": 0.12663862371602735, ""beta[1]"": 0.6477112878079803, ""omega"": 1.8743030892050097}",2.6083881674750375,True,2024-08-21,1.4653093812010356,1.8011084380258047,normal,ETH-USD,1127,0.32321996133359143,0.08242000756982049,,0.06603995003801325,2024-08-20,2023-04-09,4.224376787730606,6.001978318040824
0.3214138461572745,-0.3214138461572745,5.338858374646643,6.918581676464753,False,False,2447.187913544796,2459.831737840063,0,null,-1220.593956772398,"{""alpha[1]"": 0.1265152562934315, ""beta[1]"": 0.6491065712672665, ""omega"": 1.8626486860913052}",2.6219412405624825,True,2024-08-22,1.4697990159278267,1.8057902986579144,normal,ETH-USD,1128,0.19609211551210362,0.057086801818917676,,0.0694534027934986,2024-08-21,2023-04-10,4.243256156399344,6.030094028049037
-5.254044415759722,5.254044415759722,5.126499242369488,6.642400626303747,False,False,2446.2081500495256,2458.8519743447923,0,null,-1220.1040750247628,"{""alpha[1]"": 0.12658487665853435, ""beta[1]"": 0.6492523134775076, ""omega"": 1.856388616629098}",2.5160129945469474,True,2024-08-23,1.4293436681662497,1.7651174147797928,normal,ETH-USD,1129,0.4664602264979851,0.11043852911345542,,0.06331298533761143,2024-08-22,2023-04-11,4.07516011419997,5.78980849558581
-0.17863296696137435,0.17863296696137435,6.2318524909740916,8.074271990171544,False,False,2449.8161828530583,2462.460007148325,0,null,-1221.9080914265292,"{""alpha[1]"": 0.12408284045755584, ""beta[1]"": 0.6553561576800551, ""omega"": 1.8381925111631394}",3.057950504245007,True,2024-08-24,1.624631447170806,1.9603446352286356,normal,ETH-USD,1130,0.25663463830254934,0.07216668442577995,,0.07582117885587576,2024-08-23,2023-04-12,4.954059799089608,7.0380354756166135
0.7332372928736153,-0.7332372928736153,5.739027433970389,7.436728048265449,False,False,2449.4167999099413,2462.060624205208,0,null,-1221.7083999549707,"{""alpha[1]"": 0.1220435738796032, ""beta[1]"": 0.6613542304699418, ""omega"": 1.7955435899884162}",2.8177537481567128,True,2024-08-25,1.5421288177864074,1.878035540713682,normal,ETH-USD,1131,0.1914182934441773,0.057486488379668535,,0.07318931075451642,2024-08-24,2023-04-13,4.561603161757158,6.481886130840463
2.4977694926607317,-2.4977694926607317,5.4397488554696665,7.046872428668869,False,False,2447.3148412281953,2459.958665523462,0,null,-1220.6574206140976,"{""alpha[1]"": 0.12163783468305421, ""beta[1]"": 0.6559404086439315, ""omega"": 1.8351712953711217}",2.6674187627677983,True,2024-08-26,1.4888327321376602,1.8243144413159715,normal,ETH-USD,1132,0.09136869721996045,0.03645204485803706,,0.062369989477083033,2024-08-25,2023-04-14,4.325143437059939,6.142973978464434
8.667332619267954,-8.667332619267954,5.5247578348990665,7.152724841430029,True,True,2445.973234004766,2458.6170583000326,0,null,-1219.986617002383,"{""alpha[1]"": 0.12384008557347671, ""beta[1]"": 0.6441554380140673, ""omega"": 1.9149204105972246}",2.702013591738518,True,2024-08-27,16.968488911705546,35.81575527085803,normal,ETH-USD,1133,4.058054171180604,2.4059269588233447,,0.048720206839115876,2024-08-26,2023-04-15,4.39569664960416,6.237103367931242
-2.7949274445283168,2.7949274445283168,8.255413246969692,10.676174300339039,False,False,2456.1738040207083,2468.817628315975,0,null,-1225.0869020103542,"{""alpha[1]"": 0.12424829469040992, ""beta[1]"": 0.6533713163870547, ""omega"": 1.887888563950104}",4.017851247792363,True,2024-08-28,1.9075000281044825,2.240486237800181,normal,ETH-USD,1134,0.46857223307498924,0.12109587172531121,,0.03225998051130769,2024-08-27,2023-04-16,6.5765172169714585,9.314659728002795
-0.014917242158264947,0.014917242158264947,7.495823154155477,9.695583120087267,False,False,2456.7587306766964,2469.402554971963,0,null,-1225.3793653383482,"{""alpha[1]"": 0.12221275961415713, ""beta[1]"": 0.661480405740065, ""omega"": 1.8281941736115987}",3.651045323808845,True,2024-08-29,1.8108162300354111,2.144064246735813,normal,ETH-USD,1135,0.2992558794567169,0.0847328397317261,,0.035234796055122884,2024-08-28,2023-04-17,5.970200346976068,8.458366731014337
0.11754424387709893,-0.11754424387709893,6.6704847861938985,8.630397472047202,False,False,2456.3205000189278,2468.9643243141945,0,null,-1225.1602500094639,"{""alpha[1]"": 0.12054600340587446, ""beta[1]"": 0.6625003625847138, ""omega"": 1.818298212658239}",3.252959485389697,True,2024-08-30,1.6939173968100083,2.0275654476868192,normal,ETH-USD,1136,0.2596830778685075,0.07410534732678023,,0.03943640662219407,2024-08-29,2023-04-18,5.311205801247244,7.528078976555115
0.49326115978459906,-0.49326115978459906,6.044316177365662,7.82047077274036,False,False,2455.401682712082,2468.045507007349,0,null,-1224.700841356041,"{""alpha[1]"": 0.12548529654440063, ""beta[1]"": 0.6466727913275158, ""omega"": 1.89923414488873}",2.947967519291358,True,2024-08-31,1.5953177509488086,1.9290073054000705,normal,ETH-USD,1137,0.21596098628322064,0.06328242630667792,,0.036494180792516574,2024-08-30,2023-04-19,4.812480885449008,6.821503790452386
3.4606299389376525,-3.4606299389376525,5.660991364178274,7.329755890328496,False,False,2446.5141614802283,2459.157985775495,0,null,-1220.2570807401141,"{""alpha[1]"": 0.12049923259970796, ""beta[1]"": 0.6654483607319722, ""omega"": 1.7756399455079201}",2.7697271584620573,True,2024-09-01,1.5291549938163875,1.8638932929564418,normal,ETH-USD,1138,0.052150275222104914,0.029305586289411757,,0.05216031888256005,2024-08-31,2023-04-20,4.50363544337975,6.391188567878825
-4.442249586983288,4.442249586983288,5.9273755562652655,7.671725460759205,False,False,2448.389423002917,2461.0332472981836,0,null,-1221.1947115014584,"{""alpha[1]"": 0.12151971132212033, ""beta[1]"": 0.6667997698574881, ""omega"": 1.761981801179463}",2.895179774394751,True,2024-09-02,1.5754815280590488,1.9096591096162032,normal,ETH-USD,1139,0.4579923847578901,0.11132896055697322,,0.04454884441524657,2024-09-01,2023-04-21,4.717598108174505,6.690646468714023
4.743315084533901,-4.743315084533901,6.390148518339864,8.275133896319542,False,False,2445.0806770111394,2457.724501306406,0,null,-1219.5403385055697,"{""alpha[1]"": 0.11762690564398966, ""beta[1]"": 0.6989995911763747, ""omega"": 1.5406842606903983}",3.128599100041149,True,2024-09-03,1.650174807460814,1.9851391150288613,normal,ETH-USD,1140,0.016975978878733783,0.024716418657016966,,0.0632529148712197,2024-09-02,2023-04-22,5.082834662108576,7.214956950235595
-1.1653410507503643,1.1653410507503643,6.838957387231421,8.851505054083832,False,False,2447.8451837480534,2460.48900804332,0,null,-1220.9225918740267,"{""alpha[1]"": 0.11947610610804307, ""beta[1]"": 0.6954723846695093, ""omega"": 1.5669264619745047}",3.340320244846084,True,2024-09-04,1.7185422692755004,2.0527084504501976,normal,ETH-USD,1141,0.33042574788379725,0.08884923987974705,,0.051163962988936156,2024-09-03,2023-04-23,5.4431739069255745,7.719582937224332
3.37355286311201,-3.37355286311201,6.2761405850281475,8.125355336174058,False,False,2448.6677671075777,2461.3115914028444,0,null,-1221.3338835537888,"{""alpha[1]"": 0.11880087165593847, ""beta[1]"": 0.6897311206197452, ""omega"": 1.6144011578797355}",3.06922890426808,True,2024-09-05,1.632409035730197,1.9669878731063593,normal,ETH-USD,1142,0.08100411235200161,0.03711744088299137,,0.05479718497760338,2024-09-04,2023-04-24,4.993635110152041,7.085296951411143
6.268304999879505,-6.268304999879505,6.308393436869391,8.165667008479183,True,False,2450.3280161998837,2462.9718404951504,0,null,-1222.1640080999418,"{""alpha[1]"": 0.11942477930843874, ""beta[1]"": 0.6858181072001882, ""omega"": 1.6455652281247877}",3.08260450852752,True,2024-09-06,5.594346508487612,1.9720136622733353,normal,ETH-USD,1143,1.185605849075436,0.008527710816917446,,0.05013436335045804,2024-09-05,2023-04-25,5.020298842957994,7.121076081571249
-2.233569761115875,2.233569761115875,7.421467622615524,9.599443342957768,False,False,2454.9274430150635,2467.5712673103303,0,null,-1224.4637215075318,"{""alpha[1]"": 0.12146237305627242, ""beta[1]"": 0.6887773295367676, ""omega"": 1.6292567638145259}",3.6148889843789997,True,2024-09-07,1.800843698487396,2.1340972724926788,normal,ETH-USD,1144,0.40722614174590277,0.10608048881639075,,0.035010183180548986,2024-09-06,2023-04-26,5.9109530738021725,8.37447912052319
-1.0143933618172833,1.0143933618172833,6.852106243382236,8.865086940498573,False,False,2456.212574312472,2468.856398607739,0,null,-1225.106287156236,"{""alpha[1]"": 0.12068953746390361, ""beta[1]"": 0.685186409467287, ""omega"": 1.6614649987778467}",3.341038965590468,True,2024-09-08,1.720810878881506,2.0544101359349995,normal,ETH-USD,1145,0.32352079004161904,0.08747314635183703,,0.03949762132258319,2024-09-07,2023-04-27,5.456022439015093,7.732921273366412
-2.6286807453890786,2.6286807453890786,6.2800187436087915,8.125183274031832,False,False,2455.9992658610245,2468.6430901562912,0,null,-1224.9996329305122,"{""alpha[1]"": 0.12004491193282381, ""beta[1]"": 0.6822353927865421, ""omega"": 1.6864868292218242}",3.0625065619854444,True,2024-09-09,1.6336002480881398,1.9672443462159261,normal,ETH-USD,1146,0.3814501503279704,0.09716083610225931,,0.03705276487411914,2024-09-08,2023-04-28,5.000322261170323,7.087402864836844
-1.3099792567358293,1.3099792567358293,6.094190546371116,7.887112010780494,False,False,2457.071782086357,2469.7156063816237,0,null,-1225.5358910431785,"{""alpha[1]"": 0.12095785035274723, ""beta[1]"": 0.6763561403391709, ""omega"": 1.7280997739469433}",2.9757962823073516,True,2024-09-10,1.6032951017332895,1.937376239824153,normal,ETH-USD,1147,0.30803530035402743,0.0818869405398294,,0.044022557677240934,2024-09-09,2023-04-29,4.850726750344713,6.878714797247103
2.1034845099353032,-2.1034845099353032,5.741371927250299,7.431499064378468,False,False,2457.5800933522296,2470.2239176474964,0,null,-1225.7900466761148,"{""alpha[1]"": 0.1216961840190876, ""beta[1]"": 0.6704803201449555, ""omega"": 1.7673691903964879}",2.805183691048942,True,2024-09-11,1.5435358829289978,1.877814999280512,normal,ETH-USD,1148,0.12328578294321808,0.043774322063431376,,0.04491639968730756,2024-09-10,2023-04-30,4.569200168799663,6.480916716278437
-0.9333093233166797,0.9333093233166797,5.637608514587274,7.297185758134125,False,False,2457.94699420923,2470.590818504497,0,null,-1225.973497104615,"{""alpha[1]"": 0.12255172320729422, ""beta[1]"": 0.666787313874907, ""omega"": 1.7901777804093821}",2.7544785923880126,True,2024-09-12,1.5252981772189713,1.8595764224961555,normal,ETH-USD,1149,0.2709966835214894,0.07297094984873041,,0.04408975593650495,2024-09-11,2023-05-01,4.4866243471131035,6.3637856615563555
-3.3240194062143997,3.3240194062143997,5.371063672552107,6.954747281295616,False,False,2457.2295876324606,2469.8734119277274,0,null,-1225.6147938162303,"{""alpha[1]"": 0.12420122013568465, ""beta[1]"": 0.6595701582352614, ""omega"": 1.8330933759896737}",2.6285143486764406,True,2024-09-13,1.4765322343630833,1.8113515308715975,normal,ETH-USD,1150,0.3798367113474505,0.09388051633963863,,0.050806539179826644,2024-09-12,2023-05-02,4.2727148207346035,6.064032227749456
0.9469418259358561,-0.9469418259358561,5.68056802819327,7.35537171483501,False,False,2458.2336725287987,2470.8774968240655,0,null,-1226.1168362643994,"{""alpha[1]"": 0.12422822805619368, ""beta[1]"": 0.6594809790078549, ""omega"": 1.8364884016652188}",2.7797506378478856,True,2024-09-14,1.5325744413058975,1.8673661279117901,normal,ETH-USD,1151,0.17860409392882054,0.05466465946612749,,0.05325921417249914,2024-09-13,2023-05-03,4.519023704512263,6.4134077725486005
4.123324133741526,-4.123324133741526,5.425640307271227,7.024380564044107,False,False,2458.1516645312763,2470.795488826543,0,null,-1226.0758322656382,"{""alpha[1]"": 0.12428276311514079, ""beta[1]"": 0.6599156148055716, ""omega"": 1.8268987678250672}",2.6535045772610317,True,2024-09-15,1.486774558467574,1.821378110935453,normal,ETH-USD,1152,0.00967624626369675,0.020018730293026366,,0.04777756902468086,2024-09-14,2023-05-04,4.3168490590154605,6.12519716304416
1.1097393873135424,-1.1097393873135424,6.023429843481715,7.795203147804612,False,False,2460.300292541609,2472.9441168368758,0,null,-1227.1501462708045,"{""alpha[1]"": 0.12503085024127436, ""beta[1]"": 0.6615172301457228, ""omega"": 1.813576603908846}",2.9406956839753873,True,2024-09-16,1.5916540160933308,1.925673177636356,normal,ETH-USD,1153,0.18424468836988955,0.05688960958467555,,0.042380806836125655,2024-09-15,2023-05-05,4.79463315471133,6.798700345781093
-2.002402835106402,2.002402835106402,,,,,,,,"{""error"": ""fit violated GARCH constraints: omega=0.017719044278443608, alpha=0.0, beta=1.0"", ""error_type"": ""GarchFitError"", ""forecast_date"": ""2024-09-17"", ""innovation"": ""normal"", ""instrument"": ""ETH-USD"", ""origin_index"": 1154}",,null,,False,2024-09-17,,,normal,ETH-USD,1154,,,,0.028036373160294534,2024-09-16,2023-05-06,,
-1.18951274451083,1.18951274451083,7.609797726807996,9.844761102296358,False,False,2425.5685483496745,2438.2123726449413,0,null,-1209.7842741748373,"{""alpha[1]"": 9.488772953430481e-10, ""beta[1]"": 0.9999999988759412, ""omega"": 0.022318983684444155}",3.709474082325325,True,2024-09-18,1.8257468410995767,2.15925570468171,normal,ETH-USD,1155,0.3624636335492412,0.09777257917816651,,0.04178197192130648,2024-09-17,2023-05-07,6.059759926473988,8.587745173305812
-3.931566953547536,3.931566953547536,7.599313162029814,9.83274952266193,False,False,2426.488085508584,2439.1319098038507,0,null,-1210.244042754292,"{""alpha[1]"": 7.982566268987442e-10, ""beta[1]"": 0.9999999990640698, ""omega"": 0.022230943956989623}",3.7069396237768335,True,2024-09-19,1.8242264549600473,2.157966229170839,normal,ETH-USD,1156,0.49909506810077875,0.1250815938992712,,0.047038676591418985,2024-09-18,2023-05-08,6.050334408468031,8.576592436379572
-3.833465519894033,3.833465519894033,,,,,,,,"{""error"": ""fit violated GARCH constraints: omega=0.022112370313286417, alpha=0.0, beta=1.0"", ""error_type"": ""GarchFitError"", ""forecast_date"": ""2024-09-20"", ""innovation"": ""normal"", ""instrument"": ""ETH-USD"", ""origin_index"": 1157}",,null,,False,2024-09-20,,,normal,ETH-USD,1157,,,,0.057484642923595196,2024-09-19,2023-05-09,,
-2.116590749896121,2.116590749896121,,,,,,,,"{""error"": ""fit violated GARCH constraints: omega=0.021539249933299327, alpha=6.06951576846523e-16, beta=1.0"", ""error_type"": ""GarchFitError"", ""forecast_date"": ""2024-09-21"", ""innovation"": ""normal"", ""instrument"": ""ETH-USD"", ""origin_index"": 1158}",,null,,False,2024-09-21,,,normal,ETH-USD,1158,,,,0.0651991259483001,2024-09-20,2023-05-10,,
1.2693537546001137,-1.2693537546001137,,,,,,,,"{""error"": ""fit violated GARCH constraints: omega=0.02091040139521461, alpha=0.0, beta=1.0"", ""error_type"": ""GarchFitError"", ""forecast_date"": ""2024-09-22"", ""innovation"": ""normal"", ""instrument"": ""ETH-USD"", ""origin_index"": 1159}",,null,,False,2024-09-22,,,normal,ETH-USD,1159,,,,0.07010439176596471,2024-09-21,2023-05-11,,
-2.5112657298395424,2.5112657298395424,,,,,,,,"{""error"": ""fit violated GARCH constraints: omega=0.021832801933594475, alpha=0.0, beta=1.0"", ""error_type"": ""GarchFitError"", ""forecast_date"": ""2024-09-23"", ""innovation"": ""normal"", ""instrument"": ""ETH-USD"", ""origin_index"": 1160}",,null,,False,2024-09-23,,,normal,ETH-USD,1160,,,,0.07261264065494968,2024-09-22,2023-05-12,,
-0.21907235006219408,0.21907235006219408,7.524793357858434,9.745026373739671,False,False,2434.558343457362,2447.2021677526286,0,null,-1214.279171728681,"{""alpha[1]"": 1.16556268632276e-15, ""beta[1]"": 0.9999999999999974, ""omega"": 0.021276951347096236}",3.6850254100181017,True,2024-09-24,1.8135702619364178,2.148616688681478,normal,ETH-USD,1161,0.31020220048813013,0.08715367627068084,,0.07635575137620704,2024-09-23,2023-05-13,5.9849716597004035,8.496295277005881
2.864925777232145,-2.864925777232145,,,,,,,,"{""error"": ""fit violated GARCH constraints: omega=0.02070273096399467, alpha=0.0, beta=1.0"", ""error_type"": ""GarchFitError"", ""forecast_date"": ""2024-09-25"", ""innovation"": ""normal"", ""instrument"": ""ETH-USD"", ""origin_index"": 1162}",,null,,False,2024-09-25,,,normal,ETH-USD,1162,,,,0.07811515085465676,2024-09-24,2023-05-14,,
-2.0267557782973573,2.0267557782973573,,,,,,,,"{""error"": ""fit violated GARCH constraints: omega=0.02004244284018145, alpha=0.0, beta=1.0"", ""error_type"": ""GarchFitError"", ""forecast_date"": ""2024-09-26"", ""innovation"": ""normal"", ""instrument"": ""ETH-USD"", ""origin_index"": 1163}",,null,,False,2024-09-26,,,normal,ETH-USD,1163,,,,0.07189749505716253,2024-09-25,2023-05-15,,
-2.39123561143594,2.39123561143594,5.4667265103075415,7.08514637631931,False,False,2457.4704675663334,2470.1142918616,0,null,-1225.7352337831667,"{""alpha[1]"": 0.09802034060848393, ""beta[1]"": 0.7486889311934548, ""omega"": 1.3045173156740366}",2.68616775251597,True,2024-09-27,1.4933578768878037,1.8295272730569514,normal,ETH-USD,1164,0.33677611329206686,0.08566130135897951,,0.07406611592058669,2024-09-26,2023-05-16,4.344286654405391,6.174894524462004
0.6834223701230747,-0.6834223701230747,5.476750021043255,7.099283755917666,False,False,2458.6349543924016,2471.2787786876684,0,null,-1226.3174771962008,"{""alpha[1]"": 0.10286266603381038, ""beta[1]"": 0.7256318010564812, ""omega"": 1.4578620016732928}",2.6929957346168965,True,2024-09-28,1.495044572066253,1.831450562382348,normal,ETH-USD,1165,0.18340173300062446,0.055032957605901135,,0.07812677131388575,2024-09-27,2023-05-17,4.351457030135561,6.186718130713183
0.6817536859538221,-0.6817536859538221,5.295131833586182,6.864289629957221,False,False,2459.1650298339555,2471.8088541292223,0,null,-1226.5825149169777,"{""alpha[1]"": 0.10507991815478746, ""beta[1]"": 0.7126615872705511, ""omega"": 1.5460765747922076}",2.604405173058015,True,2024-09-29,1.4612642661940516,1.7977620399869747,normal,ETH-USD,1166,0.1762551768091327,0.05299990678711484,,0.07700807281917958,2024-09-28,2023-05-18,4.206857222136473,5.9817443646653015
2.1391845139336625,-2.1391845139336625,5.156344498332424,6.685214489856419,False,False,2459.196531025686,2471.8403553209528,0,null,-1226.598265512843,"{""alpha[1]"": 0.10672221165797718, ""beta[1]"": 0.7041669186711162, ""omega"": 1.6023090887387985}",2.537537603972575,True,2024-09-30,1.4345912527417082,1.7712732380357212,normal,ETH-USD,1167,0.09784133002864326,0.03686143879453117,,0.07786681691351242,2024-09-29,2023-05-19,4.096011114506526,5.825328393386776
6.104115243845923,-6.104115243845923,5.259783245100904,6.817266072513814,True,True,2460.2229408020803,2472.866765097347,0,null,-1227.1114704010402,"{""alpha[1]"": 0.10793694940663703, ""beta[1]"": 0.6959050664314524, ""omega"": 1.6629163145807673}",2.5850276766582483,True,2024-10-01,8.772552749885536,4.179429964582869,normal,ETH-USD,1168,1.8282840681565005,0.16119977466631782,,0.07238645130322918,2024-09-30,2023-05-20,4.179605698418028,5.94128718862742
3.477159488217986,-3.477159488217986,6.632610264779471,8.587264937869929,False,False,2466.250305822732,2478.894130117999,0,null,-1230.125152911366,"{""alpha[1]"": 0.10781023647776047, ""beta[1]"": 0.685742945446848, ""omega"": 1.7708980909456407}",3.244232513716597,True,2024-10-02,1.687609467949824,2.0222580066578106,normal,ETH-USD,1169,0.08999092184234445,0.04010744231165033,,0.05930969179576363,2024-10-01,2023-05-21,5.276977925064873,7.487903719383015
0.6549484217162695,-0.6549484217162695,6.58712014476586,8.526970205074244,False,False,2467.9898189868363,2480.633643282103,0,null,-1230.9949094934182,"{""alpha[1]"": 0.10898230276749284, ""beta[1]"": 0.679476875772428, ""omega"": 1.8181276097474106}",3.2196605999142176,True,2024-10-03,1.6808745304260078,2.015283075178671,normal,ETH-USD,1170,0.22934034915505752,0.06780987159522996,,0.05411501050423754,2024-10-02,2023-05-22,5.2417554048174155,7.43593558123926
-2.7287461804025392,2.7287461804025392,6.098975433090755,7.895440383673082,False,False,2468.6178603754042,2481.261684670671,0,null,-1231.3089301877021,"{""alpha[1]"": 0.10754807782164416, ""beta[1]"": 0.6791127722893447, ""omega"": 1.8278990012764889}",2.9816775733673273,True,2024-10-04,1.6038370821981527,1.938314073640358,normal,ETH-USD,1171,0.37909001330019826,0.09613796378929189,,0.05136908535169299,2024-10-03,2023-05-23,4.8530540856014195,6.885050198526642
-0.0346922216132336,0.0346922216132336,6.00896111134356,7.779555271937683,False,False,2469.149646286562,2481.793470581829,0,null,-1231.574823143281,"{""alpha[1]"": 0.10758254856124304, ""beta[1]"": 0.6779329805039969, ""omega"": 1.8377921165997182}",2.9387386035376517,True,2024-10-05,1.5888939351786626,1.9234919059892688,normal,ETH-USD,1172,0.24078372141072038,0.06818407880224764,,0.05281264409004151,2024-10-04,2023-05-24,4.78098220660117,6.783715658611524
-1.0019846620138761,1.0019846620138761,5.65957922497743,7.329877605964378,False,False,2467.5986283652587,2480.2424526605255,0,null,-1230.7993141826294,"{""alpha[1]"": 0.10721159990325599, ""beta[1]"": 0.6786767662281383, ""omega"": 1.8306784445042954}",2.772272969648624,True,2024-10-06,1.5286665375265907,1.8637943298397244,normal,ETH-USD,1173,0.27515720878082583,0.07392432255793416,,0.058823735423432125,2024-10-05,2023-05-25,4.501159513602636,6.390447593779533
0.7471055096114174,-0.7471055096114174,5.443065250870169,7.050517364303493,False,False,2468.0338057069653,2480.677630002232,0,null,-1231.0169028534826,"{""alpha[1]"": 0.10863554886000716, ""beta[1]"": 0.6702380793607668, ""omega"": 1.8878806377682535}",2.6679640564835,True,2024-10-07,1.489525187569523,1.8248716529538043,normal,ETH-USD,1174,0.1790563233431911,0.053993286227985444,,0.060178378407811005,2024-10-06,2023-05-26,4.328231976475236,6.146434132409957
-0.7423125249006928,0.7423125249006928,5.286417133040623,6.8469463115701865,False,False,2468.1108287751395,2480.754653070406,0,null,-1231.0554143875697,"{""alpha[1]"": 0.11002926757430263, ""beta[1]"": 0.6644068248750988, ""omega"": 1.9234473363170994}",2.590083849227708,True,2024-10-08,1.4604103219689506,1.7956153582181043,normal,ETH-USD,1175,0.247321967156591,0.06711566585859592,,0.056181995279503134,2024-10-07,2023-05-27,4.204126818231122,5.969254060958893
2.9767390711676542,-2.9767390711676542,5.160082322610315,6.684066259899407,False,False,2468.217334149821,2480.8611584450878,0,null,-1231.1086670749105,"{""alpha[1]"": 0.11286498863091561, ""beta[1]"": 0.6562569802502949, ""omega"": 1.9671550448942101}",2.5294279894043963,True,2024-10-09,1.4361215557040476,1.7714905089176858,normal,ETH-USD,1176,0.056319927225742375,0.028501891677207736,,0.05740118680188978,2024-10-08,2023-05-28,4.103137615682501,5.826928238888425
-0.655473715635153,0.655473715635153,5.4834778891988485,7.097692216025919,False,False,2466.217429928495,2478.861254223762,0,null,-1230.1087149642476,"{""alpha[1]"": 0.11122811484033755, ""beta[1]"": 0.6696392788046401, ""omega"": 1.8728967904543974}",2.679187620859706,True,2024-10-10,1.4975765787755804,1.8318567735340103,normal,ETH-USD,1177,0.2509714230512957,0.06845279411514857,,0.04291673006381636,2024-10-09,2023-05-29,4.363954745390757,6.1898056958796985
-2.1847948553517305,2.1847948553517305,5.303082324636784,6.865535335491634,False,False,2466.3361413013736,2478.9799655966403,0,null,-1230.1680706506868,"{""alpha[1]"": 0.11154103241041263, ""beta[1]"": 0.6659076838373861, ""omega"": 1.8996250006891717}",2.5932769244376446,True,2024-10-11,1.4639495934031541,1.7985160916759835,normal,ETH-USD,1178,0.3202126304694171,0.08171555914502211,,0.04610320081421191,2024-10-10,2023-05-30,4.219457754036607,5.9867610591504725
-1.6287543765180983,1.6287543765180983,5.368807458982489,6.95148979288346,False,False,2467.160754010729,2479.8045783059956,0,null,-1230.5803770053644,"{""alpha[1]"": 0.11217654808965336, ""beta[1]"": 0.6613363697509858, ""omega"": 1.933895283452645}",2.626852485614872,True,2024-10-12,1.4761554846972929,1.810904033684606,normal,ETH-USD,1179,0.29499537042100965,0.07690092265319137,,0.049634806528023025,2024-10-11,2023-05-31,4.271153031902089,6.061337888801032
0.3578415149373429,-0.3578415149373429,5.312720317035606,6.880803967961672,False,False,2467.240514732486,2479.884339027753,0,null,-1230.620257366243,"{""alpha[1]"": 0.11275325322026603, ""beta[1]"": 0.6588122875919092, ""omega"": 1.9496222030975747}",2.602622363222077,True,2024-10-13,1.465401031008577,1.800561360936034,normal,ETH-USD,1180,0.19336745770528455,0.05641021321987675,,0.05574216468781492,2024-10-12,2023-06-01,4.22519066904303,5.998862836925013
-6.328824738370755,6.328824738370755,5.16933443604173,6.69570023624615,False,False,2467.2758455212265,2479.9196698164933,0,null,-1230.6379227606133,"{""alpha[1]"": 0.11322900562938623, ""beta[1]"": 0.658181031214188, ""omega"": 1.948405188208063}",2.5333812795786184,True,2024-10-14,1.4379600136408421,1.7732522892557503,normal,ETH-USD,1181,0.521978127444599,0.12166047316608712,,0.05630357564463645,2024-10-13,2023-06-02,4.110737810521216,5.837222578237947
0.8740560106635261,-0.8740560106635261,6.674852150617012,8.643267883993248,False,False,2472.40606379048,2485.0498880857467,0,null,-1233.20303189524,"{""alpha[1]"": 0.11123345291828894, ""beta[1]"": 0.6513081173119434, ""omega"": 2.0451754842278467}",3.267072394242273,True,2024-10-15,1.6938217460936382,2.028692508542081,normal,ETH-USD,1182,0.22178099732392179,0.06662110987979036,,0.06417992004047451,2024-10-14,2023-06-03,5.309675957141958,7.536166998642557
-0.1947463614894069,0.1947463614894069,6.142989430448593,7.955998283778365,False,False,2472.8086564966125,2485.452480791879,0,null,-1233.4043282483062,"{""alpha[1]"": 0.10874675164204425, ""beta[1]"": 0.6581424831439328, ""omega"": 2.0006999511579258}",3.009136268724581,True,2024-10-16,1.610623665214582,1.945759323648721,normal,ETH-USD,1183,0.2540170288253776,0.07131049632351324,,0.0639944905847067,2024-10-15,2023-06-04,4.88559421501814,6.936303270861911
0.2618648232161332,-0.2618648232161332,5.748398030892306,7.446322404595988,False,False,2472.8682896793075,2485.5121139745743,0,null,-1233.4341448396538,"{""alpha[1]"": 0.10882210013511656, ""beta[1]"": 0.658243235833799, ""omega"": 1.992577748298047}",2.818125132196407,True,2024-10-17,1.5440677122476738,1.879473373251864,normal,ETH-USD,1184,0.21544768746162238,0.06229489814402267,,0.06458477244777906,2024-10-16,2023-06-05,4.5708185724485775,6.491354637618395
-1.4212990594204087,1.4212990594204087,5.468276841511913,7.0867106296757685,False,False,2470.5098922800926,2483.1537165753593,0,null,-1232.2549461400463,"{""alpha[1]"": 0.10796047911830693, ""beta[1]"": 0.6589718152684252, ""omega"": 1.9856281628830552}",2.686190859768153,True,2024-10-18,1.49369787663107,1.8297752809933323,normal,ETH-USD,1185,0.2883563194726357,0.07597750006968756,,0.07256344834123961,2024-10-17,2023-06-06,4.3458273300323,6.176450947548341
-0.2685995946574641,0.2685995946574641,5.362441501252805,6.948494754098085,False,False,2468.605643583197,2481.2494678784637,0,null,-1231.3028217915985,"{""alpha[1]"": 0.1078352168287866, ""beta[1]"": 0.6591092801057193, ""omega"": 1.9817285908946765}",2.632447358709738,True,2024-10-19,1.4742903690982776,1.8101450450877028,normal,ETH-USD,1186,0.2265524399871569,0.06325046530469429,,0.06754138064686518,2024-10-18,2023-06-07,4.26244920508567,6.05644693581196
-3.6225147817634205,3.6225147817634205,5.19760663757524,6.73730767930324,False,False,2467.2717124747546,2479.9155367700214,0,null,-1230.6358562373773,"{""alpha[1]"": 0.10922033682675887, ""beta[1]"": 0.6538480725433418, ""omega"": 2.0110859554752616}",2.555514408629315,True,2024-10-20,1.4427488592528128,1.779125689644106,normal,ETH-USD,1187,0.3876138131324945,0.0949384463048476,,0.0736856628742126,2024-10-19,2023-06-08,4.129761480886462,5.871329848721331
2.980661191869326,-2.980661191869326,5.63352008276951,7.302222405290944,False,False,2469.095569139798,2481.739393435065,0,null,-1231.547784569899,"{""alpha[1]"": 0.10953224257056872, ""beta[1]"": 0.6520260041015674, ""omega"": 2.0292681554746985}",2.769623916166749,True,2024-10-21,1.5233011553037707,1.8596517959513719,normal,ETH-USD,1188,0.07477730554212887,0.03383028876311346,,0.07941864108651507,2024-10-20,2023-06-09,4.476207302711902,6.363690068180669
1.7221547757800166,-1.7221547757800166,5.784731036571271,7.4960521665696715,False,False,2470.3589532670403,2483.002777562307,0,null,-1232.1794766335202,"{""alpha[1]"": 0.11140727610586729, ""beta[1]"": 0.6489481110130274, ""omega"": 2.042571599445534}",2.840360360212896,True,2024-10-22,1.550048860849854,1.8859752449343317,normal,ETH-USD,1189,0.14378528040945415,0.048113948533348605,,0.07411665637627464,2024-10-21,2023-06-10,4.597860383969097,6.533549629114873
4.332602489221151,-4.332602489221151,5.616640916945512,7.280715517688533,False,False,2466.629131773483,2479.27295606875,0,null,-1230.3145658867415,"{""alpha[1]"": 0.1118224698876562, ""beta[1]"": 0.6489391035310321, ""omega"": 2.0361089690856407}",2.76194306815577,True,2024-10-23,1.5202545150710653,1.856680025050308,normal,ETH-USD,1190,0.006496758026129707,0.02012183472259113,,0.08045442334575026,2024-10-22,2023-06-11,4.462537649743745,6.344785961480262
-1.0072125371187752,1.0072125371187752,6.185035163478545,8.012567660971163,False,False,2469.544081090782,2482.187905386049,0,null,-1231.772040545391,"{""alpha[1]"": 0.11271793025823006, ""beta[1]"": 0.6453751547340494, ""omega"": 2.070558736143362}",3.033241845663274,True,2024-10-24,1.6172077523594703,1.9527298436049048,normal,ETH-USD,1191,0.2962389874270221,0.07991916616390704,,0.07167163983855251,2024-10-23,2023-06-12,4.9175672114216615,6.984704079271921
3.96655113596158,-3.96655113596158,5.793886905778957,7.508120455744367,False,False,2469.9112238462553,2482.555048141522,0,null,-1231.9556119231277,"{""alpha[1]"": 0.11237596505199128, ""beta[1]"": 0.6458482147259096, ""omega"": 2.0642128717558874}",2.8451942409390654,True,2024-10-25,1.5516059790837242,1.8875721216426888,normal,ETH-USD,1192,0.03192226178880309,0.025774287428278395,,0.0749316948524211,2024-10-24,2023-06-13,4.604996371737641,6.5439798787894174
-1.776828646193297,1.776828646193297,6.175127650616249,7.998518442964543,False,False,2472.0631558342484,2484.706980129515,0,null,-1233.0315779171242,"{""alpha[1]"": 0.11489604328803141, ""beta[1]"": 0.6426985240906685, ""omega"": 2.0782422199919175}",3.026367662373292,True,2024-10-26,1.6157409925096125,1.9510408160346913,normal,ETH-USD,1193,0.33436803926746056,0.08749812936833912,,0.06739968678744873,2024-10-25,2023-06-14,4.910532139155908,6.972984290640607
-1.0565606601114446,1.0565606601114446,5.859974649039934,7.595401726293551,False,False,2467.5109170376627,2480.1547413329295,0,null,-1230.7554585188313,"{""alpha[1]"": 0.11357299020204127, ""beta[1]"": 0.6539914523085817, ""omega"": 1.988772160741094}",2.8803701373545865,True,2024-10-27,1.5627537566298817,1.8990362632056916,normal,ETH-USD,1194,0.28564731019292783,0.07675901881953724,,0.08140172364329408,2024-10-26,2023-06-15,4.656385543747107,6.619341221842273
-2.343001584696063,2.343001584696063,5.570593320763718,7.221583194051703,False,False,2467.9248623781414,2480.568686673408,0,null,-1230.9624311890707,"{""alpha[1]"": 0.11421200534746898, ""beta[1]"": 0.6487526380533897, ""omega"": 2.024622842419059}",2.7402257291151937,True,2024-10-28,1.5119528219461342,1.84849156106289,normal,ETH-USD,1195,0.33842832138766865,0.08636014497871648,,0.08170538614356508,2024-10-27,2023-06-16,4.425564843057304,6.293012913175578
-2.7910752599837267,2.7910752599837267,5.560694851785812,7.208395143325262,False,False,2467.052538288456,2479.696362583723,0,null,-1230.526269144228,"{""alpha[1]"": 0.11489981650969792, ""beta[1]"": 0.6477796914017941, ""omega"": 2.0282754656764825}",2.7347658551988205,True,2024-10-29,1.510218716926886,1.846685113432299,normal,ETH-USD,1196,0.36045115462518823,0.090727502899582,,0.0803417032667926,2024-10-28,2023-06-17,4.417947832520031,6.281675029974465
-0.7332923805954188,0.7332923805954188,5.6479699584538405,7.322435669012185,False,False,2468.2664577912265,2480.910282086493,0,null,-1231.1332288956132,"{""alpha[1]"": 0.11601033609488512, ""beta[1]"": 0.6414621311908029, ""omega"": 2.0752119606717754}",2.7791896830082896,True,2024-10-30,1.525680724308558,1.8623281795409543,normal,ETH-USD,1197,0.26099762077489297,0.07113954196038137,,0.08470019517986165,2024-10-29,2023-06-18,4.486660034902436,6.3806618154427115
5.474730232211468,-5.474730232211468,5.395641180511424,6.9970566704776,True,False,2468.5686072029694,2481.212431498236,0,null,-1231.2843036014847,"{""alpha[1]"": 0.11688894097661923, ""beta[1]"": 0.637416751386837, ""omega"": 2.0989376080007776}",2.657944787916627,True,2024-10-31,5.889738131477833,1.8167657398909935,normal,ETH-USD,1198,1.1302488986047603,0.006216383993045002,,0.08693557517181143,2024-10-30,2023-06-19,4.284994549469615,6.0963686315159675
0.15569069801987537,-0.15569069801987537,6.525383168759712,8.453011618615212,False,False,2473.0626230334706,2485.7064473287373,0,null,-1233.5313115167353,"{""alpha[1]"": 0.11585556872317562, ""beta[1]"": 0.6404288112032278, ""omega"": 2.1006668247629925}",3.1993758168540314,True,2024-11-01,1.6708245703931475,2.0062654414575127,normal,ETH-USD,1199,0.25164019568093404,0.07213160127081554,,0.0740103046946306,2024-10-31,2023-06-20,5.188494611638552,7.368850825101424
0.8321888913199571,-0.8321888913199571,5.987413916256275,7.756012225301488,False,False,2472.555304103708,2485.1991283989746,0,null,-1233.277652051854,"{""alpha[1]"": 0.11034042585010542, ""beta[1]"": 0.6551925394024329, ""omega"": 2.0084952693780536}",2.935425994626897,True,2024-11-02,1.5847973998370133,1.9202172159199042,normal,ETH-USD,1200,0.19643151621194413,0.059291062523337025,,0.06752687835084772,2024-11-01,2023-06-21,4.760819215558836,6.761295143653654
1.4004616451627034,-1.4004616451627034,7.268479363995375,9.407642513760614,False,False,2453.212692741311,2465.8565170365778,0,null,-1223.6063463706555,"{""alpha[1]"": 0.0, ""beta[1]"": 0.9987998086586211, ""omega"": 0.028341061431406207}",3.550469931161911,True,2024-11-03,1.7794333708061352,2.1136333094325,normal,ETH-USD,1201,0.21922106314044035,0.06804046095359438,,0.0551204356823058,2024-11-02,2023-06-22,5.7848829079715065,8.204507740522136
2.447820480411729,-2.447820480411729,7.237534291987678,9.367401249677783,False,False,2454.9464685705934,2467.59029286586,0,null,-1224.4732342852967,"{""alpha[1]"": 0.0, ""beta[1]"": 0.9987888033591472, ""omega"": 0.02791898122744499}",3.535040602903015,True,2024-11-04,1.7751849442725742,2.1093553872916595,normal,ETH-USD,1202,0.16562823210074368,0.05721674476120614,,0.0542392346791433,2024-11-03,2023-06-23,5.7603851224266,8.169494956532338
-1.0633289088385955,1.0633289088385955,7.222013525804789,9.345299010602995,False,False,2457.0468065976775,2469.6906308929442,0,null,-1225.5234032988387,"{""alpha[1]"": 6.942032763694628e-14, ""beta[1]"": 0.9988113226948053, ""omega"": 0.027266946347192903}",3.524117022058792,True,2024-11-05,1.7732315673738324,2.107086765270613,normal,ETH-USD,1203,0.3406378891811308,0.09214423260225402,,0.047227790750810995,2024-11-04,2023-06-24,5.749428874784014,8.151094351386797
-11.73012523776208,11.73012523776208,5.410725238824654,7.006090398001866,False,False,2468.727498276491,2481.371322571758,0,null,-1231.3637491382456,"{""alpha[1]"": 0.10844957785927624, ""beta[1]"": 0.6675317699447665, ""omega"": 1.9147193832033305}",2.6479027686615004,True,2024-11-06,1.4838910549123687,1.8187076667534545,normal,ETH-USD,1204,0.8017199997741006,0.1783893049917684,,0.05113771512779625,2024-11-05,2023-06-25,4.304274757719918,6.108805261414742
-6.102382135580398,6.102382135580398,,,,,,,,"{""error"": ""fit violated GARCH constraints: omega=0.01864393526419698, alpha=0.0, beta=1.0"", ""error_type"": ""GarchFitError"", ""forecast_date"": ""2024-11-07"", ""innovation"": ""normal"", ""instrument"": ""ETH-USD"", ""origin_index"": 1205}",,null,,False,2024-11-07,,,normal,ETH-USD,1205,,,,0.07200865512587491,2024-11-06,2023-06-26,,
-2.2777538127612402,2.2777538127612402,,,,,,,,"{""error"": ""fit violated GARCH constraints: omega=0.019094308404696815, alpha=0.0, beta=1.0"", ""error_type"": ""GarchFitError"", ""forecast_date"": ""2024-11-08"", ""innovation"": ""normal"", ""instrument"": ""ETH-USD"", ""origin_index"": 1206}",,null,,False,2024-11-08,,,normal,ETH-USD,1206,,,,0.08858315808497289,2024-11-07,2023-06-27,,
-5.54337462280206,5.54337462280206,7.525084937909983,9.749361913408569,False,False,2474.5116241487904,2487.155448444057,0,null,-1234.2558120743952,"{""alpha[1]"": 8.896964141795013e-11, ""beta[1]"": 0.9999999998797683, ""omega"": 0.018700864323605706}",3.691737360448719,True,2024-11-09,1.8132442327287532,2.148885178808259,normal,ETH-USD,1207,0.5762916606223577,0.14041730985357848,,0.08990899744124692,2024-11-08,2023-06-28,5.982458589645083,8.498356362555775
-1.903956227720377,1.903956227720377,7.580522345768579,9.826170737188276,False,False,2472.6683488550043,2485.312173150271,0,null,-1233.3341744275021,"{""alpha[1]"": 3.2297035592024257e-10, ""beta[1]"": 0.9997759156955357, ""omega"": 0.022163871698279367}",3.7272085070148826,True,2024-11-10,1.8201281539119343,2.1565124093260373,normal,ETH-USD,1208,0.3963515140493273,0.10467101436219745,,0.10763837790164975,2024-11-09,2023-06-29,6.0230740532661615,8.563145208499359
-5.590174697989054,5.590174697989054,7.54989020559529,9.786933381958004,False,False,2474.4029473193377,2487.0467716146045,0,null,-1234.2014736596689,"{""alpha[1]"": 0.0, ""beta[1]"": 0.9997829827463883, ""omega"": 0.021590443958716548}",3.712926025889332,True,2024-11-11,1.8160359626949454,2.152490464478941,normal,ETH-USD,1209,0.5794292338470682,0.1411892240345334,,0.10880986133428275,2024-11-10,2023-06-30,5.9984099789523,8.528747705464273
3.883717169230805,-3.883717169230805,7.573042609237375,9.817614840377834,False,False,2469.047476113643,2481.6913004089097,0,null,-1231.5237380568215,"{""alpha[1]"": 0.0, ""beta[1]"": 0.9990523779940659, ""omega"": 0.029991737947566557}",3.725422353063528,True,2024-11-12,1.819036594518968,2.1555909378740017,normal,ETH-USD,1210,0.10663117541653072,0.04671477409921551,,0.11143379180121452,2024-11-11,2023-07-01,6.016340677561417,8.555194579152351
1.6668377784757,-1.6668377784757,7.591417288177163,9.839348967743328,False,False,2472.165478307222,2484.809302602489,0,null,-1233.082739153611,"{""alpha[1]"": 0.0, ""beta[1]"": 0.9991848350806567, ""omega"": 0.028586741687025043}",3.730998187997888,True,2024-11-13,1.8216506132226575,2.157894285008057,normal,ETH-USD,1211,0.21827738321044612,0.06908201465230344,,0.10456045899307832,2024-11-12,2023-07-02,6.032385442684618,8.575039243706039
4.27630577001203,-4.27630577001203,7.571219687077216,9.811888645103046,False,False,2474.3839677667656,2487.0277920620324,0,null,-1234.1919838833828,"{""alpha[1]"": 0.0, ""beta[1]"": 0.9992289602760609, ""omega"": 0.027659774943580108}",3.718943906654185,True,2024-11-14,1.8191039097951727,2.1551562087899003,normal,ETH-USD,1212,0.08704595318485565,0.042753579413300026,,0.09989353958007201,2024-11-13,2023-07-03,6.017224833709141,8.551663711342028
-1.4311141318382916,1.4311141318382916,7.59909182960187,9.844865096198921,False,False,2477.5375699917126,2490.1813942869794,0,null,-1235.7687849958563,"{""alpha[1]"": 0.0, ""beta[1]"": 0.999372494749426, ""omega"": 0.026196907402657326}",3.7274157682340157,True,2024-11-15,1.8230654492966978,2.15865005283074,normal,ETH-USD,1213,0.37363355314672814,0.10012883465496246,,0.08949641443956434,2024-11-14,2023-07-04,6.041556931096265,8.581769333657945
-0.9695994673391866,0.9695994673391866,7.563299936456721,9.800017758466325,False,False,2479.31182542494,2491.9556497202066,0,null,-1236.65591271247,"{""alpha[1]"": 2.5446529006454365e-12, ""beta[1]"": 0.9993800718494414, ""omega"": 0.025591792538188017}",3.712386019930545,True,2024-11-16,1.8182047170066649,2.1540168092898613,normal,ETH-USD,1214,0.3490822411800179,0.09511614539158025,,0.09428625326553211,2024-11-15,2023-07-05,6.012045356261165,8.542015071818831
1.8558401225454109,-1.8558401225454109,7.523019756771741,9.749329486033282,False,False,2480.483095819982,2493.1269201152486,0,null,-1237.241547909991,"{""alpha[1]"": 0.0, ""beta[1]"": 0.9993269209241237, ""omega"": 0.025604736640174493}",3.6951112177038885,True,2024-11-17,1.8127260827295082,2.1487641576676224,normal,ETH-USD,1215,0.20615717443667378,0.0664134052595407,,0.09893347715042877,2024-11-16,2023-07-06,5.978983611278883,8.497180648499475
-4.208290052273954,4.208290052273954,7.4859697942063805,9.70229901175572,False,False,2476.611730342982,2489.2555546382487,0,null,-1235.305865171491,"{""alpha[1]"": 0.0, ""beta[1]"": 0.9987579673687291, ""omega"": 0.03141122758756465}",3.6785460918808948,True,2024-11-18,1.8076978924528713,2.1438845080603244,normal,ETH-USD,1216,0.5078572795444843,0.126640535901596,,0.10181434252272853,2024-11-17,2023-07-07,5.9488555386157245,8.455763537885634
3.053528605392257,-3.053528605392257,7.490632715977551,9.710092295156109,False,False,2479.3954092064996,2492.0392335017664,0,null,-1236.6977046032498,"{""alpha[1]"": 0.0, ""beta[1]"": 0.9988620706776816, ""omega"": 0.030316904275174257}",3.6837417006587567,True,2024-11-19,1.8081585733121477,2.144609224531044,normal,ETH-USD,1217,0.14489094110841166,0.054082675989303844,,0.10786846952045234,2024-11-18,2023-07-08,5.951347427560488,8.461796204322637
1.2677646460672904,-1.2677646460672904,7.487968478872145,9.705024365212884,False,False,2482.242454124749,2494.886278420016,0,null,-1238.1212270623746,"{""alpha[1]"": 0.0, ""beta[1]"": 0.9989742624132619, ""omega"": 0.028851106377998103}",3.679752178332998,True,2024-11-20,1.807952350314038,2.144159333030296,normal,ETH-USD,1218,0.2341292801458824,0.0719031554316616,,0.10230346782867782,2024-11-19,2023-07-09,5.950350248984934,8.458080189233444
-8.986459444851004,8.986459444851004,5.902136682494541,7.655322834890929,False,False,2500.1785772881417,2512.8224015834085,0,null,-1247.0892886440708,"{""alpha[1]"": 0.10625105112636378, ""beta[1]"": 0.6484562650769352, ""omega"": 2.219849412050788}",2.9098457116260343,True,2024-11-21,1.569303322339171,1.906595557709211,normal,ETH-USD,1219,0.6836345191370624,0.1565573349513206,,0.10003933474703838,2024-11-20,2023-07-10,4.686230937890231,6.669274050281044
0.8801683663510723,-0.8801683663510723,7.628128234973442,9.890164403586704,False,False,2492.216505923106,2504.860330218373,0,null,-1243.108252961553,"{""alpha[1]"": 0.0, ""beta[1]"": 0.9997088731278526, ""omega"": 0.022478293632791038}",3.754408073429778,True,2024-11-22,1.8261807907642869,2.162903620280509,normal,ETH-USD,1220,0.25895729937931755,0.07737753490854626,,0.11613738269944114,2024-11-21,2023-07-11,6.059314353937419,8.617921857205692
-1.921112811246023,1.921112811246023,7.593411503551814,9.844862035304896,False,False,2494.569350693999,2507.2131749892656,0,null,-1244.2846753469994,"{""alpha[1]"": 6.680918634924871e-15, ""beta[1]"": 0.9997955061370275, ""omega"": 0.02089387249609332}",3.7368385928698697,True,2024-11-23,1.8216458140490266,2.1583253624744017,normal,ETH-USD,1221,0.3976526001255689,0.10499686005853727,,0.11461332154889255,2024-11-22,2023-07-12,6.031939191265348,8.578573194607696
0.9634405634812185,-0.9634405634812185,7.557222986245636,9.799419274174442,False,False,2497.0626231047777,2509.7064474000445,0,null,-1245.5313115523888,"{""alpha[1]"": 3.959141037825257e-09, ""beta[1]"": 0.9999061464854776, ""omega"": 0.01909807002525346}",3.721478888100585,True,2024-11-24,1.8167332179329612,2.1536334642373047,normal,ETH-USD,1222,0.2519364152063215,0.07574894757031521,,0.11911917910793501,2024-11-23,2023-07-13,6.002168867607644,8.538335320512733
-1.4721390990228518,1.4721390990228518,7.472175063137762,9.68491661359547,False,False,2471.8116312907264,2484.455455585993,0,null,-1232.9058156453632,"{""alpha[1]"": 0.0, ""beta[1]"": 0.9972536905500883, ""omega"": 0.04767028515297855}",3.6725914716672596,True,2024-11-25,1.8058073680129727,2.1420690810157303,normal,ETH-USD,1223,0.37048440496464774,0.09912538059143673,,0.10332640221284015,2024-11-24,2023-07-14,5.937549000270097,8.440398960120811
2.5825120607904077,-2.5825120607904077,7.3771681092579975,9.565007838809962,False,False,2463.065324360598,2475.7091486558647,0,null,-1228.532662180299,"{""alpha[1]"": 0.0, ""beta[1]"": 0.996340594300533, ""omega"": 0.05646121735435794}",3.631260745506084,True,2024-11-26,1.7927071691587138,2.1294641612756866,normal,ETH-USD,1224,0.16386502044827098,0.0575198371670927,,0.1130799378963653,2024-11-25,2023-07-15,5.859812469755824,8.334495777499672
-9.478538765711487,9.478538765711487,7.36579541104976,9.549042473455687,False,False,2465.745251818773,2478.3890761140397,0,null,-1229.8726259093864,"{""alpha[1]"": 3.74721461478946e-16, ""beta[1]"": 0.9962798571301295, ""omega"": 0.05680908918692861}",3.623638079321118,True,2024-11-27,1.7912792319312891,2.1278490392123004,normal,ETH-USD,1225,0.7665081869152395,0.17799652242896102,,0.10872926493751876,2024-11-26,2023-07-16,5.851624972593289,8.321113477184598
2.1401146905659987,-2.1401146905659987,7.499444900470676,9.727503011164757,False,False,2474.740228299096,2487.384052594363,0,null,-1234.370114149548,"{""alpha[1]"": 0.0, ""beta[1]"": 0.9967358420603712, ""omega"": 0.0542150153933036}",3.69801308879545,True,2024-11-28,1.8087805916864048,2.1461336120842707,normal,ETH-USD,1226,0.1907040745467712,0.06334256136610711,,0.128494060117793,2024-11-27,2023-07-17,5.95419618150142,8.474370827176704
-0.3814943561666069,0.3814943561666069,7.4807490805294945,9.702462726802521,False,False,2476.930267008097,2489.5740913033637,0,null,-1235.4651335040485,"{""alpha[1]"": 0.0, ""beta[1]"": 0.9966509122790869, ""omega"": 0.05475688211452155}",3.6874828820841237,True,2024-11-29,1.80635775984637,2.1435914250302703,normal,ETH-USD,1227,0.3160697430637165,0.08834393231655187,,0.1254690878098217,2024-11-28,2023-07-18,5.939900505107717,8.452898875488572
-3.074851555865523,3.074851555865523,7.446063052456599,9.658298904452364,False,False,2478.678407197458,2491.3222314927248,0,null,-1236.339203598729,"{""alpha[1]"": 0.0, ""beta[1]"": 0.9965359544261043, ""omega"": 0.055454689201022006}",3.6717521400886626,True,2024-11-30,1.8016335566760509,2.138992238107063,normal,ETH-USD,1228,0.44933196339300563,0.11488917228068617,,0.12770711289708536,2024-11-29,2023-07-19,5.911787711994581,8.414065672203083
-0.1472243067606993,0.1472243067606993,7.429110011025897,9.638455384320165,False,False,2481.490531615865,2494.134355911132,0,null,-1237.7452658079326,"{""alpha[1]"": 0.0, ""beta[1]"": 0.9965237133345008, ""omega"": 0.05536442128782249}",3.666954676315292,True,2024-12-01,1.7991538155677524,2.1368390124206798,normal,ETH-USD,1229,0.3022031820802836,0.08543072157852004,,0.13476436435890143,2024-11-30,2023-07-20,5.896839334844968,8.395847851091297
1.8209406829060704,-1.8209406829060704,7.402642258460632,9.604282006485686,False,False,2483.7763368313053,2496.420161126572,0,null,-1238.8881684156527,"{""alpha[1]"": 0.0, ""beta[1]"": 0.9964731061151284, ""omega"": 0.055427368267271626}",3.6541652867719323,True,2024-12-02,1.7955692282185538,2.1332797118585596,normal,ETH-USD,1230,0.20273875316040174,0.06545067684056782,,0.13485127931287774,2024-12-01,2023-07-21,5.875715746114102,8.366008366962847
0.6465846740580897,-0.6465846740580897,7.3883064598314405,9.58466076443024,False,False,2486.2491294958377,2498.8929537911044,0,null,-1240.1245647479188,"{""alpha[1]"": 0.0, ""beta[1]"": 0.9964518867823328, ""omega"": 0.05529818725881963}",3.6453927871335403,True,2024-12-03,1.7937266879502896,2.131280868627769,normal,ETH-USD,1231,0.26092304714685755,0.07702775155749739,,0.13109193058410357,2024-12-02,2023-07-22,5.8650456169952365,8.349359829807822
-5.914833500568638,5.914833500568638,7.349416196303058,9.534878140583613,False,False,2486.6095750059285,2499.2533993011953,0,null,-1240.3047875029642,"{""alpha[1]"": 0.0, ""beta[1]"": 0.9962268482332358, ""omega"": 0.05715093317433454}",3.6273142231897144,True,2024-12-04,1.7883859218592684,2.126042937297384,normal,ETH-USD,1232,0.5874271573975349,0.14220536923439933,,0.13269130872421414,2024-12-03,2023-07-23,5.833709647382049,8.305703422871282
0.7925135386154614,-0.7925135386154614,7.378340450994806,9.574950639609945,False,False,2490.410537659155,2503.054361954422,0,null,-1242.2052688295776,"{""alpha[1]"": 0.0, ""beta[1]"": 0.9963195032808579, ""omega"": 0.05671826881961891}",3.6458174898991924,True,2024-12-05,1.7920743569359598,2.1301215317739226,normal,ETH-USD,1233,0.2531194301796754,0.07546992248897613,,0.14193397925483328,2024-12-04,2023-07-24,5.8549021422089655,8.339505787513067
-4.985214375596652,4.985214375596652,7.321564205109563,9.50235212858986,False,False,2488.7280022343557,2501.3718265296225,0,null,-1241.3640011171778,"{""alpha[1]"": 0.0, ""beta[1]"": 0.9958618290271799, ""omega"": 0.060923438387064904}",3.6195565305093993,True,2024-12-06,1.7842472460875713,2.1224612248263215,normal,ETH-USD,1234,0.5397156827445808,0.1326102060744853,,0.1445414078693169,2024-12-05,2023-07-25,5.809099279294955,8.275806231851865
0.07786524122648422,-0.07786524122648422,7.334729792161601,9.522031659728507,False,False,2492.7652861958322,2505.409110491099,0,null,-1243.3826430979161,"{""alpha[1]"": 1.0154906249226773e-13, ""beta[1]"": 0.9959686683514394, ""omega"": 0.06005981035983375}",3.630368030611815,True,2024-12-07,1.7857986920180107,2.124412115111142,normal,ETH-USD,1235,0.2869940970273569,0.08213956868226252,,0.15367684054690023,2024-12-06,2023-07-26,5.817747181773617,8.29182210945273
-0.07522012358783228,0.07522012358783228,7.310211697174161,9.489854908078076,False,False,2494.6630168440133,2507.30684113928,0,null,-1244.3315084220067,"{""alpha[1]"": 2.3055012867724613e-12, ""beta[1]"": 0.9959008585104011, ""omega"": 0.060304816975055915}",3.6176565970785557,True,2024-12-08,1.7824832805411277,2.1210430478922664,normal,ETH-USD,1236,0.2936880399786957,0.08339172958427854,,0.15197489878350642,2024-12-07,2023-07-27,5.798540675986077,8.263952834840014
7.43479212774199,-7.43479212774199,7.281417749781346,9.453063883299158,True,False,2496.3617124826683,2509.005536777935,0,null,-1245.1808562413341,"{""alpha[1]"": 3.950590525350962e-14, ""beta[1]"": 0.9958140010102439, ""omega"": 0.06074220274992225}",3.6043834707161984,True,2024-12-09,6.336656386775861,2.1171316732737995,normal,ETH-USD,1237,1.5765241463713613,0.007968674981535633,,0.1533901984330225,2024-12-08,2023-07-28,5.775293026298452,8.231659625895553
2.363388810041469,-2.363388810041469,7.392884193652332,9.59229541406576,False,False,2502.4000856511884,2515.043909946455,0,null,-1248.2000428255942,"{""alpha[1]"": 4.273163761403754e-08, ""beta[1]"": 0.9961640004735725, ""omega"": 0.05841620358038287}",3.6504664944303067,True,2024-12-10,1.7941869760190454,2.1320004417839575,normal,ETH-USD,1238,0.17520572228006268,0.05991886360748005,,0.13697979778579678,2024-12-09,2023-07-29,5.86750325564272,8.355275170789469
-5.386366871877123,5.386366871877123,7.387511623992317,9.583776180458862,False,False,2504.8652299889754,2517.509054284242,0,null,-1249.4326149944877,"{""alpha[1]"": 3.5750607372474764e-12, ""beta[1]"": 0.9961830858981137, ""omega"": 0.0579496760484399}",3.645243827927237,True,2024-12-11,1.7936053450765561,2.1311819437563972,normal,ETH-USD,1239,0.5625339948502563,0.1373489259497557,,0.1315795063605887,2024-12-10,2023-07-30,5.864313025127995,8.348525723098435
-1.303285397898506,1.303285397898506,7.404212936284269,9.609108834690812,False,False,2508.2212663021132,2520.86509059738,0,null,-1251.1106331510566,"{""alpha[1]"": 9.613223909786046e-15, ""beta[1]"": 0.9962820622464494, ""omega"": 0.05728427959233681}",3.6595696730722866,True,2024-12-12,1.7955201416001514,2.1336563332559595,normal,ETH-USD,1240,0.35891567747026887,0.09672289228426866,,0.14442829832769896,2024-12-11,2023-07-31,5.875028151506865,8.369003830528351
-0.7211387031771626,0.7211387031771626,7.38156526623616,9.580779586087095,False,False,2510.2274267933035,2522.8712510885703,0,null,-1252.1137133966517,"{""alpha[1]"": 0.0, ""beta[1]"": 0.9962852904589887, ""omega"": 0.05684882857782533}",3.6501396892837974,True,2024-12-13,1.7923568567638521,2.130655744533193,normal,ETH-USD,1241,0.32887297949672195,0.09065008789253924,,0.14762462004070398,2024-12-12,2023-08-01,5.8563208867572705,8.343870086076754
1.1003245033488505,-1.1003245033488505,7.35835122521041,9.550716341828993,False,False,2511.9288316921966,2524.5726559874633,0,null,-1252.9644158460983,"{""alpha[1]"": 3.2270339054120845e-12, ""beta[1]"": 0.9962615882133516, ""omega"": 0.0566541949202556}",3.6387717437712994,True,2024-12-14,1.789200716240579,2.1275098993439863,normal,ETH-USD,1242,0.23687662713895652,0.07217334552630623,,0.1473898542627781,2024-12-13,2023-08-02,5.837857046127977,8.317659055979467
-2.1364543661301427,2.1364543661301427,7.320358703756594,9.502013384350754,False,False,2511.9780285951792,2524.621852890446,0,null,-1252.9890142975896,"{""alpha[1]"": 0.0, ""beta[1]"": 0.9959939713336938, ""omega"": 0.05903557604762594}",3.620995128154801,True,2024-12-15,1.7839664453822874,2.122369670019069,normal,ETH-USD,1243,0.39718735064194394,0.1041143436141501,,0.14871432301030693,2024-12-14,2023-08-03,5.807292646708729,8.274979995284857
-0.8952800808681223,0.8952800808681223,7.30335160413376,9.481412441841247,False,False,2514.149620644448,2526.793444939715,0,null,-1254.074810322224,"{""alpha[1]"": 1.1564475019923803e-14, ""beta[1]"": 0.996043203665391, ""omega"": 0.05819533185752694}",3.615030257682976,True,2024-12-16,1.7815004407430486,2.1201318617248104,normal,ETH-USD,1244,0.33440290519207516,0.09151680427506452,,0.15341760791578346,2024-12-15,2023-08-04,5.7927780229733745,8.256400346638321
2.558221396350846,-2.558221396350846,7.279562705484209,9.451434805854309,False,False,2515.901540021514,2528.5453643167807,0,null,-1254.950770010757,"{""alpha[1]"": 0.0, ""beta[1]"": 0.9960500557039295, ""omega"": 0.05768092100443805}",3.604758518554214,True,2024-12-17,1.778151571967454,2.116923607854134,normal,ETH-USD,1245,0.16075299342341048,0.05671682061009304,,0.15601885870906226,2024-12-16,2023-08-05,5.773281264819053,8.229903457360145
7.143741446078493,-7.143741446078493,7.279181820617308,9.4492161301657,True,False,2518.213058908647,2530.8568832039136,0,null,-1256.1065294543234,"{""alpha[1]"": 0.0, ""beta[1]"": 0.9961307539429789, ""omega"": 0.05658959560926497}",3.6017082504842204,True,2024-12-18,5.541231715100065,2.11676787744865,normal,ETH-USD,1246,1.3010881594296315,0.010849769687891727,,0.15010791656165715,2024-12-17,2023-08-06,5.774174962468354,8.228718414867664
5.710555062409144,-5.710555062409144,7.386570012373682,9.5840383569929,False,False,2523.8342664246507,2536.4780907199174,0,null,-1258.9171332123253,"{""alpha[1]"": 0.0, ""beta[1]"": 0.9965781431658948, ""omega"": 0.05303655522703636}",3.6472418118771848,True,2024-12-19,1.7933385670852786,2.131142182069258,normal,ETH-USD,1247,0.00759907375820635,0.026375557877022355,,0.13664238506197515,2024-12-18,2023-08-07,5.862536537573271,8.348110850111377
-1.5855679414850659,1.5855679414850659,7.452507208375938,9.665915979697102,False,False,2528.0973512162827,2540.7411755115495,0,null,-1261.0486756081414,"{""alpha[1]"": 1.455365161433895e-15, ""beta[1]"": 0.9969005897857233, ""omega"": 0.05015496498537798}",3.673698889590666,True,2024-12-20,1.8025676459408682,2.1398138531711384,normal,ETH-USD,1248,0.37514931711236693,0.1000659100104198,,0.1252785421085371,2024-12-19,2023-08-08,5.917418400762266,8.421023059556905
3.9751344959151744,-3.9751344959151744,7.4280099855191555,9.634273697317816,False,False,2529.122000259289,2541.765824554556,0,null,-1261.5610001296445,"{""alpha[1]"": 1.0807122364431088e-14, ""beta[1]"": 0.9968365461516563, ""omega"": 0.05043458843175584}",3.661839897445165,True,2024-12-21,1.7992629202280206,2.1365290083399913,normal,ETH-USD,1249,0.09613710353652247,0.04418264894601654,,0.12531406998266462,2024-12-20,2023-08-09,5.897876566645622,8.393399390516825
1.8047184766357842,-1.8047184766357842,7.4521275369750715,9.663161123522718,False,False,2532.1054093792754,2544.749233674542,0,null,-1263.0527046896377,"{""alpha[1]"": 6.729889201495773e-10, ""beta[1]"": 0.9970576770264611, ""omega"": 0.048060853203579425}",3.6697566834432496,True,2024-12-22,1.8027272539844779,2.1396303328865214,normal,ETH-USD,1250,0.20569837698779803,0.06614885607740299,,0.11752657439929308,2024-12-21,2023-08-10,5.918686016391741,8.419604084376077
-4.131578887235223,4.131578887235223,7.439718961211126,9.646185582288165,False,False,2534.0547838302946,2546.6986081255613,0,null,-1264.0273919151473,"{""alpha[1]"": 0.0, ""beta[1]"": 0.9971599708460003, ""omega"": 0.046538798928940396}",3.6621766755407097,True,2024-12-23,1.8011432956735263,2.137911870913689,normal,ETH-USD,1251,0.5020511851876897,0.12536776039959657,,0.1142997707816624,2024-12-22,2023-08-11,5.909444816518559,8.405197152724423
-2.2081448536988493,2.2081448536988493,7.4466305587870165,9.657644262239883,False,False,2536.9664034046828,2549.6102276999495,0,null,-1265.4832017023414,"{""alpha[1]"": 0.0, ""beta[1]"": 0.9974121851494713, ""omega"": 0.04377969962195962}",3.66972368253345,True,2024-12-24,1.801839297152379,2.1389868974150428,normal,ETH-USD,1252,0.40606738408178344,0.1062224325968983,,0.1229554811880451,2024-12-23,2023-08-12,5.913202827936813,8.414098405990972
-0.033944126395339155,0.033944126395339155,7.427800552155378,9.634548317400927,False,False,2539.021947031887,2551.665771327154,0,null,-1266.5109735159435,"{""alpha[1]"": 0.0, ""beta[1]"": 0.9975690264987268, ""omega"": 0.04163851762716552}",3.6626433037718114,True,2024-12-25,1.7991837200184362,2.1365329262323245,normal,ETH-USD,1253,0.2965637774483942,0.08427345889628773,,0.12718069986604746,2024-12-24,2023-08-13,5.897331422572539,8.393401763233427
4.748798836884145,-4.748798836884145,7.399297188158739,9.598043610798044,False,False,2540.587989038538,2553.231813333805,0,null,-1267.293994519269,"{""alpha[1]"": 6.536254204547733e-14, ""beta[1]"": 0.9976678441164909, ""omega"": 0.03997649852539951}",3.649363098222499,True,2024-12-26,1.7952951946205533,2.1327157030355193,normal,ETH-USD,1254,0.05627892387501033,0.036125984344790765,,0.12829081378978915,2024-12-25,2023-08-14,5.8743773143843505,8.361397271363218
0.06933299042365298,-0.06933299042365298,7.440175753815275,9.647932695384783,False,False,2544.042458949028,2556.686283244295,0,null,-1269.021229474514,"{""alpha[1]"": 0.0, ""beta[1]"": 0.9980177663054433, ""omega"": 0.03629302076920732}",3.6643182812946096,True,2024-12-27,1.8010970433483062,2.1380410509704624,normal,ETH-USD,1255,0.2919836864536831,0.08336885557280344,,0.11826049579471357,2024-12-26,2023-08-15,5.9090067194973095,8.40621854770399
-2.051126011162218,2.051126011162218,7.408196998460153,9.607121804125015,False,False,2545.3953804399034,2558.03920473517,0,null,-1269.6976902199517,"{""alpha[1]"": 0.0, ""beta[1]"": 0.9981040780753473, ""omega"": 0.03474199404306429}",3.649659168939939,True,2024-12-28,1.7967281485444024,2.133772400763936,normal,ETH-USD,1256,0.39671397099903066,0.10421501147450149,,0.1200017123491666,2024-12-27,2023-08-16,5.883153408818388,8.370375136287922
1.434319366366252,-1.434319366366252,7.378861535232556,9.571100170753523,False,False,2546.8642485671253,2559.508072862392,0,null,-1270.4321242835626,"{""alpha[1]"": 6.960971880736418e-15, ""beta[1]"": 0.9982125162445424, ""omega"": 0.03305489089465253}",3.638561817130594,True,2024-12-29,1.7925704419546795,2.129924290835491,normal,ETH-USD,1257,0.22120678547789688,0.0690379465561148,,0.1264465258702118,2024-12-28,2023-08-17,5.858455075924185,8.338114021977725
-0.20516697988032478,0.20516697988032478,7.263600965869752,9.42537755821993,False,False,2528.576080018906,2541.2199043141727,0,null,-1261.288040009453,"{""alpha[1]"": 6.198520919750243e-15, ""beta[1]"": 0.9950241003602427, ""omega"": 0.06855287704580097}",3.588002527937759,True,2024-12-30,1.77646571758231,2.1144079558991487,normal,ETH-USD,1258,0.298474407479666,0.08414691230925016,,0.13741780187648422,2024-12-29,2023-08-18,5.76432116971299,8.209524251044684
0.7134462907192267,-0.7134462907192267,7.2315746842638156,9.384954198407984,False,False,2529.1218443758053,2541.765668671072,0,null,-1261.5609221879026,"{""alpha[1]"": 0.0, ""beta[1]"": 0.9948419738166153, ""omega"": 0.07005528723077788}",3.5740655013564413,True,2024-12-31,1.7719380172289658,2.110057557592107,normal,ETH-USD,1259,0.2512336155947244,0.07460377389789484,,0.14069600025456458,2024-12-30,2023-08-19,5.73811860261371,8.173823680508704
-0.6273517263614345,0.6273517263614345,7.212763557629211,9.35993257584277,False,False,2530.9093862802483,2543.553210575515,0,null,-1262.4546931401242,"{""alpha[1]"": 0.0, ""beta[1]"": 0.9948314947179849, ""omega"": 0.06969068750599207}",3.5637576484646885,True,2025-01-01,1.7693919391196506,2.1074160536248057,normal,ETH-USD,1260,0.3175483216651593,0.08779646768752608,,0.1382449867114476,2024-12-31,2023-08-20,5.723614706941745,8.152295042391167
-2.8771981327385223,2.8771981327385223,7.190385973531816,9.330849453123685,False,False,2532.386033524605,2545.0298578198717,0,null,-1263.1930167623025,"{""alpha[1]"": 0.0, ""beta[1]"": 0.9947947808024409, ""omega"": 0.06959769813996221}",3.5526281498796166,True,2025-01-02,1.766288857712504,2.104306064158494,normal,ETH-USD,1261,0.42915429093708185,0.11004181464932343,,0.13766561153627996,2025-01-01,2023-08-21,5.7058876860031065,8.126983332193811
-4.354668435117919,4.354668435117919,7.172787847306316,9.310404724594717,False,False,2534.0441337626235,2546.6879580578902,0,null,-1264.0220668813117,"{""alpha[1]"": 0.0, ""beta[1]"": 0.9947821053152015, ""omega"": 0.06950516294895095}",3.5479035098326217,True,2025-01-03,1.7636071141294014,2.1020012157798718,normal,ETH-USD,1262,0.5022466114556997,0.12462808060293105,,0.14551816222598032,2025-01-02,2023-08-22,5.690263793996066,8.108139625175175
-1.451191036448467,1.451191036448467,7.1628971545452504,9.301350287752436,False,False,2534.99332838134,2547.6371526766065,0,null,-1264.49666419067,"{""alpha[1]"": 5.537408129934516e-10, ""beta[1]"": 0.9946313801789066, ""omega"": 0.07129654667183971}",3.549291483206569,True,2025-01-04,1.7618608754241292,2.100851965249719,normal,ETH-USD,1263,0.35654920801334006,0.09549805887315373,,0.1582718454419676,2025-01-03,2023-08-23,5.679793123818328,8.098614850866896
0.6473867987457976,-0.6473867987457976,7.1328330493013645,9.261752005637451,False,False,2533.684800801516,2546.3286250967826,0,null,-1263.842400400758,"{""alpha[1]"": 0.0, ""beta[1]"": 0.9941692007076166, ""omega"": 0.07594593383510218}",3.533467160361939,True,2025-01-05,1.757709163426826,2.0966117414655985,normal,ETH-USD,1264,0.250447727920268,0.0741699210047123,,0.15569491728410287,2025-01-04,2023-08-24,5.6563413571511525,8.06437889921702
-1.4887531220206471,1.4887531220206471,7.108198302103804,9.23021980266928,False,False,2534.6253257121616,2547.2691500074284,0,null,-1264.3126628560808,"{""alpha[1]"": 0.0, ""beta[1]"": 0.9940398644307177, ""omega"": 0.07688623705724602}",3.5220191278368067,True,2025-01-06,1.754205059123083,2.0931800092621167,normal,ETH-USD,1265,0.35626216987320874,0.09525479171223677,,0.1567156611713106,2025-01-05,2023-08-25,5.6364902754435215,8.036726049203022
8.690776839453733,-8.690776839453733,7.086187872786897,9.20289722142828,True,True,2536.2934868482007,2548.9373111434675,0,null,-1265.1467434241004,"{""alpha[1]"": 0.0, ""beta[1]"": 0.994030292605977, ""omega"": 0.07655147387855916}",3.513202298845376,True,2025-01-07,10.423098385847233,9.461591889966677,normal,ETH-USD,1266,2.9189821603701733,0.6716017884167343,,0.16053950440599038,2025-01-06,2023-08-26,5.618164039064077,8.012391194588345
1.6472887435154613,-1.6472887435154613,7.2269600554357,9.379945519445911,False,False,2544.2227947577553,2556.866619053022,0,null,-1269.1113973788777,"{""alpha[1]"": 1.5277889987451045e-11, ""beta[1]"": 0.9947965666475117, ""omega"": 0.07028691946565953}",3.573411477771499,True,2025-01-08,1.771205638200155,2.1094784404995712,normal,ETH-USD,1267,0.20432442600147024,0.06521747884613803,,0.1439615662576075,2025-01-07,2023-08-27,5.733777263544862,8.169036628129259
3.2664866015243383,-3.2664866015243383,7.215079997600262,9.363236773182347,False,False,2545.998315371034,2558.642139666301,0,null,-1269.999157685517,"{""alpha[1]"": 7.555645358027789e-08, ""beta[1]"": 0.9948325234405302, ""omega"": 0.06947233527718284}",3.5653970759373546,True,2025-01-09,1.7696843842237726,2.107755204286639,normal,ETH-USD,1268,0.12293797477840751,0.04888557091408715,,0.1393102147852451,2025-01-08,2023-08-28,5.725246097092486,8.155043692933049
-1.4817571506541873,1.4817571506541873,7.220824231804102,9.368929080313366,False,False,2548.437916768775,2561.0817410640416,0,null,-1271.2189583843874,"{""alpha[1]"": 0.0, ""beta[1]"": 0.9949642585956344, ""omega"": 0.06787844841729385}",3.565310890126476,True,2025-01-10,1.7706494616302049,2.1084444777457136,normal,ETH-USD,1269,0.3606391747741415,0.09642522356189102,,0.13338820400548007,2025-01-09,2023-08-29,5.731026344828636,8.160765205534906
-0.44972412069619816,0.44972412069619816,7.169038175332213,9.300212681822707,False,False,2541.656027663412,2554.2998519586786,0,null,-1267.828013831706,"{""alpha[1]"": 0.0, ""beta[1]"": 0.9935791033908656, ""omega"": 0.08290836207548904}",3.5372108032918033,True,2025-01-11,1.7635993507953662,2.101154011932855,normal,ETH-USD,1270,0.3070353144155619,0.08551295101496967,,0.12721185147141903,2025-01-10,2023-08-30,5.690982167615035,8.101570980800762
0.4968300175826683,-0.4968300175826683,7.139782068297185,9.263511076781942,False,False,2542.1910021594613,2554.834826454728,0,null,-1268.0955010797306,"{""alpha[1]"": 0.0, ""beta[1]"": 0.9933747200579192, ""omega"": 0.0846719430641625}",3.5248531592314194,True,2025-01-12,1.7593885262578635,2.097141308340649,normal,ETH-USD,1271,0.25850298990090087,0.07572226947869017,,0.13097768783247532,2025-01-11,2023-08-31,5.666889815600681,8.06905696545168
4.0762470856068935,-4.0762470856068935,7.08398960678518,9.193205828325453,False,False,2536.3385051434807,2548.9823294387475,0,null,-1265.1692525717403,"{""alpha[1]"": 0.0, ""beta[1]"": 0.9922803891869479, ""omega"": 0.09624506676205717}",3.5007656025299085,True,2025-01-13,1.7513396254276081,2.089424674181872,normal,ETH-USD,1272,0.07724577375933357,0.03930667093719154,,0.13708443763471198,2025-01-12,2023-09-01,5.621162560793564,8.006914179326044
-2.7736408586187884,2.7736408586187884,7.091046097652476,9.200554112470288,False,False,2538.7877991074693,2551.431623402736,0,null,-1266.3938995537346,"{""alpha[1]"": 7.324740671341118e-10, ""beta[1]"": 0.9921955369688441, ""omega"": 0.09725034415209018}",3.501249905589322,True,2025-01-14,1.7525122002886127,2.0903088958210794,normal,ETH-USD,1273,0.42008287699000546,0.10787739208081429,,0.13102692489078294,2025-01-13,2023-09-02,5.628016681181313,8.01409834946263
-6.800506264238777,6.800506264238777,7.0763586395462275,9.182891539602377,False,False,2541.1653999434848,2553.8092242387515,0,null,-1267.5826999717424,"{""alpha[1]"": 0.0, ""beta[1]"": 0.9921617543299965, ""omega"": 0.09734465210585694}",3.496311967356699,True,2025-01-15,1.750302137033902,2.088321506446088,normal,ETH-USD,1274,0.6207949425068685,0.14798615341920676,,0.13552883456191966,2025-01-14,2023-09-03,5.615392585898584,7.998109077681886
4.208191507651797,-4.208191507651797,7.112163603298783,9.233159983290014,False,False,2546.5508706924975,2559.1946949877643,0,null,-1270.2754353462487,"{""alpha[1]"": 3.030974974283942e-10, ""beta[1]"": 0.9924858503508223, ""omega"": 0.09485456627407451}",3.520317686890113,True,2025-01-16,1.7549781516532361,2.093602116501444,normal,ETH-USD,1275,0.07164875158532273,0.038320512832490224,,0.14924077594436896,2025-01-15,2023-09-04,5.641166539358251,8.040242790900816
-4.888938947660137,4.888938947660137,7.127789431288134,9.251122830789468,False,False,2549.698117606368,2562.341941901635,0,null,-1271.849058803184,"{""alpha[1]"": 0.0, ""beta[1]"": 0.9925506268806964, ""omega"": 0.09427870310840243}",3.5241965483505258,True,2025-01-17,1.7573988218155558,2.095654481403038,normal,ETH-USD,1276,0.5272055248568205,0.12945830170449504,,0.14161592516795818,2025-01-16,2023-09-05,5.655171549476264,8.056891222789357
4.966217812322075,-4.966217812322075,7.136442054490402,9.265016564310594,False,False,2553.221523253601,2565.8653475488677,0,null,-1273.6107616268005,"{""alpha[1]"": 3.34028310135375e-10, ""beta[1]"": 0.9927336270215926, ""omega"": 0.09255701490818033}",3.532895466240474,True,2025-01-18,1.7583531632426972,2.097030619168663,normal,ETH-USD,1277,0.03469857188276201,0.031016193734662363,,0.15090667130874233,2025-01-17,2023-09-06,5.660189249977314,8.067837185788308
2.9727086443567936,-2.9727086443567936,7.168653571678687,9.303784882434321,False,False,2556.9708104319925,2569.6146347272593,0,null,-1275.4854052159963,"{""alpha[1]"": 0.0, ""beta[1]"": 0.9929342736865104, ""omega"": 0.09072372738922019}",3.543778097875398,True,2025-01-19,1.7631518340895216,2.101348325141339,normal,ETH-USD,1278,0.13575723576357726,0.05130209101934938,,0.14114289777320055,2025-01-18,2023-09-07,5.6878533596283365,8.102917746291727
-2.129602528689635,2.129602528689635,7.171573464501611,9.305274378413063,False,False,2559.1208094488666,2571.7646337441333,0,null,-1276.5604047244333,"{""alpha[1]"": 1.4450990919905756e-08, ""beta[1]"": 0.9929687091432923, ""omega"": 0.09016139447568128}",3.541404000796614,True,2025-01-20,1.763781497344052,2.101615525266034,normal,ETH-USD,1279,0.39106839097004015,0.10234814272562974,,0.13332592449960193,2025-01-19,2023-09-08,5.691765290711162,8.10521174387333
-1.4948817054020134,1.4948817054020134,7.1545543106994405,9.284935917995105,False,False,2560.761381907472,2573.4052062027386,0,null,-1277.380690953736,"{""alpha[1]"": 0.0, ""beta[1]"": 0.9930027627915163, ""omega"": 0.08943956767792054}",3.5358947911166734,True,2025-01-21,1.761236452335185,2.09934601056998,normal,ETH-USD,1280,0.35859649580766917,0.09581621874612663,,0.13898116093571525,2025-01-20,2023-09-09,5.677048210751363,8.08674016921064
2.655044541830375,-2.655044541830375,7.136682488182503,9.262752007975608,False,False,2562.414075237116,2575.0578995323826,0,null,-1278.207037618558,"{""alpha[1]"": 0.0, ""beta[1]"": 0.9930512363071464, ""omega"": 0.08846089335184647}",3.528737816194001,True,2025-01-22,1.758637256921193,2.096906681208262,normal,ETH-USD,1281,0.15035612270402499,0.05411936975303417,,0.1420901996166469,2025-01-21,2023-09-10,5.662166995910872,8.066981517133787
-2.8744300688118862,2.8744300688118862,7.130877280367272,9.254358801676867,False,False,2563.9305469218443,2576.574371217111,0,null,-1278.9652734609222,"{""alpha[1]"": 0.0, ""beta[1]"": 0.9930301024310864, ""omega"": 0.08846425578123275}",3.524442393098943,True,2025-01-23,1.7579069985808338,2.0960403494337294,normal,ETH-USD,1282,0.4266293369441089,0.10934473953976996,,0.1390351832000377,2025-01-22,2023-09-11,5.6581566700702846,8.0600438851651
0.7573233138231765,-0.7573233138231765,7.070285752804644,9.180152436008113,False,False,2558.3579454208984,2571.001769716165,0,null,-1276.1789727104492,"{""alpha[1]"": 1.706807437897846e-08, ""beta[1]"": 0.9915206928546552, ""omega"": 0.10512821584488766}",3.5018452044185273,True,2025-01-24,1.7489392238061399,2.087780434413289,normal,ETH-USD,1283,0.2424842135714675,0.07236171632438074,,0.15301520025791165,2025-01-23,2023-09-12,5.607007585252522,7.993494946261244
-0.23282954084923638,0.23282954084923638,7.043326719541096,9.14336052795922,False,False,2557.012439991079,2569.656264286346,0,null,-1275.5062199955396,"{""alpha[1]"": 4.569977818391637e-14, ""beta[1]"": 0.9908584557972305, ""omega"": 0.11194971766210819}",3.4855251185634253,True,2025-01-25,1.7452949857498368,2.0838493194898575,normal,ETH-USD,1284,0.2909848795270116,0.08195062906926698,,0.1463105834085206,2025-01-24,2023-09-13,5.58686804969099,7.962233366077453
2.4762521043305425,-2.4762521043305425,7.023747036444746,9.117629780722893,False,False,2558.362152564746,2571.0059768600127,0,null,-1276.181076282373,"{""alpha[1]"": 3.70205202189325e-08, ""beta[1]"": 0.9906775610406775, ""omega"": 0.11340543887668675}",3.475315907416518,True,2025-01-26,1.7425421492202497,2.0810460894333347,normal,ETH-USD,1285,0.1547651137434035,0.05463710072590599,,0.14483159591759723,2025-01-25,2023-09-14,5.571554379198609,7.939962176921136
1.7837847641605113,-1.7837847641605113,7.018521550057716,9.108745670347195,False,False,2560.0672055966925,2572.7110298919592,0,null,-1277.0336027983462,"{""alpha[1]"": 0.0, ""beta[1]"": 0.9905232615919394, ""omega"": 0.1148091807998276}",3.469243516695582,True,2025-01-27,1.7420054932188629,2.0801711547861776,normal,ETH-USD,1286,0.18925407664308688,0.06149351031241868,,0.1375314841923627,2025-01-26,2023-09-15,5.568866297022246,7.933135795402374
3.2549972258831468,-3.2549972258831468,7.008926192668379,9.09478128990479,False,False,2561.7247998643843,2574.368624159651,0,null,-1277.8623999321921,"{""alpha[1]"": 6.255937868038927e-11, ""beta[1]"": 0.9904023616131974, ""omega"": 0.11573141420333703}",3.4619920431554854,True,2025-01-28,1.7407869622411933,2.0787089220147217,normal,ETH-USD,1287,0.1153651904270526,0.046666314694206866,,0.13216913423724116,2025-01-27,2023-09-16,5.5623010344241965,7.921628695303829
-1.1594904432730284,1.1594904432730284,7.012260682192841,9.097417100051436,False,False,2564.141725810927,2576.7855501061936,0,null,-1279.0708629054634,"{""alpha[1]"": 0.0, ""beta[1]"": 0.9904266480694282, ""omega"": 0.11535672393256297}",3.460832412052675,True,2025-01-29,1.7414298470035527,2.0790792633966864,normal,ETH-USD,1288,0.33628052648620305,0.09084147908678383,,0.12644265878502864,2025-01-28,2023-09-17,5.5661200864510265,7.924657465405347
-4.238511733015332,4.238511733015332,6.992061036520146,9.07243663658015,False,False,2565.4106796395954,2578.054503934862,0,null,-1279.7053398197977,"{""alpha[1]"": 0.0, ""beta[1]"": 0.990318633997001, ""omega"": 0.11607445008926906}",3.4528974633592444,True,2025-01-30,1.7384234928542477,2.076271030875461,normal,ETH-USD,1289,0.48938739324762315,0.12140877622021265,,0.13027478416086946,2025-01-29,2023-09-18,5.549236131937121,7.902365889005921
-1.542491923027956,1.542491923027956,6.992532784962229,9.075004391042672,False,False,2568.0654042238166,2580.7092285190834,0,null,-1281.0327021119083,"{""alpha[1]"": 2.7368170443539644e-12, ""beta[1]"": 0.9904604570837056, ""omega"": 0.11463908444800398}",3.4563763033682102,True,2025-01-31,1.7382969929534036,2.0764606086232478,normal,ETH-USD,1290,0.35453730690858676,0.09446246704693191,,0.13697888356054963,2025-01-30,2023-09-19,5.548254215143773,7.903754781665227
5.609945685386157,-5.609945685386157,6.977908863364903,9.056789335041003,True,False,2569.624226374355,2582.268050669622,0,null,-1281.8121131871776,"{""alpha[1]"": 0.0, ""beta[1]"": 0.9904987691678498, ""omega"": 0.11378024840114631}",3.4504159282921973,True,2025-02-01,1.9477232529967639,2.07441486298016,normal,ETH-USD,1291,0.07013355467490964,0.022776138108020167,,0.13930826315103584,2025-01-31,2023-09-20,5.536120890991516,7.887559496188172
8.344067694076648,-8.344067694076648,7.013360583222693,9.100057754320238,True,True,2573.0871086885627,2585.7309329838295,0,null,-1283.5435543442813,"{""alpha[1]"": 0.0, ""beta[1]"": 0.9906972603002769, ""omega"": 0.11230561860885288}",3.4633896728426383,True,2025-02-02,9.663250380242555,6.668690715085414,normal,ETH-USD,1292,2.639020467419235,0.4134597825827134,,0.13061765233877035,2025-02-01,2023-09-21,5.566151412582716,7.926431550053705
-0.5518200325384339,0.5518200325384339,7.096115046766349,9.203515298785224,False,False,2578.157451607443,2590.8012759027097,0,null,-1286.0787258037215,"{""alpha[1]"": 0.0, ""beta[1]"": 0.9908453574179733, ""omega"": 0.11280089485634634}",3.4977515523008065,True,2025-02-03,1.7535801661278936,2.0908009899913194,normal,ETH-USD,1293,0.30931837409360297,0.0857006504251297,,0.1187418776435034,2025-02-02,2023-09-22,5.63454744933362,8.018245009974528
5.32244991205483,-5.32244991205483,7.082148007671219,9.185461466544757,False,False,2579.4983727041745,2592.1421969994412,0,null,-1286.7491863520872,"{""alpha[1]"": 7.507913224717646e-18, ""beta[1]"": 0.9908931964288786, ""omega"": 0.11177435135509764}",3.4909685090443885,True,2025-02-04,1.7516039745897274,2.0888345539752997,normal,ETH-USD,1294,0.015048242754023158,0.026800398107643664,,0.11871744653974325,2025-02-03,2023-09-23,5.6234147671352925,8.002489722819194
-1.909505889035036,1.909505889035036,7.406338786663421,9.601214803389306,False,False,2590.9119371133606,2603.5557614086274,0,null,-1292.4559685566803,"{""alpha[1]"": 0.06577583837986711, ""beta[1]"": 0.6439552928216202, ""omega"": 3.058349798379386}",3.6429392030565353,True,2025-02-05,1.7968047709097883,2.1333153298781293,normal,ETH-USD,1295,0.3896804542747051,0.10276251194873462,,0.1079985644521886,2025-02-04,2023-09-24,5.884103196459059,8.366745305838418
3.6298692401353305,-3.6298692401353305,6.952856341700221,9.016867969552845,False,False,2591.502580471945,2604.1464047672116,0,null,-1292.7512902359724,"{""alpha[1]"": 0.06537346367031763, ""beta[1]"": 0.6321827717040297, ""omega"": 3.184039089443778}",3.425737407202217,True,2025-02-06,1.733269429605636,2.0703531009408866,normal,ETH-USD,1296,0.09457556378957482,0.042261316108386585,,0.11345608329307419,2025-02-05,2023-09-25,5.521380515926825,7.856000850973985
2.492862364164947,-2.492862364164947,6.883651349887069,8.925052885348483,False,False,2593.1776556582954,2605.821479953562,0,null,-1293.5888278291477,"{""alpha[1]"": 0.06586150533040998, ""beta[1]"": 0.6199491646718783, ""omega"": 3.31508978017505}",3.3882103709008518,True,2025-02-07,1.7234742570999129,2.060218705217624,normal,ETH-USD,1297,0.14874970882931554,0.0528404005228378,,0.10525357669960318,2025-02-06,2023-09-26,5.467856540751256,7.776902416448722
-0.38432364241215167,0.38432364241215167,6.68486096596691,8.666554109160002,False,False,2594.2516898891927,2606.8955141844594,0,null,-1294.1258449445963,"{""alpha[1]"": 0.06648289567814848, ""beta[1]"": 0.6033429497462867, ""omega"": 3.4855744002887756}",3.2891095372828265,True,2025-02-08,1.694248822908473,2.0308655302833047,normal,ETH-USD,1298,0.2847399996185646,0.07936309220076315,,0.09962740188119966,2025-02-07,2023-09-27,5.310476349959136,7.551985577664158
0.13636720827871446,-0.13636720827871446,6.407043753955951,8.307664123764747,False,False,2594.7057908369616,2607.3496151322283,0,null,-1294.3528954184808,"{""alpha[1]"": 0.067929591691878, ""beta[1]"": 0.5826924339139301, ""omega"": 3.6845031338699767}",3.154549233096379,True,2025-02-09,1.6516623144986782,1.988505656853321,normal,ETH-USD,1299,0.24762595940560886,0.07102326342627541,,0.09988535106467758,2025-02-08,2023-09-28,5.088886396390887,7.238693550906248
-1.2267164918966216,1.2267164918966216,6.258320288009711,8.11342882171623,False,False,2593.2376524001984,2605.881476695465,0,null,-1293.6188262000992,"{""alpha[1]"": 0.06749307846340216, ""beta[1]"": 0.5895961157167279, ""omega"": 3.6098634973016313}",3.0790110930480905,True,2025-02-10,1.6283306153243968,1.9649222575764038,normal,ETH-USD,1300,0.3099221863821286,0.08296772074279195,,0.09279532807802389,2025-02-09,2023-09-29,4.971727235745944,7.070055582382567
2.218378762276569,-2.218378762276569,6.183685642652813,8.017180738406394,False,False,2593.53471048986,2606.178534785127,0,null,-1293.76735524493,"{""alpha[1]"": 0.069672413121479, ""beta[1]"": 0.5689424135735028, ""omega"": 3.803863579539192}",3.043138251105498,True,2025-02-11,1.6162760704690564,1.9529609246506205,normal,ETH-USD,1301,0.13468518122254128,0.047675848356768274,,0.09343460291824597,2025-02-10,2023-09-30,4.912082386727392,6.985963597953392
-5.024579425878853,5.024579425878853,6.252243132648334,8.104354766161887,False,False,2594.4719997151083,2607.115824010375,0,null,-1294.2359998575541,"{""alpha[1]"": 0.07166368837332057, ""beta[1]"": 0.5516214015596096, ""omega"": 3.9676974309202104}",3.074036996508052,True,2025-02-12,1.6274917034777943,1.9638672280284863,normal,ETH-USD,1302,0.49961539890838286,0.12087246506627779,,0.08861235080048402,2025-02-11,2023-10-01,4.967728552288795,7.0626670807489145
2.253992081783385,-2.253992081783385,6.71663213568885,8.70517330914829,False,False,2595.607685711605,2608.2515100068717,0,null,-1294.8038428558025,"{""alpha[1]"": 0.06876240615148073, ""beta[1]"": 0.5717057448820894, ""omega"": 3.797443029910744}",3.3004755359683493,True,2025-02-13,1.6992556784951462,2.0354398463769834,normal,ETH-USD,1303,0.15417530255003806,0.053327611414223944,,0.09130102321799942,2025-02-12,2023-10-02,5.337498132784144,7.586753223205775
-1.858217830602266,1.858217830602266,6.541209540834881,8.479608382395071,False,False,2593.2597931678183,2605.903617463085,0,null,-1293.6298965839092,"{""alpha[1]"": 0.06409950283404407, ""beta[1]"": 0.6264132930250251, ""omega"": 3.2636394018011012}",3.2172519437396936,True,2025-02-14,1.6726007365119049,2.00909483800929,normal,ETH-USD,1304,0.35275345552920184,0.09247607801679729,,0.09505724849514434,2025-02-13,2023-10-03,5.1968512799817645,7.389389971077454
1.2005248130738546,-1.2005248130738546,6.406813206147867,8.30728580100229,False,False,2593.8107389361867,2606.4545632314534,0,null,-1293.9053694680933,"{""alpha[1]"": 0.06492658743594248, ""beta[1]"": 0.6124524934875909, ""omega"": 3.4023023842904405}",3.154303964037709,True,2025-02-15,1.6516349237146213,1.9884642617956096,normal,ETH-USD,1305,0.19441167617184119,0.06037873528499715,,0.09960997924415678,2025-02-14,2023-10-04,5.088758336510675,7.238398341573563
1.1291737520978158,-1.1291737520978158,6.2942568777720895,8.161464189251037,False,False,2594.25644098118,2606.9002652764466,0,null,-1294.12822049059,"{""alpha[1]"": 0.06584305618018772, ""beta[1]"": 0.5993297130009826, ""omega"": 3.5302586378781755}",3.099092004917541,True,2025-02-16,1.6338970333211305,1.970748394241871,normal,ETH-USD,1306,0.1935049540015963,0.0598211245258389,,0.09827989241518872,2025-02-15,2023-10-05,4.999272832129739,7.1112862046817
-2.955308319196226,2.955308319196226,6.215975687484968,8.060961576044296,False,False,2593.6980360669236,2606.3418603621903,0,null,-1293.8490180334618,"{""alpha[1]"": 0.06547956349657974, ""beta[1]"": 0.6047370502577573, ""omega"": 3.4743587361847688}",3.0622100616621135,True,2025-02-17,1.621270450838054,1.9583038004698814,normal,ETH-USD,1307,0.3945855709812437,0.09978589960026786,,0.10048422598357735,2025-02-16,2023-10-06,4.936403100428642,7.023281640830552
2.729418896239341,-2.729418896239341,6.318635070672277,8.194101029186006,False,False,2594.0206446147968,2606.6644689100635,0,null,-1294.0103223073984,"{""alpha[1]"": 0.06513289001483828, ""beta[1]"": 0.6059020928337786, ""omega"": 3.4693431525477396}",3.112799270757594,True,2025-02-18,1.637649935305391,1.9746849614461555,normal,ETH-USD,1308,0.11442522109595003,0.04409859217284284,,0.10217585231918638,2025-02-17,2023-10-07,5.017923318158339,7.139278113523622
-1.7245063104872165,1.7245063104872165,6.389448518542477,8.284407219816732,False,False,2595.0249625894835,2607.6687868847503,0,null,-1294.5124812947417,"{""alpha[1]"": 0.06555807245807184, ""beta[1]"": 0.5949358291260475, ""omega"": 3.5852768602684293}",3.1451522949085158,True,2025-02-19,1.6489602936061818,1.9857254282937702,normal,ETH-USD,1309,0.3399862034177775,0.08943127263555632,,0.0980974017266905,2025-02-18,2023-10-08,5.075217757868328,7.218620953068407
-0.902307022405772,0.902307022405772,6.305889455090823,8.177483086327488,False,False,2595.6144471924044,2608.258271487671,0,null,-1294.8072235962022,"{""alpha[1]"": 0.0667092042336097, ""beta[1]"": 0.5828698606609959, ""omega"": 3.7003229366934542}",3.1063721866138043,True,2025-02-20,1.6356405656858994,1.9726595976373056,normal,ETH-USD,1310,0.29550851705481757,0.08027145115592083,,0.10166423912231787,2025-02-19,2023-10-09,5.007863318690574,7.124838093186304
2.990234982764257,-2.990234982764257,6.18871492697201,8.02856418138276,False,False,2593.7172493160806,2606.3610736113474,0,null,-1293.8586246580403,"{""alpha[1]"": 0.06457680018274259, ""beta[1]"": 0.6146517793003058, ""omega"": 3.3817835181229667}",3.0536845477975434,True,2025-02-21,1.6165440867043346,1.954117039387615,normal,ETH-USD,1311,0.09612349106943478,0.040035382731384225,,0.11015929985750449,2025-02-20,2023-10-10,4.912704804152951,6.993773255902677
-3.8492895446840794,3.8492895446840794,6.341685244680784,8.224917942970489,False,False,2594.799489185618,2607.4433134808846,0,null,-1294.399744592809,"{""alpha[1]"": 0.0644917633096903, ""beta[1]"": 0.6067401347920398, ""omega"": 3.472442735660339}",3.1256900949290856,True,2025-02-22,1.641190093787551,1.9783899918786512,normal,ETH-USD,1312,0.4442438243812971,0.11015016305504338,,0.10571574642854253,2025-02-21,2023-10-11,5.035586942941855,7.165726760820249
-2.051191814644929,2.051191814644929,6.523647693653491,8.462333180045363,False,False,2596.392821405305,2609.0366457005716,0,null,-1295.1964107026524,"{""alpha[1]"": 0.06542152640838765, ""beta[1]"": 0.592757334297285, ""omega"": 3.620171740342508}",3.217727701680796,True,2025-02-23,1.6693285816516656,2.006773979900952,normal,ETH-USD,1313,0.36151412238109487,0.09423145365017457,,0.11360044767492068,2025-02-22,2023-10-12,5.179090632976961,7.3719535503725195
11.539740216450948,-11.539740216450948,6.40229456359598,8.30773433073608,True,True,2596.366892244241,2609.010716539508,0,null,-1295.1834461221206,"{""alpha[1]"": 0.06509794537773522, ""beta[1]"": 0.5931777142931295, ""omega"": 3.6189932485823366}",3.162548214059097,True,2025-02-24,21.82721670718175,53.791567228761934,normal,ETH-USD,1314,6.135998185147876,4.260650173586101,,0.12113414190345491,2025-02-23,2023-10-13,5.080794758400551,7.236053172424583
0.8079567928113873,-0.8079567928113873,8.78098423232587,11.37400680803034,False,False,2610.02042662833,2622.6642509235967,0,null,-1302.010213314165,"{""alpha[1]"": 0.06387849806644116, ""beta[1]"": 0.5745643778287326, ""omega"": 3.9439328531177154}",4.303761817733765,True,2025-02-25,1.9677861301767932,2.3031084591559807,normal,ETH-USD,1315,0.30873305265241285,0.09107649972676705,,0.09644038957500503,2025-02-24,2023-10-14,6.982617845859639,9.915606765488084
6.723293072654238,-6.723293072654238,7.722248736055414,10.005432309804194,True,False,2610.859762407595,2623.503586702862,0,null,-1302.4298812037975,"{""alpha[1]"": 0.05889141828611898, ""beta[1]"": 0.5797670026765968, ""omega"": 3.9340797608001354}",3.789507418734034,True,2025-02-26,3.352923273941226,2.174784243550249,normal,ETH-USD,1316,0.5552985612366468,0.019980027038679963,,0.09441675071168272,2025-02-25,2023-10-15,6.138768271352505,8.721295776522233
1.1200727300104798,-1.1200727300104798,7.997634462925882,10.35722273546954,False,False,2614.720456216186,2627.3642805114528,0,null,-1304.360228108093,"{""alpha[1]"": 0.06367533082458726, ""beta[1]"": 0.5724584657480446, ""omega"": 3.9961535763585925}",3.9163198994466297,True,2025-02-27,1.874526523510517,2.2095504498376926,normal,ETH-USD,1317,0.2620545754468832,0.07910040990172158,,0.08060875195887371,2025-02-26,2023-10-16,6.36116423894814,9.030113720182632
2.975051300690005,-2.975051300690005,7.303334109728097,9.457897787767308,False,False,2614.4901693578627,2627.1339936531294,0,null,-1304.2450846789313,"{""alpha[1]"": 0.06052801690871223, ""beta[1]"": 0.5772094091250602, ""omega"": 3.9702726993566535}",3.5760309140008117,True,2025-02-28,1.7837288915772715,2.118724780247815,normal,ETH-USD,1318,0.14170027308354793,0.05271049956976248,,0.072990656623863,2025-02-27,2023-10-17,5.809056762360961,8.246101257666249
0.9546252809848459,-0.9546252809848459,7.041868567433338,9.119617523759173,False,False,2614.8543762575455,2627.4982005528122,0,null,-1304.4271881287727,"{""alpha[1]"": 0.060099497748403195, ""beta[1]"": 0.5744394834745365, ""omega"": 4.007311842121249}",3.448537898919727,True,2025-03-01,1.7472399131672653,2.082287245653701,normal,ETH-USD,1319,0.23231200329448745,0.06996398804873202,,0.07147472384313155,2025-02-28,2023-10-18,5.600865346874591,7.951024085858043
-12.814366621234505,12.814366621234505,6.710958443526426,8.69155669262832,False,False,2615.2749010059015,2627.9187253011683,0,null,-1304.6374505029507,"{""alpha[1]"": 0.060334155322169195, ""beta[1]"": 0.5544855939247523, ""omega"": 4.220565917818044}",3.2872922899405475,True,2025-03-02,1.699057861644513,2.0341871324974643,normal,ETH-USD,1320,0.9075849901119242,0.20391970586334207,,0.06978146495435454,2025-03-01,2023-10-19,5.337333181003965,7.5776039650996845
16.07305917680711,-16.07305917680711,9.109984434484948,11.798666020221058,True,True,2629.817119889709,2642.4609441849757,0,null,-1311.9085599448545,"{""alpha[1]"": 0.05537431943776534, ""beta[1]"": 0.6577041753886905, ""omega"": 3.256241712355438}",4.4625315865563655,True,2025-03-03,21.385142613465373,51.38430382031007,normal,ETH-USD,1321,8.386395307571378,5.728728981286977,,0.09493662301129867,2025-03-02,2023-10-20,7.245274642521447,10.286464246214203
-1.1327039106634544,1.1327039106634544,13.766783903172612,17.80491803426625,False,False,2641.7021937764453,2654.346018071712,0,null,-1317.8510968882226,"{""alpha[1]"": 0.09897774761185948, ""beta[1]"": 0.5735923362338203, ""omega"": 3.893229246545248}",6.702281596436458,True,2025-03-04,2.4188263267929497,2.7519157055035963,normal,ETH-USD,1322,0.6049438959046947,0.1666644426843829,,0.05809818531818554,2025-03-03,2023-10-21,10.966174007430427,15.533740357774821
-3.2624054375968763,3.2624054375968763,11.056496674750495,14.30274982624663,False,False,2643.1058212656926,2655.7496455609594,0,null,-1318.5529106328463,"{""alpha[1]"": 0.09424784137161109, ""beta[1]"": 0.577347214580341, ""omega"": 3.887394334619832}",5.3879594011291365,True,2025-03-05,2.199390551764484,2.5327981715964896,normal,ETH-USD,1323,0.6033746906061406,0.15739357147543404,,0.05731618828861466,2025-03-04,2023-10-22,8.805088374525926,12.476951709946514
1.7775649013761035,-1.7775649013761035,9.404920880862452,12.169457272218471,False,False,2644.1993566409246,2656.8431809361914,0,null,-1319.0996783204623,"{""alpha[1]"": 0.09359059702631252, ""beta[1]"": 0.5657432273258906, ""omega"": 4.019005573288118}",4.588431383641587,True,2025-03-06,2.037369753346905,2.3711614944051442,normal,ETH-USD,1324,0.28550189007403304,0.08837027392596718,,0.05969530054406679,2025-03-05,2023-10-23,7.487602702856759,10.614592293972812
2.924993932732327,-2.924993932732327,8.577535290605322,11.095885683155915,False,False,2640.5669995299277,2653.2108238251944,0,null,-1317.2834997649638,"{""alpha[1]"": 0.08858431763568075, ""beta[1]"": 0.6109360806170463, ""omega"": 3.5371689688408336}",4.179824874910521,True,2025-03-07,1.9455242246216375,2.278923283079303,normal,ETH-USD,1325,0.19529815803877482,0.06754489766868059,,0.04424301201073392,2025-03-06,2023-10-24,6.83095709350782,9.67948369960038
-2.8810994797227494,2.8810994797227494,7.795643718245439,10.083274127724707,False,False,2641.6913079932033,2654.33513228847,0,null,-1317.8456539966016,"{""alpha[1]"": 0.08914146211607211, ""beta[1]"": 0.5887807605247024, ""omega"": 3.7875641651481575}",3.7968880416433493,True,2025-03-08,1.850045706494054,2.1832768539752125,normal,ETH-USD,1326,0.4545089336112204,0.11677736029446772,,0.03624587392408518,2025-03-07,2023-10-25,6.20907919250165,8.796636549724013
8.827175807422385,-8.827175807422385,7.270339140776342,9.40611867691872,True,True,2642.7147377150764,2655.358562010343,0,null,-1318.3573688575382,"{""alpha[1]"": 0.09111467955553333, ""beta[1]"": 0.5594685770319048, ""omega"": 4.107686477342554}",3.54485398811056,True,2025-03-09,10.137546259844285,8.729440696087607,normal,ETH-USD,1327,2.8861821268430052,0.6160659611428828,,0.041676581243086035,2025-03-08,2023-10-26,5.789089358113959,8.20488695778311
7.967653513118282,-7.967653513118282,8.988154168804767,11.619995235177702,True,False,2649.0394601544576,2661.6832844497244,0,null,-1321.5197300772288,"{""alpha[1]"": 0.08213018089306937, ""beta[1]"": 0.657204064984315, ""omega"": 3.124645659775748}",4.368190696805755,True,2025-03-10,3.7836050179672434,2.325340643576247,normal,ETH-USD,1328,0.7645485329232622,0.021721089006695175,,0.022168727131248834,2025-03-09,2023-10-27,7.162865583725375,10.139762413787798
-3.1049127778081687,3.1049127778081687,9.53616831572158,12.324207413401377,False,False,2653.051146924933,2665.6949712202,0,null,-1323.5255734624666,"{""alpha[1]"": 0.08525154308034393, ""beta[1]"": 0.6616068389717249, ""omega"": 3.0696825381023056}",4.627439933369388,True,2025-03-11,2.0523249685911846,2.384329345028042,normal,ETH-USD,1329,0.5353731417450066,0.13861036528242981,,0.008911300810763672,2025-03-10,2023-10-28,7.602550057091953,10.756123750434801
0.5673973953150508,-0.5673973953150508,8.688157489388509,11.230426033142152,False,False,2654.3781292868143,2667.021953582081,0,null,-1324.1890646434072,"{""alpha[1]"": 0.08461610844219253, ""beta[1]"": 0.6527368458151385, ""omega"": 3.1811724562836585}",4.219522958090725,True,2025-03-12,1.9590218427384003,2.291307018038806,normal,ETH-USD,1330,0.31787968442343195,0.09233174309868987,,0.015506557836849812,2025-03-11,2023-10-29,6.924991083783684,9.80057170518403
2.4398688689329755,-2.4398688689329755,7.847824608928753,10.143688289601716,False,False,2655.0108188461195,2667.6546431413863,0,null,-1324.5054094230597,"{""alpha[1]"": 0.08396554346962491, ""beta[1]"": 0.6388905559679362, ""omega"": 3.3479622259537214}",3.8105531900035965,True,2025-03-13,1.8573426146911167,2.189553963930765,normal,ETH-USD,1331,0.19078405532780016,0.06412551183771496,,0.012252259779942947,2025-03-12,2023-10-30,6.255549975488975,8.852420052704467
-2.465264669734095,2.465264669734095,7.414194170106158,9.581501401948525,False,False,2655.9021432329055,2668.5459675281722,0,null,-1324.9510716164527,"{""alpha[1]"": 0.084262698051618, ""beta[1]"": 0.625278314098735, ""omega"": 3.5064703097627223}",3.5971819910466234,True,2025-03-14,1.8006614472590132,2.132613748057614,normal,ETH-USD,1332,0.4188171660375442,0.10827802153382643,,0.005759193760774133,2025-03-13,2023-10-31,5.9110786510167825,8.362537483648538
-1.4519685558234616,1.4519685558234616,7.132309227756079,9.218515123344332,False,False,2656.65761678545,2669.301441080717,0,null,-1325.328808392725,"{""alpha[1]"": 0.085268512470461, ""beta[1]"": 0.6114634732404697, ""omega"": 3.659719329568845}",3.4625742797185373,True,2025-03-15,1.7617739069853888,2.0939320994880948,normal,ETH-USD,1333,0.3568704666221119,0.09497133784190034,,0.009987085965147769,2025-03-14,2023-11-01,5.68544077661877,8.045165228366566
2.6125312400623915,-2.6125312400623915,6.761874188722403,8.73975038986247,False,False,2656.0783638880694,2668.722188183336,0,null,-1325.0391819440347,"{""alpha[1]"": 0.12313004228213492, ""beta[1]"": 9.81322439540667e-15, ""omega"": 10.520425570177283}",3.282774378606526,True,2025-03-16,1.7084366062736054,2.0405986170983126,normal,ETH-USD,1334,0.13888027684327056,0.050147973903781375,,0.00954656618650969,2025-03-15,2023-11-02,5.3901367769278,7.627328630440524
-2.0747114207923087,2.0747114207923087,6.945585105456598,8.977084035112691,False,False,2656.104207733904,2668.7480320291706,0,null,-1325.052103866952,"{""alpha[1]"": 0.12320900103275738, ""beta[1]"": 0.0, ""omega"": 10.521849177811124}",3.371774549184402,True,2025-03-17,1.7352540598025223,2.067397599772351,normal,ETH-USD,1335,0.380568478805365,0.0990921453385882,,0.009417441173644386,2025-03-16,2023-11-03,5.536658155314984,7.8345031130665035
-0.28710787488315254,0.28710787488315254,6.846946025940026,8.849810680032457,False,False,2656.244260859223,2668.8880851544895,0,null,-1325.1221304296114,"{""alpha[1]"": 0.12277279041258377, ""beta[1]"": 0.0, ""omega"": 10.527258750644654}",3.3242488920597677,True,2025-03-18,1.720928631070584,2.0531079113992057,normal,ETH-USD,1336,0.28724929914115266,0.08010442478654994,,0.010024739054026163,2025-03-17,2023-11-04,5.457878107939895,7.723334603771835
-6.277568940198829,6.277568940198829,6.590103929853833,8.51732642220359,False,False,2656.7916197986865,2669.4354440939533,0,null,-1325.3958098993432,"{""alpha[1]"": 0.08573800972848679, ""beta[1]"": 0.6066378644525788, ""omega"": 3.6998399137868483}",3.1987020300427567,True,2025-03-19,1.682748796011309,2.0148404356517617,normal,ETH-USD,1337,0.576553293046817,0.13710962892563566,,0.007899714915363181,2025-03-18,2023-11-05,5.2534969207375015,7.433393952364725
3.7455863017517457,-3.7455863017517457,7.482109944230646,9.672411884711295,False,False,2659.991281654173,2672.6351059494395,0,null,-1326.9956408270864,"{""alpha[1]"": 0.0825340314678147, ""beta[1]"": 0.6303917854026783, ""omega"": 3.471177642323384}",3.635347393066103,True,2025-03-20,1.8094887729566578,2.1419157838799996,normal,ETH-USD,1338,0.11087301798880392,0.04694928694321964,,0.01656768318553669,2025-03-19,2023-11-06,5.963046661527822,8.440514996073706
0.874216359135467,-0.874216359135467,7.4138574992173725,9.58186044614786,False,False,2660.7434647075015,2673.3872890027683,0,null,-1327.3717323537508,"{""alpha[1]"": 0.08220056014088448, ""beta[1]"": 0.6502378688703063, ""omega"": 3.2295156118749944}",3.5983367021780768,True,2025-03-21,1.8005417491378872,2.1326151502890864,normal,ETH-USD,1339,0.2518021557172684,0.07488288875970259,,0.008477702089379768,2025-03-20,2023-11-07,5.91025947348083,8.362505235105719
-0.7701305173816715,0.7701305173816715,7.03432147712687,9.091315660438912,False,False,2659.907604574315,2672.5514288695817,0,null,-1326.9538022871575,"{""alpha[1]"": 0.08454142592052342, ""beta[1]"": 0.6523778564560943, ""omega"": 3.158559186980197}",3.4140902236586577,True,2025-03-22,1.7479943347851892,2.0800640952375744,normal,ETH-USD,1340,0.3188921525653224,0.0870452589777388,,0.007966153199735511,2025-03-21,2023-11-08,5.60771253392477,7.934395380392202
-1.2677316920875652,1.2677316920875652,6.724378068520813,8.691253175949425,False,False,2658.364325700732,2671.008149995999,0,null,-1326.182162850366,"{""alpha[1]"": 0.0921900401887645, ""beta[1]"": 0.6252986960393707, ""omega"": 3.376362140069222}",3.2645153447237187,True,2025-03-23,1.7028793853909385,2.035035793615033,normal,ETH-USD,1341,0.33140010268748976,0.08852750480713978,,0.009379543345320377,2025-03-22,2023-11-09,5.360270361662224,7.585018788626405
-3.536186775264088,3.536186775264088,6.567421000338008,8.482445703349791,False,False,2646.6602518616996,2659.3040761569664,0,null,-1320.3301259308498,"{""alpha[1]"": 0.09500372760595391, ""beta[1]"": 0.6358030098210337, ""omega"": 3.2088028476048955}",3.1784567840100375,True,2025-03-24,1.6798885035365498,2.011022225809082,normal,ETH-USD,1342,0.4387730214201579,0.10941560441328177,,-0.011177483851640729,2025-03-23,2023-11-10,5.239273653139063,7.405373666064079
0.46872337288934784,-0.46872337288934784,6.7912661425818115,8.774916223065443,False,False,2647.436229865756,2660.080054161023,0,null,-1320.718114932878,"{""alpha[1]"": 0.09557800896219082, ""beta[1]"": 0.6311207030148375, ""omega"": 3.263747796226448}",3.292357558364335,True,2025-03-25,1.713062234965085,2.0447542217145784,normal,ETH-USD,1343,0.24734004691285735,0.07190523673643644,,-7.804004982016174e-05,2025-03-24,2023-11-11,5.41552431114649,7.659247046532985
2.8736584783651886,-2.8736584783651886,6.561011509413276,8.477855658829347,False,False,2647.5038116650876,2660.1476359603544,0,null,-1320.7519058325438,"{""alpha[1]"": 0.09588311045994893, ""beta[1]"": 0.6262948412128913, ""omega"": 3.3137104035532725}",3.1814766049855883,True,2025-03-26,1.678522185118601,2.010291504909564,normal,ETH-USD,1344,0.11789719119654371,0.0452610182747797,,0.0014610304757402834,2025-03-25,2023-11-12,5.231602302296061,7.399760305843155
0.34061253804560626,-0.34061253804560626,6.67447451607116,8.622996131865069,False,False,2648.506718383739,2661.150542679006,0,null,-1321.2533591918695,"{""alpha[1]"": 0.09620468027820529, ""beta[1]"": 0.6222932288440863, ""omega"": 3.3598337668202416}",3.2340531893766644,True,2025-03-27,1.6958207825976448,2.0273408395401886,normal,ETH-USD,1345,0.24912415812191285,0.0718647180577948,,-0.0035515821836758182,2025-03-26,2023-11-13,5.323095700483859,7.52708434382508
5.484099568619057,-5.484099568619057,6.479714680170295,8.37086240290302,True,False,2648.6049536208425,2661.2487779161092,0,null,-1321.3024768104212,"{""alpha[1]"": 0.0970318643180376, ""beta[1]"": 0.6206896505304155, ""omega"": 3.3634264720015734}",3.138827034153398,True,2025-03-28,2.641529014775292,1.997692007664428,normal,ETH-USD,1346,0.3001739518046265,0.018231199855371524,,-0.0052159562715330616,2025-03-27,2023-11-14,5.168126987772082,7.307219554156208
3.6633618418723244,-3.6633618418723244,7.274895474970551,9.397312672756726,False,False,2650.318979860302,2662.962804155569,0,null,-1322.159489930151,"{""alpha[1]"": 0.09541336999561097, ""beta[1]"": 0.622079147859813, ""omega"": 3.3796980121428}",3.5226758851692686,True,2025-03-29,1.7820921795413978,2.11339635075477,normal,ETH-USD,1347,0.106977558717859,0.04540234524460488,,-0.008626809934343158,2025-03-28,2023-11-15,5.802913016229502,8.203596366332809
1.161507917416831,-1.161507917416831,7.265310375951174,9.380434328729095,False,False,2650.151900700961,2662.795724996228,0,null,-1322.0759503504805,"{""alpha[1]"": 0.09365735832279343, ""beta[1]"": 0.6298576551992511, ""omega"": 3.3066586602464954}",3.510570942586818,True,2025-03-30,1.781203016823556,2.1118073803863116,normal,ETH-USD,1348,0.2318439080590739,0.07029312062553499,,-0.024010731013929372,2025-03-29,2023-11-16,5.798386078598305,8.190819979970323
-0.9511248173118462,0.9511248173118462,6.911345421772469,8.925292891527027,False,False,2647.182769170354,2659.8265934656206,0,null,-1320.591384585177,"{""alpha[1]"": 0.09327265865710724, ""beta[1]"": 0.6401546613841645, ""omega"": 3.1822105332800623}",3.34264356371691,True,2025-03-31,1.731068464777234,2.061979089140712,normal,ETH-USD,1349,0.323285796932947,0.08743708297402322,,-0.016431731961336033,2025-03-30,2023-11-17,5.514591121347089,7.792583480090468
-4.399320461484984,4.399320461484984,6.6721031769899115,8.616713699198664,False,False,2647.585144394091,2660.2289686893578,0,null,-1320.7925721970455,"{""alpha[1]"": 0.09373352575040808, ""beta[1]"": 0.632779099949559, ""omega"": 3.2611939969648644}",3.227561762963685,True,2025-04-01,1.6958000185364632,2.0267746302878806,normal,ETH-USD,1350,0.4861378662504586,0.11922322098594544,,-0.014570191503472564,2025-03-31,2023-11-18,5.3234368635241776,7.523001637109549
5.956044771100851,-5.956044771100851,7.066167876033179,9.128391791564825,True,False,2649.600903686992,2662.2447279822586,0,null,-1321.800451843496,"{""alpha[1]"": 0.09446738998602079, ""beta[1]"": 0.6268632780074405, ""omega"": 3.3335255695607366}",3.422770256780846,True,2025-04-02,2.6589559091645105,2.0843286363752815,normal,ETH-USD,1351,0.30410722630753617,0.02012485369307342,,-0.005975830215848723,2025-04-01,2023-11-19,5.635931901303445,7.968530140408191
-1.1256975116770251,1.1256975116770251,7.766637774185865,10.028516947948594,False,False,2652.334628931211,2664.9784532264775,0,null,-1323.1673144656054,"{""alpha[1]"": 0.09538905706000592, ""beta[1]"": 0.6215478956318864, ""omega"": 3.4072889961822046}",3.754147501674779,True,2025-04-03,1.8478574160702452,2.1785790526524624,normal,ETH-USD,1352,0.36618151435634466,0.09882060212243182,,-0.022909641209293057,2025-04-02,2023-11-20,6.197932775449861,8.756362700566148
0.016634772530811966,-0.016634772530811966,7.246887645187672,9.35734812548478,False,False,2652.828598825915,2665.4724231211817,0,null,-1323.4142994129575,"{""alpha[1]"": 0.09516770571934685, ""beta[1]"": 0.62143297651281, ""omega"": 3.4026871336466566}",3.502830757449582,True,2025-04-04,1.778597105998763,2.109310663951787,normal,ETH-USD,1353,0.28832814413613966,0.08153721892452381,,-0.021553779265482315,2025-04-03,2023-11-21,5.7831976552536,8.170356664983187
0.5170484055219914,-0.5170484055219914,6.8643134896366025,8.865531266371468,False,False,2651.474850724062,2664.1186750193287,0,null,-1322.737425362031,"{""alpha[1]"": 0.09191340428791127, ""beta[1]"": 0.63563830929203, ""omega"": 3.25603671554107}",3.321515492066885,True,2025-04-05,1.7241416335446038,2.0552129000404515,normal,ETH-USD,1354,0.2479669671197821,0.07222933041857439,,-0.012980943815909536,2025-04-04,2023-11-22,5.476387747917629,7.739981447379424
13.574782172221603,-13.574782172221603,6.653556060170219,8.589191370629173,True,True,2645.4225808550063,2658.066405150273,0,null,-1319.7112904275032,"{""alpha[1]"": 0.08831359888154634, ""beta[1]"": 0.6844589417290105, ""omega"": 2.7124789051693123}",3.212665180883456,True,2025-04-06,26.533241512988617,72.74350934505236,normal,ETH-USD,1355,7.850484364339189,6.013512364206192,,-0.026750445328754435,2025-04-05,2023-11-23,5.311114420285614,7.500527258882015
1.3721334510757932,-1.3721334510757932,10.292580729740042,13.28327769556935,False,False,2663.2640560916752,2675.907880386942,0,null,-1328.6320280458376,"{""alpha[1]"": 0.07822281662093865, ""beta[1]"": 0.709663336927832, ""omega"": 2.6384350261560034}",4.963800751503893,True,2025-04-07,2.1299024587458275,2.4598756592717423,normal,ETH-USD,1356,0.34231387820989057,0.10229079220045602,,-0.05368534569797738,2025-04-06,2023-11-24,8.218411015273599,11.601212671121386
5.463279863362892,-5.463279863362892,9.252016599204387,11.937437656363992,False,False,2664.322045784787,2676.9658700800537,0,null,-1329.1610228923935,"{""alpha[1]"": 0.074549938252678, ""beta[1]"": 0.7107460611842876, ""omega"": 2.6620626126773432}",4.457119933559333,True,2025-04-08,2.0235396425062553,2.353155853143374,normal,ETH-USD,1357,0.09631441263823937,0.04963789846072823,,-0.05825822765490486,2025-04-07,2023-11-25,7.389568116127678,10.427069709435711
-12.46516101520474,12.46516101520474,9.045193185985573,11.666919805580772,False,False,2666.7886987387747,2679.4325230340414,0,null,-1330.3943493693873,"{""alpha[1]"": 0.07548537048953355, ""beta[1]"": 0.7030309898520448, ""omega"": 2.7547542726206427}",4.351403272640078,True,2025-04-09,2.001212474025725,2.3303707157877027,normal,ETH-USD,1358,0.9846040197708227,0.2265753669248652,,-0.06949792488115834,2025-04-08,2023-11-26,7.226919380211696,10.192375677281762
9.128323986457175,-9.128323986457175,11.5287221890937,14.883744237179494,False,False,2675.298984201815,2687.942808497082,0,null,-1334.6494921009075,"{""alpha[1]"": 0.0894065896094179, ""beta[1]"": 0.7003886824109268, ""omega"": 2.702035545699535}",5.568488266741659,True,2025-04-10,2.243011334577149,2.5734888083189302,normal,ETH-USD,1359,0.0036777129280206856,0.038684469773295066,,-0.04253012283085447,2025-04-09,2023-11-27,9.201878245017589,12.996770963786679
-2.889247474381752,2.889247474381752,11.853324417573695,15.29885197815754,False,False,2678.954735071089,2691.598559366356,0,null,-1336.4773675355445,"{""alpha[1]"": 0.09447635934603964, ""beta[1]"": 0.6930424020254955, ""omega"": 2.759689383245617}",5.7187045327445585,True,2025-04-11,2.271009805071385,2.601109691583408,normal,ETH-USD,1360,0.61764793510306,0.16250222941930517,,-0.057279335530725485,2025-04-10,2023-11-28,9.463711227679438,13.36097546754875
-4.758695122850575,4.758695122850575,10.526889595490234,13.586036087266526,False,False,2680.389614475942,2693.0334387712087,0,null,-1337.194807237971,"{""alpha[1]"": 0.09251128495268687, ""beta[1]"": 0.6891339978086771, ""omega"": 2.827135581534316}",5.077409656791799,True,2025-04-12,2.152387871342862,2.4824004718711925,normal,ETH-USD,1361,0.6581971239903457,0.16624167951026533,,-0.053651667463906746,2025-04-11,2023-11-29,8.405247356956327,11.865472828175943
2.891539360807512,-2.891539360807512,9.838600613477904,12.700039423852452,False,False,2682.2188421852507,2694.8626664805174,0,null,-1338.1094210926253,"{""alpha[1]"": 0.09282345164302427, ""beta[1]"": 0.6840386127431394, ""omega"": 2.890210859201175}",4.7492648969806215,True,2025-04-13,2.084605539162062,2.414883755382696,normal,ETH-USD,1362,0.24812686572874604,0.08199134019770699,,-0.04223108423054252,2025-04-12,2023-11-30,7.854076675382428,11.090673380578203
-1.6204401796349834,1.6204401796349834,8.982546755127117,11.591602530631851,False,False,2683.4514817202944,2696.095306015561,0,null,-1338.7257408601472,"{""alpha[1]"": 0.0921426730484698, ""beta[1]"": 0.6770798429605552, ""omega"": 2.982198186620353}",4.33037287533234,True,2025-04-14,1.993838786889805,2.3236877526814874,normal,ETH-USD,1363,0.43967504367870053,0.11744625075864848,,-0.050231163896344334,2025-04-13,2023-12-01,7.173060693939019,10.124184896229854
2.126095285986103,-2.126095285986103,8.203506389351555,10.58498143145204,False,False,2683.999131755665,2696.642956050932,0,null,-1338.9995658778325,"{""alpha[1]"": 0.09223248570261793, ""beta[1]"": 0.6672184216721924, ""omega"": 3.0991847984406014}",3.9526464027384978,True,2025-04-15,1.9032270823759863,2.232896594907895,normal,ETH-USD,1364,0.22128807582448548,0.07119467300734486,,-0.05033203087470174,2025-04-14,2023-12-02,6.551856802475809,9.245562586720583
0.6648569263361934,-0.6648569263361934,7.716881078580708,9.952816238657304,False,False,2683.158258065266,2695.802082360533,0,null,-1338.579129032633,"{""alpha[1]"": 0.0923995208755969, ""beta[1]"": 0.6610237181286894, ""omega"": 3.1708773791163236}",3.711086999021497,True,2025-04-16,1.8424596913568392,2.171503122687306,normal,ETH-USD,1365,0.27506561899307724,0.08030396820142846,,-0.061974395924769145,2025-04-15,2023-12-03,6.166169306197733,8.695253746479032
-0.28114411552269725,0.28114411552269725,7.2409759591771685,9.33676464918245,False,False,2683.433348936742,2696.0771732320086,0,null,-1338.716674468371,"{""alpha[1]"": 0.09345255584481313, ""beta[1]"": 0.6479305422988628, ""omega"": 3.317984551125028}",3.4784792953962302,True,2025-04-17,1.7790213851594623,2.1077126832332773,normal,ETH-USD,1366,0.3034302783372376,0.08439169195176766,,-0.06587216591395897,2025-04-16,2023-12-04,5.7874614512220495,8.158025079654061
-0.4021066265002011,0.4021066265002011,6.926828881113189,8.929717868289956,False,False,2683.154197705985,2695.798022001252,0,null,-1338.5770988529925,"{""alpha[1]"": 0.094749287413974, ""beta[1]"": 0.6371726195682953, ""omega"": 3.4324005118687526}",3.3242892788270315,True,2025-04-18,1.734865215080137,2.063234145253026,normal,ETH-USD,1367,0.29699253568158956,0.08205334732813281,,-0.06977480981704812,2025-04-17,2023-12-05,5.537744087131585,7.803228106313072
-1.4990481670833715,1.4990481670833715,6.734235002494879,8.679800052530402,False,False,2682.812407371891,2695.4562316671577,0,null,-1338.4062036859455,"{""alpha[1]"": 0.09613203113386454, ""beta[1]"": 0.6292707780773361, ""omega"": 3.5094070521054004}",3.2291460377992762,True,2025-04-19,1.706835754987892,2.0349300452213495,normal,ETH-USD,1368,0.34419774261639735,0.09084599300099584,,-0.07343411301445484,2025-04-18,2023-12-06,5.3849066852445695,7.585551133016205
1.5878520829293172,-1.5878520829293172,6.673207894643217,8.603428586123169,False,False,2682.3829350426236,2695.0267593378903,0,null,-1338.1914675213118,"{""alpha[1]"": 0.09729907204809746, ""beta[1]"": 0.6258901417952817, ""omega"": 3.53138986177953}",3.2036782824901535,True,2025-04-20,1.6974945623131288,2.025976364042394,normal,ETH-USD,1369,0.18733347149138313,0.05929957748869853,,-0.06493967021738475,2025-04-19,2023-12-07,5.334521512756977,7.517809831799165
0.4912655234497898,-0.4912655234497898,6.646058844460949,8.564215389949519,False,False,2678.9393942899424,2691.583218585209,0,null,-1336.4696971449712,"{""alpha[1]"": 0.0976060828326802, ""beta[1]"": 0.6334877528465519, ""omega"": 3.426468208793456}",3.1836548506204267,True,2025-04-21,1.6938573631082177,2.0216226057541573,normal,ETH-USD,1370,0.2412236956978963,0.06994116379373912,,-0.07909320940305524,2025-04-20,2023-12-08,5.315739437407712,7.485381902823695
-10.65397661313859,10.65397661313859,6.554835227572259,8.44603057019291,False,False,2679.1353714299057,2691.7791957251725,0,null,-1336.5676857149529,"{""alpha[1]"": 0.09862084168290822, ""beta[1]"": 0.6280962187156041, ""omega"": 3.4799089870037903}",3.1389060711264456,True,2025-04-22,1.6801032561723375,2.0077593534269402,normal,ETH-USD,1371,0.794859556099393,0.18036337551614426,,-0.08017347309692413,2025-04-21,2023-12-09,5.243214508849254,7.382360938475818
-2.182345356235606,2.182345356235606,9.444132830709211,12.185928519820312,False,False,2690.427016441403,2703.0708407366697,0,null,-1342.2135082207014,"{""alpha[1]"": 0.0922151835544938, ""beta[1]"": 0.6185241043392183, ""omega"": 3.7624189809629938}",4.55068756800838,True,2025-04-23,2.0440468149759536,2.3737363489678187,normal,ETH-USD,1372,0.486246580440534,0.12826199006709504,,-0.05737130121350746,2025-04-22,2023-12-10,7.542586252575065,10.643853650473886
1.4735575195676305,-1.4735575195676305,8.548481981292495,11.029659356535072,False,False,2691.3825553265074,2704.026379621774,0,null,-1342.6912776632537,"{""alpha[1]"": 0.09090460807004155, ""beta[1]"": 0.6211488851975269, ""omega"": 3.7365089326873067}",4.11812706555121,True,2025-04-24,1.9444551508416987,2.274065939344833,normal,ETH-USD,1373,0.26770636303441736,0.0816060716464452,,-0.0539685402370421,2025-04-23,2023-12-11,6.827684780255973,9.634164684212145
-0.9449256731889341,0.9449256731889341,7.900704388113787,10.195075737791562,False,False,2688.284650640334,2700.9284749356007,0,null,-1341.142325320167,"{""alpha[1]"": 0.08848042997964031, ""beta[1]"": 0.6399565064484116, ""omega"": 3.5141917980491812}",3.808076297894484,True,2025-04-25,1.8655471370064438,2.195331089402387,normal,ETH-USD,1374,0.3627195209984994,0.09849572509462463,,-0.045736636481371565,2025-04-24,2023-12-12,6.309464746781048,8.904646836273521
-1.9535846670487398,1.9535846670487398,7.423661706214624,9.579839778874113,False,False,2688.7120102604913,2701.355834555758,0,null,-1341.3560051302456,"{""alpha[1]"": 0.08882026669297309, ""beta[1]"": 0.6304402277719549, ""omega"": 3.6262718590820584}",3.5787104008632094,True,2025-04-26,1.8032358508466677,2.13307163971154,normal,ETH-USD,1375,0.39409246888558014,0.10320719927898768,,-0.041809927994048104,2025-04-25,2023-12-13,5.928264710662855,8.36713526085002
1.6054647540287403,-1.6054647540287403,7.19857326780254,9.288611554008892,False,False,2688.530530910707,2701.174355205974,0,null,-1341.2652654553535,"{""alpha[1]"": 0.08888388631425144, ""beta[1]"": 0.6275128955586851, ""omega"": 3.6591317722480006}",3.468935079106614,True,2025-04-27,1.7725198407137333,2.102235687579088,normal,ETH-USD,1376,0.20717910721082555,0.06507641444154173,,-0.04315645171754213,2025-04-26,2023-12-14,5.749046898245248,8.113106198182908
-0.33336829615917024,0.33336829615917024,7.020664097423896,9.05637096375676,False,False,2688.374478876555,2701.0183031718216,0,null,-1341.1872394382774,"{""alpha[1]"": 0.0887811368278901, ""beta[1]"": 0.6257388951184792, ""omega"": 3.67873598199116}",3.3787586600712918,True,2025-04-28,1.747759270750659,2.077043936312807,normal,ETH-USD,1377,0.2971093534294675,0.08244791657731321,,-0.0512553358182134,2025-04-27,2023-12-15,5.608818772430174,7.911423361572143
-0.01800164139572837,0.01800164139572837,6.82565037756971,8.807095239332918,False,False,2685.98194851562,2698.6257728108867,0,null,-1339.99097425781,"{""alpha[1]"": 0.08870672745027401, ""beta[1]"": 0.6370973402276823, ""omega"": 3.528754554492792}",3.2886974528883424,True,2025-04-29,1.7193570098977387,2.049020051626884,normal,ETH-USD,1378,0.27347197981025345,0.07710667990765936,,-0.04201202147987764,2025-04-28,2023-12-16,5.451437954809336,7.692666349370201
0.30060370939469927,-0.30060370939469927,6.696976223744055,8.640647518713925,False,False,2686.1756528324686,2698.8194771277354,0,null,-1340.0878264162343,"{""alpha[1]"": 0.08993227805733452, ""beta[1]"": 0.6260007189057355, ""omega"": 3.6534574795196586}",3.2260028832351555,True,2025-04-30,1.7003690148739277,2.0299611020278947,normal,ETH-USD,1379,0.2524178796544787,0.0724685999910805,,-0.04265875943901705,2025-04-29,2023-12-17,5.348961302484269,7.547463708502743
-2.5019860111815175,2.5019860111815175,6.616900981423834,8.537811523513117,False,False,2686.0707319264507,2698.7145562217174,0,null,-1340.0353659632253,"{""alpha[1]"": 0.09113283447880273, ""beta[1]"": 0.6183372692565864, ""omega"": 3.734729145860763}",3.1882257886166383,True,2025-05-01,1.68828976453044,2.017963804880999,normal,ETH-USD,1380,0.38933287885733253,0.09959415110510857,,-0.04050681401883172,2025-04-30,2023-12-18,5.284671565965127,7.457429099329331
-0.18937511405045976,0.18937511405045976,6.763385328590016,8.72799396400061,False,False,2686.6732924041908,2699.3171166994575,0,null,-1340.3366462020954,"{""alpha[1]"": 0.09189124811361138, ""beta[1]"": 0.6114178070672371, ""omega"": 3.8168295367524494}",3.260753574261903,True,2025-05-02,1.7100658878453925,2.0399360594763527,normal,ETH-USD,1381,0.27951123130522526,0.07812409428140091,,-0.037387168834372785,2025-05-01,2023-12-19,5.400849512054041,7.623034314089624
0.48241895084492287,-0.48241895084492287,6.656642113416122,8.59122999158142,False,False,2686.401629015876,2699.045453311143,0,null,-1340.200814507938,"{""alpha[1]"": 0.09253114850641016, ""beta[1]"": 0.6088952329952431, ""omega"": 3.838281530210208}",3.2109267081241657,True,2025-05-03,1.6940548068808083,2.0240924123076636,normal,ETH-USD,1382,0.24162539797446073,0.0702073603890144,,-0.033422468600748115,2025-05-02,2023-12-20,5.314926910334133,7.503154989746356
1.3862098001274636,-1.3862098001274636,6.600459045703552,8.517713216917526,False,False,2686.3983400192033,2699.04216431447,0,null,-1340.1991700096016,"{""alpha[1]"": 0.09325585131190126, ""beta[1]"": 0.6057343215080834, ""omega"": 3.867191927332503}",3.1821571374941735,True,2025-05-04,1.685684487333393,2.015549843789956,normal,ETH-USD,1383,0.19422778358512488,0.06053177454239152,,-0.03658276269315257,2025-05-03,2023-12-21,5.270765471829958,7.43938725436661
-0.6120404549172864,0.6120404549172864,6.616003548596198,8.535998394141842,False,False,2686.3512520154973,2698.995076310764,0,null,-1340.1756260077486,"{""alpha[1]"": 0.09377625872956427, ""beta[1]"": 0.604714778997673, ""omega"": 3.871214749952971}",3.1867059638923703,True,2025-05-05,1.688222807792688,2.017784873917004,normal,ETH-USD,1384,0.29482248303843267,0.08068171442326687,,-0.042744343115109426,2025-05-04,2023-12-22,5.284409205851362,7.456130987409393
0.2536594835028056,-0.2536594835028056,6.5728404863682535,8.478359322306268,False,False,2684.7623798978857,2697.4062041931525,0,null,-1339.3811899489428,"{""alpha[1]"": 0.09401273924144528, ""beta[1]"": 0.6098119272980302, ""omega"": 3.7990111514139566}",3.162679448270716,True,2025-05-06,1.681883139413359,2.0111097588761684,normal,ETH-USD,1385,0.2498813180124948,0.07152974209634169,,-0.04914108237972915,2025-05-05,2023-12-23,5.251285843752697,7.4066336931369685
0.19195641343844239,-0.19195641343844239,6.533274047352937,8.427528206055362,False,False,2684.755484683846,2697.399308979113,0,null,-1339.377742341923,"{""alpha[1]"": 0.09475886053565792, ""beta[1]"": 0.6082475692751876, ""omega"": 3.8073240898649137}",3.143982932386177,True,2025-05-07,1.675823399063066,2.005085663541588,normal,ETH-USD,1386,0.2513787751052854,0.07170181783474053,,-0.048140186135217686,2025-05-06,2023-12-24,5.219531915544146,7.362138196912489
-19.720006326400757,19.720006326400757,6.496065298676666,8.380446231313691,False,False,2684.362232706412,2697.006057001679,0,null,-1339.181116353206,"{""alpha[1]"": 0.0956431769196499, ""beta[1]"": 0.6087063797284762, ""omega"": 3.786735903026723}",3.127595873609191,True,2025-05-08,1.6700141561911028,1.9994357027843446,normal,ETH-USD,1387,1.2454588488110463,0.2704061557130604,,-0.04473323347561173,2025-05-07,2023-12-25,5.189170649820149,7.32060924490526
-6.108753308334722,6.108753308334722,15.418731705525948,19.920693211347764,False,False,2719.3321860315305,2731.976010326797,0,null,-1356.6660930157652,"{""alpha[1]"": 0.11234967092199548, ""beta[1]"": 3.886717046358609e-13, ""omega"": 12.116013970544024}",7.472117757555296,True,2025-05-09,2.533083125629192,2.864652568786929,normal,ETH-USD,1388,0.9202596005335522,0.23497397276019294,,-0.00589870781297529,2025-05-08,2023-12-26,12.296438702336303,17.38864396768455
-9.622623195813333,9.622623195813333,8.317521424161058,10.749912650450584,False,False,2720.9301062729573,2733.573930568224,0,null,-1357.4650531364787,"{""alpha[1]"": 0.11238267895091687, ""beta[1]"": 0.0, ""omega"": 12.118522269489935}",4.037154394096021,True,2025-05-10,1.915544024371028,2.2476355940916197,normal,ETH-USD,1389,0.8126591296539786,0.1900448008726758,,0.009968650425686088,2025-05-09,2023-12-27,6.630559397266227,9.38185689145423
2.8350466411457678,-2.8350466411457678,11.245590340376221,14.53513408486778,False,False,2722.041231772868,2734.6850560681346,0,null,-1358.020615886434,"{""alpha[1]"": 0.09060047834513271, ""beta[1]"": 0.4902063238381397, ""omega"": 5.782497039011616}",5.459810839271796,True,2025-05-11,2.217102598839531,2.549280896309104,normal,ETH-USD,1390,0.3064555807970916,0.09849941293101742,,0.016431404357579057,2025-05-10,2023-12-28,8.964158257087595,12.684987934247502
0.5528712149818134,-0.5528712149818134,9.274964394558342,11.988018996263987,False,False,2723.1448861255303,2735.788710420797,0,null,-1358.5724430627652,"{""alpha[1]"": 0.0904522139296404, ""beta[1]"": 0.46353299021775646, ""omega"": 6.142081933379599}",4.5029846302342476,True,2025-05-12,2.0244486142684623,2.356621486883278,normal,ETH-USD,1391,0.34202398559654,0.09909237832167289,,0.013399674234928471,2025-05-11,2023-12-29,7.393350926912608,10.462109047149093
-7.10163913605332,7.10163913605332,7.660541152815361,9.902891334613125,False,False,2723.2629852210202,2735.906809516287,0,null,-1358.6314926105101,"{""alpha[1]"": 0.09831825517205879, ""beta[1]"": 0.3532394634506085, ""omega"": 7.534579312605453}",3.7217343130102685,True,2025-05-13,1.833073360052281,2.1654730022180546,normal,ETH-USD,1392,0.6603509719293623,0.1574335996209885,,0.016327880770770284,2025-05-12,2023-12-30,6.1053803025339155,8.641720826045516
2.649071825297439,-2.649071825297439,8.78140565115719,11.355519197539996,False,False,2726.745851719346,2739.3896760146126,0,null,-1360.372925859673,"{""alpha[1]"": 0.0868360136900298, ""beta[1]"": 0.50108704069083, ""omega"": 5.710981642445197}",4.272377610296669,True,2025-05-14,1.969337352869652,2.302209508856298,normal,ETH-USD,1393,0.21735408092977934,0.07258682381406194,,0.0312823641097169,2025-05-13,2023-12-31,6.996153443893022,9.907754206703625
2.451442383790163,-2.451442383790163,8.040870975938246,10.39740354567497,False,False,2727.6014645776436,2740.2452888729104,0,null,-1360.8007322888218,"{""alpha[1]"": 0.08741589369382734, ""beta[1]"": 0.4838807154876888, ""omega"": 5.937585677652558}",3.9112482054359283,True,2025-05-15,1.8812819425578047,2.214082907519987,normal,ETH-USD,1394,0.1977538811036842,0.06620570773016889,,0.026910790754879902,2025-05-14,2024-01-01,6.406520005863843,9.072013156807046
0.41546414155136424,-0.41546414155136424,7.638678588255013,9.874515262380948,False,False,2727.5378028412683,2740.181627136535,0,null,-1360.7689014206342,"{""alpha[1]"": 0.0878984262180599, ""beta[1]"": 0.4693487842207795, ""omega"": 6.1248378194053075}",3.710923537246034,True,2025-05-16,1.8302257131831334,2.1626084798275373,normal,ETH-USD,1395,0.28362854891621125,0.0820154402034593,,0.015890919703140795,2025-05-15,2024-01-02,6.088035119875585,8.617008161897287
2.4160226970315843,-2.4160226970315843,7.26517257254274,9.391581442884991,False,False,2727.5679323455997,2740.2117566408665,0,null,-1360.7839661727999,"{""alpha[1]"": 0.09170829118754213, ""beta[1]"": 0.43522061256308364, ""omega"": 6.532862498986014}",3.5293010522992017,True,2025-05-17,1.7801029501797618,2.112469717539178,normal,ETH-USD,1396,0.1687199514931075,0.057795973932505136,,0.014761909584257613,2025-05-16,2024-01-03,5.790421726893731,8.195620090282093
-0.9038783717829438,0.9038783717829438,7.262379459706805,9.390274072763319,False,False,2724.3760088101126,2737.0198331053793,0,null,-1359.1880044050563,"{""alpha[1]"": 0.09060436150841934, ""beta[1]"": 0.4633328100550813, ""omega"": 6.14262398254411}",3.5317670095278544,True,2025-05-18,1.779498469208873,2.1122237827845396,normal,ETH-USD,1397,0.33452382814869475,0.09097355462027155,,0.022641583978500093,2025-05-17,2024-01-04,5.786598191190945,8.193477090244203
-1.2305960520502173,1.2305960520502173,7.1206917137307775,9.20620856184322,False,False,2723.907780920649,2736.551605215916,0,null,-1358.9538904603246,"{""alpha[1]"": 0.09111749900301751, ""beta[1]"": 0.4572433660320518, ""omega"": 6.214628709747443}",3.4614306351375768,True,2025-05-19,1.759879862466109,2.092468174051649,normal,ETH-USD,1398,0.34524485985155695,0.09263842261576298,,0.019245589666064704,2025-05-18,2024-01-05,5.674301144980916,8.033246209526073
0.19763775165017738,-0.19763775165017738,7.071443075286891,9.14330376001362,False,False,2724.081633461269,2736.725457756536,0,null,-1359.0408167306346,"{""alpha[1]"": 0.09210279285725002, ""beta[1]"": 0.4484418213290462, ""omega"": 6.321136248336826}",3.438764856942337,True,2025-05-20,1.7528642558829373,2.0855753233988246,normal,ETH-USD,1399,0.2718442929195092,0.07780384325489484,,0.021741237134507683,2025-05-19,2024-01-06,5.634523610040356,7.978022077139654
-1.1099871488661013,1.1099871488661013,7.002992864209255,9.055444363536026,False,False,2723.9388307609847,2736.5826550562515,0,null,-1358.9694153804924,"{""alpha[1]"": 0.09288181265228025, ""beta[1]"": 0.4471369160558363, ""omega"": 6.322983603338671}",3.4065505168820858,True,2025-05-21,1.7430733147004172,2.0758886729833725,normal,ETH-USD,1400,0.3344760802784277,0.09011066185243012,,0.02374251638446419,2025-05-20,2024-01-07,5.579534456702446,7.901079036376903
-4.287428427136134,4.287428427136134,6.986678277826704,9.035503781634453,False,False,2723.786874221255,2736.4306985165217,0,null,-1358.8934371106275,"{""alpha[1]"": 0.09425681674465287, ""beta[1]"": 0.44981002779765866, ""omega"": 6.25856907548772}",3.4005322811705048,True,2025-05-22,1.7406262339745004,2.0736285656400946,normal,ETH-USD,1401,0.49265815362494364,0.1217060625915826,,0.027643210886138064,2025-05-21,2024-01-08,5.56573464536273,7.883177832022116
5.30757308526987,-5.30757308526987,7.492605697768836,9.688887283158094,False,False,2723.7227483624124,2736.366572657679,0,null,-1358.8613741812062,"{""alpha[1]"": 0.0955465261824425, ""beta[1]"": 0.41516185752139423, ""omega"": 6.715485813557665}",3.6452720916330965,True,2025-05-23,1.8106214759315922,2.1434871319175004,normal,ETH-USD,1402,0.033091110169283705,0.03146054162909062,,0.02654373249213504,2025-05-22,2024-01-09,5.9693952886555435,8.453627248178929
-0.16627536860848896,0.16627536860848896,8.04932583818241,10.404825607467716,False,False,2725.541055015389,2738.1848793106556,0,null,-1359.7705275076944,"{""alpha[1]"": 0.10760870680544615, ""beta[1]"": 0.321481715101965, ""omega"": 7.862771976536644}",3.909534017835017,True,2025-05-24,1.8826353592257594,2.214943249162798,normal,ETH-USD,1403,0.329098326287137,0.0924629146769749,,0.014920051791844169,2025-05-23,2024-01-10,6.415691157134245,9.080016099088994
-0.8310150846327798,0.8310150846327798,7.40006402342902,9.560385799981983,False,False,2717.777185780181,2730.4210100754476,0,null,-1355.8885928900904,"{""alpha[1]"": 0.09360847875167104, ""beta[1]"": 0.46726480142504995, ""omega"": 5.980405741127057}",3.585587901571384,True,2025-05-25,1.7990213736478982,2.130537491936126,normal,ETH-USD,1404,0.33664041428499236,0.09176365813053988,,-0.0040259364140516245,2025-05-24,2024-01-11,5.901793201067061,8.3453507284212
-0.48376748817330784,0.48376748817330784,7.158523848799746,9.247936537210524,False,False,2717.912307657995,2730.5561319532617,0,null,-1355.9561538289975,"{""alpha[1]"": 0.09571088128159334, ""beta[1]"": 0.4449588953419601, ""omega"": 6.251051855789831}",3.467896744951302,True,2025-05-26,1.7658748397395398,2.0973284811911226,normal,ETH-USD,1405,0.30965994224375243,0.0855655052605931,,-0.0052488178753820084,2025-05-25,2024-01-12,5.709431356701736,8.072783037885994
-3.785699985999906,3.785699985999906,7.018711788237372,9.069730712152241,False,False,2716.556351073964,2729.2001753692307,0,null,-1355.278175536982,"{""alpha[1]"": 0.09553466079132958, ""beta[1]"": 0.45442190987462266, ""omega"": 6.112959700853866}",3.40417280393175,True,2025-05-27,1.745912182856879,2.077754718123915,normal,ETH-USD,1406,0.4690973457957751,0.11701871097893077,,0.0031190534011138415,2025-05-26,2024-01-13,5.596246929915588,7.916171111893161
-0.7162632871822169,0.7162632871822169,7.372785928111922,9.528244309497667,False,False,2717.546788989996,2730.1906132852628,0,null,-1355.773394494998,"{""alpha[1]"": 0.0973440924560605, ""beta[1]"": 0.43644986287251847, ""omega"": 6.3436537111326645}",3.577515895326113,True,2025-05-28,1.7950367581584334,2.127028246212301,normal,ETH-USD,1407,0.32970756774236387,0.09032207856382798,,0.006601928238645649,2025-05-27,2024-01-14,5.8778880676650545,8.315944569200573
1.864939839417712,-1.864939839417712,7.104141252777769,9.183964461041704,False,False,2715.7241888769004,2728.368013172167,0,null,-1354.8620944384502,"{""alpha[1]"": 0.09382748191229144, ""beta[1]"": 0.47794605313242017, ""omega"": 5.812287627779572}",3.45198063265263,True,2025-05-29,1.7576355019200802,2.0900891320292017,normal,ETH-USD,1408,0.1898379807452405,0.061492645571215,,0.01630340946239702,2025-05-28,2024-01-15,5.661699454322519,8.014204396539206
3.9795749436381067,-3.9795749436381067,7.091909591629063,9.166153348848423,False,False,2716.008810053907,2728.6526343491737,0,null,-1355.0044050269535,"{""alpha[1]"": 0.09481829370389142, ""beta[1]"": 0.466426006573812, ""omega"": 5.955380282680908}",3.4427201547090363,True,2025-05-30,1.7561076912661653,2.088242734380717,normal,ETH-USD,1409,0.08368812126303873,0.04019956405033606,,0.009433364153211663,2025-05-29,2024-01-16,5.65333736889888,7.9995313486717095
0.03384845861428063,-0.03384845861428063,7.433888533737775,9.60394766871857,False,False,2716.544295262881,2729.1881195581477,0,null,-1355.2721476314405,"{""alpha[1]"": 0.0929371960912482, ""beta[1]"": 0.4786812169930524, ""omega"": 5.822987526601084}",3.6017494544247803,True,2025-05-31,1.8035945925185333,2.1350898553853526,normal,ETH-USD,1410,0.29475079997648546,0.0834958753217747,,-0.004513804662898134,2025-05-30,2024-01-17,5.928864458143984,8.383435990791742
-0.28345344267038725,0.28345344267038725,7.152214192737819,9.241333606591096,False,False,2716.122300625168,2728.766124920435,0,null,-1355.061150312584,"{""alpha[1]"": 0.09244844026131273, ""beta[1]"": 0.4818798888010345, ""omega"": 5.7793151219615355}",3.4674099833417005,True,2025-06-01,1.764842888851534,2.0965412925213105,normal,ETH-USD,1411,0.29933892705587584,0.08349798497065129,,5.678878021612147e-05,2025-05-31,2024-01-18,5.703325098447124,8.066345054394734
-2.754443838511367,2.754443838511367,7.008546207726277,9.0573019716346,False,False,2715.4821486877217,2728.1259729829885,0,null,-1354.7410743438609,"{""alpha[1]"": 0.09288929291996166, ""beta[1]"": 0.48118204599059744, ""omega"": 5.777343874250777}",3.400416530571519,True,2025-06-02,1.744392772901623,2.07634942866755,normal,ETH-USD,1412,0.4171047390612059,0.10659459084516199,,0.005536520743561094,2025-06-01,2024-01-19,5.587650942712743,7.905015246004823
0.5313910777466974,-0.5313910777466974,7.1616609471739565,9.256219461816114,False,False,2716.157394402271,2728.801218697538,0,null,-1355.0786972011356,"{""alpha[1]"": 0.09497298777147138, ""beta[1]"": 0.4608186818579878, ""omega"": 6.032325591435148}",3.476437515349061,True,2025-06-03,1.765903322780865,2.098024767693933,normal,ETH-USD,1413,0.2588804269004765,0.07546780705085578,,0.009231240235843983,2025-06-02,2024-01-20,5.708999615756223,8.078171782832268
-0.590659902634217,0.590659902634217,7.029166625752063,9.085183281999234,False,False,2716.3382724490507,2728.9820967443175,0,null,-1355.1691362245253,"{""alpha[1]"": 0.0977446932722859, ""beta[1]"": 0.43448870501041903, ""omega"": 6.350346128312812}",3.412467775903281,True,2025-06-04,1.747208971856916,2.0793639557114476,normal,ETH-USD,1414,0.30969477699368714,0.08519472697529684,,0.009774360810015049,2025-06-03,2024-01-21,5.6032356372395205,7.928812794895459
7.6598684426195955,-7.6598684426195955,6.9833919335603225,9.026755232902033,True,False,2716.5869435155273,2729.230767810794,0,null,-1355.2934717577637,"{""alpha[1]"": 0.107881615000481, ""beta[1]"": 0.34212792951680465, ""omega"": 7.467351507588864}",3.391466402900932,True,2025-06-05,7.736633952767859,2.0728765877179027,normal,ETH-USD,1415,1.9889502870055784,0.0021763296171535646,,0.01222925193456846,2025-06-04,2024-01-22,5.566236561561092,7.877501404334952
-2.4895296993502916,2.4895296993502916,8.418188651729677,10.87967917913081,False,False,2717.858847675404,2730.5026719706707,0,null,-1355.929423837702,"{""alpha[1]"": 0.09151730959371264, ""beta[1]"": 0.4944621919855556, ""omega"": 5.650196658447079}",4.085451876046341,True,2025-06-06,1.9276024121400779,2.2596483186526597,normal,ETH-USD,1416,0.4600287388977235,0.11984786728240522,,0.008925257446350216,2025-06-05,2024-01-23,6.711045078604171,9.49525702889022
-1.971027098964016,1.971027098964016,7.820088954325391,10.110134467663594,False,False,2717.248615714362,2729.892440009629,0,null,-1355.624307857181,"{""alpha[1]"": 0.08776031892698036, ""beta[1]"": 0.5254712964443715, ""omega"": 5.271873253474097}",3.8008965033788282,True,2025-06-07,1.8535985599189986,2.1861418170776776,normal,ETH-USD,1417,0.4101438277504775,0.10793165655844318,,0.020068943204308638,2025-06-06,2024-01-24,6.231849456045525,8.822138556880294
0.6240778385498419,-0.6240778385498419,7.464177289897,9.651601417778734,False,False,2717.816598097716,2730.4604223929828,0,null,-1355.908299048858,"{""alpha[1]"": 0.08814161336628197, ""beta[1]"": 0.5140197371757251, ""omega"": 5.42280723832721}",3.630570951820334,True,2025-06-08,1.8068687838093247,2.1396550243993513,normal,ETH-USD,1418,0.2661516024234635,0.07797245265784603,,0.024647910987228745,2025-06-07,2024-01-25,5.947109887019106,8.421323104334437
-6.578641949116985,6.578641949116985,7.18275410615652,9.288028337785708,False,False,2718.0596139745485,2730.7034382698153,0,null,-1356.0298069872742,"{""alpha[1]"": 0.08921233308342046, ""beta[1]"": 0.49851540169052466, ""omega"": 5.616594708215951}",3.494222896028168,True,2025-06-09,1.7684052758449482,2.1012423447835245,normal,ETH-USD,1419,0.6150651469629669,0.14682595740950485,,0.024824213766469334,2025-06-08,2024-01-26,5.72266099014234,8.103953791833488
-4.80527948867583,4.80527948867583,8.097479249728428,10.472490985173078,False,False,2720.9980891879313,2733.641913483198,0,null,-1357.4990445939657,"{""alpha[1]"": 0.0870939540468629, ""beta[1]"": 0.5135431707190768, ""omega"": 5.4788182518353}",3.9419189479672503,True,2025-06-10,1.8881355520353047,2.2212002471248047,normal,ETH-USD,1420,0.5627795858494343,0.13941986802520945,,0.03356745039981748,2025-06-09,2024-01-27,6.450312228312845,9.136707313845104
1.4314883961148022,-1.4314883961148022,8.074377687782887,10.445431131937356,False,False,2722.807263397957,2735.4510876932236,0,null,-1358.4036316989784,"{""alpha[1]"": 0.08929304397504949, ""beta[1]"": 0.49533899385588276, ""omega"": 5.717156075435973}",3.9353491852980946,True,2025-06-11,1.8850365394970838,2.2184957038024593,normal,ETH-USD,1421,0.2499233752948944,0.07680385335966375,,0.04311747874540644,2025-06-10,2024-01-28,6.4299559020126855,9.11187373208117
4.488379186058934,-4.488379186058934,7.5493704678127385,9.76651306159485,False,False,2723.3723226066068,2736.0161469018735,0,null,-1358.6861613033034,"{""alpha[1]"": 0.08954681620956441, ""beta[1]"": 0.48044442465147763, ""omega"": 5.915113419838642}",3.6798960907612934,True,2025-06-12,1.8177811859827173,2.151279033323667,normal,ETH-USD,1422,0.07616564583686178,0.04031140932477717,,0.041198328897089374,2025-06-11,2024-01-29,6.011692102796168,8.519520118536647
2.7646644940027914,-2.7646644940027914,7.767724109173044,10.044495041238543,False,False,2724.4017926633414,2737.045616958608,0,null,-1359.2008963316707,"{""alpha[1]"": 0.0876167956084784, ""beta[1]"": 0.49495258377178897, ""omega"": 5.755842525851094}",3.7788640550063564,True,2025-06-13,1.8466959162839478,2.1795389901039233,normal,ETH-USD,1423,0.1712013288856476,0.05999300691732588,,0.02698717491801291,2025-06-12,2024-01-30,6.18869107171574,8.763965185735374
1.801050864927618,-1.801050864927618,7.559169570214565,9.772720872591355,False,False,2725.173762557846,2737.817586853113,0,null,-1359.586881278923,"{""alpha[1]"": 0.08770542326017651, ""beta[1]"": 0.48581804890207414, ""omega"": 5.883827522872882}",3.6739354551033587,True,2025-06-14,1.819671879924381,2.1522022417768287,normal,ETH-USD,1424,0.2111465523300999,0.06726696923432601,,0.019104146982755702,2025-06-13,2024-01-31,6.023981911529612,8.527747788360212
-0.527258093333992,0.527258093333992,7.342774356874885,9.493630621134368,False,False,2724.705622180183,2737.34944647545,0,null,-1359.3528110900916,"{""alpha[1]"": 0.0862862625072018, ""beta[1]"": 0.4979723137181643, ""omega"": 5.731517849402883}",3.5698775445634436,True,2025-06-15,1.7905638216384965,2.123197642430501,normal,ETH-USD,1425,0.31891631723762515,0.08811177354186016,,0.020857775529290717,2025-06-14,2024-02-01,5.851068251418505,8.283919260852015
0.2450025355925322,-0.2450025355925322,7.153082054088634,9.248296661420763,False,False,2724.7847544106453,2737.428578705912,0,null,-1359.3923772053226,"{""alpha[1]"": 0.08701258292823533, ""beta[1]"": 0.48549598673598293, ""omega"": 5.891309636724929}",3.477526463318298,True,2025-06-16,1.7643978304225159,2.097019527589248,normal,ETH-USD,1426,0.27274815800861396,0.0782487743902474,,0.020056320244021333,2025-06-15,2024-02-02,5.699965695764807,8.069879974617265
1.181615014381893,-1.181615014381893,7.057756666588745,9.124877645773768,False,False,2724.900204909688,2737.5440292049548,0,null,-1359.450102454844,"{""alpha[1]"": 0.08838530201520871, ""beta[1]"": 0.46920235522522286, ""omega"": 6.096225386414955}",3.4308981441999142,True,2025-06-17,1.7509986404288531,2.083592818583886,normal,ETH-USD,1427,0.2221254682550269,0.06780646712722373,,0.019200876705877667,2025-06-16,2024-02-03,5.624124379482427,7.962261727104259
-0.537831271152281,0.537831271152281,7.056709134259047,9.123138373904768,False,False,2725.076231247283,2737.7200555425497,0,null,-1359.5381156236415,"{""alpha[1]"": 0.08972092819076205, ""beta[1]"": 0.45397709649666745, ""omega"": 6.288338291124938}",3.4297500314742604,True,2025-06-18,1.750888038034259,2.083420547507053,normal,ETH-USD,1428,0.3080693933873872,0.08498742783152034,,0.017880182211905824,2025-06-17,2024-02-04,5.623556596595457,7.960911511999746
0.10495338155543245,-0.10495338155543245,7.026296297232524,9.084321805358996,False,False,2725.159198986289,2737.803023281556,0,null,-1359.5795994931445,"{""alpha[1]"": 0.09137606033028844, ""beta[1]"": 0.43773109671057436, ""omega"": 6.489007522086743}",3.415801962075289,True,2025-06-19,1.7465193859089618,2.0791326859627732,normal,ETH-USD,1429,0.2747009353431449,0.07821868093213787,,0.019522157849167873,2025-06-18,2024-02-05,5.598972088418326,7.926821474769213
4.6407330736644115,-4.6407330736644115,7.010221831196466,9.063252910051983,False,False,2725.2253090713157,2737.8691333665824,0,null,-1359.6126545356578,"{""alpha[1]"": 0.09346554031903608, ""beta[1]"": 0.4191202541712672, ""omega"": 6.715131128763398}",3.407512472350399,True,2025-06-20,1.7442573179994474,2.0768244685400843,normal,ETH-USD,1430,0.04728141940507635,0.03267828534893597,,0.018497787261994435,2025-06-19,2024-02-06,5.586361461765938,7.9085616085580055
4.538295163038491,-4.538295163038491,7.600645442572677,9.821589444919146,False,False,2726.2247045732747,2738.8685288685415,0,null,-1360.1123522866374,"{""alpha[1]"": 0.09133342514888765, ""beta[1]"": 0.43067221135293, ""omega"": 6.601673555743789}",3.6862054677741205,True,2025-06-21,1.8255773817284946,2.15740080533459,normal,ETH-USD,1431,0.07610177417046089,0.04034163303286659,,0.0029377869089022303,2025-06-20,2024-02-07,6.060330646447707,8.572458466325147
3.1924600638869483,-3.1924600638869483,7.8301078558295485,10.114169020001865,False,False,2727.5342034448813,2740.178027740148,0,null,-1360.7671017224407,"{""alpha[1]"": 0.09168685676863578, ""beta[1]"": 0.4207506723773272, ""omega"": 6.751617808224821}",3.790963996934249,True,2025-06-22,1.8556688402514832,2.186924396181464,normal,ETH-USD,1432,0.15267793413332675,0.05637078837500148,,-0.010437866553731585,2025-06-21,2024-02-08,6.246018746553481,8.82953890138709
-8.332138843405147,8.332138843405147,7.6604244963858354,9.893150160833336,False,False,2728.5198529456993,2741.163677240966,0,null,-1361.2599264728497,"{""alpha[1]"": 0.09290682788029381, ""beta[1]"": 0.3989758543850974, ""omega"": 7.043191650379203}",3.7057600478132398,True,2025-06-23,1.83392640096283,2.1649106115380663,normal,ETH-USD,1433,0.7222038741437381,0.16969531636553115,,-0.016505784212135565,2025-06-22,2024-02-09,6.111938639469604,8.637392793147951
-1.0753586968918247,1.0753586968918247,9.054453150336078,11.69762084395811,False,False,2732.935901404319,2745.5797256995857,0,null,-1363.4679507021594,"{""alpha[1]"": 0.09525977889593207, ""beta[1]"": 0.3929312797885726, ""omega"": 7.173253576560389}",4.386990034048361,True,2025-06-24,2.000798964239271,2.332299522197143,normal,ETH-USD,1434,0.41483338932466635,0.11286376256735682,,-0.005352620697084797,2025-06-23,2024-02-10,7.221309089601495,10.211017559843846
1.1792454133012487,-1.1792454133012487,7.935902146670741,10.252657364750462,False,False,2733.4620045489364,2746.105828844203,0,null,-1363.7310022744682,"{""alpha[1]"": 0.09366324526728291, ""beta[1]"": 0.3872850618197833, ""omega"": 7.2639661217467895}",3.8452278595754685,True,2025-06-25,1.8689293512674703,2.2004461379201374,normal,ETH-USD,1435,0.25749464854581844,0.07770393635964819,,-0.0043013929400575355,2025-06-24,2024-02-11,6.329138384217613,8.949639049266061
0.1308490357970126,-0.1308490357970126,7.291171810933005,9.418769773155967,False,False,2733.6260320282086,2746.2698563234753,0,null,-1363.8130160141043,"{""alpha[1]"": 0.11526491574384738, ""beta[1]"": 0.12293006146430718, ""omega"": 10.674844590857216}",3.5312746441537173,True,2025-06-26,1.7842858967525128,2.115657090630824,normal,ETH-USD,1436,0.28423736230059543,0.08091290600895225,,-0.007166375610904474,2025-06-25,2024-02-12,5.815596281808916,8.22213963669223
-0.31901647683943546,0.31901647683943546,7.203330621539571,9.30178847893376,False,False,2730.8558249428456,2743.4996492381124,0,null,-1362.4279124714228,"{""alpha[1]"": 0.1133532565850876, ""beta[1]"": 0.1547579592546688, ""omega"": 10.203917317199023}",3.4829094383503056,True,2025-06-27,1.7725028438756918,2.1033234796270768,normal,ETH-USD,1437,0.3033490707259678,0.08440564159888356,,-0.01908871566590111,2025-06-26,2024-02-13,5.747964937679916,8.121547683048913
-0.5448479438353963,0.5448479438353963,7.196175626428205,9.29308110006518,False,False,2730.72542379327,2743.3692480885366,0,null,-1362.362711896635,"{""alpha[1]"": 0.11923501331158178, ""beta[1]"": 0.10364265107706223, ""omega"": 10.842527050318932}",3.4803328738408577,True,2025-06-28,1.7714577888848875,2.102362010420315,normal,ETH-USD,1438,0.31433672637692595,0.08658561359017075,,-0.01724843316754194,2025-06-27,2024-02-14,5.741886583703117,8.113713415181671
-2.586198793383372,2.586198793383372,7.115286142075631,9.185956594508804,False,False,2728.5535014191,2741.197325714367,0,null,-1361.27675070955,"{""alpha[1]"": 0.09577317330039485, ""beta[1]"": 0.38938561035698377, ""omega"": 7.143288970919878}",3.436789372290859,True,2025-06-29,1.7604132284726854,2.0908940448379933,normal,ETH-USD,1439,0.4132695472305071,0.10607543130284247,,-0.026176687145869716,2025-06-28,2024-02-15,5.679192151226762,8.021344336900865
0.5812878912329382,-0.5812878912329382,7.296069132069973,9.420086320511889,False,False,2728.8719714136437,2741.5157957089104,0,null,-1361.4359857068218,"{""alpha[1]"": 0.09693077751347982, ""beta[1]"": 0.3759648225869276, ""omega"": 7.319435616797841}",3.525331465092646,True,2025-06-30,1.7854335680769875,2.1160284085282983,normal,ETH-USD,1440,0.2620844561822654,0.07644182236189083,,-0.024322768314454263,2025-06-29,2024-02-16,5.822977014878241,8.225470127422014
3.298229902755953,-3.298229902755953,7.1808451985901245,9.271296313735403,False,False,2728.9322358420636,2741.5760601373304,0,null,-1361.4661179210318,"{""alpha[1]"": 0.0983609144729897, ""beta[1]"": 0.35783877221778165, ""omega"": 7.549617403929146}",3.4696202707594974,True,2025-07-01,1.7695170865792615,2.1001084141677206,normal,ETH-USD,1441,0.12164013063271421,0.047973288667615396,,-0.024015028907126725,2025-06-30,2024-02-17,5.731032515410235,8.095558769517488
-6.654592927619783,6.654592927619783,7.549551551165872,9.746127670144904,False,False,2729.818964089428,2742.4627883846947,0,null,-1361.909482044714,"{""alpha[1]"": 0.11590358250755542, ""beta[1]"": 0.14848821862556738, ""omega"": 10.2438982068085}",3.645760942917918,True,2025-07-02,1.819699399790771,2.1501093723542177,normal,ETH-USD,1442,0.6340364899337543,0.1516529490753676,,-0.029393761098734095,2025-07-01,2024-02-18,6.026136871055291,8.510701979916965
-0.7621334376491697,0.7621334376491697,8.665898697477688,11.190534030454254,False,False,2732.283667231044,2744.927491526311,0,null,-1363.141833615522,"{""alpha[1]"": 0.11855191437498856, ""beta[1]"": 0.12832158075877192, ""omega"": 10.55346502362184}",4.190256286840932,True,2025-07-03,1.957346530617861,2.2881809281683334,normal,ETH-USD,1443,0.3838547538394041,0.10532730630100239,,-0.022603387872389302,2025-07-02,2024-02-19,6.914961639138905,9.770597192451058
3.2354463786860808,-3.2354463786860808,7.445826550946473,9.613238230957325,False,False,2732.2639176170405,2744.9077419123073,0,null,-1363.1319588085203,"{""alpha[1]"": 0.11480177678430187, ""beta[1]"": 0.14267069660151896, ""omega"": 10.385170996567508}",3.597355348596096,True,2025-07-04,1.8057703912882648,2.136334467666727,normal,ETH-USD,1444,0.1353596107063727,0.051587691889318645,,-0.025515600241966297,2025-07-03,2024-02-20,5.942638592813532,8.394215567617941
-0.34867005333952983,0.34867005333952983,7.593337230539265,9.800573884247019,False,False,2732.711568504932,2745.355392800199,0,null,-1363.355784252466,"{""alpha[1]"": 0.1142407534443795, ""beta[1]"": 0.13841022207246972, ""omega"": 10.46023872092349}",3.6634547350013253,True,2025-07-05,1.825672314123414,2.1557726958247825,normal,ETH-USD,1445,0.3205599545153659,0.08907822416683034,,-0.03668222892830929,2025-07-04,2024-02-21,6.062529036967783,8.559152363343495
-2.1207974578381883,2.1207974578381883,7.27750084877528,9.393530481827382,False,False,2732.635386447726,2745.2792107429927,0,null,-1363.317693223863,"{""alpha[1]"": 0.1141069330213352, ""beta[1]"": 0.13246272345614535, ""omega"": 10.540163296618049}",3.512074142836447,True,2025-07-06,1.7831314154021278,2.113325099807734,normal,ETH-USD,1446,0.3965372941618043,0.10324204206930451,,-0.03310053343087731,2025-07-05,2024-02-22,5.80994842539789,8.203406749092254
1.1037268754344536,-1.1037268754344536,7.385892749750213,9.53480888006392,False,False,2732.983189741879,2745.6270140371457,0,null,-1363.4915948709395,"{""alpha[1]"": 0.11527067376934796, ""beta[1]"": 0.12011255300826147, ""omega"": 10.70651820216041}",3.5666574127854385,True,2025-07-07,1.7977870426253393,2.1281904751339726,normal,ETH-USD,1447,0.23959026652427115,0.07222461838637352,,-0.028902824406389645,2025-07-06,2024-02-23,5.8955322059198725,8.3261887140718
-2.810785307868924,2.810785307868924,7.279467248800478,9.397631079810356,False,False,2732.846191658221,2745.4900159534877,0,null,-1363.4230958291105,"{""alpha[1]"": 0.11541637528441193, ""beta[1]"": 0.12129277355637313, ""omega"": 10.684026734243382}",3.5156163718043794,True,2025-07-08,1.7832527222637955,2.113689093718292,normal,ETH-USD,1448,0.4310609990199069,0.11017092312756023,,-0.02776033239679734,2025-07-07,2024-02-24,5.8104346725292055,8.206307004887089
-5.767047456186563,5.767047456186563,7.499144483397744,9.681718887876855,False,False,2732.9586284622183,2745.602452757485,0,null,-1363.4793142311091,"{""alpha[1]"": 0.11648073727674213, ""beta[1]"": 0.11444937546470896, ""omega"": 10.770024726243866}",3.62252163724732,True,2025-07-09,1.8129387306094693,2.143448885011032,normal,ETH-USD,1449,0.5876244008348971,0.1422121567243875,,-0.026922706774927918,2025-07-08,2024-02-25,5.985440560511368,8.454168216252176
-6.431827028054491,6.431827028054491,8.336425659243686,10.764629240952317,False,False,2734.2712654431534,2746.91508973842,0,null,-1364.1356327215767,"{""alpha[1]"": 0.11732152368464235, ""beta[1]"": 0.10841106940950564, ""omega"": 10.881428844567372}",4.030203962957331,True,2025-07-10,1.918622581844236,2.24939643410032,normal,ETH-USD,1450,0.6542097480931741,0.15830755777215683,,-0.023272327984416863,2025-07-09,2024-02-26,6.652367933808979,9.398928749161175
-0.1028632974937298,0.1028632974937298,8.689942696254993,11.223931889093565,False,False,2736.649708577469,2749.293532872736,0,null,-1365.3248542887345,"{""alpha[1]"": 0.12164123200938289, ""beta[1]"": 0.09497612478246302, ""omega"": 11.076103070936282}",4.205781329044468,True,2025-07-11,1.9599297594614522,2.291069799672661,normal,ETH-USD,1451,0.351769082699834,0.09901597434256365,,-0.014623683259366253,2025-07-10,2024-02-27,6.932518356502944,9.798734136762626
0.5075463191252998,-0.5075463191252998,7.380106208576693,9.530371167129166,False,False,2736.585196682678,2749.229020977945,0,null,-1365.292598341339,"{""alpha[1]"": 0.1198905103874644, ""beta[1]"": 0.08974057522303736, ""omega"": 11.154847800633528}",3.568896126604233,True,2025-07-12,1.796718307771985,2.127586319896964,normal,ETH-USD,1452,0.26906319392496186,0.07813446057239556,,-0.018498459566498808,2025-07-11,2024-02-28,5.888810197624532,8.320992376364849
-1.0292813610220113,1.0292813610220113,7.261170258206724,9.373910198122509,False,False,2735.2204609515857,2747.8642852468524,0,null,-1364.6102304757928,"{""alpha[1]"": 0.12084836066935825, ""beta[1]"": 0.07788667882235702, ""omega"": 11.28283812755765}",3.5066140840445175,True,2025-07-13,1.7807455904011142,2.111166410220976,normal,ETH-USD,1453,0.3412590365771967,0.09214918056582831,,-0.028032476062177902,2025-07-12,2024-02-29,5.795899370521917,8.185636695560811
-1.3360439965658661,1.3360439965658661,7.277124187957368,9.395885826472945,False,False,2735.0935032143025,2747.7373275095692,0,null,-1364.5467516071512,"{""alpha[1]"": 0.1220965989573402, ""beta[1]"": 0.07328985247723414, ""omega"": 11.330896358074577}",3.5166085811054035,True,2025-07-14,1.7828088479125777,2.1134440331790354,normal,ETH-USD,1454,0.3571860502243251,0.09540269521774943,,-0.02337062872073582,2025-07-13,2024-03-01,5.8076770079206295,8.204225525209068
-4.113496321850698,4.113496321850698,7.305564426826969,9.431807960536842,False,False,2734.653435564571,2747.2972598598376,0,null,-1364.3267177822854,"{""alpha[1]"": 0.12211247644385258, ""beta[1]"": 0.0738555404416527, ""omega"": 11.314764461727039}",3.5290266352956,True,2025-07-15,1.7867852131986748,2.117296802737905,normal,ETH-USD,1455,0.4972212285346461,0.12349435920472025,,-0.02619598816789719,2025-07-14,2024-03-02,5.830928248842215,8.235939598621318
-7.117212142105106,7.117212142105106,7.831059818317079,10.113420837333768,False,False,2735.926523286235,2748.5703475815017,0,null,-1364.9632616431174,"{""alpha[1]"": 0.12213129766186848, ""beta[1]"": 0.07452804678520047, ""omega"": 11.33581952576626}",3.788142185865594,True,2025-07-16,1.8559655726435675,2.1869355727111848,normal,ETH-USD,1456,0.668268098540348,0.15946959077630912,,-0.017210414872942573,2025-07-15,2024-03-03,6.248149828701843,8.82974693552579
-3.0748073753795313,3.0748073753795313,8.962235810344014,11.577996520789611,False,False,2739.0938326828336,2751.7376569781004,0,null,-1366.5469163414168,"{""alpha[1]"": 0.1262015636374659, ""beta[1]"": 0.06404564656775381, ""omega"": 11.517117465064626}",4.341501371959885,True,2025-07-17,1.9905996799561452,2.322038803982948,normal,ETH-USD,1457,0.5111453490026925,0.13181615188775114,,-0.006965326591298869,2025-07-16,2024-03-04,7.148099604674309,10.106807813395571
-2.0562632029254235,2.0562632029254235,7.703294671324075,9.95083730310146,False,False,2738.816991611485,2751.4608159067516,0,null,-1366.4084958057424,"{""alpha[1]"": 0.12440012105178012, ""beta[1]"": 0.06589556463636145, ""omega"": 11.496282066621584}",3.7303524670410777,True,2025-07-18,1.8392980715210445,2.170623076053292,normal,ETH-USD,1458,0.4100397924593421,0.10743009595090972,,-0.008648861041521778,2025-07-17,2024-03-05,6.1445326462614105,8.686746392165539
-1.2949634229548843,1.2949634229548843,7.40811368692004,9.571864817987246,False,False,2738.3724023242694,2751.016226619536,0,null,-1366.1862011621347,"{""alpha[1]"": 0.12809045348431622, ""beta[1]"": 0.064317001363891, ""omega"": 11.462293969007666}",3.5912797629366344,True,2025-07-19,1.8000075136140414,2.13168836501157,normal,ETH-USD,1459,0.3601213945493525,0.09649864389116841,,-0.0003349245684125721,2025-07-18,2024-03-06,5.907464468032159,8.354900966161948
-4.465825520101803,4.465825520101803,7.285999175125979,9.41064940270982,False,False,2734.6805477322655,2747.3243720275323,0,null,-1364.3402738661327,"{""alpha[1]"": 0.12840513867092904, ""beta[1]"": 0.05712947999119923, ""omega"": 11.483587993838423}",3.526382150001321,True,2025-07-20,1.7837131192253382,2.114861115888777,normal,ETH-USD,1460,0.5139146769850549,0.1268150268796564,,-0.012085550152682707,2025-07-19,2024-03-07,5.812468019599286,8.215677167863825
-0.10368161256382447,0.10368161256382447,7.94199246622901,10.260024688022385,False,False,2736.1108694286086,2748.7546937238753,0,null,-1365.0554347143043,"{""alpha[1]"": 0.1279678851100436, ""beta[1]"": 0.05323000442401524, ""omega"": 11.578759497521276}",3.847347362843748,True,2025-07-21,1.8697402428649172,2.201185713161264,normal,ETH-USD,1461,0.3219012331220421,0.09059969756773315,,-0.006019785961291846,2025-07-20,2024-03-08,6.334343049877012,8.95628814420948
0.3787238629941402,-0.3787238629941402,7.266516694104215,9.38704210043855,False,False,2736.2956808941162,2748.939505189383,0,null,-1365.1478404470581,"{""alpha[1]"": 0.12594220940192333, ""beta[1]"": 0.053955280016403984, ""omega"": 11.588054230965847}",3.519535989707565,True,2025-07-22,1.7808870272293653,2.1122771912809344,normal,ETH-USD,1462,0.2708561203256845,0.07815665935923385,,-0.006724731651097105,2025-07-21,2024-03-09,5.795846269507825,8.194389798917518
3.23769538519407,-3.23769538519407,7.234428336941888,9.34501020885944,False,False,2736.2863153481994,2748.930139643466,0,null,-1365.1431576740997,"{""alpha[1]"": 0.12577556258550535, ""beta[1]"": 0.056010383062264475, ""omega"": 11.560077425548972}",3.5030322368450806,True,2025-07-23,1.7765168794018305,2.1078164832356965,normal,ETH-USD,1463,0.12664793858993234,0.04920255088577173,,-0.0086788768901553,2025-07-22,2024-03-10,5.770654156992714,8.157950473771239
-2.1343166363903565,2.1343166363903565,7.609623365121788,9.828418101600603,False,False,2736.8163702320585,2749.4601945273253,0,null,-1365.4081851160292,"{""alpha[1]"": 0.12711252496032813, ""beta[1]"": 0.058779134372900596, ""omega"": 11.519439083674738}",3.6826382298857814,True,2025-07-24,1.827192869556563,2.158307190279609,normal,ETH-USD,1464,0.41025579042440263,0.10714812576266591,,-0.013398322919911956,2025-07-23,2024-03-11,6.070799172097689,8.580495939876224
-0.5181054006371546,0.5181054006371546,7.422059093161552,9.584590837286537,False,False,2735.6236446723547,2748.2674689676214,0,null,-1364.8118223361773,"{""alpha[1]"": 0.12689637817051222, ""beta[1]"": 0.052743454829081896, ""omega"": 11.58043630456783}",3.589255888940264,True,2025-07-25,1.8023827460857964,2.1332573709728915,normal,ETH-USD,1465,0.3220180484620252,0.08886418208884932,,-0.01845500162301909,2025-07-24,2024-03-12,5.922255568603343,8.36831280824777
-0.3783586742210831,0.3783586742210831,7.243680269617636,9.355662943828118,False,False,2735.3146944064865,2747.9585187017533,0,null,-1364.6573472032433,"{""alpha[1]"": 0.1269380884102593, ""beta[1]"": 0.05209295167114371, ""omega"": 11.581173655297317}",3.5053572144519074,True,2025-07-26,1.7779192491107878,2.1090161975306208,normal,ETH-USD,1466,0.30786466253259753,0.08546174026294141,,-0.013135048479132537,2025-07-25,2024-03-13,5.778934576430863,8.16781535207305
-3.5150492100801047,3.5150492100801047,7.222771610418101,9.328485027586646,False,False,2735.150420255728,2747.794244550995,0,null,-1364.575210127864,"{""alpha[1]"": 0.1275882895153838, ""beta[1]"": 0.05984021264237603, ""omega"": 11.461042380396362}",3.4949518329733738,True,2025-07-27,1.77504522593317,2.1061150801588715,normal,ETH-USD,1467,0.46387115557447156,0.11659212679515231,,-0.013689702922369791,2025-07-26,2024-03-14,5.762373901409319,8.144163469435117
2.2922719977355035,-2.2922719977355035,7.649792629453989,9.884115140764111,False,False,2735.1976424137,2747.841466708967,0,null,-1364.59882120685,"{""alpha[1]"": 0.1279765061628197, ""beta[1]"": 0.07026776872838132, ""omega"": 11.313933554791483}",3.7084104098349635,True,2025-07-28,1.8321118289175278,2.163790041341967,normal,ETH-USD,1468,0.19039636483498418,0.06335187656848543,,-0.00040698159354859975,2025-07-27,2024-03-15,6.100199294435184,8.62745965458404
-0.15905947019377775,0.15905947019377775,7.413605391086267,9.579869267325138,False,False,2734.341989702194,2746.985813997461,0,null,-1364.170994851097,"{""alpha[1]"": 0.1269166078151209, ""beta[1]"": 0.08555769957394263, ""omega"": 11.087264631089484}",3.595450284562183,True,2025-07-29,1.800663536362257,2.132482971781673,normal,ETH-USD,1469,0.30351364758216126,0.0852055163626819,,0.0027759596363669905,2025-07-28,2024-03-16,5.911213481449443,8.361492166074404
-0.3879902889875003,0.3879902889875003,7.174333813557396,9.274220789348195,False,False,2731.8644663414257,2744.5082906366924,0,null,-1362.9322331707128,"{""alpha[1]"": 0.1286378385759178, ""beta[1]"": 0.06306131033388425, ""omega"": 11.332329112107233}",3.4852814135293833,True,2025-07-30,1.7675144988406495,2.0998915516737098,normal,ETH-USD,1470,0.30529836335403093,0.08481166499888398,,0.014800795897246973,2025-07-29,2024-03-17,5.717976978093113,8.09317621090089
2.971444242428923,-2.971444242428923,7.080459745997114,9.151203929989292,False,False,2730.790513879,2743.434338174267,0,null,-1362.3952569395,"{""alpha[1]"": 0.08977143376904292, ""beta[1]"": 0.4400342775590505, ""omega"": 6.498441102368698}",3.4369117480354388,True,2025-07-31,1.7545066556828939,2.0866176329159485,normal,ETH-USD,1471,0.13364351884454873,0.050151059609309934,,0.00890213494832001,2025-07-30,2024-03-18,5.644314619319895,7.986550203359912
5.800920776094922,-5.800920776094922,7.271456618520692,9.398284050457757,True,False,2729.2169516042145,2741.8607758994813,0,null,-1361.6084758021073,"{""alpha[1]"": 0.09168923557274895, ""beta[1]"": 0.41906450394211564, ""omega"": 6.719814483102867}",3.529995758711326,True,2025-08-01,1.7934947539003439,2.1132489154042142,normal,ETH-USD,1472,0.0042800280415687285,0.024011665091363057,,0.009910843420052278,2025-07-31,2024-03-19,5.796415483419587,8.202087285231226
2.779521082240836,-2.779521082240836,7.967844292351694,10.301005318305927,False,False,2727.2717382047476,2739.9155625000144,0,null,-1360.6358691023738,"{""alpha[1]"": 0.08573125634600279, ""beta[1]"": 0.3858689454161946, ""omega"": 7.230625742550184}",3.872457352361593,True,2025-08-02,1.8723299576692582,2.204851454708389,normal,ETH-USD,1473,0.17850906770575845,0.06209238761848527,,0.019923084890859748,2025-08-01,2024-03-20,6.349702436356002,8.988759844089357
-3.0375662256122413,3.0375662256122413,7.495276237499195,9.682543286524812,False,False,2719.697716360515,2732.341540655782,0,null,-1356.8488581802576,"{""alpha[1]"": 0.1084322294013945, ""beta[1]"": 0.10242870733516006, ""omega"": 10.737441824918974}",3.630310240637307,True,2025-08-03,1.8118843873801573,2.143272243833043,normal,ETH-USD,1474,0.45079420003974263,0.114899195449388,,-0.0069888089112566405,2025-08-02,2024-03-21,5.978317775182603,8.452353319326548
-6.143719936164039,6.143719936164039,7.4650254732693435,9.64557123664619,False,False,2720.288613837987,2732.932438133254,0,null,-1357.1443069189936,"{""alpha[1]"": 0.11140192139592639, ""beta[1]"": 0.08061023183190906, ""omega"": 11.010885230720357}",3.6191546059689865,True,2025-08-04,1.8076445409382238,2.139351429973135,normal,ETH-USD,1475,0.6048224215738944,0.14562881474772746,,0.0002510848123753072,2025-08-03,2024-03-22,5.952728495313838,8.419161538608694
2.921728563264507,-2.921728563264507,8.308270207032091,10.741436793246821,False,False,2721.259082422983,2733.9029067182496,0,null,-1357.6295412114914,"{""alpha[1]"": 0.1128651717463053, ""beta[1]"": 0.08992003528294298, ""omega"": 10.899893952192944}",4.038441295518461,True,2025-08-05,1.9141405856175826,2.246705806251672,normal,ETH-USD,1476,0.18495209366494597,0.06451216383402891,,0.021874375600719646,2025-08-04,2024-03-23,6.620770436563423,9.372944946667392
-1.9743792721748508,1.9743792721748508,7.516507378601291,9.71664884002948,False,False,2722.04979170325,2734.6936159985166,0,null,-1358.024895851625,"{""alpha[1]"": 0.11229436500423305, ""beta[1]"": 0.08390031562806727, ""omega"": 10.996868582784373}",3.651678509869941,True,2025-08-06,1.8140967441378262,2.146489171151587,normal,ETH-USD,1477,0.39824996304940546,0.10453597157684354,,0.015856652607068453,2025-08-05,2024-03-24,5.990619988813251,8.479217885509494
-6.066555770363801,6.066555770363801,7.289038253908621,9.421860244443522,False,False,2721.457014384189,2734.1008386794556,0,null,-1357.7285071920944,"{""alpha[1]"": 0.11241099013413171, ""beta[1]"": 0.07781068579218806, ""omega"": 11.063750635732157}",3.539945210231443,True,2025-08-07,1.783436936154013,2.1157149827570527,normal,ETH-USD,1478,0.5938197709756075,0.14288847715296446,,0.012852069110342874,2025-08-06,2024-03-25,5.809839649148338,8.222291944932632
-2.4110416212076,2.4110416212076,8.27588043414943,10.698235187956609,False,False,2723.1267443209645,2735.7705686162312,0,null,-1358.5633721604822,"{""alpha[1]"": 0.11145187307129012, ""beta[1]"": 0.08962883039776046, ""omega"": 10.957981226065657}",4.020496387544521,True,2025-08-08,1.9103456027452146,2.242729664266571,normal,ETH-USD,1479,0.45034603647147564,0.11746865887984696,,0.01724895697599284,2025-08-07,2024-03-26,6.595879108221904,9.335824266777086
-6.136011359436159,6.136011359436159,7.426836774372204,9.60265635833185,False,False,2723.708213077948,2736.352037373215,0,null,-1358.854106538974,"{""alpha[1]"": 0.11035656219458809, ""beta[1]"": 0.0861536785108291, ""omega"": 11.021465233387117}",3.6113103431730935,True,2025-08-09,1.8019153878316372,2.1346009081393977,normal,ETH-USD,1480,0.6026914476538413,0.14514916176403625,,0.022259322374972072,2025-08-08,2024-03-27,5.917817593640656,8.378904816967454
0.22027596765826188,-0.22027596765826188,8.285032197751077,10.716548807349573,False,False,2726.0080956034694,2738.651919898736,0,null,-1360.0040478017347,"{""alpha[1]"": 0.10981680548909524, ""beta[1]"": 0.10407609790837632, ""omega"": 10.83809565729623}",4.035702751539848,True,2025-08-10,1.9109081242123356,2.2441768264209268,normal,ETH-USD,1481,0.3189200392683486,0.09128708993504117,,0.039463555143126564,2025-08-09,2024-03-28,6.598676753025228,9.34898496116237
0.6426241418524382,-0.6426241418524382,7.277314145716724,9.413343658657634,False,False,2726.0830588980393,2738.726883193306,0,null,-1360.0415294490197,"{""alpha[1]"": 0.10684746601017155, ""beta[1]"": 0.10847576790037192, ""omega"": 10.803905201793548}",3.5452688863883184,True,2025-08-11,1.7811945636281097,2.1145038232008604,normal,ETH-USD,1482,0.2576633426073775,0.0756934720260612,,0.03555739229404975,2025-08-10,2024-03-29,5.795890993999983,8.211971344458552
-8.25968197744615,8.25968197744615,7.171939562252562,9.277632092640907,False,False,2725.97160982696,2738.615434122227,0,null,-1359.98580491348,"{""alpha[1]"": 0.10778001894799108, ""beta[1]"": 0.0955219118304659, ""omega"": 10.968181326152031}",3.4949171661995617,True,2025-08-12,1.7665515429441596,2.0999541880958033,normal,ETH-USD,1483,0.698561915825982,0.16353004259338522,,0.03707083764483249,2025-08-11,2024-03-30,5.711556339073478,8.093322281892359
-3.5383497315932106,3.5383497315932106,9.045135413028172,11.702862461088241,False,False,2731.233423734255,2743.877248029522,0,null,-1362.6167118671276,"{""alpha[1]"": 0.10644657076608739, ""beta[1]"": 0.0929969376511476, ""omega"": 11.140226103912998}",4.411154881014362,True,2025-08-13,1.9984444508486643,2.332104721464932,normal,ETH-USD,1484,0.5370121790367669,0.13746420255166816,,0.05381025593904604,2025-08-12,2024-03-31,7.201893849142117,10.208070523573593
4.474079806797058,-4.474079806797058,7.977291747059126,10.322892792387918,False,False,2731.1845764166555,2743.8284007119223,0,null,-1362.5922882083278,"{""alpha[1]"": 0.08552828113762649, ""beta[1]"": 0.35206539460702885, ""omega"": 7.792175474430395}",3.8931046390060446,True,2025-08-14,1.8726739368422818,2.2065663118449885,normal,ETH-USD,1485,0.09382212129942111,0.04529570840787977,,0.053065052785215845,2025-08-13,2024-04-01,6.350522232785479,9.003650647585031
2.407233843467878,-2.407233843467878,7.919916059006615,10.248477720870902,False,False,2731.4684492758665,2744.1122735711333,0,null,-1362.7342246379333,"{""alpha[1]"": 0.08263159739750663, ""beta[1]"": 0.38924612567874356, ""omega"": 7.312965703809553}",3.864823570943094,True,2025-08-15,1.8654703638800951,2.1993386258114844,normal,ETH-USD,1486,0.19488651025955625,0.06531585234804235,,0.05210501953428906,2025-08-14,2024-04-02,6.3049640486589995,8.938819078272108
0.31148978209248485,-0.31148978209248485,7.571200801530514,9.800425006148231,False,False,2728.226954816625,2740.870779111892,0,null,-1361.1134774083125,"{""alpha[1]"": 0.08084509424205229, ""beta[1]"": 0.42910191240059914, ""omega"": 6.764647118830471}",3.699948509856359,True,2025-08-16,1.8201492709421192,2.154493746469419,normal,ETH-USD,1487,0.2856826783505118,0.08235147191004229,,0.06073037686821132,2025-08-15,2024-04-03,6.0251433491027155,8.546636973096707
-1.0583067209604007,1.0583067209604007,7.2604958732082,9.398177159963588,False,False,2728.334082691129,2740.9779069863957,0,null,-1361.1670413455645,"{""alpha[1]"": 0.08269427225306891, ""beta[1]"": 0.3940321155576128, ""omega"": 7.2194995203311825}",3.5480104132615806,True,2025-08-17,1.7782515076271252,2.1125865470769902,normal,ETH-USD,1488,0.3418116935139566,0.09254182555530074,,0.05803064739617686,2025-08-16,2024-04-04,5.777927149318725,8.195875834569666
3.6601101903642568,-3.6601101903642568,7.180568637724333,9.295194895721488,False,False,2728.405864565355,2741.0496888606217,0,null,-1361.2029322826775,"{""alpha[1]"": 0.10336776664230092, ""beta[1]"": 0.11602596955375752, ""omega"": 10.785622574399437}",3.509744895095206,True,2025-08-18,1.767135821711813,2.1015460565495254,normal,ETH-USD,1489,0.10269396607675774,0.04445750276293819,,0.05902710847235372,2025-08-17,2024-04-05,5.71398951189941,8.105860466658072
5.70251442765858,-5.70251442765858,7.438479730758063,9.626497541235748,False,False,2729.5507865463424,2742.194610841609,0,null,-1361.7753932731712,"{""alpha[1]"": 0.08080728806500057, ""beta[1]"": 0.41113015098956895, ""omega"": 7.018507887530428}",3.6315563148141807,True,2025-08-19,1.802662554309018,2.136683531552051,normal,ETH-USD,1490,0.010924307862421588,0.02693370893775366,,0.05237799099361606,2025-08-18,2024-04-06,5.921000584907012,8.395885321433944
-6.211260554151851,6.211260554151851,7.968126039238024,10.30689981905486,False,False,2731.8807726512414,2744.524596946508,0,null,-1362.9403863256207,"{""alpha[1]"": 0.07865993247927197, ""beta[1]"": 0.4398620223157769, ""omega"": 6.674736827931918}",3.881773104562343,True,2025-08-20,1.8718839679340027,2.2051900912288787,normal,ETH-USD,1491,0.6278676032406664,0.15202758104078803,,0.03885705938058225,2025-08-19,2024-04-07,6.346091510661464,8.991497549926939
2.601088274913752,-2.601088274913752,8.31895764584351,10.762130421655607,False,False,2733.653466044203,2746.29729033947,0,null,-1363.8267330221015,"{""alpha[1]"": 0.08273525122779804, ""beta[1]"": 0.4136747836631718, ""omega"": 7.003609297491893}",4.055049040138057,True,2025-08-21,1.914852855859607,2.2483525224698164,normal,ETH-USD,1492,0.20117149509517337,0.06786922494422822,,0.04544394431995279,2025-08-20,2024-04-08,6.624518176817216,9.388010769336567
-13.453015561013714,13.453015561013714,7.751294162403633,10.023184247687606,False,False,2731.331190510281,2743.9750148055477,0,null,-1362.6655952551405,"{""alpha[1]"": 0.08350925188213737, ""beta[1]"": 0.37207638512992375, ""omega"": 7.541145706463516}",3.7707630834940518,True,2025-08-22,1.8445843470675998,2.1774179230135475,normal,ETH-USD,1493,0.9814330875638949,0.22198415099816066,,0.026707143995739382,2025-08-21,2024-04-09,6.175646190264168,8.745399538802333
1.1503359125842605,-1.1503359125842605,10.936642195661719,14.149891034295951,False,False,2741.485019940732,2754.1288442359987,0,null,-1367.742509970366,"{""alpha[1]"": 0.08448430519829346, ""beta[1]"": 0.4585167591420467, ""omega"": 6.507708696263249}",5.333180587073877,True,2025-08-23,2.188352579737211,2.521986122107838,normal,ETH-USD,1494,0.37788939066029276,0.11192319701985408,,0.0641777060455394,2025-08-22,2024-04-10,8.70812372579011,12.342655614569658
-0.07445012078314428,0.07445012078314428,9.091414142016323,11.764375692474337,False,False,2742.091803160595,2754.735627455862,0,null,-1368.0459015802976,"{""alpha[1]"": 0.0792269743976862, ""beta[1]"": 0.485914011713126, ""omega"": 6.168864567396118}",4.436440302879474,True,2025-08-24,2.0034229914248405,2.3372867425452313,normal,ETH-USD,1495,0.36560284766264245,0.1033546549722063,,0.059688090475290646,2025-08-23,2024-04-11,7.237606832469699,10.261015376437477
8.892030987524459,-8.892030987524459,8.062997699199743,10.436248738722522,True,False,2741.911071682737,2754.554895978004,0,null,-1367.9555358413686,"{""alpha[1]"": 0.08015445433482277, ""beta[1]"": 0.4714474347488165, ""omega"": 6.33160961728295}",3.938996637937179,True,2025-08-25,8.022253990425881,2.2173854713918137,normal,ETH-USD,1496,2.35123023588251,0.002094243523927501,,0.062021114601965965,2025-08-24,2024-04-12,6.4170517918586585,9.101455339917209
-5.070259169074852,5.070259169074852,9.229067091388119,11.942264934971124,False,False,2743.72046511178,2756.3642894070467,0,null,-1368.86023255589,"{""alpha[1]"": 0.07417679272035423, ""beta[1]"": 0.5439224013466749, ""omega"": 5.426195863648541}",4.503222375531286,True,2025-08-26,2.0184681516535172,2.3523031215382297,normal,ETH-USD,1497,0.6208806724381122,0.15486533591050938,,0.05978737767427984,2025-08-25,2024-04-13,7.347354279687381,10.416274421976073
2.1317945353420646,-2.1317945353420646,8.791437356873727,11.384224408935987,False,False,2740.5665624143676,2753.2103867096343,0,null,-1367.2832812071838,"{""alpha[1]"": 0.07262180774356498, ""beta[1]"": 0.5710127478363517, ""omega"": 5.053493143697758}",4.303370908040958,True,2025-08-27,1.9692379421270267,2.30413310324094,normal,ETH-USD,1498,0.2430719890134671,0.0779416229719101,,0.08518093059721768,2025-08-26,2024-04-14,6.993234315611403,9.925956832533068
-0.08400507152255572,0.08400507152255572,8.200083861855244,10.616012578071025,False,False,2738.8054197623833,2751.44924405765,0,null,-1366.4027098811916,"{""alpha[1]"": 0.07009990266302431, ""beta[1]"": 0.587576905902996, ""omega"": 4.842860023734408}",4.009830789996586,True,2025-08-28,1.8998117626925115,2.2343684649732647,normal,ETH-USD,1499,0.3304272162650899,0.09341220940486294,,0.07104546460833437,2025-08-27,2024-04-15,6.5245392537792375,9.25721586896373
3.3164068074319477,-3.3164068074319477,7.690784058303551,9.959032736099013,False,False,2738.819242877922,2751.463067173189,0,null,-1366.409621438961,"{""alpha[1]"": 0.07034648090945132, ""beta[1]"": 0.5756329990340616, ""omega"": 5.001527860631525}",3.7647192678101074,True,2025-08-29,1.8354762954032413,2.1703815014132095,normal,ETH-USD,1500,0.14006273713006323,0.05366889265520356,,0.07475059207833519,2025-08-28,2024-04-16,6.11766155003321,8.683296072952299
-0.3205864266093675,0.3205864266093675,7.631127547185861,9.880328676882115,False,False,2739.9321876887116,2752.5760119839783,0,null,-1366.9660938443558,"{""alpha[1]"": 0.0708892288951231, ""beta[1]"": 0.5667920474480705, ""omega"": 5.124086822048918}",3.7331051542274123,True,2025-08-30,1.8278212253845627,2.1625112009739005,normal,ETH-USD,1501,0.3195900856560281,0.08935891399506214,,0.06919626621100611,2025-08-29,2024-04-17,6.071215286511189,8.615304972896839
-0.36205906671872645,0.36205906671872645,7.365035970623273,9.538630041902673,False,False,2738.9186681852243,2751.562492480491,0,null,-1366.4593340926122,"{""alpha[1]"": 0.07078057630792874, ""beta[1]"": 0.5682777651365047, ""omega"": 5.096100427678327}",3.6076165548552197,True,2025-08-31,1.7920639155807674,2.127186831866826,normal,ETH-USD,1502,0.3109809669985055,0.08678189267808313,,0.07644090165240428,2025-08-30,2024-04-18,5.857560273251378,8.316130201089578
1.7359025413547102,-1.7359025413547102,7.214805449600482,9.343159979593036,False,False,2738.342186567675,2750.986010862942,0,null,-1366.1710932838375,"{""alpha[1]"": 0.07106829029263635, ""beta[1]"": 0.5650908978790331, ""omega"": 5.132072709203156}",3.532530355349524,True,2025-09-01,1.7715420125599182,2.106523452497469,normal,ETH-USD,1503,0.20014013343351963,0.06410201783509659,,0.07179015728773801,2025-08-31,2024-04-19,5.738705210025099,8.146104324864362
-0.25221575627052734,0.25221575627052734,7.19812843038279,9.320726388654208,False,False,2738.766187773015,2751.410012068282,0,null,-1366.3830938865076,"{""alpha[1]"": 0.071917757461215, ""beta[1]"": 0.555711487900644, ""omega"": 5.253038203026822}",3.5229759018686315,True,2025-09-02,1.7693084710340141,2.1041584898270997,normal,ETH-USD,1504,0.2989118181590063,0.0837912417293808,,0.06875908294165968,2025-09-01,2024-04-20,5.726020606909593,8.126908416667545
-2.849484699982457,2.849484699982457,7.1215558900737115,9.22008652268608,False,False,2737.827831008095,2750.471655303362,0,null,-1365.9139155040475,"{""alpha[1]"": 0.0719279028053343, ""beta[1]"": 0.5590150062001091, ""omega"": 5.2013208233565225}",3.4830302268109268,True,2025-09-03,1.7587585031461552,2.0933724205612494,normal,ETH-USD,1505,0.42578122168146726,0.10889289495639373,,0.0629351677046807,2025-09-02,2024-04-21,5.666139733646881,8.039804795656908
3.466862423080345,-3.466862423080345,7.242611626996413,9.37835785047798,False,False,2738.532661183688,2751.176485478955,0,null,-1366.266330591844,"{""alpha[1]"": 0.07245643910291015, ""beta[1]"": 0.5519255972982258, ""omega"": 5.2996850138619225}",3.5447986975168737,True,2025-09-04,1.7754663162619493,2.1103211693538353,normal,ETH-USD,1506,0.11472612624679292,0.04710282444383497,,0.06929004640728269,2025-09-03,2024-04-22,5.761384948016201,8.177144867463838
-0.19160788761818606,0.19160788761818606,7.427307598309384,9.613976257091794,False,False,2739.40102373414,2752.0448480294067,0,null,-1366.70051186707,"{""alpha[1]"": 0.07220172186061997, ""beta[1]"": 0.5484117433636391, ""omega"": 5.361455515687451}",3.6293170641393675,True,2025-09-05,1.8009786054887962,2.1352944080279976,normal,ETH-USD,1507,0.30511860157642806,0.08575730731602818,,0.05893119239613856,2025-09-04,2024-04-23,5.910764143910369,8.384122843984624
0.7632177974901709,-0.7632177974901709,7.2605017719160925,9.398227535072317,False,False,2739.5488301282903,2752.192654423557,0,null,-1366.7744150641452,"{""alpha[1]"": 0.07225208689056323, ""beta[1]"": 0.5447064907632877, ""omega"": 5.410073921082971}",3.5480842328409055,True,2025-09-06,1.7782482374698878,2.11258993119597,normal,ETH-USD,1508,0.25073422021737635,0.07432683397217102,,0.05817701728000201,2025-09-05,2024-04-24,5.777902201837693,8.195901194707266
-0.7251070238583206,0.7251070238583206,7.17324862244131,9.286514343300192,False,False,2739.034929770399,2751.6787540656655,0,null,-1366.5174648851994,"{""alpha[1]"": 0.0726442950968023, ""beta[1]"": 0.5434897508170359, ""omega"": 5.417952327384812}",3.5074867474638785,True,2025-09-07,1.766039002722568,2.1005745426645115,normal,ETH-USD,1509,0.32163600540967563,0.0882305214833235,,0.061689213714995444,2025-09-06,2024-04-25,5.707613084335187,8.097945124474021
-0.06326430420314148,0.06326430420314148,7.122162889361911,9.22062051152021,False,False,2739.127039164119,2751.770863459386,0,null,-1366.5635195820596,"{""alpha[1]"": 0.0732309614939716, ""beta[1]"": 0.5391493882749956, ""omega"": 5.468805268907821}",3.4829090479182114,True,2025-09-08,1.7588682608058575,2.0934422016268655,normal,ETH-USD,1510,0.28650308364255184,0.0810364415214281,,0.06207821116247845,2025-09-07,2024-04-26,5.666797368647891,8.040379847939661
-0.02249565295195749,0.02249565295195749,7.0769145438759375,9.162682069988458,False,False,2739.0653522537523,2751.709176549019,0,null,-1366.5326761268761,"{""alpha[1]"": 0.07417728253243272, ""beta[1]"": 0.5359519568758078, ""omega"": 5.495980197136251}",3.4618466972325983,True,2025-09-09,1.7524319248279894,2.087108375473994,normal,ETH-USD,1511,0.28264228863559765,0.080120743811813,,0.06388097613302438,2025-09-08,2024-04-27,5.63035011975999,7.989578728229336
-0.9264012547659347,0.9264012547659347,7.054254899671464,9.131183172565535,False,False,2737.8556039029854,2750.499428198252,0,null,-1365.9278019514927,"{""alpha[1]"": 0.07460092389004888, ""beta[1]"": 0.5374753665929848, ""omega"": 5.46056463139129}",3.447175771936659,True,2025-09-10,1.7494373184407621,2.0837675125283126,normal,ETH-USD,1512,0.32701110555718077,0.08889452568424304,,0.05627871483157932,2025-09-09,2024-04-28,5.613820856377675,7.963051313658362
-2.5445771368634613,2.5445771368634613,7.0489030295878745,9.12461904124042,False,False,2737.858727165334,2750.502551460601,0,null,-1365.929363582667,"{""alpha[1]"": 0.07566123815959673, ""beta[1]"": 0.5359876206416784, ""omega"": 5.461757275925145}",3.445163724801675,True,2025-09-11,1.7486425983406555,2.08303107729276,normal,ETH-USD,1513,0.4076943437762309,0.10501746134257942,,0.05748030952052875,2025-09-10,2024-04-29,5.60930973866115,7.957168997394471
-5.537583413601464,5.537583413601464,7.157144155663622,9.266816920061503,False,False,2738.0016796376294,2750.645503932896,0,null,-1366.0008398188147,"{""alpha[1]"": 0.07728057506598121, ""beta[1]"": 0.5316626023464981, ""omega"": 5.495397487303823}",3.5015233482345307,True,2025-09-12,1.763679825281335,2.0983972285225803,normal,ETH-USD,1514,0.5615791946137138,0.13617851910145215,,0.06549290052602795,2025-09-11,2024-04-30,5.694000478672803,8.08026849654374
1.0031901316070289,-1.0031901316070289,7.706036470793359,9.983083575382295,False,False,2736.486978288517,2749.130802583784,0,null,-1365.2434891442585,"{""alpha[1]"": 0.07746294308230571, ""beta[1]"": 0.5419821225536694, ""omega"": 5.3596566520143565}",3.7793224315637426,True,2025-09-13,1.8370705374682132,2.1726064864476875,normal,ETH-USD,1515,0.25618108824381874,0.07699208259882871,,0.08962031249327894,2025-09-12,2024-05-01,6.1268118964833995,8.702398391489893
1.2628630412709727,-1.2628630412709727,7.401400007203327,9.589709394580996,False,False,2736.58753959311,2749.2313638883766,0,null,-1365.293769796555,"{""alpha[1]"": 0.07663474039623505, ""beta[1]"": 0.5426129674552407, ""omega"": 5.358087224916956}",3.6320402587415663,True,2025-09-14,1.796615890020226,2.1323471538347403,normal,ETH-USD,1516,0.23104277998341868,0.07096070141197736,,0.09045595188548641,2025-09-13,2024-05-02,5.8837186409393425,8.358933182468702
1.8120801689550163,-1.8120801689550163,7.251408270058196,9.394808052198874,False,False,2736.8371567177555,2749.4809810130223,0,null,-1365.4185783588778,"{""alpha[1]"": 0.07683835717750817, ""beta[1]"": 0.5379300551361809, ""omega"": 5.418109423961418}",3.557501669652748,True,2025-09-15,1.776196240644043,2.111839775198701,normal,ETH-USD,1517,0.19763966842978245,0.06377210290474825,,0.0866959866635786,2025-09-14,2024-05-03,5.7648735375506615,8.189290459429834
0.5150591257685654,-0.5150591257685654,7.214470242713157,9.343809058665608,False,False,2735.982315490481,2748.626139785748,0,null,-1364.9911577452406,"{""alpha[1]"": 0.07669411859208705, ""beta[1]"": 0.5407310441879077, ""omega"": 5.378194335508482}",3.5341640211616263,True,2025-09-16,1.7713914232060484,2.1065425740310486,normal,ETH-USD,1518,0.2611314117555833,0.07631140683803546,,0.07549514756887496,2025-09-15,2024-05-04,5.737687360880226,8.146199809572105
-1.960617447588819,1.960617447588819,7.119901018115162,9.221052477649287,False,False,2736.110099253477,2748.753923548744,0,null,-1365.0550496267385,"{""alpha[1]"": 0.07691209803211567, ""beta[1]"": 0.5363415564685858, ""omega"": 5.435018255118779}",3.4873801368126505,True,2025-09-17,1.75822330863992,2.0933307356537165,normal,ETH-USD,1519,0.3811642329724172,0.09999914160099901,,0.07356265473529022,2025-09-16,2024-05-05,5.662667211859519,8.039296712511074
0.06129934975216083,-0.06129934975216083,7.139066782799187,9.246594289951727,False,False,2736.403752257839,2749.047576553106,0,null,-1365.2018761289196,"{""alpha[1]"": 0.07744290579521385, ""beta[1]"": 0.5318134655183693, ""omega"": 5.491851571222576}",3.497962763645634,True,2025-09-18,1.760841599944051,2.096063034326658,normal,ETH-USD,1520,0.2808055789507414,0.07999953078972159,,0.07622580995673248,2025-09-17,2024-05-06,5.677410928766983,8.061252428724313
2.6268833664574167,-2.6268833664574167,7.058807295202848,9.144260236774324,False,False,2735.9008539592296,2748.5446782544964,0,null,-1364.9504269796148,"{""alpha[1]"": 0.07795526692777886, ""beta[1]"": 0.530960368926226, ""omega"": 5.492465490808596}",3.4613245664386416,True,2025-09-19,1.7493765759854023,2.084857244538678,normal,ETH-USD,1521,0.1492788840887596,0.05344450461112231,,0.08091121893022526,2025-09-18,2024-05-07,5.612461048232606,7.971333827569643
-0.2535107249207762,0.2535107249207762,7.1945044813095915,9.319139843836806,False,False,2736.2179458636083,2748.861770158875,0,null,-1365.1089729318041,"{""alpha[1]"": 0.07803558038083644, ""beta[1]"": 0.5296598693892217, ""omega"": 5.512856424633226}",3.5263574777660236,True,2025-09-20,1.7685054689099169,2.103843490798086,normal,ETH-USD,1522,0.29872471801118516,0.08377686694501826,,0.07935825192796739,2025-09-19,2024-05-08,5.720983635302922,8.124175969581042
0.6925912269261225,-0.6925912269261225,7.088541937041863,9.183017778136543,False,False,2736.085601518191,2748.729425813458,0,null,-1365.0428007590956,"{""alpha[1]"": 0.0782975777100051, ""beta[1]"": 0.5297714715122706, ""omega"": 5.502667391406686}",3.4763002981646465,True,2025-09-21,1.7535568501021261,2.089075486038318,normal,ETH-USD,1523,0.24716733580791245,0.07312425370512514,,0.08206721072423591,2025-09-20,2024-05-09,5.635937943084367,8.00501659743863
5.743333047848326,-5.743333047848326,7.047933701026667,9.128931136019755,True,False,2735.7569623283307,2748.4007866235975,0,null,-1364.8784811641654,"{""alpha[1]"": 0.07879652382682892, ""beta[1]"": 0.5287046513901585, ""omega"": 5.5050585549634325}",3.4539295521142805,True,2025-09-22,2.141421587478121,2.0832385912827673,normal,ETH-USD,1524,0.1317227432078172,0.02215177600451721,,0.07653102234784562,2025-09-21,2024-05-10,5.604677528682203,7.958510648300045
0.8932141577082051,-0.8932141577082051,7.792916398747173,10.090642789418263,False,False,2737.1395835016765,2749.7834077969433,0,null,-1365.5697917508382,"{""alpha[1]"": 0.07822367761571011, ""beta[1]"": 0.5253211872454936, ""omega"": 5.586703024094041}",3.813644817605518,True,2025-09-23,1.84872606223436,2.1835378181119136,normal,ETH-USD,1525,0.2653067871311436,0.07905112746263218,,0.0735376098120494,2025-09-22,2024-05-11,6.199349900331073,8.798326903971416
0.2893308149238427,-0.2893308149238427,7.446359086445162,9.642300798091085,False,False,2737.3782528440443,2750.022077139311,0,null,-1365.6891264220221,"{""alpha[1]"": 0.0758171119044728, ""beta[1]"": 0.5394215045636455, ""omega"": 5.415404574872035}",3.6447079871578323,True,2025-09-24,1.803199111826193,2.1380711449951564,normal,ETH-USD,1526,0.2817026789320907,0.08117901104210554,,0.07162675828990822,2025-09-23,2024-05-12,5.923384393565652,8.407231919134388
7.112002672406829,-7.112002672406829,7.24391194128476,9.38020940014219,True,False,2737.306139932734,2749.9499642280007,0,null,-1365.653069966367,"{""alpha[1]"": 0.07357816871673216, ""beta[1]"": 0.5595016895047478, ""omega"": 5.153785248151981}",3.545713608858356,True,2025-09-25,5.502068539524131,2.110510808269649,normal,ETH-USD,1527,1.2822147284954286,0.010666837120577394,,0.06987693146074536,2025-09-24,2024-05-13,5.762302958201115,8.178686384464568
-4.240241748251647,4.240241748251647,8.154350552749033,10.552014302870669,False,False,2741.024259702449,2753.6680839977157,0,null,-1367.5121298512245,"{""alpha[1]"": 0.06936359865102928, ""beta[1]"": 0.5889326295049596, ""omega"": 4.825130027375508}",3.9795155646627567,True,2025-09-26,1.8946264507147133,2.2285190006381885,normal,ETH-USD,1528,0.5365857594070523,0.1344373215166132,,0.05424717015597971,2025-09-25,2024-05-14,6.491473439889391,9.20349040340966
0.42782701785414073,-0.42782701785414073,7.995010566035847,10.349976241719633,False,False,2741.3072017240233,2753.95102601929,0,null,-1367.6536008620117,"{""alpha[1]"": 0.06658921444398197, ""beta[1]"": 0.617654850801256, ""omega"": 4.444863333742046}",3.9086475575045667,True,2025-09-27,1.8745322260927066,2.209012035120829,normal,ETH-USD,1529,0.2966959641360412,0.08597640107060102,,0.06740681086143924,2025-09-26,2024-05-15,6.36174630057496,9.025467124914234
-3.010431517237066,3.010431517237066,7.61678163164617,9.857941377160591,False,False,2739.6214116866895,2752.2652359819563,0,null,-1366.8107058433447,"{""alpha[1]"": 0.0639646839624769, ""beta[1]"": 0.624166037551014, ""omega"": 4.363364431966677}",3.7197584897873233,True,2025-09-28,1.8262867311163618,2.160410810059902,normal,ETH-USD,1530,0.4536438957237331,0.11607871925826563,,0.05601184607262121,2025-09-27,2024-05-16,6.062446397237588,8.597440408589486
-1.8152641911679486,1.8152641911679486,7.507663149670578,9.720504447696221,False,False,2738.6969418124227,2751.3407661076894,0,null,-1366.3484709062113,"{""alpha[1]"": 0.061612130467201556, ""beta[1]"": 0.6465468209776026, ""omega"": 4.051895330334002}",3.6727570274083896,True,2025-09-29,1.8115070838640315,2.146201592473293,normal,ETH-USD,1531,0.38941160494922716,0.10291194884120414,,0.0681798096276079,2025-09-28,2024-05-17,5.972967907816589,8.475930692952456
1.7071255708825677,-1.7071255708825677,7.3434994133242615,9.506567352166991,False,False,2736.9640974830972,2749.607921778364,0,null,-1365.4820487415486,"{""alpha[1]"": 0.05999505236565715, ""beta[1]"": 0.6473408535727642, ""omega"": 4.028632777458261}",3.5901458365923684,True,2025-09-30,1.7895293145343292,2.124010316671577,normal,ETH-USD,1532,0.2068099222543421,0.06582862178936393,,0.06194038463427834,2025-09-29,2024-05-18,5.843324015969406,8.289987749818954
-4.829774677234565,4.829774677234565,7.194570119013728,9.312597954512007,False,False,2734.546286286262,2747.1901105815286,0,null,-1364.273143143131,"{""alpha[1]"": 0.06629849473835588, ""beta[1]"": 0.6285895183584896, ""omega"": 4.1645386392807975}",3.515390653642228,True,2025-10-01,1.7691534116580612,2.103450243839248,normal,ETH-USD,1533,0.5277703269191653,0.1295112504511222,,0.05667120564599614,2025-09-30,2024-05-19,5.725631861148729,8.121350367877643
-3.0958680992414127,3.0958680992414127,7.508021220922295,9.721390919352796,False,False,2732.606110562254,2745.2499348575207,0,null,-1363.303055281127,"{""alpha[1]"": 0.07945033419184248, ""beta[1]"": 0.5665526962103313, ""omega"": 4.817435332093028}",3.67363403847193,True,2025-10-02,1.8115157157759034,2.1462738889958937,normal,ETH-USD,1534,0.45344138055926886,0.11572388074315684,,0.06963076032898204,2025-10-01,2024-05-20,5.972959511943956,8.476519975074261
-0.5986331837949053,0.5986331837949053,8.156477470305932,10.550768900310661,False,False,2707.3466599500252,2719.990484245292,0,null,-1350.6733299750126,"{""alpha[1]"": 3.743507971512359e-17, ""beta[1]"": 0.9893698474800574, ""omega"": 0.16848444599450577}",3.973918365975674,True,2025-10-03,1.8952271717687945,2.2285656525495643,normal,ETH-USD,1535,0.3547286191048998,0.09802774886913203,,0.04057483918107186,2025-10-02,2024-05-21,6.495939198303084,9.204141703118289
0.570262440096404,-0.570262440096404,8.132493074854946,10.518161704095398,False,False,2704.700512437547,2717.3443367328136,0,null,-1349.3502562187734,"{""alpha[1]"": 4.2940939692925906e-16, ""beta[1]"": 0.9885120637132292, ""omega"": 0.18055323171310025}",3.959606697022641,True,2025-10-04,1.8924172457886752,2.2255357721478957,normal,ETH-USD,1536,0.29538363125084,0.0860612180977427,,0.035038371785830684,2025-10-03,2024-05-22,6.477935065113199,9.176384249870665
-0.5824934269035932,0.5824934269035932,8.109025810487907,10.48831540683173,False,False,2705.670190092551,2718.3140143878177,0,null,-1349.8350950462755,"{""alpha[1]"": 1.0478165675290214e-08, ""beta[1]"": 0.9882327458044855, ""omega"": 0.18389093380338317}",3.949019115382662,True,2025-10-05,1.8894842576715423,2.222673200055326,normal,ETH-USD,1537,0.3520692672918955,0.09732619154617143,,0.03666649590355428,2025-10-04,2024-05-23,6.458891918934311,9.150125727713542
-3.7458468794477744,3.7458468794477744,8.088773816637161,10.461870811080011,False,False,2706.8836561089265,2719.5274804041933,0,null,-1350.4418280544633,"{""alpha[1]"": 2.2204438286241587e-10, ""beta[1]"": 0.9879506685582118, ""omega"": 0.18726347007248786}",3.9387409620555176,True,2025-10-06,1.887005141315404,2.220159085756836,normal,ETH-USD,1538,0.5094390812629129,0.12873010931674342,,0.035717611248873425,2025-10-05,2024-05-24,6.442934745810475,9.127164052226556
5.179439970200338,-5.179439970200338,8.06964128910868,10.44011649991309,False,False,2708.701786529886,2721.3456108251526,0,null,-1351.350893264943,"{""alpha[1]"": 1.256279143973791e-10, ""beta[1]"": 0.9877116524703496, ""omega"": 0.19051418829997507}",3.934389464146012,True,2025-10-07,1.884379931329319,2.217952934367624,normal,ETH-USD,1539,0.0623090280716157,0.039274443470568465,,0.04587424830757624,2025-10-06,2024-05-25,6.425620531632651,9.106884317257181
-1.7039681594967566,1.7039681594967566,8.092230414064757,10.465929444612618,False,False,2712.011836193422,2724.6556604886887,0,null,-1353.005918096711,"{""alpha[1]"": 5.878888487131919e-16, ""beta[1]"": 0.987910060277887, ""omega"": 0.18797086064145904}",3.939740189762181,True,2025-10-08,1.887467698613793,2.2205640769503185,normal,ETH-USD,1540,0.40749709831320685,0.10834852240613844,,0.03432213360943111,2025-10-07,2024-05-26,6.445973806767373,9.130884081117077
3.563558103623489,-3.563558103623489,8.073498634021618,10.44153926007328,False,False,2712.340784999474,2724.984609294741,0,null,-1353.170392499737,"{""alpha[1]"": 0.0, ""beta[1]"": 0.9874621584475084, ""omega"": 0.1939394981967612}",3.9303486690526417,True,2025-10-09,1.8851643004988965,2.218237742666759,normal,ETH-USD,1541,0.1433804128124306,0.055461182632633464,,0.033681903603030465,2025-10-08,2024-05-27,6.4311663598720985,9.10967636688683
12.831140846738002,-12.831140846738002,8.075855803806174,10.441502353335643,True,True,2713.632487050878,2726.2763113461447,0,null,-1353.816243525439,"{""alpha[1]"": 1.735628271902337e-16, ""beta[1]"": 0.9871744422226579, ""omega"": 0.1979516487172894}",3.9263751073792914,True,2025-10-10,17.7254218620051,37.84690307543578,normal,ETH-USD,1542,6.076159081463802,3.682953331460116,,0.02312841726343499,2025-10-09,2024-05-28,6.435183918881369,9.110985966475258
2.4336686043512463,-2.4336686043512463,8.24875813115297,10.658194260974764,False,False,2724.8881248750527,2737.5319491703194,0,null,-1359.4440624375263,"{""alpha[1]"": 0.0, ""beta[1]"": 0.9883725488016759, ""omega"": 0.18634555671918424}",3.9990547382635264,True,2025-10-11,1.907481651583283,2.239183169955507,normal,ETH-USD,1543,0.20720238954362633,0.06869380588794603,,0.00014329538646209035,2025-10-10,2024-05-29,6.577716395223769,9.303049193145844
-10.465995482727461,10.465995482727461,8.230375296083842,10.634204404586999,False,False,2725.4516815580128,2738.0955058532795,0,null,-1359.7258407790064,"{""alpha[1]"": 0.0, ""beta[1]"": 0.9879493877436787, ""omega"": 0.19214952633254673}",3.989748500636263,True,2025-10-12,1.905270615998393,2.2369395157726184,normal,ETH-USD,1544,0.8514608869855552,0.19748208390228153,,-0.0006699650878738399,2025-10-11,2024-05-30,6.56322225698363,9.282212907500675
-1.9273140188352362,1.9273140188352362,10.509023811194574,13.584795751173376,False,False,2735.563981323151,2748.2078056184178,0,null,-1364.7819906615755,"{""alpha[1]"": 0.08291582253103034, ""beta[1]"": 0.6014814600443477, ""omega"": 4.483288355466717}",5.105003696985309,True,2025-10-13,2.1492494449038277,2.4816092895864297,normal,ETH-USD,1545,0.5151582584236213,0.13782195819337875,,0.021132696949781746,2025-10-12,2024-05-31,8.37585114963718,11.854881800502627
2.8686087558986677,-2.8686087558986677,9.25043853186058,11.959508901965211,False,False,2736.6175731421954,2749.261397437462,0,null,-1365.3087865710977,"{""alpha[1]"": 0.0806205843718593, ""beta[1]"": 0.5988627959403863, ""omega"": 4.546306405508289}",4.496371813208237,True,2025-10-14,2.0215616434194534,2.354124373680226,normal,ETH-USD,1546,0.22514897673099174,0.07567231058096044,,0.024285194559436563,2025-10-13,2024-06-01,7.371588290518498,10.435839813994706
3.4011615460229794,-3.4011615460229794,8.540496799693807,11.039702910802175,False,False,2737.440037657553,2750.08386195282,0,null,-1365.7200188287766,"{""alpha[1]"": 0.07968662688498813, ""beta[1]"": 0.5941087681726448, ""omega"": 4.625608618610614}",4.148050208437895,True,2025-10-15,1.9418683555930354,2.2741727275681605,normal,ETH-USD,1547,0.170301719633401,0.06232906746356303,,0.015739491434885337,2025-10-14,2024-06-02,6.807195938690996,9.634068292379277
2.352368369644447,-2.352368369644447,8.158382197611015,10.544485870764174,False,False,2738.5356715075886,2751.1794958028554,0,null,-1366.2678357537943,"{""alpha[1]"": 0.07976567525071392, ""beta[1]"": 0.5861003338740435, ""omega"": 4.742383416085512}",3.960328759914837,True,2025-10-16,1.8962042362745537,2.228330646242193,normal,ETH-USD,1548,0.20755770488081912,0.0685009536408092,,0.010638657405319687,2025-10-15,2024-06-03,6.503522467260826,9.202463733725361
1.6097936824960024,-1.6097936824960024,7.78669681444431,10.063084610486303,False,False,2739.321175893541,2751.9650001888076,0,null,-1366.6605879467704,"{""alpha[1]"": 0.08034421271040021, ""beta[1]"": 0.573710328329293, ""omega"": 4.910970185745005}",3.7782281460850777,True,2025-10-17,1.8496648739786803,2.1816449203035155,normal,ETH-USD,1549,0.22990679074358808,0.07172976560619873,,0.006702772170416486,2025-10-16,2024-06-04,6.20792949736776,8.78277024311587
-1.4965464759267926,1.4965464759267926,7.505897421147929,9.698614513483987,False,False,2739.6747970689976,2752.3186213642643,0,null,-1366.8373985344988,"{""alpha[1]"": 0.08101891607009809, ""beta[1]"": 0.5623274352758355, ""omega"": 5.061636309159808}",3.6393559344635946,True,2025-10-18,1.81308324279264,2.144825162889349,normal,ETH-USD,1550,0.3740852804274162,0.09961905740995819,,0.0010486759482828225,2025-10-17,2024-06-05,5.985159132621525,8.465359265069017
-2.395124440927418,2.395124440927418,7.336853130728941,9.480280489941483,False,False,2739.896608485087,2752.540432780354,0,null,-1366.9483042425436,"{""alpha[1]"": 0.08205581855704176, ""beta[1]"": 0.5518191221885516, ""omega"": 5.195114507040288}",3.557547440619051,True,2025-10-19,1.7902953815702647,2.122051726656636,normal,ETH-USD,1551,0.41227118566651805,0.10669871827859753,,0.001345538351238818,2025-10-18,2024-06-06,5.850299272402935,8.274747386932326
0.0976573547897306,-0.0976573547897306,7.324223672003126,9.466162753393231,False,False,2740.3826513301437,2753.0264756254105,0,null,-1367.1913256650719,"{""alpha[1]"": 0.08321631289213484, ""beta[1]"": 0.543577185811161, ""omega"": 5.298011085719521}",3.5550772757518447,True,2025-10-20,1.7883640759078188,2.120460225829955,normal,ETH-USD,1552,0.2870522319977321,0.08163809351337672,,0.008879756368812686,2025-10-19,2024-06-07,5.838701994744368,8.261466706127395
2.6471993348119454,-2.6471993348119454,7.170277644307294,9.269267771320672,False,False,2738.8793758508855,2751.5232001461522,0,null,-1366.4396879254427,"{""alpha[1]"": 0.08293746312772536, ""beta[1]"": 0.5519148623360842, ""omega"": 5.174530582676075}",3.4837928713312887,True,2025-10-21,1.7669208809446606,2.0993437165435664,normal,ETH-USD,1553,0.15336717375270933,0.05441528274917414,,0.015786530090824133,2025-10-20,2024-06-08,5.7145428098661295,8.088727609729355
1.7864589613079982,-1.7864589613079982,7.278550443246319,9.407582868577745,False,False,2739.6631544497063,2752.306978744973,0,null,-1366.8315772248532,"{""alpha[1]"": 0.0835740363443297, ""beta[1]"": 0.5433036508476625, ""omega"": 5.293498878897158}",3.533655490203032,True,2025-10-22,1.7820657311144465,2.1142318239808198,normal,ETH-USD,1554,0.20077605472175195,0.06423686982204171,,0.010365993714405974,2025-10-21,2024-06-09,5.801980055743034,8.210145943512163
-1.250097795347535,1.250097795347535,7.245805884996057,9.36383558207219,False,False,2740.136538492783,2752.78036278805,0,null,-1367.0682692463915,"{""alpha[1]"": 0.08436202387662539, ""beta[1]"": 0.5354054154969804, ""omega"": 5.395826935014662}",3.5153937433907583,True,2025-10-23,1.7776931724602054,2.1096369697545847,normal,ETH-USD,1555,0.3513482065699404,0.09422684743773573,,0.005441812927533545,2025-10-22,2024-06-10,5.776866336051268,8.172586948426028
-2.016372039777486,2.016372039777486,7.174041320925465,9.272460472324592,False,False,2740.4308118508266,2753.0746361460933,0,null,-1367.2154059254133,"{""alpha[1]"": 0.08578097581120733, ""beta[1]"": 0.5284250569974708, ""omega"": 5.4726755098151285}",3.482845196185496,True,2025-10-24,1.7676073522857139,2.099766582788649,normal,ETH-USD,1556,0.3867537260510823,0.10108613485724907,,0.01006807181207031,2025-10-23,2024-06-11,5.718702481244154,8.092241445947414
-0.47929787858234235,0.47929787858234235,7.164489296906068,9.264042616206279,False,False,2738.1816753494977,2750.8254996447645,0,null,-1366.0908376747489,"{""alpha[1]"": 0.08462741182472844, ""beta[1]"": 0.5488188165156898, ""omega"": 5.188921947982202}",3.484727628121616,True,2025-10-25,1.7658947397473201,2.09867382336149,normal,ETH-USD,1557,0.30938308721704133,0.0856248357557909,,0.023503012295362613,2025-10-24,2024-06-12,5.7083638657584785,8.08318569699674
-5.043769215544373,5.043769215544373,7.084103761348934,9.15944255871153,False,False,2738.042221012114,2750.686045307381,0,null,-1366.021110506057,"{""alpha[1]"": 0.08491804112661862, ""beta[1]"": 0.5471317832161215, ""omega"": 5.205891126256049}",3.444537644460765,True,2025-10-26,1.754675699744043,2.0873498487370146,normal,ETH-USD,1558,0.5344270649692404,0.13035973887967586,,0.020988153821745854,2025-10-25,2024-06-13,5.644772083840425,7.992204672423201
0.9148814415608166,-0.9148814415608166,7.643190396555523,9.886281964540139,False,False,2739.337325727185,2751.981150022452,0,null,-1366.6686628635925,"{""alpha[1]"": 0.0843159093602834, ""beta[1]"": 0.5486270190610841, ""omega"": 5.211392661685682}",3.7229648266174613,True,2025-10-27,1.8302777162546238,2.1635382325025296,normal,ETH-USD,1559,0.25863169616528503,0.07709813034761573,,0.03621683320797722,2025-10-26,2024-06-14,6.087515364866513,8.624694476322382
3.403267875117378,-3.403267875117378,7.375410662652077,9.53956674092323,False,False,2739.7298495165496,2752.3736738118164,0,null,-1366.8649247582748,"{""alpha[1]"": 0.08391626534505185, ""beta[1]"": 0.5455112217148833, ""omega"": 5.258697625768488}",3.591951872902385,True,2025-10-28,1.7946469743281508,2.1278540559577332,normal,ETH-USD,1560,0.12356063606636439,0.04919107258532147,,0.03375446953395772,2025-10-27,2024-06-15,5.874480596444664,8.32237513364952
2.0014178537471627,-2.0014178537471627,7.500113994166198,9.697292577913753,False,False,2740.2230183021975,2752.8668425974643,0,null,-1367.1115091510987,"{""alpha[1]"": 0.08323685808781495, ""beta[1]"": 0.5471240542796995, ""omega"": 5.250942601588527}",3.6467608820976247,True,2025-10-29,1.8117436392275934,2.1444127562804525,normal,ETH-USD,1561,0.198743181327111,0.06460110188202303,,0.0221063832536494,2025-10-28,2024-06-16,5.976281480289379,8.46152804194946
2.5684149871912405,-2.5684149871912405,7.385443216514888,9.547063744691622,False,False,2740.5740956827776,2753.2179199780444,0,null,-1367.2870478413888,"{""alpha[1]"": 0.08298222507989175, ""beta[1]"": 0.5452059426747622, ""omega"": 5.281368732970515}",3.5877435008713983,True,2025-10-30,1.796520870274903,2.128889201171704,normal,ETH-USD,1562,0.16589283350022901,0.057628832258807126,,0.015041252784073707,2025-10-29,2024-06-17,5.886271657195818,8.331298213071948
-1.1162718276049683,1.1162718276049683,7.376547255652857,9.535857741399857,False,False,2740.0868961364913,2752.730720431758,0,null,-1367.0434480682457,"{""alpha[1]"": 0.08221643894213826, ""beta[1]"": 0.5525267984906612, ""omega"": 5.187238023353085}",3.5839094145431165,True,2025-10-31,1.795288005610741,2.127701347507961,normal,ETH-USD,1563,0.3497624816055038,0.09437663280210642,,0.016028594671669207,2025-10-30,2024-06-18,5.878977804505102,8.321391452605665
-0.702158668367525,0.702158668367525,7.240384951430579,9.36103828463884,False,False,2740.2863115754553,2752.930135870722,0,null,-1367.1431557877277,"{""alpha[1]"": 0.08253382455941463, ""beta[1]"": 0.54801488270024, ""omega"": 5.246074999435295}",3.5197483159713725,True,2025-11-01,1.776541647054565,2.109142541233818,normal,ETH-USD,1564,0.3235892236361557,0.08870472701260099,,0.01984497912626454,2025-10-31,2024-06-19,5.769625804355584,8.168314032892566
-0.9473174012259062,0.9473174012259062,7.148375149861562,9.241308097031313,False,False,2739.918031121584,2752.561855416851,0,null,-1366.959015560792,"{""alpha[1]"": 0.0824816475787276, ""beta[1]"": 0.5484703419133332, ""omega"": 5.237371851369602}",3.473739484377237,True,2025-11-02,1.763827194771698,2.096306086877007,normal,ETH-USD,1565,0.3322079308340371,0.0901149209117102,,0.016951774507606567,2025-11-01,2024-06-20,5.696841215454829,8.064174689945105
8.223448307749733,-8.223448307749733,7.101272105496157,9.181797550720036,True,True,2739.8429954773464,2752.486819772613,0,null,-1366.9214977386732,"{""alpha[1]"": 0.08300512661346365, ""beta[1]"": 0.5449857516232861, ""omega"": 5.278665978397169}",3.453146168442227,True,2025-11-03,8.981434518846427,4.396580917232296,normal,ETH-USD,1566,2.436849779011836,0.20968772456283596,,0.02157672234481926,2025-11-02,2024-06-21,5.658343277210958,8.01164252536303
8.990500997232848,-8.990500997232848,8.609266357733523,11.125377548609864,True,False,2745.6556583254137,2758.2994826206805,0,null,-1369.8278291627068,"{""alpha[1]"": 0.0799261516710216, ""beta[1]"": 0.5388797554156216, ""omega"": 5.471143116198553}",4.17610836632392,True,2025-11-04,6.889615769480672,2.282029253430493,normal,ETH-USD,1567,2.0199468663960847,0.007197339675072338,,0.004845855021738508,2025-11-03,2024-06-22,6.864241137868548,9.710234964740081
-3.948166890002308,3.948166890002308,9.713149317167668,12.546797857681597,False,False,2750.731365648819,2763.375189944086,0,null,-1372.3656828244095,"{""alpha[1]"": 0.08800644599302956, ""beta[1]"": 0.5072144964578371, ""omega"": 5.8844558328928445}",4.703140075912236,True,2025-11-05,2.0711517247433795,2.4024421642766636,normal,ETH-USD,1568,0.5848032974504718,0.14901228853999082,,-0.011922047082052967,2025-11-04,2024-06-23,7.747899059007117,10.953061963996761
3.352136394397772,-3.352136394397772,8.864205741913246,11.453479172227178,False,False,2751.54018773044,2764.1840120257066,0,null,-1372.77009386522,"{""alpha[1]"": 0.08734169514603111, ""beta[1]"": 0.507660925883335, ""omega"": 5.890332888655861}",4.297539184374495,True,2025-11-06,1.9794350905214477,2.311145154748939,normal,ETH-USD,1569,0.18581515727628253,0.06645051376318008,,0.00038337446104053585,2025-11-05,2024-06-24,7.0684395399234194,9.997187770715774
-3.6474481197060684,3.6474481197060684,8.309003331503147,10.735328366644136,False,False,2752.2172924212873,2764.861116716554,0,null,-1373.1086462106437,"{""alpha[1]"": 0.08654556141206134, ""beta[1]"": 0.5055730677876419, ""omega"": 5.934211809656667}",4.027086050654367,True,2025-11-07,1.9148177974846226,2.246422907474257,normal,ETH-USD,1570,0.513684828702724,0.1301813255010928,,-0.0022813578838879224,2025-11-06,2024-06-25,6.626248454348403,9.3706844304032
1.0218549498974792,-1.0218549498974792,8.058572269335395,10.413103703890739,False,False,2753.1868029681445,2765.8306272634113,0,null,-1373.5934014840723,"{""alpha[1]"": 0.08658884179631036, ""beta[1]"": 0.5004621157510183, ""omega"": 6.015613376947286}",3.9079268270312655,True,2025-11-08,1.8840996273018535,2.2158920567778093,normal,ETH-USD,1571,0.27018771089110033,0.08066983868490027,,0.002358447583854188,2025-11-07,2024-06-26,6.425609167719481,9.088838818387499
-5.220874281170584,5.220874281170584,7.635424994016638,9.866202978298702,False,False,2753.4862584166503,2766.130082711917,0,null,-1373.7431292083252,"{""alpha[1]"": 0.0866297926255913, ""beta[1]"": 0.4911069813281267, ""omega"": 6.146969905518038}",3.7025273912186925,True,2025-11-09,1.8301726747955884,2.1619474178053983,normal,ETH-USD,1572,0.5654582106753309,0.13832415330312967,,0.0018256759972152864,2025-11-08,2024-06-27,6.088289932336023,8.61154104914237
0.3960630545189456,-0.3960630545189456,8.054740940714632,10.409756071351627,False,False,2755.13406523013,2767.777889525397,0,null,-1374.567032615065,"{""alpha[1]"": 0.08614003023196974, ""beta[1]"": 0.4941177896077803, ""omega"": 6.133436834517541}",3.9087296402219756,True,2025-11-10,1.8834860447324,2.21550349157468,normal,ETH-USD,1573,0.30126896608588855,0.08689156084956746,,0.007845749255129068,2025-11-09,2024-06-28,6.421442376236711,9.085219139475685
4.387398629934553,-4.387398629934553,7.620208521439165,9.849288417779185,False,False,2754.976688857094,2767.6205131523607,0,null,-1374.488344428547,"{""alpha[1]"": 0.08548620411100402, ""beta[1]"": 0.4920411475423656, ""omega"": 6.167017867446873}",3.6997089946044124,True,2025-11-11,1.8279277415882147,2.1601101299083543,normal,ETH-USD,1574,0.08434262613618614,0.04208182918451423,,0.011228605781778674,2025-11-10,2024-06-29,6.074251152658274,8.595581548385972
0.06408519173180025,-0.06408519173180025,7.875045828916812,10.176010128775383,False,False,2756.581050886621,2769.224875181888,0,null,-1375.2905254433106,"{""alpha[1]"": 0.08495868362075305, ""beta[1]"": 0.48973342050664864, ""omega"": 6.225115699367316}",3.8190189281361895,True,2025-11-12,1.8610573746534342,2.192857716724852,normal,ETH-USD,1575,0.31075742586731764,0.08817787946396576,,0.0024934262629866867,2025-11-11,2024-06-30,6.279233709078148,8.881873138128368
5.428392275161075,-5.428392275161075,7.54192905349745,9.744526548922165,False,False,2756.5171674630983,2769.160991758365,0,null,-1375.2585837315492,"{""alpha[1]"": 0.08428345383865496, ""beta[1]"": 0.48899602471901055, ""omega"": 6.239209626274001}",3.6557549052844416,True,2025-11-13,1.817931569370229,2.1495767075413,normal,ETH-USD,1576,0.029297301465040598,0.03077321966020901,,-0.0011565892591369367,2025-11-12,2024-07-01,6.014338304461886,8.505714241181973
4.071281600840989,-4.071281600840989,8.075791534753689,10.431028002424025,False,False,2758.798035895974,2771.4418601912407,0,null,-1376.399017947987,"{""alpha[1]"": 0.0834242756726717, ""beta[1]"": 0.4915598827226578, ""omega"": 6.23758723596424}",3.909097003731215,True,2025-11-14,1.886605627653796,2.217792412950258,normal,ETH-USD,1577,0.1185528931609921,0.05035084982576956,,-0.012447079368407868,2025-11-13,2024-07-02,6.442339464060829,9.106366583417941
-2.0045814344173487,2.0045814344173487,8.041137035639993,10.38428156621428,False,False,2759.8839884392955,2772.5278127345623,0,null,-1376.9419942196478,"{""alpha[1]"": 0.08393082837058154, ""beta[1]"": 0.4917650674742788, ""omega"": 6.230405687293532}",3.889027445654856,True,2025-11-15,1.8824764615198308,2.2133841082034342,normal,ETH-USD,1578,0.42103263242281985,0.11071002479442847,,-0.019190314739831887,2025-11-14,2024-07-03,6.416071214039041,9.06642104502549
2.357619746035911,-2.357619746035911,7.7194667112782245,9.971974852724964,False,False,2759.2466072725865,2771.8904315678533,0,null,-1376.6233036362933,"{""alpha[1]"": 0.08364163756760219, ""beta[1]"": 0.49237475208081205, ""omega"": 6.205299018790101}",3.738593957539765,True,2025-11-16,1.8413730379347544,2.17273423256496,normal,ETH-USD,1579,0.18998205788566555,0.06347471431979738,,-0.007821072991078065,2025-11-15,2024-07-04,6.1572609037492185,8.705091178015644
2.233353615209806,-2.233353615209806,7.577741056641014,9.791865194750525,False,False,2755.279780002754,2767.9236042980206,0,null,-1374.639890001377,"{""alpha[1]"": 0.08396672622762885, ""beta[1]"": 0.4991519712574567, ""omega"": 6.080063614509922}",3.6748862175754704,True,2025-11-17,1.8225709852469545,2.154375446370954,normal,ETH-USD,1580,0.19044012489593787,0.06313216313904452,,0.0024938104844288754,2025-11-16,2024-07-05,6.04215611312856,8.546569929114252
-3.202873225503495,3.202873225503495,7.500467607668215,9.692127711361291,False,False,2755.255776668512,2767.899600963779,0,null,-1374.627888334256,"{""alpha[1]"": 0.08433195017035984, ""beta[1]"": 0.4963747565720227, ""omega"": 6.111922637571671}",3.6376016005807874,True,2025-11-18,1.8123106381407794,2.1441323330161053,normal,ETH-USD,1581,0.45916678045820025,0.11662340173162893,,0.002859802459286864,2025-11-17,2024-07-06,5.980462383660502,8.459466947659386
3.251421895848292,-3.251421895848292,7.58726821509339,9.80445810056258,False,False,2755.411139063467,2768.054963358734,0,null,-1374.7055695317335,"{""alpha[1]"": 0.08451250942876311, ""beta[1]"": 0.49578079555379595, ""omega"": 6.117841160968416}",3.679974583003919,True,2025-11-19,1.8238016716409788,2.1556481578109166,normal,ETH-USD,1582,0.1399067577762173,0.053060166632766186,,0.0034624885705914934,2025-11-18,2024-07-07,6.049557051372636,8.557438559124906
6.536849886044458,-6.536849886044458,7.631076495428614,9.861890056871601,True,False,2754.3571667601163,2767.000991055383,0,null,-1374.1785833800582,"{""alpha[1]"": 0.08408287696039436, ""beta[1]"": 0.5046572607936218, ""omega"": 5.991973188686589}",3.7025864403099735,True,2025-11-20,3.016559612812636,2.161452537772014,normal,ETH-USD,1583,0.43028647017628635,0.020703582319209976,,0.006295975902096372,2025-11-19,2024-07-08,6.083916759543104,8.607208117965454
2.3611152334020677,-2.3611152334020677,8.403601042884015,10.854488841093412,False,False,2756.8549519813723,2769.498776276639,0,null,-1375.4274759906862,"{""alpha[1]"": 0.08354132320485656, ""beta[1]"": 0.5041733507582258, ""omega"": 6.04352127093883}",4.06785402653793,True,2025-11-21,1.9263910512483045,2.2575843554708666,normal,ETH-USD,1584,0.21713478296657887,0.07114914776416502,,-0.0127864432735771,2025-11-20,2024-07-09,6.703810892733641,9.476030009818563
-0.06897152821809732,0.06897152821809732,7.964911407419168,10.285412103223933,False,False,2757.360119471029,2770.003943766296,0,null,-1375.6800597355145,"{""alpha[1]"": 0.08213338044084138, ""beta[1]"": 0.5040068425920885, ""omega"": 6.065560472639267}",3.8514444055374124,True,2025-11-22,1.8729894107785814,2.2038357203245216,normal,ETH-USD,1585,0.3212260766191298,0.0904925873774088,,-0.020487704714323537,2025-11-21,2024-07-10,6.355550004164493,8.980287209522773
-1.2234618075697175,1.2234618075697175,7.612329961865456,9.829161270239387,False,False,2757.4592164788664,2770.103040774133,0,null,-1375.7296082394332,"{""alpha[1]"": 0.08153187065332236, ""beta[1]"": 0.5003141466011993, ""omega"": 6.123840280829982}",3.679379435693694,True,2025-11-23,1.8277992706592183,2.158504750690267,normal,ETH-USD,1586,0.3649164646740893,0.0980580521176597,,-0.02282687618062907,2025-11-22,2024-07-11,6.074867485912062,8.582343404196243
-5.25067186355679,5.25067186355679,7.462588385437495,9.636431702426664,False,False,2757.6720246306995,2770.3158489259663,0,null,-1375.8360123153498,"{""alpha[1]"": 0.08179543933371167, ""beta[1]"": 0.49578035608769494, ""omega"": 6.18424415431413}",3.608030239710488,True,2025-11-24,1.8078747576898784,2.1386740425264685,normal,ETH-USD,1587,0.5602805844803885,0.13664463541294947,,-0.02025820011258379,2025-11-23,2024-07-12,5.954939826050969,8.413791677738145
-0.17672850402559212,0.17672850402559212,7.98593631977606,10.315078658032414,False,False,2759.672822175098,2772.316646470365,0,null,-1376.836411087549,"{""alpha[1]"": 0.08136273702197788, ""beta[1]"": 0.49701251592787316, ""omega"": 6.194888111055352}",3.865787346927171,True,2025-11-25,1.8754071017563039,2.2066096567733893,normal,ETH-USD,1588,0.3273655045405548,0.09181821928212838,,-0.011927248169233049,2025-11-24,2024-07-13,6.370581586785499,9.005093424187239
-2.3348428288348275,2.3348428288348275,7.6225885692364415,9.844906490300797,False,False,2759.573942951867,2772.217767247134,0,null,-1376.7869714759336,"{""alpha[1]"": 0.0809852505367643, ""beta[1]"": 0.49936497532366736, ""omega"": 6.153551744141266}",3.688485825444014,True,2025-11-26,1.8289186094807706,2.159994783990809,normal,ETH-USD,1589,0.42080818667794956,0.10929845604069768,,-0.014301616783474583,2025-11-25,2024-07-14,6.081320904724156,8.595002775234931
0.4392260628449763,-0.4392260628449763,7.553236743304426,9.755444595665777,False,False,2759.4573679017585,2772.1011921970253,0,null,-1376.7286839508793,"{""alpha[1]"": 0.0824432212321686, ""beta[1]"": 0.49336098333653267, ""omega"": 6.21007885876715}",3.6551081963223364,True,2025-11-27,1.8197687589495368,2.150861252749953,normal,ETH-USD,1590,0.2793345082350427,0.08077625372983727,,-0.013798253924976401,2025-11-26,2024-07-15,6.025916227545825,8.516851435828697
-0.58748829035449,0.58748829035449,7.3934516052760735,9.544469792506817,False,False,2755.2867186940543,2767.930542989321,0,null,-1374.6433593470272,"{""alpha[1]"": 0.08269142297674138, ""beta[1]"": 0.5068332964000724, ""omega"": 5.988824044093115}",3.5701462957527563,True,2025-11-28,1.7988190534595017,2.12920762382971,normal,ETH-USD,1591,0.32445607450112246,0.08922155651845373,,-0.029265116351669243,2025-11-27,2024-07-16,5.901633199667954,8.334667361490876
1.3485997597932728,-1.3485997597932728,7.310982553450343,9.4390312814803,False,False,2755.232743883986,2767.876568179253,0,null,-1374.616371941993,"{""alpha[1]"": 0.08326336970224199, ""beta[1]"": 0.5019805483614033, ""omega"": 6.0494623842088835}",3.532022801415076,True,2025-11-29,1.787504926933436,2.1180518207289554,normal,ETH-USD,1592,0.2243247320076414,0.06893547859905681,,-0.02543388456320905,2025-11-28,2024-07-17,5.8350943999460965,8.242147619698947
-0.014280094725559628,0.014280094725559628,7.305350171654073,9.431902370288245,False,False,2755.212402266774,2767.856226562041,0,null,-1374.606201133387,"{""alpha[1]"": 0.08371080084369446, ""beta[1]"": 0.49852460944651167, ""omega"": 6.092952741822189}",3.52953894102256,True,2025-11-30,1.7867206616970401,2.1172896755819446,normal,ETH-USD,1593,0.29223900083718113,0.08250140499928403,,-0.024924993410642214,2025-11-29,2024-07-18,5.830499922018058,8.235860405202835
6.629277364514824,-6.629277364514824,7.2612191053218025,9.374246313354028,True,False,2755.1518377173497,2767.7956620126165,0,null,-1374.5759188586749,"{""alpha[1]"": 0.08409552710002571, ""beta[1]"": 0.4957776188371196, ""omega"": 6.125421047788777}",3.507090876480717,True,2025-12-01,4.0765621481991134,2.111189575776913,normal,ETH-USD,1594,0.7918519600257885,0.015565338773667087,,-0.027097837312584163,2025-11-30,2024-07-19,5.7957489855403095,8.185811241881531
-6.8238382664522685,6.8238382664522685,8.277856254620607,10.682622472975964,False,False,2758.336285942375,2770.980110237642,0,null,-1376.1681429711875,"{""alpha[1]"": 0.0819105585053795, ""beta[1]"": 0.49205778422051544, ""omega"": 6.252201624138619}",3.9913038660382876,True,2025-12-02,1.9121063859672534,2.2420091277502032,normal,ETH-USD,1595,0.671694577913016,0.1615394218135097,,-0.0449426514895298,2025-12-01,2024-07-20,6.61005329180804,9.33010391489869
-6.258823044427533,6.258823044427533,8.822308345015612,11.389865373798735,False,False,2761.453679164826,2774.097503460093,0,null,-1377.726839582413,"{""alpha[1]"": 0.08487258763481853, ""beta[1]"": 0.478479854216544, ""omega"": 6.452342192517682}",4.2614954489274615,True,2025-12-03,1.9754423876850842,2.3059377890209487,normal,ETH-USD,1596,0.6650213196605702,0.16204611025652998,,-0.032067103378331505,2025-12-02,2024-07-21,7.041603348783858,9.94578798122545
1.810241751735505,-1.810241751735505,8.924856245432084,11.525736339090495,False,False,2763.8353692835767,2776.4791935788435,0,null,-1378.9176846417884,"{""alpha[1]"": 0.0873948924320971, ""beta[1]"": 0.47254073079233977, ""omega"": 6.533862014312885}",4.316803310726995,True,2025-12-04,1.9867287417591961,2.3176648278738043,normal,ETH-USD,1597,0.2655399299827487,0.08252675221731764,,-0.020530768905053044,2025-12-03,2024-07-22,7.121040351390475,10.062916973467262
3.5687508056875665,-3.5687508056875665,8.16472689070932,10.544132767923795,False,False,2763.754110797656,2776.3979350929226,0,null,-1378.877055398828,"{""alpha[1]"": 0.08587521528413332, ""beta[1]"": 0.4747605040246183, ""omega"": 6.512584883091847}",3.94921211222578,True,2025-12-05,1.8977081838107397,2.228650162382763,normal,ETH-USD,1598,0.14728807739827215,0.0563712688298297,,-0.01863648725774877,2025-12-04,2024-07-23,6.514512353653007,9.205877688670531
-0.5202266565331279,0.5202266565331279,8.012933309819068,10.345214999567744,False,False,2764.4310578340182,2777.074882129285,0,null,-1379.2155289170091,"{""alpha[1]"": 0.08609022235957743, ""beta[1]"": 0.47140135847411296, ""omega"": 6.559171589451305}",3.8709978766046564,True,2025-12-06,1.879191748000748,2.2097262548238876,normal,ETH-USD,1599,0.3457813982850173,0.09553690749101582,,-0.028176411912594623,2025-12-05,2024-07-24,6.3954013091672115,9.033464092568446
-0.6914380109870748,0.6914380109870748,7.625273298945174,9.847122902545848,False,False,2763.224769117197,2775.8685934124637,0,null,-1378.6123845585985,"{""alpha[1]"": 0.08665128657465002, ""beta[1]"": 0.46421642302715277, ""omega"": 6.64061181869209}",3.6877085368705718,True,2025-12-07,1.8293845396663229,2.1602752164705485,normal,ETH-USD,1600,0.3387884221293162,0.09288920595405972,,-0.018589669587775616,2025-12-06,2024-07-25,6.084330431599243,8.59748258441889
-2.0657403927496953,2.0657403927496953,7.429414102636205,9.597364912481634,False,False,2761.551511050194,2774.195335345461,0,null,-1377.775755525097,"{""alpha[1]"": 0.08819667630942321, ""beta[1]"": 0.45696831940000726, ""omega"": 6.713723398924639}",3.598250167799986,True,2025-12-08,1.8030673983403034,2.1344405860517233,normal,ETH-USD,1601,0.3995796314416841,0.10443779417777731,,-0.007257396899429848,2025-12-07,2024-07-26,5.925852236083981,8.378039025028025
-6.080292636684659,6.080292636684659,7.4494637889740405,9.622638643642961,False,False,2761.244339787334,2773.8881640826007,0,null,-1377.622169893667,"{""alpha[1]"": 0.08872678135978364, ""beta[1]"": 0.4524869276313744, ""omega"": 6.772611978583328}",3.6069207612827126,True,2025-12-09,1.8058207879810273,2.1370988781499762,normal,ETH-USD,1602,0.6011285736009431,0.14480667220540236,,-0.00942213901175564,2025-12-08,2024-07-27,5.942278835334191,8.400374583855564
-0.12864347526692488,0.12864347526692488,8.244616524953447,10.65410858224628,False,False,2764.0289152597124,2776.672739554979,0,null,-1379.0144576298562,"{""alpha[1]"": 0.08774800761599427, ""beta[1]"": 0.45128210553512543, ""omega"": 6.843569222578134}",3.9991475637239304,True,2025-12-10,1.9068729677211662,2.23874804880223,normal,ETH-USD,1603,0.3351089738160179,0.09427575534259683,,0.004476373852023856,2025-12-09,2024-07-28,6.573536001053427,9.298932058992749
2.692245350065897,-2.692245350065897,7.733665144053438,9.993560096580222,False,False,2764.2060727302614,2776.849897025528,0,null,-1379.1030363651307,"{""alpha[1]"": 0.08529072153924508, ""beta[1]"": 0.46250007591075837, ""omega"": 6.705448991864042}",3.750854196142767,True,2025-12-11,1.8429197557738766,2.174755163121167,normal,ETH-USD,1604,0.17370454666012342,0.06030276489544783,,0.003269845423217406,2025-12-10,2024-07-29,6.166336283268362,8.722521839610675
4.838112547785865,-4.838112547785865,7.678548169177791,9.919901325812353,False,False,2764.6106841412648,2777.2545084365315,0,null,-1379.3053420706324,"{""alpha[1]"": 0.08309433145500002, ""beta[1]"": 0.47962670756716047, ""omega"": 6.482402166105818}",3.7200795033418457,True,2025-12-12,1.8359873526125488,2.167464114508163,normal,ETH-USD,1605,0.06429831242612521,0.03821179028765052,,-0.0050925326887027765,2025-12-11,2024-07-30,6.1240787963083685,8.659291576550913
-1.0489822924048022,1.0489822924048022,8.004036304121382,10.338376849094137,False,False,2765.9859493911345,2778.629773686401,0,null,-1379.9929746955672,"{""alpha[1]"": 0.07933954319871753, ""beta[1]"": 0.5127224961503184, ""omega"": 6.053532356031512}",3.874415055685419,True,2025-12-13,1.8776780167835034,2.208869164798878,normal,ETH-USD,1606,0.3717029348111916,0.10074450267509884,,-0.012230747159471976,2025-12-12,2024-07-31,6.385076403819023,9.025467975105073
1.8163993297774503,-1.8163993297774503,7.673035271397392,9.912156159528285,False,False,2765.3463977277843,2777.990222023051,0,null,-1379.6731988638921,"{""alpha[1]"": 0.07463962838147468, ""beta[1]"": 0.5513427878928697, ""omega"": 5.521279421396164}",3.7163745020653334,True,2025-12-14,1.8353254505590364,2.166710404777179,normal,ETH-USD,1607,0.21518573687739428,0.06836402580735028,,-0.007221988493196944,2025-12-13,2024-08-01,6.120114067325332,8.652801910512473
3.200777046696506,-3.200777046696506,7.540102181577154,9.739873295321892,False,False,2764.313287719761,2776.9571120150276,0,null,-1379.1566438598804,"{""alpha[1]"": 0.07124491787893908, ""beta[1]"": 0.576146065346548, ""omega"": 5.171537504960813}",3.651063826359559,True,2025-12-15,1.8179002081747484,2.1492015427748643,normal,ETH-USD,1608,0.14068472981202806,0.05301873589660701,,-0.009006065918224167,2025-12-14,2024-08-02,6.014471642937065,8.502650636357203
7.41182557446482e-05,-7.41182557446482e-05,7.597774660673151,9.816593375538119,False,False,2762.3523270394053,2774.996151334672,0,null,-1378.1761635197026,"{""alpha[1]"": 0.0703134943476016, ""beta[1]"": 0.569255224734786, ""omega"": 5.2651855669394445}",3.682678027943748,True,2025-12-16,1.8253170361376054,2.156949031633954,normal,ETH-USD,1609,0.30294298597047115,0.0856858360933551,,-0.0014675265073931325,2025-12-15,2024-08-03,6.058933837665162,8.568657727591248
4.582819294026811,-4.582819294026811,7.407761039160175,9.572717607883503,False,False,2760.381056052721,2773.0248803479876,0,null,-1377.1905280263604,"{""alpha[1]"": 0.06822845118063132, ""beta[1]"": 0.5793820904752742, ""omega"": 5.104725929640655}",3.5932804846452253,True,2025-12-17,1.7998374089682452,2.1317179568241365,normal,ETH-USD,1610,0.06617282531559063,0.03772256484776033,,0.004144637484020507,2025-12-16,2024-08-04,5.906275800338622,8.35507577880284
0.15320292634782132,-0.15320292634782132,7.712403535829926,9.968204160583518,False,False,2759.0293164313716,2771.6731407266384,0,null,-1376.5146582156858,"{""alpha[1]"": 0.06496938645453688, ""beta[1]"": 0.5707538471547433, ""omega"": 5.254065597242199}",3.7440586473092745,True,2025-12-18,1.8399762224631036,2.1721222041726227,normal,ETH-USD,1611,0.29973556655820127,0.08546265760070501,,0.010514188033841845,2025-12-17,2024-08-05,6.147914257511841,8.699468686418315
-5.2001577947566355,5.2001577947566355,7.490507940154637,9.687573535841542,False,False,2754.1607097859523,2766.804534081219,0,null,-1374.0803548929762,"{""alpha[1]"": 0.07236124626181177, ""beta[1]"": 0.4567753172557986, ""omega"": 6.7830931912941645}",3.6465733504865057,True,2025-12-19,1.8102119348351682,2.143288722693258,normal,ETH-USD,1612,0.5583455791419907,0.13652030342785773,,0.031325613409143,2025-12-18,2024-08-06,5.966753788083168,8.451872548029126
0.013036001392809289,-0.013036001392809289,7.860549068320912,10.167743609224399,False,False,2754.773666660633,2767.4174909558997,0,null,-1374.3868333303164,"{""alpha[1]"": 0.06979373168033458, ""beta[1]"": 0.4949485952705519, ""omega"": 6.24718019872674}",3.8293595529250455,True,2025-12-20,1.8582914124746295,2.1915970095131403,normal,ETH-USD,1613,0.3123690011044368,0.08857066527443874,,0.03831992604848884,2025-12-19,2024-08-07,6.2604160234815405,8.870102528836675
-0.8038330983664052,0.8038330983664052,7.506166259514228,9.712817310159636,False,False,2752.708731191473,2765.3525554867397,0,null,-1373.3543655957365,"{""alpha[1]"": 0.06632441139720703, ""beta[1]"": 0.4938021152598508, ""omega"": 6.2466705923125705}",3.662482781990318,True,2025-12-21,1.8118388719856675,2.145667583570271,normal,ETH-USD,1614,0.3389798651898938,0.09275558249788148,,0.04848388217262782,2025-12-20,2024-08-08,5.9757642054314655,8.471725151421733
-0.14847512688790523,0.14847512688790523,7.342131315455506,9.493255073350578,False,False,2740.625049735192,2753.268874030459,0,null,-1367.312524867596,"{""alpha[1]"": 0.07221810542506017, ""beta[1]"": 0.4326017404106949, ""omega"": 6.967681205509451}",3.570321516361501,True,2025-12-22,1.7904331829099394,2.123137195191456,normal,ETH-USD,1615,0.2999357409597655,0.08431868392855067,,0.0224166032626951,2025-12-21,2024-08-09,5.8502396923074,8.283393265967154
1.430632683187684,-1.430632683187684,7.250370243890096,9.376630531025732,False,False,2739.7259968905973,2752.369821185864,0,null,-1366.8629984452987,"{""alpha[1]"": 0.07296846855876418, ""beta[1]"": 0.42999575664327083, ""omega"": 6.984506215292915}",3.529054441746185,True,2025-12-23,1.7776632262349024,2.110682364871558,normal,ETH-USD,1616,0.2172544881768503,0.06750120063252217,,0.029055551490728283,2025-12-22,2024-08-10,5.775722446724687,8.180752746439895
0.601915966617468,-0.601915966617468,7.26570975669663,9.395381049591373,False,False,2739.9870389328416,2752.6308632281084,0,null,-1366.9935194664208,"{""alpha[1]"": 0.07443240387017078, ""beta[1]"": 0.415994306604712, ""omega"": 7.159491310025002}",3.534715848817476,True,2025-12-24,1.7798804838345705,2.1127304137184852,normal,ETH-USD,1617,0.2593390160997077,0.07595668838058882,,0.025393895558659875,2025-12-23,2024-08-11,5.788696288611618,8.197584804676342
1.436501494465932,-1.436501494465932,7.221644559176643,9.33937782520525,False,False,2739.7447668640757,2752.3885911593425,0,null,-1366.8723834320379,"{""alpha[1]"": 0.07594768814583219, ""beta[1]"": 0.407701493675021, ""omega"": 7.243150218170943}",3.5149017428058453,True,2025-12-25,1.7737032741559604,2.106706310619277,normal,ETH-USD,1618,0.21582045513635856,0.06711794419533752,,0.028588282839145815,2025-12-24,2024-08-12,5.752910597193099,8.148295913999679
-0.7605038693962901,0.7605038693962901,7.216340906162461,9.327894954322888,False,False,2735.9205134614995,2748.5643377567662,0,null,-1364.9602567307497,"{""alpha[1]"": 0.07343495219811258, ""beta[1]"": 0.4630529054815031, ""omega"": 6.4740443829567615}",3.504645803588924,True,2025-12-26,1.773412985682835,2.1056916267133934,normal,ETH-USD,1619,0.3256198175966114,0.08900792305163978,,0.012736878677565998,2025-12-25,2024-08-13,5.751892482535933,8.14028843576768
-0.75770387191792,0.75770387191792,7.190928918727753,9.295951457639589,False,False,2735.9962668694507,2748.6400911647174,0,null,-1364.9981334347253,"{""alpha[1]"": 0.0742804147079594, ""beta[1]"": 0.4547206970518248, ""omega"": 6.577860473318732}",3.493805149759049,True,2025-12-27,1.769798110953377,2.102218912819789,normal,ETH-USD,1620,0.3244357116872596,0.08869722343757197,,0.015787710615637326,2025-12-26,2024-08-14,5.731010361827266,8.112018471839269
-0.019327315679661696,0.019327315679661696,7.171930105830373,9.272733231282103,False,False,2735.903709578018,2748.547533873285,0,null,-1364.951854789009,"{""alpha[1]"": 0.07511862616223786, ""beta[1]"": 0.45004366674724605, ""omega"": 6.628390440634021}",3.486801990313784,True,2025-12-28,1.767022771570181,2.099655143796678,normal,ETH-USD,1621,0.2867132599538327,0.0811050069621526,,0.020341016832252822,2025-12-27,2024-08-15,5.714937883396987,8.09117338053559
0.47695249873103296,-0.47695249873103296,7.127682034292182,9.217644712954229,False,False,2734.5690128518754,2747.212837147142,0,null,-1364.2845064259377,"{""alpha[1]"": 0.07451590690735464, ""beta[1]"": 0.4694614174887015, ""omega"": 6.356218359946966}",3.468809589700791,True,2025-12-29,1.7606276926305031,2.0935964287639655,normal,ETH-USD,1622,0.26006278014520734,0.07565229382533671,,0.027475933188218844,2025-12-28,2024-08-16,5.6782081016351755,8.042181881264698
-1.248871582423383,1.248871582423383,7.12969703896755,9.219446961670492,False,False,2734.570340048893,2747.2141643441596,0,null,-1364.2851700244464,"{""alpha[1]"": 0.07496206337831753, ""beta[1]"": 0.464362636724781, ""omega"": 6.421048960262596}",3.468456468605017,True,2025-12-30,1.7609885231752083,2.0938298390912378,normal,ETH-USD,1623,0.34646211218128253,0.09292975373259879,,0.024732541105996188,2025-12-29,2024-08-17,5.680370661202262,8.044103790836488
0.14748453178670137,-0.14748453178670137,7.158410470290699,9.256797692732313,False,False,2734.682581341902,2747.3264056371686,0,null,-1364.341290670951,"{""alpha[1]"": 0.07548013638993238, ""beta[1]"": 0.45844565667299564, ""omega"": 6.4974239616814335}",3.4827922021894118,True,2025-12-31,1.764986299988145,2.0978625573273524,normal,ETH-USD,1624,0.2777804621425235,0.07929112092450269,,0.025589611052392373,2025-12-30,2024-08-18,5.703093774637166,8.076596624236963
-1.1179695744361444,1.1179695744361444,7.139365631119245,9.232130443095706,False,False,2734.748589531885,2747.392413827152,0,null,-1364.3742947659425,"{""alpha[1]"": 0.07607016200915667, ""beta[1]"": 0.45238586312533025, ""omega"": 6.572868337262508}",3.4734604224701497,True,2026-01-01,1.762326125274729,2.095196098679846,normal,ETH-USD,1625,0.34029589398642407,0.09173061175134498,,0.02538566868008763,2025-12-31,2024-08-19,5.687948305292331,8.055091600698345
-4.050579132499361,4.050579132499361,7.155407477807295,9.252978163554616,False,False,2734.8202231509144,2747.464047446181,0,null,-1364.4101115754572,"{""alpha[1]"": 0.07682267203249223, ""beta[1]"": 0.44689065968863356, ""omega"": 6.637955285026202}",3.481436957742022,True,2026-01-02,1.7645605276577254,2.097446856839938,normal,ETH-USD,1626,0.4875618107993685,0.12123815474292876,,0.02579712345686228,2026-01-01,2024-08-20,5.700657083488002,8.073236341793503
-0.04783333411287564,0.04783333411287564,7.490282557025005,9.689473437190793,False,False,2735.5836911533797,2748.2275154486465,0,null,-1364.7918455766899,"{""alpha[1]"": 0.07709546404552492, ""beta[1]"": 0.4427292115064253, ""omega"": 6.704419855588373}",3.650100785333289,True,2026-01-03,1.8099789397177988,2.143386468056046,normal,ETH-USD,1627,0.3006443884015938,0.08500410454532899,,0.0388270815748836,2026-01-02,2024-08-21,5.965054433918994,8.452577120420017
-0.47211982728760693,0.47211982728760693,7.285722773812492,9.423882786276772,False,False,2735.283799022963,2747.92762331823,0,null,-1364.6418995114816,"{""alpha[1]"": 0.0767799746130374, ""beta[1]"": 0.4438407550827398, ""omega"": 6.685741973560851}",3.5488049768903016,True,2026-01-04,1.7823814901957542,2.1156383675475,normal,ETH-USD,1628,0.31374709307519166,0.08693432037296694,,0.034442703365226916,2026-01-03,2024-08-22,5.802822034216221,8.22131221000908
-2.6834359500621723,2.6834359500621723,7.187232618197705,9.297088037129956,False,False,2735.2891851219865,2747.9330094172533,0,null,-1364.6445925609933,"{""alpha[1]"": 0.0781331867593973, ""beta[1]"": 0.4374048426307714, ""omega"": 6.749527236032179}",3.5018265085765305,True,2026-01-05,1.7687131898916877,2.102064373598389,normal,ETH-USD,1629,0.420369910646849,0.10793872832836937,,0.03602977071211668,2026-01-04,2024-08-23,5.7239622628748,8.110436882774755
-2.1410072690299096,2.1410072690299096,7.300125290421515,9.441454021495325,False,False,2733.476452885011,2746.1202771802778,0,null,-1363.7382264425055,"{""alpha[1]"": 0.07870565423067773, ""beta[1]"": 0.43930339770411525, ""omega"": 6.705132004784446}",3.5540642485567373,True,2026-01-06,1.7844568691424625,2.117549901577403,normal,ETH-USD,1630,0.3978017092453151,0.10378108524083722,,0.030888553780721584,2026-01-05,2024-08-24,5.815026915876386,8.237101255053803
3.995795768618134,-3.995795768618134,7.287749708689247,9.426610021047262,False,False,2733.8753240114893,2746.519148306756,0,null,-1363.9376620057446,"{""alpha[1]"": 0.07914402769581863, ""beta[1]"": 0.4367256167200818, ""omega"": 6.73534670493864}",3.5499672976397827,True,2026-01-07,1.7826496227465927,2.115922857643236,normal,ETH-USD,1631,0.09042837570394612,0.042278498047758295,,0.03481330238485865,2026-01-06,2024-08-25,5.804363282697055,8.22364557339396
1.9920661749498099,-1.9920661749498099,7.561863111382553,9.778883756886152,False,False,2735.088120405817,2747.7319447010836,0,null,-1364.5440602029084,"{""alpha[1]"": 0.07989742370533053, ""beta[1]"": 0.433757611317668, ""omega"": 6.77437526979043}",3.67969368745416,True,2026-01-08,1.819782291942876,2.15271341078246,normal,ETH-USD,1632,0.20161015737481183,0.06539893226547314,,0.028288185433369615,2026-01-07,2024-08-26,6.024269322446043,8.531959401497117
0.6896412448986102,-0.6896412448986102,7.3877162808990775,9.554165495856862,False,False,2734.9090961664815,2747.5529204617483,0,null,-1364.4545480832408,"{""alpha[1]"": 0.08088039634045158, ""beta[1]"": 0.43161047692443855, ""omega"": 6.770136097922882}",3.5957578999718156,True,2026-01-09,1.796437750323296,2.129443195166469,normal,ETH-USD,1633,0.25977772932203264,0.07646042909197596,,0.029299592068791458,2026-01-08,2024-08-27,5.885195831339258,8.3356841540962
0.02112169361634722,-0.02112169361634722,7.177255736317847,9.286891596366548,False,False,2728.3134386219735,2740.9572629172403,0,null,-1361.1567193109868,"{""alpha[1]"": 0.07930210718524444, ""beta[1]"": 0.4811275680014803, ""omega"": 6.06176662272199}",3.501462096346331,True,2026-01-10,1.7670622936551732,2.1008401962858434,normal,ETH-USD,1634,0.2846507980187248,0.08079242235436002,,0.045254974817530144,2026-01-09,2024-08-28,5.714137653990838,8.100363929052342
-1.1768432252193073,1.1768432252193073,7.088795903423165,9.170948285761895,False,False,2727.582712542608,2740.226536837875,0,null,-1360.791356271304,"{""alpha[1]"": 0.0793128118614051, ""beta[1]"": 0.48344726966265805, ""omega"": 6.023926678631712}",3.4558464726741867,True,2026-01-11,1.7548056987524125,2.0883472381802717,normal,ETH-USD,1635,0.341079097672183,0.09176721443395208,,0.03962287654124082,2026-01-10,2024-08-29,5.644738728224347,7.999878218175892
0.8552349371311189,-0.8552349371311189,7.076223565509775,9.155382449558191,False,False,2727.773384771032,2740.4172090662987,0,null,-1360.886692385516,"{""alpha[1]"": 0.08019744427293148, ""beta[1]"": 0.4740712445827999, ""omega"": 6.141560535265548}",3.4508780224323656,True,2026-01-12,1.7529620347957717,2.086615291569311,normal,ETH-USD,1636,0.23895037828632615,0.0713076108542132,,0.041946728507362904,2026-01-11,2024-08-30,5.634242502857638,7.985996022552432
-7.167244795656343,7.167244795656343,7.061343868851881,9.135725569381112,False,False,2727.9278818290927,2740.5717061243595,0,null,-1360.9639409145464,"{""alpha[1]"": 0.08114681706119431, ""beta[1]"": 0.46584716705163665, ""omega"": 6.2408820388740205}",3.4429491057238075,True,2026-01-13,1.7508968428408669,2.084485233306954,normal,ETH-USD,1637,0.6394960386247317,0.15136270781066896,,0.040471347120854866,2026-01-12,2024-08-31,5.622675976838278,7.969025985410539
-0.9773354956189868,0.9773354956189868,8.199522740879207,10.610832251839545,False,False,2732.172333140451,2744.8161574357177,0,null,-1363.0861665702255,"{""alpha[1]"": 0.08110398283885378, ""beta[1]"": 0.44904008729658834, ""omega"": 6.525266341126472}",4.002164077260292,True,2026-01-14,1.900120054929248,2.2340627276823715,normal,ETH-USD,1638,0.375225861736187,0.10231969029284363,,0.05579235903173675,2026-01-13,2024-09-01,6.527181739104746,9.254633533665368
1.1277796565529192,-1.1277796565529192,7.5853590662503425,9.819869015264056,False,False,2731.5305057549085,2744.1743300501753,0,null,-1362.7652528774543,"{""alpha[1]"": 0.0797197663657921, ""beta[1]"": 0.45415512085953075, ""omega"": 6.456448984162109}",3.708721509028422,True,2026-01-15,1.821915405937693,2.156426350833705,normal,ETH-USD,1639,0.24539280395122856,0.07435328451484047,,0.06466828990085002,2026-01-14,2024-09-02,6.035635735577486,8.563108108036959
0.6538811053836534,-0.6538811053836534,7.325163117023792,9.480418054187878,False,False,2730.282118092701,2742.9259423879676,0,null,-1362.1410590463504,"{""alpha[1]"": 0.07882787082083366, ""beta[1]"": 0.4559805004282184, ""omega"": 6.425375126648525}",3.577178229359982,True,2026-01-16,1.7872576104509492,2.1213664029288086,normal,ETH-USD,1640,0.25882626240085926,0.0761435163213935,,0.05352823141377761,2026-01-15,2024-09-03,5.830406353400834,8.268232737522997
-0.4052512521566866,0.4052512521566866,7.160217911530154,9.269682693367342,False,False,2728.2178165221867,2740.8616408174535,0,null,-1361.1089082610933,"{""alpha[1]"": 0.07913557385423271, ""beta[1]"": 0.4597707116285505, ""omega"": 6.3512431033368}",3.5011781497731516,True,2026-01-17,1.7642171038740866,2.0987586361388613,normal,ETH-USD,1641,0.30512348655211136,0.0848850249814763,,0.061707099372078106,2026-01-16,2024-09-04,5.697218478885535,8.083251245990937
0.8408684027099758,-0.8408684027099758,7.0778914588076605,9.162865330300722,False,False,2728.302526993394,2740.946351288661,0,null,-1361.151263496697,"{""alpha[1]"": 0.08116991069428656, ""beta[1]"": 0.4434009812071727, ""omega"": 6.544263104997352}",3.4605294312435952,True,2026-01-18,1.7526759383754955,2.0871796525423667,normal,ETH-USD,1642,0.239550453183424,0.07149339962944437,,0.060186919774890754,2026-01-17,2024-09-05,5.631877466378452,7.990208365654407
2.9235184762987707,-2.9235184762987707,7.047117620387429,9.124582259795956,False,False,2727.6489365395955,2740.2927608348623,0,null,-1360.8244682697978,"{""alpha[1]"": 0.08170159632570798, ""beta[1]"": 0.44085994320782335, ""omega"": 6.557249332849076}",3.4480660047278633,True,2026-01-19,1.7481654443288228,2.082918746411163,normal,ETH-USD,1643,0.13413965544251172,0.05032630254656698,,0.06525228869569481,2026-01-18,2024-09-06,5.606311585149003,7.956148730955465
8.204732945021304,-8.204732945021304,7.1784028865862,9.296168839526723,True,True,2724.142450200708,2736.786274495975,0,null,-1359.071225100354,"{""alpha[1]"": 0.07784847780009624, ""beta[1]"": 0.5036381514127442, ""omega"": 5.72873916325277}",3.5149559948145885,True,2026-01-20,8.718117721359022,3.1735761590738605,normal,ETH-USD,1644,2.3703323556126357,0.09866775687133195,,0.07194186174285629,2026-01-19,2024-09-07,5.70964625490274,8.10506854414117
-1.4640674044223776,1.4640674044223776,8.553539600718782,11.066873771340868,False,False,2729.2836982569474,2741.927522552214,0,null,-1361.6418491284737,"{""alpha[1]"": 0.07738390658773223, ""beta[1]"": 0.4898458993191509, ""omega"": 5.990465969442006}",4.171499214884468,True,2026-01-21,1.9425582945099698,2.276225496183958,normal,ETH-USD,1645,0.41372538807598697,0.11117360478201327,,0.05106525633058193,2026-01-20,2024-09-08,6.810440357097354,9.653293073778938
0.9873623961434467,-0.9873623961434467,7.840491230995566,10.145812541016443,False,False,2729.808076562843,2742.4519008581096,0,null,-1361.9040382814214,"{""alpha[1]"": 0.07580152376096384, ""beta[1]"": 0.4883691929419283, ""omega"": 6.028080076401875}",3.8262504633151386,True,2026-01-22,1.855381373174267,2.189265727627619,normal,ETH-USD,1646,0.2627147475824711,0.07861862630321723,,0.051964604415792114,2026-01-21,2024-09-09,6.241657347792865,8.849225026465163
-0.12275504610092598,0.12275504610092598,7.465154680481038,9.658730844333585,False,False,2729.4140599326406,2742.0578842279074,0,null,-1361.7070299663203,"{""alpha[1]"": 0.07476768645134396, ""beta[1]"": 0.49095650632494237, ""omega"": 5.9994545565726165}",3.640781775960699,True,2026-01-23,1.8064547828919517,2.1401292827805616,normal,ETH-USD,1647,0.3033287818547991,0.08547747472321014,,0.04473251813272707,2026-01-22,2024-09-10,5.943820590995051,8.424992426220081
0.15302026845478983,-0.15302026845478983,7.2443306253017115,9.372712345568448,False,False,2729.462316041735,2742.1061403370018,0,null,-1361.7311580208675,"{""alpha[1]"": 0.07572071850237734, ""beta[1]"": 0.47556949657139413, ""omega"": 6.195290862295245}",3.5325754843294814,True,2026-01-24,1.7764572078133405,2.1100837924072087,normal,ETH-USD,1648,0.28075956298564797,0.08022621129692441,,0.04235806971145726,2026-01-23,2024-09-11,5.768211528167744,8.175641398147224
4.609544693875815,-4.609544693875815,7.133025380677114,9.23003518528756,False,False,2729.078721350396,2741.7225456456626,0,null,-1361.539360675198,"{""alpha[1]"": 0.07665322304846203, ""beta[1]"": 0.46740010578682334, ""omega"": 6.2905782213758155}",3.48050603687624,True,2026-01-25,1.760844219998631,2.0946815097537037,normal,ETH-USD,1649,0.053455964315607264,0.03441064127403123,,0.04625899819441829,2026-01-24,2024-09-12,5.6786639801879595,8.050608821278935
-3.8509728197345883,3.8509728197345883,7.592458380240358,9.820426734002792,False,False,2730.9776284191257,2743.6214527143925,0,null,-1362.4888142095629,"{""alpha[1]"": 0.07694901883006501, ""beta[1]"": 0.45438374407929116, ""omega"": 6.487798790623911}",3.6978641149843794,True,2026-01-26,1.8236394745325955,2.1568650606562363,normal,ETH-USD,1650,0.49491223655401584,0.12418317851960392,,0.035173290160033295,2026-01-25,2024-09-13,6.047271911345719,8.567345032225793
-3.219617529422235,3.219617529422235,7.632711135558792,9.872744824937365,False,False,2731.113822535074,2743.757646830341,0,null,-1362.556911267537,"{""alpha[1]"": 0.07648834491756133, ""beta[1]"": 0.46078394434609493, ""omega"": 6.410430631902081}",3.717889521330399,True,2026-01-27,1.8289041240644939,2.1621672368546547,normal,ETH-USD,1651,0.4649387198100174,0.11832494716300865,,0.036227196987073676,2026-01-26,2024-09-14,6.0791568667781055,8.612877186878618
0.5176321431063918,-0.5176321431063918,7.552535521925799,9.771584610571317,False,False,2732.04425782296,2744.6880821182267,0,null,-1363.02212891148,"{""alpha[1]"": 0.07774256292724749, ""beta[1]"": 0.4463973218656261, ""omega"": 6.598919719636937}",3.683060390168368,True,2026-01-28,1.8181106321161398,2.1517547114116544,normal,ETH-USD,1652,0.2747951391122784,0.08005887249828039,,0.044560315697789864,2026-01-27,2024-09-15,6.013534925351954,8.523519392934423
6.470236647949753,-6.470236647949753,7.287575636896357,9.431338512418412,True,False,2730.3253087205244,2742.969133015791,0,null,-1362.1626543602622,"{""alpha[1]"": 0.07603402972195424, ""beta[1]"": 0.4717849513444419, ""omega"": 6.2552562961265625}",3.5581043128559697,True,2026-01-29,3.619384129576259,2.1161959616884705,normal,ETH-USD,1653,0.6359751853781958,0.017553800561992208,,0.051771699679060125,2026-01-28,2024-09-16,5.800789084393758,8.225616704148973
4.197886801476529,-4.197886801476529,8.08900956427921,10.463733171447844,False,False,2733.718832311153,2746.36265660642,0,null,-1363.8594161555766,"{""alpha[1]"": 0.07555463612411724, ""beta[1]"": 0.46399860172988855, ""omega"": 6.413180146043708}",3.941440727883652,True,2026-01-30,1.8869007524151584,2.220272359186419,normal,ETH-USD,1654,0.11220777850196804,0.04930224751335805,,0.041050705157787706,2026-01-29,2024-09-17,6.442042371515888,9.12811155281233
10.004843927611144,-10.004843927611144,7.95657130504959,10.28898868106758,True,True,2734.860581982856,2747.5044062781226,0,null,-1364.430290991428,"{""alpha[1]"": 0.07606073350771694, ""beta[1]"": 0.45450362086419416, ""omega"": 6.5506751745818095}",3.8712230815028112,True,2026-01-31,11.085461231347608,12.191753744427059,normal,ETH-USD,1655,3.482603790790232,1.0174056432248302,,0.028650125884621843,2026-01-30,2024-09-18,6.338945200463532,8.977161459707276
7.519978214379207,-7.519978214379207,9.585738873774282,12.387483112437485,False,False,2741.8404662221747,2754.4842905174414,0,null,-1367.9202331110873,"{""alpha[1]"": 0.08129845933036599, ""beta[1]"": 0.4378393970297139, ""omega"": 6.8181279961874335}",4.650187001992583,True,2026-02-01,2.057566647460243,2.3894781386216875,normal,ETH-USD,1656,0.006131866465525398,0.03291713019058214,,0.0062614125403778935,2026-01-31,2024-09-19,7.642615543689715,10.811691233437418
-3.312814634947648,3.312814634947648,9.515096862893087,12.289517348369587,False,False,2743.7399455635523,2756.383769858819,0,null,-1368.8699727817761,"{""alpha[1]"": 0.08492021872480034, ""beta[1]"": 0.4380520653431482, ""omega"": 6.799652857047709}",4.60483648064197,True,2026-02-02,2.050656495170356,2.3817746902289785,normal,ETH-USD,1657,0.5451869149722766,0.1404190786979029,,-0.016641677795475592,2026-02-01,2024-09-20,7.590923664497874,10.72909323484263
5.110473683315282,-5.110473683315282,8.557770626940194,11.052259852284475,False,False,2743.3030345135257,2755.9468588087925,0,null,-1368.6515172567629,"{""alpha[1]"": 0.08225996620441334, ""beta[1]"": 0.45867634433240756, ""omega"": 6.534584162984652}",4.14022137075623,True,2026-02-03,1.9446808139464875,2.2756942107402107,normal,ETH-USD,1658,0.08586337171602339,0.04538804480167301,,-0.017682979565368365,2026-02-02,2024-09-21,6.827741117635749,9.64927816348258
3.8464351239993615,-3.8464351239993615,8.431021840962465,10.884266858494172,False,False,2744.772321194525,2757.4161454897917,0,null,-1369.3861605972625,"{""alpha[1]"": 0.081810910424642, ""beta[1]"": 0.4639765272483418, ""omega"": 6.4843661963109005}",4.071766414578991,True,2026-02-04,1.9301126693515398,2.260549616273588,normal,ETH-USD,1659,0.14415808697759383,0.05658047126579166,,-0.03213710843179117,2026-02-03,2024-09-22,6.729596863551236,9.504482250578523
16.268108643244332,-16.268108643244332,8.112374898743019,10.471040281870012,True,True,2745.9183405751514,2758.562164870418,0,null,-1369.9591702875757,"{""alpha[1]"": 0.08204661054215774, ""beta[1]"": 0.45452275832681044, ""omega"": 6.624787932468726}",3.914788136371892,True,2026-02-05,26.031565413325364,70.2539238610771,normal,ETH-USD,1660,9.30198571185505,7.052421730567639,,-0.03729127117058967,2026-02-04,2024-09-23,6.476544736028491,9.144450329539646
-12.458793274410151,12.458793274410151,12.417728939161146,16.022982157288084,False,False,2762.1616076859614,2774.805431981228,0,null,-1378.0808038429807,"{""alpha[1]"": 0.08043580896918177, ""beta[1]"": 0.5717672876841758, ""omega"": 5.194829460285838}",5.983808736883481,True,2026-02-06,2.3177687869260764,2.6474738884981996,normal,ETH-USD,1661,1.1188066399086816,0.2645406402804283,,-0.07485001991675742,2026-02-05,2024-09-24,9.91733952376346,13.995270753632653
-1.3078072613292506,1.3078072613292506,13.4328556370758,17.3417692415266,False,False,2767.427424415014,2780.0712487102805,0,null,-1380.713712207507,"{""alpha[1]"": 0.09784823852537364, ""beta[1]"": 0.5222741712362751, ""omega"": 5.762654254385487}",6.487808196226348,True,2026-02-07,2.3958857562992852,2.7263431678682597,normal,ETH-USD,1662,0.601483634096286,0.16451076643873236,,-0.0503705780680615,2026-02-06,2024-09-25,10.72186542059646,15.14326938254397
0.08548665425286739,-0.08548665425286739,10.878442251342124,14.043670397888949,False,False,2767.878289989526,2780.5221142847927,0,null,-1380.939144994763,"{""alpha[1]"": 0.09395563883812345, ""beta[1]"": 0.5277960288879731, ""omega"": 5.719663133158985}",5.253478380466291,True,2026-02-08,2.1849881553019155,2.5154081312961662,normal,ETH-USD,1663,0.42988707129796017,0.12177956719455356,,-0.04202511199093871,2026-02-07,2024-09-26,8.683228080212062,12.263443373708213
-0.7062777759778761,0.7062777759778761,9.152697911898304,11.812616421049704,False,False,2768.3288184177504,2780.972642713017,0,null,-1381.1644092088752,"{""alpha[1]"": 0.09380854181874529, ""beta[1]"": 0.5045026824046954, ""omega"": 6.057598741946356}",4.4147921523047415,True,2026-02-09,2.012494847337045,2.3425218211523084,normal,ETH-USD,1664,0.4007107128394637,0.11022869710680248,,-0.04624959685603915,2026-02-08,2024-09-27,7.30793648081139,10.316591934702362
4.078608638755844,-4.078608638755844,8.110364730470206,10.464841982303307,False,False,2768.2339154337024,2780.877739728969,0,null,-1381.1169577168512,"{""alpha[1]"": 0.09613808776060798, ""beta[1]"": 0.46828560170437883, ""omega"": 6.5557505203710695}",3.907836897412696,True,2026-02-10,1.8918047278947792,2.221479984561895,normal,ETH-USD,1665,0.11994152840075871,0.05061998932165497,,-0.04961951252695528,2026-02-09,2024-09-28,6.477439206771016,9.140607570921336
3.984048777751175,-3.984048777751175,8.09550173274151,10.443654213559244,False,False,2769.5769696889765,2782.2207939842433,0,null,-1381.7884848444883,"{""alpha[1]"": 0.09690213021605798, ""beta[1]"": 0.455020686811804, ""omega"": 6.756843227901032}",3.897339376775237,True,2026-02-11,1.8901426477093555,2.21953716114606,normal,ETH-USD,1666,0.12414569583312932,0.051389282808897783,,-0.05640988506422082,2026-02-10,2024-09-29,6.466962694413759,9.122977058640949
-0.32510563414507243,0.32510563414507243,8.085816798744546,10.429211243786511,False,False,2770.8783868651067,2783.5222111603734,0,null,-1382.4391934325533,"{""alpha[1]"": 0.09837564458269382, ""beta[1]"": 0.43794961779721203, ""omega"": 7.003534657221985}",3.889442240479155,True,2026-02-12,1.8891127546983846,2.2182347304680534,normal,ETH-USD,1667,0.3392841642731646,0.09436315796736224,,-0.06301447524781553,2026-02-11,2024-09-30,6.460577651318213,9.111210162591142
-5.086191076089505,5.086191076089505,7.659072937474279,9.879258615004481,False,False,2770.8453582798547,2783.4891825751215,0,null,-1382.4226791399274,"{""alpha[1]"": 0.10024352810123621, ""beta[1]"": 0.419433783837274, ""omega"": 7.242703320478317}",3.6849468403251078,True,2026-02-13,1.8348497953137386,2.164040892989741,normal,ETH-USD,1668,0.5602737573236647,0.13716745218985002,,-0.058085894951658064,2026-02-12,2024-10-01,6.119284070383779,8.630554142895486
-1.8131872035724004,1.8131872035724004,8.158666667955938,10.53131674966858,False,False,2769.418443811842,2782.0622681071086,0,null,-1381.709221905921,"{""alpha[1]"": 0.09545942859371004, ""beta[1]"": 0.48164850124841513, ""omega"": 6.37829103642976}",3.937999199927355,True,2026-02-14,1.8973898208524727,2.227640302983446,normal,ETH-USD,1669,0.4163162376408351,0.1101004855260973,,-0.0357052823117872,2026-02-13,2024-10-02,6.513137549244293,9.19686134903732
5.923016071602763,-5.923016071602763,7.79219887854334,10.060897272271099,False,False,2768.5422102329144,2781.186034528181,0,null,-1381.2711051164572,"{""alpha[1]"": 0.09346622844904966, ""beta[1]"": 0.5006855827866111, ""omega"": 6.1134472870508665}",3.7654656825449377,True,2026-02-15,1.8511987765428488,2.181829732493419,normal,ETH-USD,1670,0.014787420121039277,0.028618916026876037,,-0.02512458892820643,2026-02-14,2024-10-03,6.218764474023549,8.784907674290364
-1.6082623160783918,1.6082623160783918,8.42118834857235,10.870531864875,False,False,2771.2440917134318,2783.8879160086985,0,null,-1382.6220458567159,"{""alpha[1]"": 0.0935864954693583, ""beta[1]"": 0.49323656702105634, ""omega"": 6.256471748580435}",4.065290909051663,True,2026-02-16,1.929031306876186,2.259328594095878,normal,ETH-USD,1671,0.4165365768336427,0.11101203903936274,,-0.035660724227979425,2026-02-15,2024-10-04,6.722469220594456,9.492941587857873
0.2868788062974721,-0.2868788062974721,7.938527237691503,10.246234852773599,False,False,2770.882864653264,2783.5266889485306,0,null,-1382.441432326632,"{""alpha[1]"": 0.09150424136127497, ""beta[1]"": 0.5045890522242406, ""omega"": 6.109729428027461}",3.830211126328323,True,2026-02-17,1.8701174685117676,2.2002364924683246,normal,ETH-USD,1672,0.30255797743950935,0.08661426396520633,,-0.037901691956627716,2026-02-16,2024-10-05,6.338038355087654,8.948305202818096
1.9371403218593046,-1.9371403218593046,7.617313856670054,9.83100983369012,False,False,2771.125151019075,2783.768975314342,0,null,-1382.5625755095375,"{""alpha[1]"": 0.09211102399305483, ""beta[1]"": 0.4904532765461157, ""omega"": 6.310877779666682}",3.6741755784295345,True,2026-02-18,1.8288713812491637,2.158896026621361,normal,ETH-USD,1673,0.20724427691947453,0.06648815057885474,,-0.038544834012449125,2026-02-17,2024-10-06,6.082025860248792,8.585955379744773
0.2958901104638281,-0.2958901104638281,7.55829957847453,9.753040982779131,False,False,2771.4442612766134,2784.08808557188,0,null,-1382.7221306383067,"{""alpha[1]"": 0.0928394479918175, ""beta[1]"": 0.4781080622380795, ""omega"": 6.487796171477025}",3.6427157804745853,True,2026-02-19,1.8212593798252712,2.151014116140012,normal,ETH-USD,1674,0.2870133618491678,0.08222757085158447,,-0.04442308398019548,2026-02-18,2024-10-07,6.03615734744718,8.518647195622268
-1.0630736631989568,1.0630736631989568,7.434818789493559,9.593756065506682,False,False,2771.52028673342,2784.164111028687,0,null,-1382.76014336671,"{""alpha[1]"": 0.09386440248889233, ""beta[1]"": 0.46644646846071264, ""omega"": 6.646639032935642}",3.5832899807527134,True,2026-02-20,1.8047825312162193,2.134545116414423,normal,ETH-USD,1675,0.35002909188204173,0.09442573345176786,,-0.04352065318190031,2026-02-19,2024-10-08,5.937508174441872,8.379499681977821
-0.23916478908199046,0.23916478908199046,7.409633146382734,9.561401286961356,False,False,2771.6436172047065,2784.2874414999733,0,null,-1382.8218086023533,"{""alpha[1]"": 0.09510721646853798, ""beta[1]"": 0.45586445229282985, ""omega"": 6.786900248006015}",3.5713910286810058,True,2026-02-21,1.8013757459735107,2.1311603548424043,normal,ETH-USD,1676,0.30782297033876005,0.0859034184692789,,-0.042879130905303785,2026-02-20,2024-10-09,5.917294617693205,8.351177057845893
0.8104381322883513,-0.8104381322883513,7.3501150153532935,9.486377078362793,False,False,2770.837955918392,2783.4817802136586,0,null,-1382.418977959196,"{""alpha[1]"": 0.0954162233310205, ""beta[1]"": 0.4602725620220358, ""omega"": 6.7096995060845455}",3.545654860700796,True,2026-02-22,1.7931430021787396,2.1232011432116136,normal,ETH-USD,1677,0.2529046224219139,0.07474435838170329,,-0.03644732318480449,2026-02-21,2024-10-10,5.868530580726625,8.284873970458674
5.3668696657445025,-5.3668696657445025,7.349232578930204,9.484380527991204,False,False,2770.911306770655,2783.5551310659216,0,null,-1382.4556533853274,"{""alpha[1]"": 0.09636743678553777, ""beta[1]"": 0.4526943171386513, ""omega"": 6.808643329745218}",3.5438057132552307,True,2026-02-23,1.7931038721701076,2.1230300618462548,normal,ETH-USD,1678,0.02507755808976826,0.02916634368181243,,-0.0393791468806515,2026-02-22,2024-10-11,5.868420827539867,8.283504033925743
0.13662371973984297,-0.13662371973984297,8.125021723114706,10.482359730181495,False,False,2772.8148543221905,2785.4586786174573,0,null,-1383.4074271610953,"{""alpha[1]"": 0.09591946348317305, ""beta[1]"": 0.44160314328380806, ""omega"": 7.009285535704831}",3.9125850277452203,True,2026-02-24,1.8937292999871471,2.2232105241261904,normal,ETH-USD,1679,0.31767442149128794,0.09019892617482127,,-0.05448247592284397,2026-02-23,2024-10-12,6.490112149565596,9.156516337221962
-10.330529793582386,10.330529793582386,7.709729805714731,9.944733161224693,False,False,2772.803582940469,2785.4474072357357,0,null,-1383.4017914702345,"{""alpha[1]"": 0.09522529785883976, ""beta[1]"": 0.44244703031983407, ""omega"": 6.997932768250522}",3.7095404390520446,True,2026-02-25,1.8414299838741077,2.1706406527306408,normal,ETH-USD,1680,0.8245097035597837,0.19018224539755013,,-0.05801323211535985,2026-02-24,2024-10-13,6.159664277613272,8.687694746172612
1.3640230576981704,-1.3640230576981704,10.084354586666388,13.019210242437909,False,False,2780.492318004607,2793.136142299874,0,null,-1387.2461590023036,"{""alpha[1]"": 0.09708731176696302, ""beta[1]"": 0.4251659420637232, ""omega"": 7.349729261559589}",4.871118296545457,True,2026-02-26,2.1091436478579926,2.4396396343565865,normal,ETH-USD,1681,0.33424450145913137,0.10004529125170122,,-0.036636489498320386,2026-02-25,2024-10-14,8.048913086880791,11.368552182868285
4.853988371917741,-4.853988371917741,8.751922054216097,11.293091112566342,False,False,2777.554896020166,2790.1987203154326,0,null,-1385.777448010083,"{""alpha[1]"": 0.09129846784460238, ""beta[1]"": 0.4780617728384539, ""omega"": 6.596453438862159}",4.217698090331133,True,2026-02-27,1.9678999890305349,2.2976326973966907,normal,ETH-USD,1682,0.10677649072200907,0.050098667989606674,,-0.052022185090458244,2026-02-26,2024-10-15,6.9895181863579205,9.863855170878404
-1.7603302267212149,1.7603302267212149,8.614492235170406,11.113194165007343,False,False,2779.2088755776826,2791.8526998729494,0,null,-1386.6044377888413,"{""alpha[1]"": 0.09137690979233683, ""beta[1]"": 0.4713464686801772, ""omega"": 6.716242567316195}",4.14721339501192,True,2026-02-28,1.9522789714157591,2.2816751790584524,normal,ETH-USD,1683,0.43209356355306366,0.11468173341213869,,-0.05998204981296667,2026-02-27,2024-10-16,6.881541044340052,9.707843114492643
1.3311214507463425,-1.3311214507463425,8.06334432126056,10.401975075589958,False,False,2779.729088120614,2792.372912415881,0,null,-1386.864544060307,"{""alpha[1]"": 0.09116894160458267, ""beta[1]"": 0.45870085352286455, ""omega"": 6.911005027311583}",3.8815357184178603,True,2026-03-01,1.8861791893481041,2.215546460755125,normal,ETH-USD,1684,0.2555143767958735,0.07755531797891145,,-0.05685088208250306,2026-02-28,2024-10-17,6.4414089866638085,9.08665324863748
-4.448277907419991,4.448277907419991,7.758035591364957,10.006863539556074,False,False,2780.040368138448,2792.6841924337145,0,null,-1387.020184069224,"{""alpha[1]"": 0.09173927712346494, ""beta[1]"": 0.4429665126966716, ""omega"": 7.1410922594596045}",3.732485767289578,True,2026-03-02,1.8476919964879834,2.176876581511099,normal,ETH-USD,1685,0.5323330027314287,0.13190327632379373,,-0.05898939533756347,2026-03-01,2024-10-18,6.198382147208575,8.74204972495937
2.2195215389840155,-2.2195215389840155,8.096769245020901,10.446306813190448,False,False,2781.3846243056823,2794.028448600949,0,null,-1387.6923121528412,"{""alpha[1]"": 0.09167849871324181, ""beta[1]"": 0.4402535549589973, ""omega"": 7.2023395290206444}",3.899638271553409,True,2026-03-03,1.8902120553295472,2.219748657825032,normal,ETH-USD,1686,0.2123874026710474,0.06905329101214126,,-0.052935437641564304,2026-03-02,2024-10-19,6.46726959240496,9.124850640198135
-6.998564871242596,6.998564871242596,7.864894517049774,10.145249868634732,False,False,2781.83690400233,2794.4807282975967,0,null,-1387.918452001165,"{""alpha[1]"": 0.09191203111746732, ""beta[1]"": 0.4331634297690015, ""omega"": 7.305760212827548}",3.78481328507135,True,2026-03-04,1.8613232774329105,2.190587242788085,normal,ETH-USD,1687,0.664097020521759,0.15861268890518723,,-0.05791167990884727,2026-03-03,2024-10-20,6.283375539192574,8.862704019276112
2.6156065902364034,-2.6156065902364034,8.837733094758956,11.40421881082452,False,False,2784.297319095822,2796.9411433910886,0,null,-1389.148659547911,"{""alpha[1]"": 0.09162426482185966, ""beta[1]"": 0.4376326405744279, ""omega"": 7.286729404414546}",4.259717340702766,True,2026-03-05,1.9776255916985859,2.3074095983477108,normal,ETH-USD,1688,0.22210822535682567,0.07345137369052275,,-0.05115957972988892,2026-03-04,2024-10-21,7.057771097372913,9.960743959288672
4.585794628341254,-4.585794628341254,8.254582738709676,10.650948300232525,False,False,2784.298615282517,2796.9424395777837,0,null,-1389.1493076412585,"{""alpha[1]"": 0.09054603631387248, ""beta[1]"": 0.4400293217099986, ""omega"": 7.259847886716829}",3.977360899841855,True,2026-03-06,1.9094286413259365,2.2391067937411306,normal,ETH-USD,1689,0.10034056719926085,0.04717359915825638,,-0.05042947052662307,2026-03-05,2024-10-22,6.592605972326469,9.303154544166887
0.4708869096958857,-0.4708869096958857,8.332697601523105,10.750206979546231,False,False,2785.5445021895225,2798.1883264847893,0,null,-1389.7722510947613,"{""alpha[1]"": 0.09107634000586282, ""beta[1]"": 0.4346549048300818, ""omega"": 7.348411065555773}",4.0124542889190185,True,2026-03-07,1.9189749920868788,2.2484450505472777,normal,ETH-USD,1690,0.30925849153206514,0.08919634345248681,,-0.056156750231745545,2026-03-06,2024-10-23,6.656056740337183,9.390521254944558
1.6820776456772868,-1.6820776456772868,7.861514051876336,10.143650548533335,False,False,2784.2883968150995,2796.9322211103663,0,null,-1389.1441984075498,"{""alpha[1]"": 0.09061704280524711, ""beta[1]"": 0.4379471987916144, ""omega"": 7.289078551737032}",3.7877695355200407,True,2026-03-08,1.860649768661267,2.1903108973803187,normal,ETH-USD,1691,0.22983410659759215,0.07178025279709123,,-0.04843331907269501,2026-03-07,2024-10-24,6.278759777629126,8.860102925386403
-2.8673744561338097,2.8673744561338097,7.715658137227484,9.953620284171588,False,False,2784.4559808354657,2797.0998051307324,0,null,-1389.2279904177328,"{""alpha[1]"": 0.09148694219948333, ""beta[1]"": 0.4259490884378646, ""omega"": 7.457521947552487}",3.7144512846884115,True,2026-03-09,1.8420871511500803,2.1714795762698693,normal,ETH-USD,1692,0.45154575116631973,0.11562292204935262,,-0.05381189943828713,2026-03-08,2024-10-25,6.163540567192576,8.694917748801442
-2.192723449421934,2.192723449421934,7.785222922553594,10.04749663672567,False,False,2783.864720461149,2796.5085447564156,0,null,-1388.9323602305744,"{""alpha[1]"": 0.09200654748658806, ""beta[1]"": 0.42809953549278973, ""omega"": 7.416115345120885}",3.754802338992902,True,2026-03-10,1.85069453002221,2.1806873766869455,normal,ETH-USD,1693,0.42044838717271915,0.10967843936435753,,-0.040144048254096364,2026-03-09,2024-10-26,6.2162442940324425,8.77512048701381
-0.7069651173567485,0.7069651173567485,7.73451589691473,9.982221465649497,False,False,2784.0429572979297,2796.6867815931964,0,null,-1389.0214786489648,"{""alpha[1]"": 0.09202288009250459, ""beta[1]"": 0.425197888522582, ""omega"": 7.461592383446079}",3.730622901190954,True,2026-03-11,1.84414504877945,2.1741622486860965,normal,ETH-USD,1694,0.34413029929082795,0.09425004031038046,,-0.039312258647639084,2026-03-10,2024-10-27,6.175640868459804,8.718038913681289
-1.0455613703018836,1.0455613703018836,7.597672724652082,9.80520330250068,False,False,2784.023980372709,2796.667804667976,0,null,-1389.0119901863545,"{""alpha[1]"": 0.09219516096002249, ""beta[1]"": 0.42303916447792084, ""omega"": 7.487759153153607}",3.66394257475503,True,2026-03-12,1.826331320393355,2.1562878915968255,normal,ETH-USD,1695,0.3556111026531382,0.0960917783942413,,-0.04001144973314848,2026-03-11,2024-10-28,6.066660682760874,8.563616469122236
-0.9327310757723856,0.9327310757723856,7.553335217711856,9.747157231966533,False,False,2783.6764440982506,2796.3202683935174,0,null,-1388.8382220491253,"{""alpha[1]"": 0.09257030676782912, ""beta[1]"": 0.4226790801718372, ""omega"": 7.481506275448347}",3.641189825463805,True,2026-03-13,1.82055441272708,2.150387312060533,normal,ETH-USD,1696,0.3482280848383633,0.09446011615381193,,-0.04260633016193684,2026-03-12,2024-10-29,6.031830620994874,8.513280539608798
-0.2159223132552759,0.2159223132552759,7.525423186023519,9.710006711792978,False,False,2783.1339214316936,2795.7777457269603,0,null,-1388.5669607158468,"{""alpha[1]"": 0.09288088595137502, ""beta[1]"": 0.42473480898761096, ""omega"": 7.437386154341551}",3.625856270573544,True,2026-03-14,1.8169565308142501,2.146619402225833,normal,ETH-USD,1697,0.3113124084621637,0.08697248358412057,,-0.04632301853035952,2026-03-13,2024-10-30,6.010325855987992,8.481326045156775
-3.761747237260238,3.761747237260238,7.481831668391823,9.65338023202013,False,False,2782.858046350144,2795.5018706454107,0,null,-1388.429023175072,"{""alpha[1]"": 0.09436701508840929, ""beta[1]"": 0.42046361712211877, ""omega"": 7.471385290573332}",3.604221529370622,True,2026-03-15,1.8111824036809478,2.140787752393735,normal,ETH-USD,1698,0.4868760925423568,0.12193778088348863,,-0.0473577586650398,2026-03-14,2024-10-31,5.975774613586889,8.432030851088614
-7.674908523945258,7.674908523945258,7.826097886433153,10.103599573257771,False,False,2781.759461322532,2794.4032856177987,0,null,-1387.879730661266,"{""alpha[1]"": 0.09578672357370752, ""beta[1]"": 0.41788369195042047, ""omega"": 7.493567611406541}",3.780076923131718,True,2026-03-16,1.8556342220610103,2.1861111102332242,normal,ETH-USD,1699,0.6960733282420067,0.16497567241509686,,-0.028884803726096392,2026-03-15,2024-11-01,6.246558040894864,8.822658717564412
1.4187828493139623,-1.4187828493139623,9.071431807600593,11.717259777358526,False,False,2785.8828428404872,2798.526667135754,0,null,-1389.9414214202436,"{""alpha[1]"": 0.09639208079133806, ""beta[1]"": 0.4085562798445085, ""omega"": 7.695346128233125}",4.391405419770643,True,2026-03-17,2.0028479260430094,2.3340623078,normal,ETH-USD,1700,0.2908829944046151,0.08810377418303074,,-0.013223605282166125,2026-03-16,2024-11-02,7.23644273740626,10.229160267617027
5.060291821537612,-5.060291821537612,8.218204402200632,10.614468999525315,False,False,2786.1641242665964,2798.807948561863,0,null,-1390.0820621332982,"{""alpha[1]"": 0.09157804650588094, ""beta[1]"": 0.44798160184982905, ""omega"": 7.143254692097244}",3.9771933248021707,True,2026-03-18,1.9041291326650067,2.2352463894271524,normal,ETH-USD,1701,0.07480029185242894,0.042064402074634986,,-0.014396793198154135,2026-03-17,2024-11-03,6.556297658586189,9.266732029001107
3.05236072709364,-3.05236072709364,8.4189473437564,10.871709287573772,False,False,2787.3768155394064,2800.020639834673,0,null,-1390.6884077697032,"{""alpha[1]"": 0.0884041373508951, ""beta[1]"": 0.49245935880998226, ""omega"": 6.50374233700765}",4.07096463436065,True,2026-03-19,1.9284298564447413,2.25927377872142,normal,ETH-USD,1702,0.1832748335238278,0.06439835648897616,,-0.021716453550903955,2026-03-18,2024-11-04,6.717857397570193,9.49219637599125
-0.423595849832675,0.423595849832675,8.130302237600253,10.498400162103911,False,False,2786.9075072756327,2799.5513315708995,0,null,-1390.4537536378164,"{""alpha[1]"": 0.08747066868881578, ""beta[1]"": 0.5115155400591024, ""omega"": 6.19438167489185}",3.930443769994771,True,2026-03-20,1.893591830438056,2.2243563957069865,normal,ETH-USD,1703,0.34557630372408327,0.09590100892241352,,-0.022925534044267774,2026-03-19,2024-11-05,6.487930224648984,9.16650504240867
3.3061992056145675,-3.3061992056145675,7.721051248656868,9.969236610302799,False,False,2785.188010025654,2797.8318343209207,0,null,-1389.594005012827,"{""alpha[1]"": 0.0936196895746576, ""beta[1]"": 0.4813673314461354, ""omega"": 6.527854304048071}",3.7314192361055962,True,2026-03-21,1.8420081055492972,2.172668583286131,normal,ETH-USD,1704,0.14278221293662482,0.053985850016170685,,-0.024205000162279614,2026-03-20,2024-11-06,6.161843464347061,8.704784207231631
1.1449567822796602,-1.1449567822796602,7.822618394676347,10.091686709768757,False,False,2779.037555811679,2791.6813801069457,0,null,-1386.5187779058394,"{""alpha[1]"": 0.0949751736219124, ""beta[1]"": 0.4392810666571706, ""omega"": 7.117370590764917}",3.7660796584739042,True,2026-03-22,1.8558474373999347,2.185251694311417,normal,ETH-USD,1705,0.255198532619917,0.07670532273728602,,-0.05427764904903291,2026-03-21,2024-11-07,6.248927434677996,8.815489056008255
-4.713979821601547,4.713979821601547,7.625292227447823,9.832489419252816,False,False,2776.597611498859,2789.2414357941257,0,null,-1385.2988057494294,"{""alpha[1]"": 0.09481915305508658, ""beta[1]"": 0.4345170694023884, ""omega"": 7.1679642176750145}",3.6633892382208746,True,2026-03-23,1.8307201994113176,2.1594373145308245,normal,ETH-USD,1706,0.5404245611954452,0.13305069914605536,,-0.06877232688475303,2026-03-22,2024-11-08,6.094511402307349,8.591090093003979
-0.16520308398814543,0.16520308398814543,8.103589940529794,10.451917155891326,False,False,2777.763949755999,2790.4077740512657,0,null,-1385.8819748779995,"{""alpha[1]"": 0.09531273039857922, ""beta[1]"": 0.43255038468549895, ""omega"": 7.202811617979447}",3.8976293919354936,True,2026-03-24,1.8913270774771593,2.2204186112941513,normal,ETH-USD,1707,0.3320066400346491,0.09296344808583457,,-0.06389987486707241,2026-03-23,2024-11-09,6.47492971670483,9.131141724595302
-0.5697480276706317,0.5697480276706317,7.724054454614612,9.958380643012239,False,False,2775.6747532089576,2788.3185775042243,0,null,-1384.8373766044788,"{""alpha[1]"": 0.09419759388547216, ""beta[1]"": 0.4358314793027979, ""omega"": 7.145121971444852}",3.7084165128704543,True,2026-03-25,1.8437199220302243,2.172223518269085,normal,ETH-USD,1708,0.33721032985285176,0.09271471116389468,,-0.07465621794470025,2026-03-24,2024-11-10,6.174458569386398,8.701723088718829
5.1313706512460815,-5.1313706512460815,7.555095689592005,9.73929099262726,False,False,2775.357234703177,2788.0010589984436,0,null,-1384.6786173515884,"{""alpha[1]"": 0.0953400343594458, ""beta[1]"": 0.43067049908243116, ""omega"": 7.193657507392149}",3.625211918998707,True,2026-03-26,1.821718105762081,2.150033645255334,normal,ETH-USD,1709,0.04544484782657245,0.03379458023808879,,-0.07732463434479973,2026-03-25,2024-11-11,6.04026760777753,8.510828675054958
3.3727669651546672,-3.3727669651546672,8.155871164580345,10.509284682951872,False,False,2774.9955671165967,2787.6393914118635,0,null,-1384.4977835582984,"{""alpha[1]"": 0.09355034975504495, ""beta[1]"": 0.43897896119143676, ""omega"": 7.101372635102464}",3.906071368836483,True,2026-03-27,1.8986137839399042,2.2263099091348275,normal,ETH-USD,1710,0.15754582090252986,0.05812881584633157,,-0.09876772504327,2026-03-26,2024-11-12,6.523683383205261,9.18564854978782
-0.07141661665777062,0.07141661665777062,8.03255139602028,10.350242714926873,False,False,2774.701898549354,2787.345722844621,0,null,-1384.350949274677,"{""alpha[1]"": 0.09321843049672407, ""beta[1]"": 0.4426791212789245, ""omega"": 7.049077570309253}",3.84678155025059,True,2026-03-28,1.8833898293711355,2.2110665652629278,normal,ETH-USD,1711,0.32482775131562924,0.09118114522617886,,-0.09774582463511773,2026-03-27,2024-11-13,6.425138409654808,9.046697905960107
0.5098999593625507,-0.5098999593625507,7.697693244660869,9.91859071659568,False,False,2774.596869171266,2787.240693466533,0,null,-1384.298434585633,"{""alpha[1]"": 0.09349350585461531, ""beta[1]"": 0.438316461383364, ""omega"": 7.102430366125152}",3.6861282390562002,True,2026-03-29,1.8408240690783768,2.1684751318802933,normal,ETH-USD,1712,0.28237553799510695,0.08159585948852607,,-0.09426931584485078,2026-03-28,2024-11-14,6.157410719264685,8.669485908215151
-2.0447261795125398,2.0447261795125398,7.534562707289545,9.710011365769752,False,False,2773.1888947973903,2785.832719092657,0,null,-1383.5944473986951,"{""alpha[1]"": 0.09414207238183929, ""beta[1]"": 0.4408433062923562, ""omega"": 7.04337637937954}",3.610694700667476,True,2026-03-30,1.81925534168218,2.1471490605841383,normal,ETH-USD,1713,0.40352634789717284,0.10531194624444412,,-0.08673650422355184,2026-03-29,2024-11-15,6.02580077843091,8.486468444931864
-3.9340814577637038,3.9340814577637038,7.586075513759277,9.776929100551824,False,False,2773.3750313630853,2786.018855658352,0,null,-1383.6875156815427,"{""alpha[1]"": 0.0944283489115097, ""beta[1]"": 0.43825886474377984, ""omega"": 7.079594911694329}",3.636262986457494,True,2026-03-31,1.8260203365614434,2.15399331164533,normal,ETH-USD,1714,0.5000355549857958,0.12478803405890708,,-0.08550928012820333,2026-03-30,2024-11-16,6.066629641952204,8.544721948126993
-1.6038636506421469,1.6038636506421469,7.911769276262466,10.199487128651633,False,False,2774.4623341542383,2787.106158449505,0,null,-1384.2311670771192,"{""alpha[1]"": 0.09441680111234027, ""beta[1]"": 0.43827501470775315, ""omega"": 7.0921905197962225}",3.7970331747634316,True,2026-04-01,1.8678115640676154,2.1961853337438373,normal,ETH-USD,1715,0.3964503877977101,0.10516664020562964,,-0.0795803161473543,2026-03-31,2024-11-17,6.325144105312048,8.912800369920808
3.903857571821763,-3.903857571821763,7.692425489618026,9.91809593140205,False,False,2774.3583063656088,2787.0021306608755,0,null,-1384.1791531828044,"{""alpha[1]"": 0.09436417353734665, ""beta[1]"": 0.44403681112079196, ""omega"": 6.9967702662407625}",3.6940501621380544,True,2026-04-02,1.8395721543789216,2.168148299277334,normal,ETH-USD,1716,0.11224875720563356,0.04762449078069305,,-0.07266090860097918,2026-04-01,2024-11-18,6.148832715934432,8.666306649891064
0.1687146095714006,-0.1687146095714006,7.928203530465764,10.218003812058914,False,False,2774.2032494558243,2786.847073751091,0,null,-1384.1016247279122,"{""alpha[1]"": 0.09399311730298832, ""beta[1]"": 0.4406943187847322, ""omega"": 7.051968481676199}",3.800489480690041,True,2026-04-03,1.8701201305522788,2.1981131245816394,normal,ETH-USD,1717,0.3085709750390853,0.08761431217995633,,-0.08888520384917062,2026-04-02,2024-11-19,6.340134110353102,8.930145827567026
-0.5810685267755229,0.5810685267755229,7.62665619001077,9.830062239214092,False,False,2773.490509449737,2786.134333745004,0,null,-1383.7452547248686,"{""alpha[1]"": 0.09376255215278799, ""beta[1]"": 0.4483287453639655, ""omega"": 6.92047318814134}",3.65709690011031,True,2026-04-04,1.831279712227806,2.1593761692389273,normal,ETH-USD,1718,0.33397866014462435,0.09171863701366027,,-0.0831155758575289,2026-04-03,2024-11-20,6.098504676116958,8.590795174590497
-2.0911357704086466,2.0911357704086466,7.475715544907541,9.636113133403649,False,False,2772.788232520997,2785.432056816264,0,null,-1383.3941162604985,"{""alpha[1]"": 0.09772789710788149, ""beta[1]"": 0.43743545730338473, ""omega"": 7.003826166028346}",3.5857137302276008,True,2026-04-05,1.8112344233606095,2.1394215774653134,normal,ETH-USD,1719,0.4034263957147529,0.10512171193154532,,-0.07941790951184327,2026-04-04,2024-11-21,5.977392143886405,8.421035422745875
0.05853455685607824,-0.05853455685607824,7.524764656499355,9.695460951845762,False,False,2766.9530323491367,2779.5968566444035,0,null,-1380.4765161745684,"{""alpha[1]"": 0.09933883279567927, ""beta[1]"": 0.4448713786584811, ""omega"": 6.836181984430579}",3.602806979522705,True,2026-04-06,1.8181313549417242,2.145736018162185,normal,ETH-USD,1720,0.29803820637393275,0.08416056357396808,,-0.093208556860728,2026-04-05,2024-11-22,6.019298684334728,8.474590914252877
-6.16556049522779,6.16556049522779,7.414801183876288,9.553858039977264,False,False,2766.9483450774264,2779.592169372693,0,null,-1380.4741725387132,"{""alpha[1]"": 0.099564823641155, ""beta[1]"": 0.4433837769562656, ""omega"": 6.851906056759405}",3.5502935105560915,True,2026-04-07,1.803402300721313,2.131019489208284,normal,ETH-USD,1721,0.6048419471025,0.14516343544972699,,-0.091565289241738,2026-04-06,2024-11-23,5.9312784468222,8.350783049744894
2.3227371794176928,-2.3227371794176928,8.436209961534558,10.87609144083022,False,False,2769.6611803502396,2782.3050046455064,0,null,-1381.8305901751198,"{""alpha[1]"": 0.09861080390203643, ""beta[1]"": 0.4393638853683074, ""omega"": 6.9651180878426935}",4.049586320140553,True,2026-04-08,1.9319505637337726,2.2603939862638196,normal,ETH-USD,1722,0.221065798039617,0.07181085741059934,,-0.08307639387377447,2026-04-07,2024-11-24,6.7440531402100286,9.50382292047762
0.05440856757372792,-0.05440856757372792,7.98214632269003,10.28860547620973,False,False,2770.0872005503857,2782.7310248456524,0,null,-1382.0436002751928,"{""alpha[1]"": 0.09709132210827258, ""beta[1]"": 0.4497556810723481, ""omega"": 6.824567119458652}",3.828138995814111,True,2026-04-09,1.876807225191727,2.2049531212797264,normal,ETH-USD,1723,0.31640573656355664,0.08936969433976924,,-0.08579498710564742,2026-04-08,2024-11-25,6.3825232988448555,8.991378001550643
-2.526112758135949,2.526112758135949,7.633243590235907,9.836899346827652,False,False,2769.7966358464278,2782.4404601416945,0,null,-1381.8983179232139,"{""alpha[1]"": 0.09718989490499984, ""beta[1]"": 0.4556474651224496, ""omega"": 6.716391768843658}",3.657511351235408,True,2026-04-10,1.8322933020602,2.1601448046539016,normal,ETH-USD,1724,0.43155158261352683,0.11123604596801534,,-0.08884808243884058,2026-04-09,2024-11-26,6.104918894134581,8.597491838665574
-1.7765001001663874,1.7765001001663874,7.6312580336178675,9.83731819990564,False,False,2769.4033789078057,2782.0472032030725,0,null,-1381.7016894539029,"{""alpha[1]"": 0.09978873380960344, ""beta[1]"": 0.44892059021963254, ""omega"": 6.758483018659964}",3.661502063364529,True,2026-04-11,1.8317625374975037,2.1600552800174437,normal,ETH-USD,1725,0.3938882940991414,0.10373058473871609,,-0.07863083280098786,2026-04-10,2024-11-27,6.101265781816433,8.596558373705212
4.163060764316465,-4.163060764316465,7.531702845228917,9.704184357346755,False,False,2762.5907094925205,2775.2345337877873,0,null,-1378.2953547462603,"{""alpha[1]"": 0.09913113766714096, ""beta[1]"": 0.4768499362695466, ""omega"": 6.313140979233656}",3.6057699879628364,True,2026-04-12,1.8190728919455994,2.1466450829130506,normal,ETH-USD,1726,0.09309689942345262,0.04319249491593231,,-0.09403491013207807,2026-04-11,2024-11-28,6.024998752785516,8.482310255909692
-7.828539118711868,7.828539118711868,7.868087370439651,10.137642258566306,False,False,2763.5908216554835,2776.2346459507503,0,null,-1378.7954108277418,"{""alpha[1]"": 0.0989527217520545, ""beta[1]"": 0.47324727794304816, ""omega"": 6.382481400591505}",3.7668872466784737,True,2026-04-13,1.862762775776181,2.1903414294727837,normal,ETH-USD,1727,0.7061299035503896,0.16689710059053486,,-0.09808080227957901,2026-04-12,2024-11-29,6.294058952295912,8.861170940341603
2.0199243768184547,-2.0199243768184547,9.208271282997147,11.873633288716459,False,False,2768.053162405549,2780.6969867008156,0,null,-1381.0265812027744,"{""alpha[1]"": 0.1015826301011946, ""beta[1]"": 0.45594261466383207, ""omega"": 6.667498068569734}",4.423826980193804,True,2026-04-14,2.019354711113118,2.3480668928856034,normal,ETH-USD,1728,0.26699050946567987,0.0835462282643441,,-0.08318671275448847,2026-04-13,2024-11-30,7.359734566132047,10.374547203252858
-1.5430748500611766,1.5430748500611766,8.332188883471655,10.738678155706909,False,False,2767.8705212590753,2780.514345554342,0,null,-1380.9352606295377,"{""alpha[1]"": 0.09912993229418685, ""beta[1]"": 0.4618345747138848, ""omega"": 6.605544654136968}",3.994163699796652,True,2026-04-15,1.91981892731844,2.247813432795338,normal,ETH-USD,1729,0.4103132881464737,0.10928265346274083,,-0.09337626461985643,2026-04-14,2024-12-01,6.663190912868291,9.385190496212896
0.4584461709960302,-0.4584461709960302,7.867148905860871,10.138619265781099,False,False,2768.2798316326257,2780.9236559278925,0,null,-1381.1399158163129,"{""alpha[1]"": 0.09899880323670916, ""beta[1]"": 0.4548390765985616, ""omega"": 6.708408999650372}",3.770066445519765,True,2026-04-16,1.8624507684667977,2.190343673339034,normal,ETH-USD,1730,0.29166729296492305,0.08402624453064847,,-0.09058456353325547,2026-04-15,2024-12-02,6.291792030294486,8.86107062406087
-3.0371750551009704,3.0371750551009704,7.568912415668917,9.754066301324876,False,False,2768.125378314303,2780.7692026095697,0,null,-1381.0626891571515,"{""alpha[1]"": 0.0998131239068789, ""beta[1]"": 0.44758544231850494, ""omega"": 6.796732272949049}",3.6268029237669577,True,2026-04-17,1.8238234078897926,2.15168537193286,normal,ETH-USD,1731,0.4545297286503349,0.11562239900880783,,-0.08785957450943539,2026-04-16,2024-12-03,6.05341951790572,8.525064845779802
2.932677219289697,-2.932677219289697,7.698552606485227,9.923725315270502,False,False,2768.6518222895425,2781.295646584809,0,null,-1381.3259111447712,"{""alpha[1]"": 0.10184093596221502, ""beta[1]"": 0.4411256727320228, ""omega"": 6.864433270861199}",3.6932240512142576,True,2026-04-18,1.8405728939353967,2.168815530750218,normal,ETH-USD,1732,0.1611313905772802,0.057395387556602145,,-0.08049205505111727,2026-04-17,2024-12-04,6.155305030835298,8.672215974949907
3.734544284997658,-3.734544284997658,7.728305207668734,9.956999836134056,False,False,2766.585076972739,2779.2289012680058,0,null,-1380.2925384863695,"{""alpha[1]"": 0.10151186165475799, ""beta[1]"": 0.44170932235357246, ""omega"": 6.846763280386085}",3.6990695473492043,True,2026-04-19,1.844885820829894,2.172385456162071,normal,ETH-USD,1733,0.1224035376398129,0.04968965368898218,,-0.09818707649083394,2026-04-18,2024-12-05,6.182615037793914,8.703509653895871
-2.196332351354997,2.196332351354997,7.889238634033543,10.1632219042599,False,False,2767.538563634022,2780.182387929289,0,null,-1380.769281817011,"{""alpha[1]"": 0.10245201549195852, ""beta[1]"": 0.4360461786734365, ""omega"": 6.92383996378389}",3.7742372412267664,True,2026-04-20,1.8655944511381017,2.192933330037767,normal,ETH-USD,1734,0.4254235652272884,0.11080592271592261,,-0.10407113798359834,2026-04-19,2024-12-06,6.312138953190764,8.884259920237255
-0.5495406702322239,0.5495406702322239,7.73242857481584,9.958979700058398,False,False,2765.9448059589718,2778.5886302542385,0,null,-1379.9724029794859,"{""alpha[1]"": 0.10262299587225943, ""beta[1]"": 0.4341977671571568, ""omega"": 6.9364739099148816}",3.6955118739942745,True,2026-04-21,1.8457181288590196,2.172730359192837,normal,ETH-USD,1735,0.3368882840823013,0.09256235763823577,,-0.10964890203208165,2026-04-20,2024-12-07,6.188225011413796,8.706695093591344
-2.0458654311967086,2.0458654311967086,7.512405927751892,9.675056771124583,False,False,2765.982489757722,2778.6263140529886,0,null,-1379.991244878861,"{""alpha[1]"": 0.1032924666645298, ""beta[1]"": 0.43383066662570674, ""omega"": 6.924181423008605}",3.5894535635766514,True,2026-04-22,1.8169012144023573,2.1438314294982663,normal,ETH-USD,1736,0.4029192617114411,0.10504577188000744,,-0.10839409020916423,2026-04-21,2024-12-08,6.012519803032106,8.458711756804027
1.8937688729546691,-1.8937688729546691,7.524543433956906,9.691890761379955,False,False,2766.0189386630573,2778.662762958324,0,null,-1380.0094693315286,"{""alpha[1]"": 0.10657869798676496, ""beta[1]"": 0.42573040852592203, ""omega"": 6.988808554346533}",3.5972485395722,True,2026-04-23,1.8184047491082813,2.145515676256612,normal,ETH-USD,1737,0.20638156170002506,0.0657913541906959,,-0.10445279959394647,2026-04-22,2024-12-09,6.021400106955166,8.472904292024253
0.6810026332688668,-0.6810026332688668,7.459557680823412,9.611160179746859,False,False,2762.091023182065,2774.7348474773316,0,null,-1378.0455115910324,"{""alpha[1]"": 0.10596509655134899, ""beta[1]"": 0.44016327352535484, ""omega"": 6.7532632583065535}",3.571116105416688,True,2026-04-24,1.809454279616208,2.137015994039266,normal,ETH-USD,1738,0.2643165699037482,0.07720026479604632,,-0.09337075308437184,2026-04-23,2024-12-10,5.967334031343826,8.401029112873491
-0.1354581256395446,0.1354581256395446,7.344786379709774,9.463847949652184,False,False,2761.714711354917,2774.358535650184,0,null,-1377.8573556774586,"{""alpha[1]"": 0.10712282504483439, ""beta[1]"": 0.43751403886282597, ""omega"": 6.766231099160654}",3.5171063914348775,True,2026-04-25,1.7938957031035048,2.121544134236318,normal,ETH-USD,1739,0.30052946553481197,0.0840747708286036,,-0.09000598073082663,2026-04-24,2024-12-11,5.87513118505669,8.272018957220807
-2.1713243443616603,2.1713243443616603,7.2696907399358475,9.363749997995248,False,False,2758.9621402336525,2771.6059645289192,0,null,-1376.4810701168262,"{""alpha[1]"": 0.10625648497690893, ""beta[1]"": 0.46005990115830586, ""omega"": 6.427387961694582}",3.475608875661057,True,2026-04-26,1.7839370169478177,2.111066448461931,normal,ETH-USD,1740,0.39943500037903934,0.10357307461476546,,-0.10050779822330179,2026-04-25,2024-12-12,5.81737566321912,8.185983117114878
2.853520921082251,-2.853520921082251,7.406002188141359,9.540383990963383,False,False,2759.23595208496,2771.8797763802268,0,null,-1376.61797604248,"{""alpha[1]"": 0.1066180898060712, ""beta[1]"": 0.4563254310842556, ""omega"": 6.481339323172409}",3.542534104222203,True,2026-04-27,1.80241500687917,2.129705929005026,normal,ETH-USD,1741,0.15361004345886511,0.05486417481322626,,-0.09877172033037548,2026-04-26,2024-12-13,5.9257217902595505,8.339938402404872
0.5942025364176575,-0.5942025364176575,7.556322058693414,9.732522799723062,False,False,2759.8999243391545,2772.5437486344213,0,null,-1376.9499621695772,"{""alpha[1]"": 0.1065226333001816, ""beta[1]"": 0.4518868956382101, ""omega"": 6.554408027177527}",3.6119429675319448,True,2026-04-28,1.8226467207501176,2.1497127476413467,normal,ETH-USD,1742,0.2726417996824012,0.07914354346835947,,-0.1059210395788943,2026-04-27,2024-12-14,6.047038530065677,8.508556883253599
1.5851184249564332,-1.5851184249564332,7.388421709048225,9.51587580967741,False,False,2759.910861951531,2772.5546862467977,0,null,-1376.9554309757655,"{""alpha[1]"": 0.10656522761546365, ""beta[1]"": 0.4515257162799821, ""omega"": 6.554938715347823}",3.531035870284125,True,2026-04-29,1.8002130663289493,2.1272191246854293,normal,ETH-USD,1743,0.21639137644105969,0.06734208160686028,,-0.10490879564503192,2026-04-28,2024-12-15,5.912945953777623,8.319326585642456
-0.12574987814720323,0.12574987814720323,7.37711265195276,9.499089388711418,False,False,2759.714026637744,2772.357850933011,0,null,-1376.857013318872,"{""alpha[1]"": 0.10681590509313918, ""beta[1]"": 0.45092035523868795, ""omega"": 6.556044182900521}",3.521944831236232,True,2026-04-30,1.7988900481260028,2.1255556258410864,normal,ETH-USD,1744,0.30155927744781597,0.08431370690009951,,-0.11235194122720507,2026-04-29,2024-12-16,5.905435670809111,8.30562081186274
-1.706900808904353,1.706900808904353,7.291599239460927,9.388148666261174,False,False,2759.5417824615793,2772.185606756846,0,null,-1376.7708912307896,"{""alpha[1]"": 0.10769501356892112, ""beta[1]"": 0.4530607191691425, ""omega"": 6.502883582244177}",3.479741926119999,True,2026-05-01,1.7873095630229674,2.113846413611989,normal,ETH-USD,1745,0.37722289692852945,0.09915882042577047,,-0.1138910016326469,2026-04-30,2024-12-17,5.837557129666229,8.208981233672686
-0.916800655942813,0.916800655942813,7.33451504802342,9.446091442944665,False,False,2759.1048558996513,2771.748680194918,0,null,-1376.5524279498256,"{""alpha[1]"": 0.1094120403686147, ""beta[1]"": 0.452419156131854, ""omega"": 6.473780073250434}",3.5046828935613994,True,2026-05-02,1.7929238438859523,2.119875073798408,normal,ETH-USD,1746,0.3393425890977102,0.09175273011788822,,-0.10536075722213652,2026-05-01,2024-12-18,5.870051126011385,8.258472355846001
-0.23302995354178632,0.23302995354178632,7.248817729761546,9.340071480072622,False,False,2755.6120120906926,2768.2558363859594,0,null,-1374.8060060453463,"{""alpha[1]"": 0.10769000992364121, ""beta[1]"": 0.4684395948404031, ""omega"": 6.231630098897803}",3.4709524421846485,True,2026-05-03,1.780754811937125,2.108384572257407,normal,ETH-USD,1747,0.3015739170031687,0.08396912461333009,,-0.08923967301809389,2026-05-02,2024-12-19,5.798448386521583,8.163882507791214
-1.060895017266959,1.060895017266959,7.156734880721763,9.224564134064615,False,False,2752.7046001190593,2765.348424414326,0,null,-1373.3523000595296,"{""alpha[1]"": 0.10762918214144108, ""beta[1]"": 0.4828854645328491, ""omega"": 6.002913577106187}",3.4320737002114563,True,2026-05-04,1.767665894581783,2.0957919753615077,normal,ETH-USD,1748,0.33917531970053655,0.0912244487629156,,-0.07735250298619203,2026-05-03,2024-12-20,5.722611376743766,8.061549859024595
-0.6281653803787127,0.6281653803787127,7.167638598889613,9.238346233179861,False,False,2752.60064223377,2765.244466529037,0,null,-1373.300321116885,"{""alpha[1]"": 0.10874763977185893, ""beta[1]"": 0.47981292055329683, ""omega"": 6.028473891824527}",3.436851084771996,True,2026-05-05,1.7692146222248244,2.0972977766680856,normal,ETH-USD,1749,0.31798421006463323,0.08701878443667639,,-0.07840184883462825,2026-05-04,2024-12-21,5.731518820913947,8.073713063288919
0.4406055041714165,-0.4406055041714165,7.119855425213306,9.179295160159102,False,False,2751.1805810084097,2763.8244053036765,0,null,-1372.5902905042049,"{""alpha[1]"": 0.10908174765535364, ""beta[1]"": 0.48660773513033306, ""omega"": 5.9151748210171755}",3.4181492210014714,True,2026-05-06,1.7622787069235955,2.090764726936097,normal,ETH-USD,1750,0.26254724442681243,0.0758039391834176,,-0.06919524908204047,2026-05-05,2024-12-22,5.6915503927076605,8.020999422513169
2.572114981525249,-2.572114981525249,7.087103346139057,9.137773361003882,False,False,2750.9236693404764,2763.567493635743,0,null,-1372.4618346702382,"{""alpha[1]"": 0.11029004706492533, ""beta[1]"": 0.48471434007779685, ""omega"": 5.920895043323358}",3.4035937031319716,True,2026-05-07,1.757599104293246,2.0861974404370764,normal,ETH-USD,1751,0.1546382744438841,0.054122950169917215,,-0.06646702313711175,2026-05-06,2024-12-23,5.664880470402928,7.984409998516966
-0.6900517400543021,0.6900517400543021,7.2800673110041565,9.383184322372834,False,False,2749.857669561879,2762.5014938571458,0,null,-1371.9288347809395,"{""alpha[1]"": 0.10959257643676368, ""beta[1]"": 0.49231594968620174, ""omega"": 5.815948661623682}",3.4906424558589957,True,2026-05-08,1.7847852304176506,2.112857369433409,normal,ETH-USD,1752,0.32557610274197013,0.08890374807153217,,-0.07987441087463269,2026-05-07,2024-12-24,5.8214703147850955,8.200323067098907
-0.852677082332483,0.852677082332483,7.187507445297904,9.2627016376769,False,False,2749.4993118349184,2762.143136130185,0,null,-1371.7496559174592,"{""alpha[1]"": 0.10966147130720247, ""beta[1]"": 0.4933215117944742, ""omega"": 5.7956604833869445}",3.4442976367520357,True,2026-05-09,1.7721037606363819,2.0999896977529784,normal,ETH-USD,1753,0.330047656977319,0.08948222164256404,,-0.08291059710192178,2026-05-08,2024-12-25,5.748276057213892,8.095545081923913
-1.8023789236114969,1.8023789236114969,7.144345800160821,9.207411121977183,False,False,2749.575881773036,2762.219706068303,0,null,-1371.787940886518,"{""alpha[1]"": 0.11127922718991154, ""beta[1]"": 0.4880309172476754, ""omega"": 5.846578336720509}",3.4241667784599463,True,2026-05-10,1.7660482526015433,2.0939868771427568,normal,ETH-USD,1754,0.37579525998190655,0.09849455160233124,,-0.08127313119004749,2026-05-09,2024-12-26,5.713526276026628,8.047076236621617
1.2608728266211688,-1.2608728266211688,7.173436762527994,9.248826404796256,False,False,2747.5851941289584,2760.229018424225,0,null,-1370.7925970644792,"{""alpha[1]"": 0.1110243947416499, ""beta[1]"": 0.5034577452046437, ""omega"": 5.61983966642696}",3.444622034147795,True,2026-05-11,1.769732515572401,2.0982896846395724,normal,ETH-USD,1755,0.2236598497696425,0.06820687095061853,,-0.06817077566905622,2026-05-10,2024-12-27,5.734069822014015,8.081559921683017
2.805438575291412,-2.805438575291412,7.1454380882739,9.2119534705877,False,False,2747.810883088231,2760.454707383498,0,null,-1370.9054415441155,"{""alpha[1]"": 0.11140874776500402, ""beta[1]"": 0.49939182708028473, ""omega"": 5.67335594190691}",3.4298930065216937,True,2026-05-12,1.7658968791611134,2.0943315899156048,normal,ETH-USD,1756,0.145339361594137,0.05244239583959334,,-0.07055385534145124,2026-05-11,2024-12-28,5.712225807174149,8.04967815925074
0.7531505436581262,-0.7531505436581262,7.343523314592999,9.46506063416187,False,False,2748.1200054936257,2760.7638297888925,0,null,-1371.0600027468129,"{""alpha[1]"": 0.11119220849510728, ""beta[1]"": 0.49759562375628735, ""omega"": 5.707270629611007}",3.5212155098098856,True,2026-05-13,1.793455489019792,2.121541285824149,normal,ETH-USD,1757,0.25595002717224025,0.07518688656142102,,-0.0802669845143585,2026-05-12,2024-12-29,5.872151087102926,8.27183919980022
-1.0293509507152703,1.0293509507152703,7.203606947254833,9.284673776535138,False,False,2748.09340809242,2760.7372323876866,0,null,-1371.04670404621,"{""alpha[1]"": 0.11101627007211816, ""beta[1]"": 0.49702312695601925, ""omega"": 5.715920724429035}",3.4540447290843916,True,2026-05-14,1.774223307512468,2.102301447209294,normal,ETH-USD,1758,0.33948267989356473,0.09143565209931667,,-0.07890464686894225,2026-05-13,2024-12-30,5.760302647156019,8.114214259216388
2.557980716308294,-2.557980716308294,7.1583154218627785,9.22663444450278,False,False,2748.2529175361797,2760.8967418314464,0,null,-1371.1264587680898,"{""alpha[1]"": 0.11121697957166041, ""beta[1]"": 0.49519941534235046, ""omega"": 5.738860425015696}",3.432886593404261,True,2026-05-15,1.7678835103330774,2.09601481946991,normal,ETH-USD,1759,0.15829357633465319,0.0550536399100829,,-0.07725627892727237,2026-05-14,2024-12-31,5.723852243001355,8.06334470731658
1.9794470614372646,-1.9794470614372646,7.306024816054237,9.41641098889525,False,False,2748.775689643179,2761.4195139384456,0,null,-1371.3878448215894,"{""alpha[1]"": 0.11121684934893677, ""beta[1]"": 0.49405897249932834, ""omega"": 5.75844619459373}",3.5027074258614537,True,2026-05-16,1.7883662449335826,2.1164028421311105,normal,ETH-USD,1760,0.19314696499596282,0.06250014259881051,,-0.0809453477784505,2026-05-15,2025-01-01,5.8423863613565175,8.22946132131831
2.419522896428113,-2.419522896428113,7.292802033065281,9.3978030910724,False,False,2749.011810167586,2761.655634462853,0,null,-1371.505905083793,"{""alpha[1]"": 0.11137934999634973, ""beta[1]"": 0.49456446828400974, ""omega"": 5.746214708967798}",3.4937694968887665,True,2026-05-17,1.7867036500526634,2.114497472981181,normal,ETH-USD,1761,0.17066877388079227,0.057943592904018605,,-0.0861589453540479,2026-05-16,2025-01-02,5.832898374043955,8.213882186829968
-0.04092180418056977,0.04092180418056977,7.351281215039819,9.470269303063583,False,False,2748.7625581384546,2761.4063824337213,0,null,-1371.3812790692273,"{""alpha[1]"": 0.1113314940722856, ""beta[1]"": 0.495126252674491, ""omega"": 5.733946077021988}",3.5169844300301714,True,2026-05-18,1.794963306530506,2.1223121728694685,normal,ETH-USD,1762,0.296129939362997,0.08319403443428387,,-0.09675238741238117,2026-05-17,2025-01-03,5.881676983079364,8.27848163924781
0.8754253680422625,-0.8754253680422625,7.199348460759204,9.271438223607527,False,False,2747.203563905341,2759.847388200608,0,null,-1370.6017819526705,"{""alpha[1]"": 0.11166970649047556, ""beta[1]"": 0.4951227416901772, ""omega"": 5.718445043829075}",3.4391450687007046,True,2026-05-19,1.774378253220092,2.101239514580754,normal,ETH-USD,1763,0.24434223762483107,0.07230602331721926,,-0.10537988067425585,2026-05-18,2025-01-04,5.762270120538879,8.106027699764182
-0.8033908131179641,0.8033908131179641,7.134470833538281,9.186251205156076,False,False,2746.9710717223684,2759.614896017635,0,null,-1370.4855358611842,"{""alpha[1]"": 0.1115269918577354, ""beta[1]"": 0.5014457314458475, ""omega"": 5.621647959049015}",3.405436614582981,True,2026-05-20,1.7654848951855358,2.092086736051284,normal,ETH-USD,1764,0.3257434346725683,0.08835654155117165,,-0.11003311348323733,2026-05-19,2025-01-05,5.711477880333396,8.032263341999192
-0.20793043341680775,0.20793043341680775,7.08474491923253,9.122848281428807,False,False,2746.5907431590163,2759.234567454283,0,null,-1370.2953715795081,"{""alpha[1]"": 0.11284362958393752, ""beta[1]"": 0.5070051902746293, ""omega"": 5.511686071650517}",3.382736237239319,True,2026-05-21,1.7584296445285572,2.085131016484536,normal,ETH-USD,1765,0.29395839802597956,0.08184483245618926,,-0.1071315582595098,2026-05-20,2025-01-06,5.671237527102779,7.976552812202112
3.182962904724642,-3.182962904724642,7.023749729984702,9.043288664540954,False,False,2745.6933063405904,2758.337130635857,0,null,-1369.8466531702952,"{""alpha[1]"": 0.11674152157072798, ""beta[1]"": 0.4986581531274278, ""omega"": 5.561127640520456}",3.3519239814595925,True,2026-05-22,1.749883484189796,2.0764209992179463,normal,ETH-USD,1766,0.12200773085407536,0.04724471527127114,,-0.10969320363671749,2026-05-21,2025-01-07,5.623117521806147,7.907434431851751
-2.4550147315105404,2.4550147315105404,7.293914529797501,9.395583950151133,False,False,2740.491196733811,2753.135021029078,0,null,-1367.2455983669056,"{""alpha[1]"": 0.1177985961038501, ""beta[1]"": 0.5088175101377789, ""omega"": 5.388283940599147}",3.488239820804205,True,2026-05-23,1.7872035067126868,2.1144309926266587,normal,ETH-USD,1767,0.41456681141020785,0.10668551598550276,,-0.0986775757672593,2026-05-22,2025-01-08,5.83632149669361,8.213536867039727
0.8522952897690268,-0.8522952897690268,7.33900930226141,9.456247032116705,False,False,2740.802190551296,2753.446014846563,0,null,-1367.401095275648,"{""alpha[1]"": 0.11814805591078166, ""beta[1]"": 0.5077618892178011, ""omega"": 5.400170378163877}",3.5140792780567964,True,2026-05-24,1.7931236830732358,2.120747909425276,normal,ETH-USD,1768,0.25091618624774586,0.0741314853676659,,-0.09047296881720729,2026-05-23,2025-01-09,5.87061901472394,8.26544382653561
-0.6355596337235533,0.6355596337235533,7.145690408793081,9.207871613727749,False,False,2739.9796070590696,2752.6234313543364,0,null,-1366.9898035295348,"{""alpha[1]"": 0.11813242769341732, ""beta[1]"": 0.5105753311686911, ""omega"": 5.354473275854885}",3.4226993679894377,True,2026-05-25,1.766359936254486,2.0940971948524734,normal,ETH-USD,1769,0.3175521844659597,0.08683593618120414,,-0.08564458619369666,2026-05-24,2025-01-10,5.715484055595635,8.048033984396854
1.9374108351730897,-1.9374108351730897,7.047094914470754,9.079982853368692,False,False,2739.8496474674025,2752.4934717626693,0,null,-1366.9248237337013,"{""alpha[1]"": 0.11791861808191945, ""beta[1]"": 0.5126537280380222, ""omega"": 5.323866843564257}",3.3740799533083528,True,2026-05-26,1.7525485841921666,2.0801511252464664,normal,ETH-USD,1770,0.18498968974389846,0.05999209872277179,,-0.08733698122755794,2026-05-25,2025-01-11,5.637204630051055,7.936620707450263
2.3777930193246823,-2.3777930193246823,7.0997723891707425,9.146652459430529,False,False,2740.0567794695417,2752.7006037648084,0,null,-1367.0283897347708,"{""alpha[1]"": 0.11752679000323324, ""beta[1]"": 0.5169110653477756, ""omega"": 5.265599588472415}",3.397303353392893,True,2026-05-27,1.760113443139038,2.0875242332045096,normal,ETH-USD,1771,0.16511924872486583,0.05617627665451994,,-0.09211125113929651,2026-05-26,2025-01-12,5.680177993821996,7.995420684776672
0.726872333765149,-0.726872333765149,7.183816573681794,9.254146430068188,False,False,2740.218162498511,2752.8619867937778,0,null,-1367.1090812492555,"{""alpha[1]"": 0.11760546882404885, ""beta[1]"": 0.5209208778628805, ""omega"": 5.201994502234665}",3.4362240689745156,True,2026-05-28,1.7719568509789525,2.0992447988935865,normal,ETH-USD,1772,0.25105432331241573,0.0736285340096447,,-0.09587317714278056,2026-05-27,2025-01-13,5.747958800013459,8.089725734729612
-0.22021392611579746,0.22021392611579746,7.039974283031845,9.07024564121066,False,False,2738.9054208672396,2751.5492451625064,0,null,-1366.4527104336198,"{""alpha[1]"": 0.11761941162392962, ""beta[1]"": 0.5237046849392849, ""omega"": 5.146583198724922}",3.369737090929332,True,2026-05-29,1.751593050822171,2.0791052372973065,normal,ETH-USD,1773,0.29260563148214574,0.0814856907131492,,-0.08917442763909705,2026-05-28,2025-01-14,5.631898703527112,7.928355145199116
-0.3710709115900707,0.3710709115900707,6.949768857379961,8.952200284153509,False,False,2737.943456518056,2750.5872808133226,0,null,-1365.971728259028,"{""alpha[1]"": 0.11845360746583057, ""beta[1]"": 0.523545686005436, ""omega"": 5.119920605475861}",3.323529844253987,True,2026-05-30,1.7388790994608225,2.0660942479893305,normal,ETH-USD,1774,0.29660361558484055,0.0819703878058573,,-0.09428128150410303,2026-05-29,2025-01-15,5.561001400106735,7.825967868995652
0.7513679035119147,-0.7513679035119147,6.913085722841117,8.901046338144544,False,False,2734.6697831666665,2747.3136074619333,0,null,-1364.3348915833333,"{""alpha[1]"": 0.1181883683295538, ""beta[1]"": 0.5253756079441383, ""omega"": 5.079655531626385}",3.2995119562262256,True,2026-05-31,1.7339781879844738,2.060555113802748,normal,ETH-USD,1775,0.2391493228532972,0.07031584873436708,,-0.10714015220940044,2026-05-30,2025-01-16,5.534354360577855,7.782952776948616
0.05591238868884093,-0.05591238868884093,6.876008794505986,8.855158963959354,False,False,2733.2332985876037,2745.8771228828705,0,null,-1363.6166492938019,"{""alpha[1]"": 0.11848803215534724, ""beta[1]"": 0.5288705006182881, ""omega"": 5.013085102123972}",3.2848888438777353,True,2026-06-01,1.7284137003159112,2.055295163901497,normal,ETH-USD,1776,0.27237377226485027,0.07686108294727732,,-0.10022650500112068,2026-05-31,2025-01-17,5.503387833985842,7.742020683416566
7.540853792979569,-7.540853792979569,6.844989131552308,8.812190012428758,True,False,2731.2362939745412,2743.880118269808,0,null,-1362.6181469872706,"{""alpha[1]"": 0.1177583204084613, ""beta[1]"": 0.5362132257891981, ""omega"": 4.905971914589109}",3.2650560462737825,True,2026-06-02,7.743779211500813,2.050580640308196,normal,ETH-USD,1777,1.9571883901228617,0.0016491860656745608,,-0.11011620767381863,2026-06-01,2025-01-18,5.480655487587083,7.705772399547025
2.5064483112461686,-2.5064483112461686,8.659992247440153,11.155836521632413,False,False,2734.205969145296,2746.8497934405627,0,null,-1364.102984572648,"{""alpha[1]"": 0.11501477574095799, ""beta[1]"": 0.5322445881600798, ""omega"": 5.04085049242712}",4.142470409213406,True,2026-06-03,1.9588326679755945,2.2861323763297094,normal,ETH-USD,1778,0.2211287322761394,0.07245644398139671,,-0.11526547963513363,2026-06-02,2025-01-19,6.929022956768953,9.752092709385833
2.3540909256995985,-2.3540909256995985,8.051846732980934,10.3703290955573,False,False,2734.1930515577624,2746.836875853029,0,null,-1364.0965257788812,"{""alpha[1]"": 0.11331459518030017, ""beta[1]"": 0.537074929883831, ""omega"": 4.990294399726628}",3.848094482723304,True,2026-06-04,1.886200502399641,2.213206390996762,normal,ETH-USD,1779,0.20448971000143468,0.06712248452260967,,-0.11433295896891238,2026-06-03,2025-01-20,6.443885125728288,9.06633937796056
11.277301602974521,-11.277301602974521,7.701636437613416,9.915205959078865,True,True,2734.413452154116,2747.0572764493827,0,null,-1364.206726077058,"{""alpha[1]"": 0.11255810049211665, ""beta[1]"": 0.535878182257666, ""omega"": 5.0148051319265186}",3.6739656941837473,True,2026-06-05,15.11425309626955,28.462251542041212,normal,ETH-USD,1780,4.85532218673724,2.5810081853821534,,-0.12330034587769084,2026-06-04,2025-01-21,6.166436143251111,8.670222627841033
0.7679127410140253,-0.7679127410140253,10.762811587571855,13.863063845074207,False,False,2743.6705647498543,2756.314389045121,0,null,-1368.8352823749271,"{""alpha[1]"": 0.11312785432228066, ""beta[1]"": 0.5384034989774552, ""omega"": 5.085730371344309}",5.1456348341111475,True,2026-06-06,2.176320884902595,2.5034490138363914,normal,ETH-USD,1781,0.3922374045667992,0.1135146862840539,,-0.14884471249444392,2026-06-05,2025-01-22,8.612660832350002,12.119381369419406
-7.2303443058070656,7.2303443058070656,9.198915369880975,11.843468861118907,False,False,2743.926286654545,2756.570110949812,0,null,-1368.9631433272725,"{""alpha[1]"": 0.1094937490324162, ""beta[1]"": 0.5441832023160733, ""omega"": 5.038442284441663}",4.389290107685323,True,2026-06-07,2.0197028190299617,2.3461898198595943,normal,ETH-USD,1782,0.7297577254034155,0.17586430465262134,,-0.1450704488928112,2026-06-06,2025-01-23,7.364810202261233,10.356086159455055
-0.22225806360766245,0.22225806360766245,9.761312624121505,12.572682372071458,False,False,2746.399036103955,2759.042860399222,0,null,-1370.1995180519775,"{""alpha[1]"": 0.1122246460256393, ""beta[1]"": 0.5474467765896002, ""omega"": 4.992451740342576}",4.666162913553362,True,2026-06-08,2.078679256778936,2.405761221259201,normal,ETH-USD,1783,0.4016885838165593,0.11213734857899574,,-0.13635862041882085,2026-06-07,2025-01-24,7.811513612723517,10.9914767942919
3.151954219963486,-3.151954219963486,8.596616516140953,11.068360384177742,False,False,2747.033861281304,2759.6776855765706,0,null,-1370.516930640652,"{""alpha[1]"": 0.10989913539009871, ""beta[1]"": 0.5458356237593998, ""omega"": 5.037479945463838}",4.1024698288962025,True,2026-06-09,1.9519583041410633,2.278490360525448,normal,ETH-USD,1784,0.18652038076096905,0.0652621720246985,,-0.13439945766395917,2026-06-08,2025-01-25,6.882361835182864,9.67817142243333
1.0785745651504364,-1.0785745651504364,8.17921653830366,10.527063977602712,False,False,2747.9474889577,2760.5913132529668,0,null,-1370.97374447885,"{""alpha[1]"": 0.10934793826847206, ""beta[1]"": 0.5424549587524388, ""omega"": 5.093711033751157}",3.8968330849854085,True,2026-06-10,1.9025152617033299,2.228510347654754,normal,ETH-USD,1785,0.27361572467489487,0.0812798382278297,,-0.1411690251855846,2026-06-09,2025-01-26,6.550889058648329,9.2065583879334
-3.1677204921908806,3.1677204921908806,7.685282121324562,9.889671887980912,False,False,2747.749719319794,2760.393543615061,0,null,-1370.874859659897,"{""alpha[1]"": 0.10935702135650141, ""beta[1]"": 0.5381924649812295, ""omega"": 5.147091725581714}",3.658729622344757,True,2026-06-11,1.8403770102624164,2.166125804833732,normal,ETH-USD,1786,0.4662084425823339,0.1181757204093009,,-0.1383736701072244,2026-06-10,2025-01-27,6.156448359455789,8.649851548739198
0.42864654197980284,-0.42864654197980284,7.720909748802454,9.938598639610708,False,False,2748.256279127021,2760.900103422288,0,null,-1371.1281395635106,"{""alpha[1]"": 0.109358461935388, ""beta[1]"": 0.5400895891381384, ""omega"": 5.1208235796563635}",3.6808028056909223,True,2026-06-12,1.8447254623682876,2.170925418153396,normal,ETH-USD,1787,0.2877102981324296,0.08262651899397366,,-0.12847065959452164,2026-06-11,2025-01-28,6.18285250462839,8.69129844137716
-0.9019641304639069,0.9019641304639069,7.39294911173254,9.516494510571013,False,False,2747.4819175545326,2760.1257418497994,0,null,-1370.7409587772663,"{""alpha[1]"": 0.10933602718058019, ""beta[1]"": 0.5408790823308105, ""omega"": 5.098240779416899}",3.5245484136451473,True,2026-06-13,1.8013146240297537,2.1275233226941643,normal,ETH-USD,1788,0.3411074165120453,0.09224107797728037,,-0.12281795822671493,2026-06-12,2025-01-29,5.920184199776993,8.322143667264122
-2.6081317069999663,2.6081317069999663,7.237744056219564,9.31580489471625,False,False,2747.0814711659514,2759.725295461218,0,null,-1370.5407355829757,"{""alpha[1]"": 0.10957958004895901, ""beta[1]"": 0.5433197294071217, ""omega"": 5.047691983355984}",3.4490555444624684,True,2026-06-14,1.780184046895585,2.1062515534006376,normal,ETH-USD,1789,0.42023281198592416,0.10755167751161347,,-0.12333301085233317,2026-06-13,2025-01-30,5.796524532718509,8.147036044161371
-3.998055565707452,3.998055565707452,7.3650405912464665,9.47933125746947,False,False,2746.233079885021,2758.876904180288,0,null,-1370.1165399425106,"{""alpha[1]"": 0.10940278828982526, ""beta[1]"": 0.5435132751037295, ""omega"": 5.038526974606715}",3.5091878976060724,True,2026-06-15,1.7976490693793932,2.123667613876724,normal,ETH-USD,1790,0.4948374888821692,0.1228824114181756,,-0.1265937709043639,2026-06-14,2025-01-31,5.898694211935924,8.290185576110098
0.2545346776320778,-0.2545346776320778,7.722973843291844,9.943248362619151,False,False,2746.6833113139674,2759.327135609234,0,null,-1370.3416556569837,"{""alpha[1]"": 0.11020047555823585, ""beta[1]"": 0.5420464878570447, ""omega"": 5.045533420366472}",3.6850942952442374,True,2026-06-16,1.844813810924952,2.1713055868937747,normal,ETH-USD,1791,0.2964294341588798,0.08439959245368396,,-0.12168264361900492,2026-06-15,2025-02-01,6.1831233608096685,8.694493923000467
2.4031278792176964,-2.4031278792176964,7.363242921203219,9.481571545475388,False,False,2744.724856279272,2757.3686805745388,0,null,-1369.362428139636,"{""alpha[1]"": 0.10829707296254805, ""beta[1]"": 0.5458131425376005, ""omega"": 4.9895432220743725}",3.515889886951029,True,2026-06-17,1.796976017238273,2.123694034559366,normal,ETH-USD,1792,0.17454840874496022,0.058870269062560245,,-0.11097182160349676,2026-06-16,2025-02-02,5.894096054116898,8.290154785473716
2.218627523535542,-2.218627523535542,7.3218933912582225,9.431614757707893,False,False,2740.4306822866565,2753.0745065819233,0,null,-1367.2153411433283,"{""alpha[1]"": 0.10902190634269779, ""beta[1]"": 0.5475008750548694, ""omega"": 4.943361569873867}",3.501604015351246,True,2026-06-18,1.7910330232665772,2.118258982176928,normal,ETH-USD,1793,0.1820044241618288,0.06026411475283485,,-0.09908994197377886,2026-06-17,2025-02-03,5.858716006772115,8.245038998819021
-0.08472260572177616,0.08472260572177616,7.289609893074176,9.388283065942186,False,False,2740.5715829985984,2753.215407293865,0,null,-1367.2857914992992,"{""alpha[1]"": 0.11028701184043033, ""beta[1]"": 0.5420609675150264, ""omega"": 5.000179742363945}",3.483266807593322,True,2026-06-19,1.7867802231374363,2.1137352982752184,normal,ETH-USD,1794,0.295940874245863,0.0829264377536946,,-0.10463083708592681,2026-06-18,2025-02-04,5.8340948791954785,8.207921169647676
-1.6415812420590314,1.6415812420590314,7.098997831547395,9.145153573090596,False,False,2738.3741204502926,2751.0179447455594,0,null,-1366.1870602251463,"{""alpha[1]"": 0.11111759822278852, ""beta[1]"": 0.5444624375699629, ""omega"": 4.945407619964352}",3.3961011508732795,True,2026-06-20,1.760053288697145,2.08738426475493,normal,ETH-USD,1795,0.3660743514808697,0.0963591042647112,,-0.0938164920503736,2026-06-19,2025-02-05,5.679905787558356,7.99432918441208
2.016445562772033,-2.016445562772033,7.1056507727857285,9.153593266476651,False,False,2738.251136263219,2750.8949605584858,0,null,-1366.1255681316095,"{""alpha[1]"": 0.11193296903313808, ""beta[1]"": 0.5411238923400729, ""omega"": 4.980097600291146}",3.3990667076498298,True,2026-06-21,1.761002786215919,2.088312939242706,normal,ETH-USD,1796,0.1834436990450059,0.05985318387636479,,-0.0943523413443256,2026-06-20,2025-02-06,5.685319543672148,8.001763950408506
-1.2783452201489685,1.2783452201489685,7.126464183124588,9.181428637978824,False,False,2737.558141143939,2750.2019654392057,0,null,-1365.7790705719694,"{""alpha[1]"": 0.11260680216331892, ""beta[1]"": 0.5405383317291933, ""omega"": 4.978573503548683}",3.4107213876450717,True,2026-06-22,1.763828056872101,2.091300589388498,normal,ETH-USD,1797,0.3489804079563764,0.09303995163232315,,-0.091125493989599,2026-06-21,2025-02-07,5.701262938978553,8.025649943083337
3.6015118172552567,-3.6015118172552567,7.067616421517214,9.107595007469584,False,False,2737.2601034949025,2749.9039277901693,0,null,-1365.6300517474513,"{""alpha[1]"": 0.11285530449357707, ""beta[1]"": 0.541292966860307, ""omega"": 4.963232127258742}",3.3858486345153023,True,2026-06-23,1.755341517358608,2.083131389602797,normal,ETH-USD,1798,0.10256483341784502,0.04358733034294475,,-0.08358307882097119,2026-06-22,2025-02-08,5.652808485612155,7.960244851549728
2.7707605342361603,-2.7707605342361603,7.409733444067391,9.54731313363352,False,False,2738.386026723274,2751.0298510185407,0,null,-1366.193013361637,"{""alpha[1]"": 0.11202416751232787, ""beta[1]"": 0.5415666231041065, ""omega"": 4.978591260180714}",3.5478417876167376,True,2026-06-24,1.8027200271795953,2.1303348956916386,normal,ETH-USD,1799,0.1578237323857767,0.05574308415559604,,-0.09155474974030599,2026-06-23,2025-02-09,5.9272351819516915,8.34506894979576
3.461114623324299,-3.461114623324299,7.417587195845944,9.555921932423594,False,False,2738.9708012212136,2751.6146255164804,0,null,-1366.4854006106068,"{""alpha[1]"": 0.11149887445244556, ""beta[1]"": 0.5428919338668935, ""omega"": 4.9671281149936375}",3.549094974738682,True,2026-06-25,1.8039206321067462,2.1313051922160877,normal,ETH-USD,1800,0.12367253273310445,0.04892138462320289,,-0.09682353639222088,2026-06-24,2025-02-10,5.934565277986386,8.353253085644583
-0.751217388361228,0.751217388361228,7.563815450618787,9.742123701714453,False,False,2739.6639028709915,2752.3077271662582,0,null,-1366.8319514354957,"{""alpha[1]"": 0.11171730621108848, ""beta[1]"": 0.5401285169083313, ""omega"": 5.00650482732951}",3.6154409013477156,True,2026-06-26,1.8236425378058163,2.1507010041488774,normal,ETH-USD,1801,0.3402143833297193,0.09268189841554458,,-0.10619919862266274,2026-06-25,2025-02-11,6.053070278233152,8.516972453193222
0.31940977916454977,-0.31940977916454977,7.284995243053598,9.383597198326164,False,False,2739.182523350735,2751.826347646002,0,null,-1366.5912616753676,"{""alpha[1]"": 0.11271228777467614, ""beta[1]"": 0.5352247021953619, ""omega"": 5.054441542723135}",3.4831486043925897,True,2026-06-27,1.7860272778184734,2.113177539505924,normal,ETH-USD,1802,0.2755059921151476,0.07883865577953866,,-0.10026000632138714,2026-06-26,2025-02-12,5.829529621467497,8.20327535711841
0.07810762565300852,-0.07810762565300852,7.113603194623446,9.159021074526132,False,False,2737.4988820091917,2750.1427063044584,0,null,-1365.7494410045958,"{""alpha[1]"": 0.11362243059399994, ""beta[1]"": 0.5331783714117492, ""omega"": 5.065715916687419}",3.3948764871218082,True,2026-06-28,1.7625909240796118,2.0891353352299338,normal,ETH-USD,1803,0.28084576309865245,0.0793050405752553,,-0.11094798473147394,2026-06-27,2025-02-13,5.6950228876260525,8.00861168317853
-2.505634333102707,2.505634333102707,7.008158296251353,9.024047706118793,False,False,2737.145896204529,2749.7897204997957,0,null,-1365.5729481022645,"{""alpha[1]"": 0.11415104804947304, ""beta[1]"": 0.5323505905037151, ""omega"": 5.067060915627347}",3.3458666932756196,True,2026-06-29,1.747578717684652,2.0742507353499873,normal,ETH-USD,1804,0.4057845757326229,0.10395880417647725,,-0.10659621581921319,2026-06-28,2025-02-14,5.610057181549744,7.890246084545009
2.5551475569997093,-2.5551475569997093,7.193420646013466,9.263801871602048,False,False,2737.442204893827,2750.0860291890936,0,null,-1365.7211024469134,"{""alpha[1]"": 0.11392740143034662, ""beta[1]"": 0.53373558559934, ""omega"": 5.053410205309669}",3.436309328861205,True,2026-06-30,1.773554764839092,2.1004156464264208,normal,ETH-USD,1805,0.1601189844359519,0.0554420472755748,,-0.10530138281421231,2026-06-29,2025-02-15,5.7575272457187445,8.099352284557185
-2.477791007685283,2.477791007685283,7.2629725312715125,9.352877941105625,False,False,2737.8116329220074,2750.455457217274,0,null,-1365.9058164610037,"{""alpha[1]"": 0.11311400787796719, ""beta[1]"": 0.5378497970116682, ""omega"": 5.00604215432859}",3.4687145379271085,True,2026-07-01,1.783224308359598,2.1100082752846636,normal,ETH-USD,1806,0.4145664662278029,0.10655238326948643,,-0.10801062830206402,2026-06-30,2025-02-16,5.813538316870768,8.17744731926335
-5.396242911076446,5.396242911076446,7.307924490662327,9.413067126762781,False,False,2738.058851813853,2750.7026761091197,0,null,-1366.0294259069265,"{""alpha[1]"": 0.11221817192919237, ""beta[1]"": 0.5446013742403548, ""omega"": 4.920801263326749}",3.4940044807250192,True,2026-07-02,1.7891759269102603,2.116316193341574,normal,ETH-USD,1807,0.5622082776282098,0.13625309505482777,,-0.10079669878249783,2026-07-01,2025-02-17,5.847922641487741,8.229066594406317
-3.3782958381041013,3.3782958381041013,8.069990283950572,10.3991520120597,False,False,2739.782095628773,2752.4259199240396,0,null,-1366.8910478143864,"{""alpha[1]"": 0.11064749834921496, ""beta[1]"": 0.552551721338883, ""omega"": 4.847651415627234}",3.865819529179962,True,2026-07-03,1.8879824981982027,2.215752826906763,normal,ETH-USD,1808,0.4916458970707171,0.12467451710836218,,-0.09591482959873739,2026-07-02,2025-02-18,6.454622103310231,9.089155872732105
-1.2736109468118408,1.2736109468118408,7.892275569293254,10.173096320031721,False,False,2739.989689571885,2752.6335138671516,0,null,-1366.9948447859424,"{""alpha[1]"": 0.10622832920209813, ""beta[1]"": 0.5797699527472955, ""omega"": 4.5117817793951955}",3.7855857299878104,True,2026-07-04,1.8654553972750212,2.193648570311434,normal,ETH-USD,1809,0.37920223825240423,0.10163899661898387,,-0.08369940013005049,2026-07-03,2025-02-19,6.310433818236237,8.890288715086538
-0.22307581216803063,0.22307581216803063,7.510682688969066,9.679779898324096,False,False,2739.3752227310956,2752.0190470263624,0,null,-1366.6876113655478,"{""alpha[1]"": 0.09893403646718146, ""beta[1]"": 0.6176453931802132, ""omega"": 4.045675903635602}",3.6001529011134195,True,2026-07-05,1.8160307329431498,2.144006270713212,normal,ETH-USD,1810,0.31147007800008547,0.08682885050752609,,-0.08460119085740125,2026-07-04,2025-02-20,6.006325747833674,8.45980923858457
-0.8137134518359328,0.8137134518359328,7.233645306033342,9.321425383141476,False,False,2738.0915316234823,2750.735355918749,0,null,-1366.0457658117411,"{""alpha[1]"": 0.09398900423611223, ""beta[1]"": 0.643378706820441, ""omega"": 3.718044770388025}",3.4651870230023447,True,2026-07-06,1.778572903266042,2.106343912631212,normal,ETH-USD,1811,0.32996992739821984,0.08960903569229232,,-0.08595965327787672,2026-07-05,2025-02-21,5.785685096128458,8.147190117393292
1.6299609660547867,-1.6299609660547867,7.055149229616296,9.093014277719798,False,False,2736.141948027088,2748.7857723223547,0,null,-1365.070974013544,"{""alpha[1]"": 0.0927774722225859, ""beta[1]"": 0.6506932069995188, ""omega"": 3.604929935946597}",3.3823406961041536,True,2026-07-07,1.7534299958270898,2.081457888365608,normal,ETH-USD,1812,0.20059230759631888,0.0631689187801761,,-0.07835175640867635,2026-07-06,2025-02-22,5.641807117981161,7.946852844072391
1.4715430322108998,-1.4715430322108998,6.997613351881192,9.015471756392756,False,False,2734.0562921101036,2746.7001164053704,0,null,-1364.0281460550518,"{""alpha[1]"": 0.09300603750625494, ""beta[1]"": 0.647886670818543, ""omega"": 3.6179848064683746}",3.3491347265153237,True,2026-07-08,1.7455771407696585,2.073057586312153,normal,ETH-USD,1813,0.20633018136385575,0.06409019676124535,,-0.08931025743015408,2026-07-07,2025-02-23,5.598146659488011,7.88056270833543
-0.10363768829996217,0.10363768829996217,6.935478594790683,8.933130025153316,False,False,2731.7396918743166,2744.3835161695833,0,null,-1362.8698459371583,"{""alpha[1]"": 0.09545041394158668, ""beta[1]"": 0.6376196771956821, ""omega"": 3.706975061597464}",3.315596258856407,True,2026-07-09,1.73688701599472,2.063994128194695,normal,ETH-USD,1814,0.28268319736552633,0.07913223723392203,,-0.09635572712386574,2026-07-08,2025-02-24,5.55002625901056,7.809586035092234
-2.8931987086464486,2.8931987086464486,6.8405568361574165,8.817284272519082,False,False,2726.628159980476,2739.271984275743,0,null,-1360.314079990238,"{""alpha[1]"": 0.10722502511052272, ""beta[1]"": 0.5768392516084613, ""omega"": 4.397156057586884}",3.2808677195449514,True,2026-07-10,1.722455526113476,2.0506234312556693,normal,ETH-USD,1815,0.41814074240011695,0.10598707324333442,,-0.07306897131436392,2026-07-09,2025-02-25,5.469616139355883,7.705508615686983
0.42377669081845193,-0.42377669081845193,7.022883355170047,9.055029019277473,False,False,2725.593986484566,2738.2378107798327,0,null,-1359.796993242283,"{""alpha[1]"": 0.10026125618000513, ""beta[1]"": 0.6129597418546662, ""omega"": 3.95902915085456}",3.3728479648437695,True,2026-07-11,1.7484905567441915,2.0770982084658036,normal,ETH-USD,1816,0.25948655888110833,0.07488307661970284,,-0.06566666031144826,2026-07-10,2025-02-26,5.613507868440614,7.912084352788728
-0.9843724308481303,0.9843724308481303,6.859528802806064,8.847640021971962,False,False,2722.766715260287,2735.410539555554,0,null,-1358.3833576301436,"{""alpha[1]"": 0.09710788713336635, ""beta[1]"": 0.621403258778402, ""omega"": 3.8530024555671454}",3.2997619205570308,True,2026-07-12,1.7246284707448716,2.0537692312153655,normal,ETH-USD,1817,0.32325327107502505,0.08713834187124685,,-0.05306762754777667,2026-07-11,2025-02-27,5.480692990652365,7.729461756276547
1.8041701265000512,-1.8041701265000512,6.764446925628857,8.726014894192922,False,False,2720.152464387474,2732.796288682741,0,null,-1357.076232193737,"{""alpha[1]"": 0.09491132807217328, ""beta[1]"": 0.6324070653246006, ""omega"": 3.6910796494334694}",3.255706836143558,True,2026-07-13,1.71056620562487,2.0398765563748196,normal,ETH-USD,1818,0.17999249042237228,0.05818595287488811,,-0.048858737226059455,2026-07-12,2025-02-28,5.4040199349474936,7.622765413988858
-6.334617581301799,6.334617581301799,6.7726392343777055,8.737284118300963,False,False,2717.1616875317204,2729.805511826987,0,null,-1355.5808437658602,"{""alpha[1]"": 0.09751999324140341, ""beta[1]"": 0.6180303399737078, ""omega"": 3.8191537729935523}",3.260813737627317,True,2026-07-14,1.7117047414324924,2.041132179253746,normal,ETH-USD,1819,0.5872347929664483,0.1396692166235197,,-0.04651697487767954,2026-07-13,2025-03-01,5.410078278027158,7.632304081050156
-1.4430524602431742,1.4430524602431742,7.940098219845877,10.250006508267084,False,False,2717.064443990578,2729.708268285845,0,null,-1355.532221995289,"{""alpha[1]"": 0.10390681136242007, ""beta[1]"": 0.5787626616107667, ""omega"": 4.269271768918446}",3.833863687620654,True,2026-07-15,1.8701630104556313,2.200530383937518,normal,ETH-USD,1820,0.3890567770608333,0.10393891588454977,,-0.03193848915310626,2026-07-14,2025-03-02,6.338083080973485,8.950839128211793
2.844023310640715,-2.844023310640715,7.453423205657839,9.614534798669,False,False,2714.0688592087563,2726.712683504023,0,null,-1354.0344296043781,"{""alpha[1]"": 0.08778533622610153, ""beta[1]"": 0.6054096406018398, ""omega"": 4.063524463607229}",3.586898797183192,True,2026-07-16,1.8075821134914407,2.1368549756316044,normal,ETH-USD,1821,0.15552906514445117,0.05555032198061148,,-0.05468111747508892,2026-07-15,2025-03-03,5.954604613529735,8.399055508701858
1.1989404883930501,-1.1989404883930501,7.335079048526066,9.469351473199366,False,False,2702.2451062505115,2714.8889305457783,0,null,-1348.1225531252558,"{""alpha[1]"": 0.10220290290525659, ""beta[1]"": 0.5349996829402462, ""omega"": 4.81394971321264}",3.5423525641521016,True,2026-07-17,1.790870153277356,2.121295239788839,normal,ETH-USD,1822,0.23279670102180713,0.07070026914068075,,-0.028223045742756126,2026-07-16,2025-03-04,5.854874508829188,8.268967402461119
-1.1022172871082931,1.1022172871082931,7.075404285216137,9.132465743204019,False,False,2702.158050860187,2714.8018751554537,0,null,-1348.0790254300935,"{""alpha[1]"": 0.10090413605372864, ""beta[1]"": 0.5411002881888739, ""omega"": 4.7401417776100505}",3.4142018826098335,True,2026-07-18,1.754988671962404,2.0851494480164736,normal,ETH-USD,1823,0.3375482985702249,0.09077724912804792,,-0.03288633454086914,2026-07-17,2025-03-05,5.648748684296199,7.975507625696491
-0.5420170937375545,0.5420170937375545,6.926994955463513,8.939445324915575,False,False,2701.3101229150197,2713.9539472102865,0,null,-1347.6550614575099,"{""alpha[1]"": 0.10012649549989915, ""beta[1]"": 0.5459253030501219, ""omega"": 4.674619910949141}",3.3401587557636105,True,2026-07-19,1.7339366989929599,2.063858596333885,normal,ETH-USD,1824,0.30366480242954486,0.08349595025008982,,-0.037206710841846305,2026-07-18,2025-03-06,5.531278954853337,7.807577931271421
