actual_loss_percent,actual_return_percent,es_0.95_percent,es_0.99_percent,exceedance_0.95,exceedance_0.99,fit_aic,fit_bic,fit_convergence_flag,fit_error_json,fit_log_likelihood,fit_parameters_json,fit_sigma_percent,fit_success,forecast_date,fz0_0.95,fz0_0.99,innovation,instrument,origin_index,quantile_loss_0.95,quantile_loss_0.99,risk_error,training_mean_percent,training_window_end,training_window_start,var_0.95_percent,var_0.99_percent
1.0614234860559706,-1.0614234860559706,6.802903344153614,8.757474893998554,False,False,2660.914465760403,2673.5582900556697,0,null,-1327.4572328802014,"{""alpha[1]"": 0.1466804512382206, ""beta[1]"": 1.5964455489399726e-15, ""omega"": 10.424323158133506}",3.244094550147138,True,2022-12-03,1.7180853425539073,2.04437890602528,normal,BTC-USD,500,0.21929525838635647,0.06596736940666378,,-0.11126796680007087,2022-12-02,2021-07-21,5.447328653783096,7.658160426722343
-1.3058842463461484,1.3058842463461484,6.79605232299519,8.743654358239622,False,False,2655.9278603233197,2668.5716846185865,0,null,-1324.9639301616598,"{""alpha[1]"": 0.14686872699624853, ""beta[1]"": 7.61061409235261e-15, ""omega"": 10.321342694491216}",3.232526918184792,True,2022-12-04,1.7175881286226327,2.0430494141545337,normal,BTC-USD,501,0.3375597760091793,0.08954144018488049,,-0.128277648242911,2022-12-03,2021-07-22,5.445311273837431,7.648259772141893
0.9128269202493304,-0.9128269202493304,6.843636817002767,8.80553367827924,False,False,2655.8545341834315,2668.4983584786983,0,null,-1324.9272670917157,"{""alpha[1]"": 0.14982054867325942, ""beta[1]"": 1.9255041919183195e-15, ""omega"": 10.295609810228422}",3.2562527148840865,True,2022-12-05,1.7244988183366683,2.0500688706231656,normal,BTC-USD,502,0.22850774028144383,0.06789272297891523,,-0.12692263753053565,2022-12-04,2021-07-23,5.482981725878203,7.702099218140846
-0.6733035228826676,0.6733035228826676,6.77397349060634,8.712739673029521,False,False,2654.4948831510446,2667.1387074463114,0,null,-1324.2474415755223,"{""alpha[1]"": 0.1503598326303345, ""beta[1]"": 0.0, ""omega"": 10.264002236570791}",3.2178616366883963,True,2022-12-06,1.714590898456966,2.0396333413409997,normal,BTC-USD,503,0.305133199341998,0.08295618180172686,,-0.136449079822379,2022-12-05,2021-07-24,5.429360463957288,7.62231465729001
1.4224977825228244,-1.4224977825228244,6.772699005038985,8.71026249164249,False,False,2654.012277251829,2666.6561015470957,0,null,-1324.0061386259144,"{""alpha[1]"": 0.15194753820765355, ""beta[1]"": 4.744558274967495e-15, ""omega"": 10.24145795925222}",3.215865465735023,True,2022-12-07,1.714488542100185,2.0393910500681924,normal,BTC-USD,504,0.20032111571129688,0.06198016128537731,,-0.13929212164652047,2022-12-06,2021-07-25,5.428920096748758,7.6205139110605495
-2.261420006669914,2.261420006669914,6.818917796841988,8.767375742994275,False,False,2653.1424852398827,2665.7863095351495,0,null,-1323.5712426199414,"{""alpha[1]"": 0.15380732591664248, ""beta[1]"": 0.0, ""omega"": 10.208663861844933}",3.2339475138707403,True,2022-12-08,1.721526420234722,2.0460427760259154,normal,BTC-USD,505,0.38645015727024595,0.09932919771496795,,-0.14821284117401395,2022-12-07,2021-07-26,5.467583138734998,7.671499764826873
0.5838370469537174,-0.5838370469537174,7.021212200615488,9.026884542557479,False,False,2651.273838379353,2663.91766267462,0,null,-1322.6369191896765,"{""alpha[1]"": 0.14974899059704386, ""beta[1]"": 5.615761842891724e-15, ""omega"": 10.20750598923745}",3.32890894395298,True,2022-12-09,1.7508197834162735,2.0752411234850845,normal,BTC-USD,506,0.25231799950980993,0.07314992284584501,,-0.15462908689765736,2022-12-08,2021-07-27,5.6301970371499115,7.898829331538212
0.025846424179968745,-0.025846424179968745,6.746905556001524,8.668962866959895,False,False,2648.532702930156,2661.176527225423,0,null,-1321.266351465078,"{""alpha[1]"": 0.14988616310633068, ""beta[1]"": 1.143366638310053e-15, ""omega"": 10.150828867611303}",3.190129134973431,True,2022-12-10,1.7115082401826403,2.0350482682200672,normal,BTC-USD,507,0.26940171928069445,0.07562089038570467,,-0.1665853316892424,2022-12-09,2021-07-28,5.413880809793853,7.58793546275043
0.14331967974201043,-0.14331967974201043,6.740474978644229,8.659772228253045,False,False,2648.29045872252,2660.9342830177866,0,null,-1321.14522936126,"{""alpha[1]"": 0.1500200175749307, ""beta[1]"": 0.0, ""omega"": 10.14461654316501}",3.185548131027645,True,2022-12-11,1.7106501666373726,2.034034442720227,normal,BTC-USD,508,0.26330223836247313,0.07436977492371094,,-0.16960404984216226,2022-12-10,2021-07-29,5.409364446991468,7.580297172113098
-0.595992793422927,0.595992793422927,6.717369349283162,8.629815632401868,False,False,2647.800499862526,2660.444324157793,0,null,-1320.900249931263,"{""alpha[1]"": 0.15747762356249814, ""beta[1]"": 1.5189922892632097e-16, ""omega"": 10.075289564848106}",3.1741772589531108,True,2022-12-12,1.707244448910631,2.030582952436526,normal,BTC-USD,509,0.2993501517170302,0.08150186575559053,,-0.16995326394176552,2022-12-11,2021-07-30,5.391010240917672,7.554193782136118
-3.2864788709639354,3.2864788709639354,6.736009021108931,8.651083315499655,False,False,2644.928634284449,2657.5724585797157,0,null,-1319.4643171422244,"{""alpha[1]"": 0.15909128401887676, ""beta[1]"": 2.4441698735365613e-16, ""omega"": 10.007411385670606}",3.178539093159669,True,2022-12-13,1.710291256010624,2.0331799216811204,normal,BTC-USD,510,0.4347153075620055,0.10860462257377086,,-0.17959572448544336,2022-12-12,2021-07-31,5.407827280276168,7.573983386413142
-0.19289306843094134,0.19289306843094134,7.295940554555083,9.37733510976789,False,False,2645.7120381882314,2658.355862483498,0,null,-1319.8560190941157,"{""alpha[1]"": 0.16093315851959336, ""beta[1]"": 8.252614465511697e-17, ""omega"": 10.011345481770467}",3.4545886712653027,True,2022-12-14,1.7894640270944557,2.113458037183675,normal,BTC-USD,511,0.3022651015826615,0.0839958433718064,,-0.17011625766608304,2022-12-13,2021-08-01,5.852408963222284,8.206691268749692
2.562838106366859,-2.562838106366859,6.687112978245023,8.593151361147688,False,False,2644.3818802551177,2657.0257045503845,0,null,-1319.1909401275589,"{""alpha[1]"": 0.16023114785344097, ""beta[1]"": 3.697785493223493e-32, ""omega"": 9.98785703639961}",3.1635417648621456,True,2022-12-15,1.702501269708554,2.026212948386592,normal,BTC-USD,512,0.14011799511791675,0.04958295415538836,,-0.1616348627792299,2022-12-14,2021-08-02,5.365198008725192,7.521133521905691
4.21898089599042,-4.21898089599042,6.977606765276221,8.968139454604534,False,False,2644.577454006252,2657.221278301519,0,null,-1319.288727003126,"{""alpha[1]"": 0.16081615545245692, ""beta[1]"": 0.0, ""omega"": 9.988680919880773}",3.303780948746539,True,2022-12-16,1.7448566037230635,2.068842958214201,normal,BTC-USD,513,0.06890553346531016,0.03629618379520427,,-0.1628554890977018,2022-12-15,2021-08-03,5.597091565296622,7.848599275510844
-0.8827572360334702,0.8827572360334702,7.504823277586027,9.64847135764618,False,False,2645.4123882732906,2658.0562125685574,0,null,-1319.7061941366453,"{""alpha[1]"": 0.1618870119322028, ""beta[1]"": 9.411277584482596e-17, ""omega"": 9.999316551038563}",3.5579137814157824,True,2022-12-17,1.8174457248549043,2.141841125332939,normal,BTC-USD,514,0.3450436788214185,0.0932557135010321,,-0.1658689526525177,2022-12-16,2021-08-04,6.0181163403948945,8.442814114069732
0.2212331208638325,-0.2212331208638325,6.748663718014157,8.669567682052019,False,False,2644.052462169259,2656.6962864645257,0,null,-1319.0262310846294,"{""alpha[1]"": 0.15954020019504123, ""beta[1]"": 8.087481150117346e-17, ""omega"": 9.98712523188211}",3.188214870714572,True,2022-12-18,1.7119387926917256,2.0352015557835985,normal,BTC-USD,515,0.2597602871918616,0.07367955836713991,,-0.17229207110557754,2022-12-17,2021-08-05,5.41643886470106,7.589188957577816
1.9176451834602777,-1.9176451834602777,6.686169871433582,8.587064386179355,False,False,2643.133024202909,2655.7768484981757,0,null,-1318.5665121014545,"{""alpha[1]"": 0.16152698437957547, ""beta[1]"": 0.0, ""omega"": 9.95375407756909}",3.155004244372926,True,2022-12-19,1.70286590398964,2.02575282535685,normal,BTC-USD,516,0.17250885998845406,0.056002944418517726,,-0.1783022088252593,2022-12-18,2021-08-06,5.367822383229355,7.517939625312045
-2.79887050816328,2.79887050816328,6.846344116844718,8.790185270540528,False,False,2641.4218493285152,2654.065673623782,0,null,-1317.7109246642576,"{""alpha[1]"": 0.1604776831105248, ""beta[1]"": 8.118300470186876e-17, ""omega"": 9.930727602338449}",3.226284805770638,True,2022-12-20,1.7268020136728714,2.0492607830670377,normal,BTC-USD,517,0.4148540949914281,0.10495776434433096,,-0.1914451273150163,2022-12-19,2021-08-07,5.498211391665276,7.696905926269807
0.5264509464616725,-0.5264509464616725,7.14464427013624,9.174925345084551,False,False,2640.6368770033605,2653.2807012986273,0,null,-1317.3184385016802,"{""alpha[1]"": 0.16068527745029415, ""beta[1]"": 5.056375963033195e-16, ""omega"": 9.916116349341618}",3.3697532183097647,True,2022-12-21,1.769280807851016,2.092015918988709,normal,BTC-USD,518,0.2605055502597934,0.0750657843758486,,-0.19381114858932275,2022-12-20,2021-08-08,5.736561951657535,8.033029384046525
-0.07612154333711821,0.07612154333711821,6.675579811944304,8.569545443873606,False,False,2640.0765444819726,2652.7203687772394,0,null,-1317.0382722409863,"{""alpha[1]"": 0.16580357793060718, ""beta[1]"": 2.5131988715869256e-16, ""omega"": 9.863008500626236}",3.143504050898141,True,2022-12-22,1.7016878332827554,2.023910812703763,normal,BTC-USD,519,0.2719079664249404,0.07580439254888019,,-0.19143374570523355,2022-12-21,2021-08-09,5.362037785161686,7.504317711550894
0.1985808436249104,-0.1985808436249104,6.660732868550559,8.547078631857824,False,False,2636.7968237032646,2649.4406479985314,0,null,-1315.3984118516323,"{""alpha[1]"": 0.1673389833477375, ""beta[1]"": 8.602691981697224e-17, ""omega"": 9.789258773727797}",3.1308569957051287,True,2022-12-23,1.6998160963823228,2.0214603396288493,normal,BTC-USD,520,0.2576947343131217,0.07287555717294984,,-0.20267404503536818,2022-12-22,2021-08-10,5.352475529887339,7.486136560919888
-0.3019956132466744,0.3019956132466744,6.650984621702947,8.53535859614728,False,False,2636.5585618323007,2649.2023861275675,0,null,-1315.2792809161504,"{""alpha[1]"": 0.16773475725106943, ""beta[1]"": 3.600380993262463e-17, ""omega"": 9.781783507224416}",3.127584324768733,True,2022-12-24,1.6982692155206789,2.0200476517943673,normal,BTC-USD,521,0.28230452059410593,0.077775211364989,,-0.19967637844301794,2022-12-23,2021-08-11,5.344094798635439,7.475525523252218
0.03425096591348571,-0.03425096591348571,6.660480731213054,8.547793834768616,False,False,2636.4848645764873,2649.128688871754,0,null,-1315.2424322882437,"{""alpha[1]"": 0.1691174706617107, ""beta[1]"": 0.0, ""omega"": 9.769854962424434}",3.1324625359207716,True,2022-12-25,1.6996700790780626,2.0214907506167585,normal,BTC-USD,522,0.2658650768458748,0.07452056734370478,,-0.1991101393320895,2022-12-24,2021-08-12,5.351552502830977,7.486307700283957
-0.4609856021644547,0.4609856021644547,6.578082902490265,8.442820824013088,False,False,2635.3484099096077,2647.9922342048744,0,null,-1314.6742049548038,"{""alpha[1]"": 0.17843171725844725, ""beta[1]"": 0.04940035357174721, ""omega"": 9.09938714970015}",3.094993441987223,True,2022-12-26,1.687140260895288,2.009093877717634,normal,BTC-USD,523,0.28728985405799473,0.07855017306653511,,-0.1940002905517289,2022-12-25,2021-08-13,5.284811478995434,7.394031704489049
1.2048246905407103,-1.2048246905407103,6.487259295884467,8.321472597085426,False,False,2629.9347924382328,2642.5786167334995,0,null,-1311.9673962191164,"{""alpha[1]"": 0.17926087517089725, ""beta[1]"": 0.17156250102028187, ""omega"": 7.609564787651116}",3.0443302905465277,True,2022-12-27,1.6737478813482114,1.9948682576666714,normal,BTC-USD,524,0.200516662239716,0.060850268240416866,,-0.207680215291342,2022-12-26,2021-08-14,5.215157935335027,7.2898515145823914
0.9895050270117745,-0.9895050270117745,6.520869931463821,8.365054233214089,False,False,2629.873223922283,2642.51704821755,0,null,-1311.9366119611416,"{""alpha[1]"": 0.1793627842897162, ""beta[1]"": 0.17446859340809265, ""omega"": 7.575129832761835}",3.0608796302440635,True,2022-12-28,1.678865763895797,2.000067316020709,normal,BTC-USD,525,0.2126174125188928,0.06338320109422221,,-0.20715431592079783,2022-12-27,2021-08-15,5.241853277389627,7.32782513643399
-0.5408644810375277,0.5408644810375277,6.501545545010959,8.339569279642705,False,False,2629.892309472875,2642.5361337681416,0,null,-1311.9461547364374,"{""alpha[1]"": 0.18010824966142494, ""beta[1]"": 0.17622709103780446, ""omega"": 7.547970519041371}",3.0506546465556426,True,2022-12-29,1.6759720757031644,1.9970526267978945,normal,BTC-USD,526,0.288383298763977,0.07846669566763663,,-0.20892113427859674,2022-12-28,2021-08-16,5.2268014942420065,7.305805085726128
0.23916958561549462,-0.23916958561549462,6.474206763056046,8.305870085243466,False,False,2629.394039925779,2642.0378642210458,0,null,-1311.6970199628895,"{""alpha[1]"": 0.181811952270443, ""beta[1]"": 0.18475557620984273, ""omega"": 7.430128770531026}",3.040097970158223,True,2022-12-30,1.6716116536553107,1.992931321128363,normal,BTC-USD,527,0.24823521654102118,0.07036513608071321,,-0.2033577439333514,2022-12-29,2021-08-17,5.203873916435914,7.275683193686809
0.33236656645659823,-0.33236656645659823,6.410877606251443,8.225589775710919,False,False,2628.5523689452775,2641.1961932405443,0,null,-1311.2761844726388,"{""alpha[1]"": 0.18314136073155823, ""beta[1]"": 0.19976805184434335, ""omega"": 7.238456589004981}",3.0119633428084063,True,2022-12-31,1.6616772588570505,1.9831673449578973,normal,BTC-USD,528,0.2409967252752179,0.06872570196072353,,-0.19806224329766492,2022-12-30,2021-08-18,5.152301071960952,7.204936762528945
-0.4677606288950391,0.4677606288950391,6.372924421762981,8.176218458270732,False,False,2628.0480994115906,2640.6919237068573,0,null,-1311.0240497057953,"{""alpha[1]"": 0.18834726490815473, ""beta[1]"": 0.20986076525769692, ""omega"": 7.070706114143082}",2.9930121292370826,True,2023-01-01,1.6558129797105643,1.9771832768138204,normal,BTC-USD,529,0.27950137274704945,0.07629748002484764,,-0.19919996976058052,2022-12-31,2021-08-19,5.122266826045944,7.161987373589717
-0.38057006847332503,0.38057006847332503,6.393236740878633,8.20029019394423,False,False,2626.4007099467435,2639.0445342420103,0,null,-1310.2003549733718,"{""alpha[1]"": 0.18679098321484056, ""beta[1]"": 0.21829965055103623, ""omega"": 6.963741632345546}",2.999251810136977,True,2023-01-02,1.6592108748671852,1.9802293558496675,normal,BTC-USD,530,0.27602709528435826,0.07564514759867892,,-0.2066416191692603,2023-01-01,2021-08-20,5.139971837213835,7.183944691394561
0.05162548845139421,-0.05162548845139421,6.367292722593682,8.163800944736735,False,False,2623.1345318211133,2635.77835611638,0,null,-1308.5672659105567,"{""alpha[1]"": 0.1898197840634235, ""beta[1]"": 0.22989439588636354, ""omega"": 6.7785459725862}",2.981749393216714,True,2023-01-03,1.655494450622946,1.9759422046768838,normal,BTC-USD,531,0.25348579380347724,0.07101760933808952,,-0.21680006042807093,2023-01-02,2021-08-21,5.1213413645209345,7.153386422260341
-1.093415393971612,1.093415393971612,6.339136590005264,8.127906237260813,False,False,2623.0674823638374,2635.711306659104,0,null,-1308.5337411819187,"{""alpha[1]"": 0.19014355619137022, ""beta[1]"": 0.23243621361899, ""omega"": 6.745894040059569}",2.968905315638459,True,2023-01-04,1.6510401592134896,1.9715246022103003,normal,BTC-USD,532,0.309598382081799,0.08215259534396636,,-0.21513757116093846,2023-01-03,2021-08-22,5.0985522476643625,7.121844140425019
0.15728177110379604,-0.15728177110379604,6.434819525059844,8.25168111793395,False,False,2623.0627884957735,2635.7066127910402,0,null,-1308.5313942478867,"{""alpha[1]"": 0.19042900607961344, ""beta[1]"": 0.23983258065887136, ""omega"": 6.6600116048343665}",3.0155308421848903,True,2023-01-05,1.6659036569369419,1.9865801351716268,normal,BTC-USD,533,0.2508735253649735,0.07072537428169033,,-0.214645435451417,2023-01-04,2021-08-23,5.174752278403261,7.229819199272823
-0.6820792242977494,0.6820792242977494,6.330950785135614,8.117115995623658,False,False,2622.7278196932166,2635.3716439884834,0,null,-1308.3639098466083,"{""alpha[1]"": 0.1933871071616185, ""beta[1]"": 0.2441631940817485, ""omega"": 6.57993753672422}",2.9645826091484695,True,2023-01-06,1.649780282641669,1.9702120844330424,normal,BTC-USD,534,0.2887125974842079,0.07794597942840033,,-0.21586826833128547,2023-01-05,2021-08-24,5.092172725386404,7.112518718542276
-0.018340582830352,0.018340582830352,6.332930777230191,8.122283622886666,False,False,2621.3597381994796,2634.0035624947463,0,null,-1307.6798690997398,"{""alpha[1]"": 0.19565559397649454, ""beta[1]"": 0.2495960648251097, ""omega"": 6.486758640061147}",2.9698732775195413,True,2023-01-07,1.649805069375919,1.970706526978483,normal,BTC-USD,535,0.25551412729806044,0.07134234099175225,,-0.20693513101657787,2023-01-06,2021-08-25,5.091941963130852,7.115893516344866
-0.7993082334393785,0.7993082334393785,6.278313120466422,8.05020676539999,False,False,2620.388403577197,2633.032227872464,0,null,-1307.1942017885985,"{""alpha[1]"": 0.1976408908979541, ""beta[1]"": 0.2531097311920776, ""omega"": 6.417846267778264}",2.9408954189604115,True,2023-01-08,1.6413672040636458,1.9619033800831862,normal,BTC-USD,536,0.29243706020191257,0.07852944513351252,,-0.21209047423686445,2023-01-07,2021-08-26,5.049432970598867,7.053636279911866
-0.6148589231009399,0.6148589231009399,6.302010054335146,8.083751867894186,False,False,2618.761203320287,2631.405027615554,0,null,-1306.3806016601436,"{""alpha[1]"": 0.1991438477938059, ""beta[1]"": 0.25931145587162513, ""omega"": 6.3188524049682595}",2.9572408887230095,True,2023-01-09,1.6447867150793138,1.9658902247103374,normal,BTC-USD,537,0.2840579361483867,0.07696501375889918,,-0.2020713982815531,2023-01-08,2021-08-27,5.06629979986679,7.081642452788972
-1.4418133856141486,1.4418133856141486,6.283479577794772,8.057591766273555,False,False,2616.676727535902,2629.320551831169,0,null,-1305.338363767951,"{""alpha[1]"": 0.2020040422461124, ""beta[1]"": 0.2605345228267988, ""omega"": 6.267453266623276}",2.9445776402763153,True,2023-01-10,1.6421058369316075,1.962778930528558,normal,BTC-USD,538,0.3247437081779841,0.08501586885515981,,-0.20966156649682374,2023-01-09,2021-08-28,5.053060777945528,7.059773499901825
-2.7621150462492836,2.7621150462492836,6.413838102651029,8.227055601441528,False,False,2616.884759685333,2629.5285839805997,0,null,-1305.4423798426665,"{""alpha[1]"": 0.2019610342432266, ""beta[1]"": 0.26656904010118937, ""omega"": 6.202325311315248}",3.009482567432402,True,2023-01-11,1.662391183342665,1.9834698214799893,normal,BTC-USD,539,0.39592066146877947,0.09969358285796517,,-0.20613986683788396,2023-01-10,2021-08-29,5.156298183126299,7.207243239547224
-5.080318053096965,5.080318053096965,6.8539245682727366,8.797388035333828,False,False,2617.505659385415,2630.149483680682,0,null,-1305.7528296927076,"{""alpha[1]"": 0.20459536830438022, ""beta[1]"": 0.2630368558907292, ""omega"": 6.227936790259325}",3.2256579414568485,True,2023-01-12,1.7281646308532874,2.0502058342680747,normal,BTC-USD,540,0.5293185918599375,0.12784639167379727,,-0.2003186197916576,2023-01-11,2021-08-30,5.506053784101774,7.7043211142827515
-5.364921279635203,5.364921279635203,8.102905621884165,10.4163169187237,False,False,2618.87898778814,2631.5228120834067,0,null,-1306.43949389407,"{""alpha[1]"": 0.20817476970676144, ""beta[1]"": 0.257072602321824, ""omega"": 6.294898486836708}",3.839677795842949,True,2023-01-13,1.894214163094849,2.21846010885647,normal,BTC-USD,541,0.5931691142074778,0.14480100612693314,,-0.1827530556970322,2023-01-12,2021-08-31,6.498461004514341,9.115179333058098
-5.219244054232613,5.219244054232613,8.60778667249791,11.0716651481192,False,False,2620.9889194445523,2633.632743739819,0,null,-1307.4944597222761,"{""alpha[1]"": 0.2176207719522853, ""beta[1]"": 0.245778460733573, ""omega"": 6.374897457256907}",4.089415266287881,True,2023-01-14,1.954149323168874,2.2792259398892956,normal,BTC-USD,542,0.6059115507303237,0.14905143992541106,,-0.1724974275095082,2023-01-13,2021-09-01,6.8989869603738505,9.68589993830848
0.45631527773909986,-0.45631527773909986,8.662533618426375,11.143407249554821,False,False,2621.9912942450774,2634.635118540344,0,null,-1307.9956471225387,"{""alpha[1]"": 0.22292151571247124, ""beta[1]"": 0.24277133264591622, ""omega"": 6.386121853567122}",4.11762292712488,True,2023-01-15,1.9603833072136925,2.285632856690631,normal,BTC-USD,543,0.32428158992602363,0.09291768135039367,,-0.16906007015967003,2023-01-14,2021-09-02,6.9419470762595665,9.748083412778458
-1.37377199346447,1.37377199346447,6.8668139891441005,8.82233406787201,False,False,2622.476794843952,2635.120619139219,0,null,-1308.238397421976,"{""alpha[1]"": 0.21529224972265576, ""beta[1]"": 0.24511199463551633, ""omega"": 6.410480540627171}",3.245668868252884,True,2023-01-16,1.7291948867727371,2.052620145307741,normal,BTC-USD,544,0.3442176724482229,0.09096258110635862,,-0.17193124567074528,2023-01-15,2021-09-03,5.510581455499981,7.722486117171384
0.038332436752977296,-0.038332436752977296,6.538806099550515,8.39849987689382,False,False,2622.4586753877848,2635.1024996830515,0,null,-1308.2293376938924,"{""alpha[1]"": 0.21319271485150518, ""beta[1]"": 0.2593743227910655, ""omega"": 6.2608674450652595}",3.0866214380847716,True,2023-01-17,1.6805055737354522,2.0035127520299327,normal,BTC-USD,545,0.26053502789965005,0.07314215310990488,,-0.17199252728606748,2023-01-16,2021-09-04,5.249032994745973,7.352547747743459
2.259283114148676,-2.259283114148676,6.247174667349416,8.021757287392353,False,False,2621.599909139489,2634.2437334347555,0,null,-1307.7999545697444,"{""alpha[1]"": 0.20999940414030996, ""beta[1]"": 0.3075922839459221, ""omega"": 5.721100269105294}",2.9453584377219793,True,2023-01-18,1.6351210399776677,1.9577355400467105,normal,BTC-USD,546,0.1378573244985336,0.04764391320894334,,-0.17174609516022674,2023-01-17,2021-09-05,5.016429604119346,7.023674435043006
-1.9055334114753544,1.9055334114753544,6.444712644742123,8.273596385887684,False,False,2620.1777513481575,2632.8215756434242,0,null,-1307.0888756740787,"{""alpha[1]"": 0.20370200533049904, ""beta[1]"": 0.33430823780542646, ""omega"": 5.438626797002733}",3.0354845684588545,True,2023-01-19,1.6664467603067425,1.9887432349857512,normal,BTC-USD,547,0.35409204809255124,0.09150506232384291,,-0.18337974839089258,2023-01-18,2021-09-06,5.176307550375664,7.244972820908928
-7.268455258265521,7.268455258265521,6.487875892132215,8.329495326489189,False,False,2616.6374870318573,2629.281311327124,0,null,-1305.3187435159286,"{""alpha[1]"": 0.2413129541803239, ""beta[1]"": 0.2654412438279725, ""omega"": 5.869353759475724}",3.0566225989099625,True,2023-01-20,1.6730698599635088,1.9954512139324665,normal,BTC-USD,548,0.6239546667974211,0.14562164052628918,,-0.18294130964400213,2023-01-19,2021-09-07,5.210638077682889,7.293708794363383
-0.4447223010989896,0.4447223010989896,9.733945940368063,12.534810326793501,False,False,2611.335797164895,2623.979621460162,0,null,-1302.6678985824476,"{""alpha[1]"": 0.240271598568077, ""beta[1]"": 0.24233544967384618, ""omega"": 6.1324930877161234}",4.648726669752667,True,2023-01-21,2.076058652441488,2.402835817917374,normal,BTC-USD,549,0.4118077562307801,0.11404235606342968,,-0.14495790006789322,2023-01-20,2021-09-08,7.7914328235166055,10.959513305243968
0.25147902139269035,-0.25147902139269035,7.130045252483248,9.17149668572999,False,False,2611.9666108244846,2624.6104351197514,0,null,-1302.9833054122423,"{""alpha[1]"": 0.23045822338633387, ""beta[1]"": 0.25135140792917987, ""omega"": 6.096139196830549}",3.388293188607606,True,2023-01-22,1.7657452909414904,2.0909106123828427,normal,BTC-USD,550,0.2731368407907835,0.07771839131303848,,-0.14096949675216516,2023-01-21,2021-09-09,5.7142158372083545,8.02331815269653
-0.9375442198415299,0.9375442198415299,6.30231803096546,8.101471212892704,False,False,2611.963964730529,2624.6077890257957,0,null,-1302.9819823652645,"{""alpha[1]"": 0.23239003035823577, ""beta[1]"": 0.2343774811806371, ""omega"": 6.2615963178376814}",2.98613935766797,True,2023-01-23,1.6429291259050633,1.967142173438059,normal,BTC-USD,551,0.2996038252892988,0.08027113299043842,,-0.1427701329017412,2023-01-22,2021-09-10,5.054532285944441,7.089569079202304
1.3077079217256955,-1.3077079217256955,6.179840217470899,7.945696198420023,False,False,2610.967734293357,2623.6115585886237,0,null,-1302.4838671466784,"{""alpha[1]"": 0.2354946221382543, ""beta[1]"": 0.2298801080915275, ""omega"": 6.279820384077433}",2.930874423397928,True,2023-01-24,1.6231169390347868,1.9476351199529423,normal,BTC-USD,552,0.18237197554358728,0.05644813569358805,,-0.13428800713205097,2023-01-23,2021-09-11,4.955147432597438,6.952521491084496
-2.1043184701323545,2.1043184701323545,6.173942265323183,7.93689971579731,False,False,2610.950662810897,2623.594487106164,0,null,-1302.4753314054485,"{""alpha[1]"": 0.23612495978211048, ""beta[1]"": 0.2325233516755871, ""omega"": 6.243816732706313}",2.9260635957164745,True,2023-01-25,1.6222983829902051,1.9465942975471417,normal,BTC-USD,553,0.35277890995474254,0.09049673706193262,,-0.13831341085758134,2023-01-24,2021-09-12,4.95125972896249,6.9453552360609
0.36871485829907125,-0.36871485829907125,6.461389429690226,8.308433814885216,False,False,2610.860936603991,2623.5047608992577,0,null,-1302.4304683019955,"{""alpha[1]"": 0.23681734649607686, ""beta[1]"": 0.23860279334652065, ""omega"": 6.170344747271311}",3.0656266455767747,True,2023-01-26,1.6675897671939541,1.9922370023908038,normal,BTC-USD,554,0.24058371666899755,0.06900881256064403,,-0.13788208482298508,2023-01-25,2021-09-13,5.180389191679018,7.269596114363469
-0.19930464795597352,0.19930464795597352,6.104159573585209,7.84805688703117,False,False,2609.883031695241,2622.5268559905076,0,null,-1301.9415158476204,"{""alpha[1]"": 0.2403809773466996, ""beta[1]"": 0.2370605636445895, ""omega"": 6.144906934665396}",2.8944285876948768,True,2023-01-27,1.6108328312029117,1.9352892467568168,normal,BTC-USD,555,0.254700033185464,0.07066537094834346,,-0.13378465533135708,2023-01-26,2021-09-14,4.894696015753302,6.867232446878367
0.20663143184872063,-0.20663143184872063,6.021736375181064,7.738971847716667,False,False,2607.7790770375896,2620.4229013328563,0,null,-1300.8895385187948,"{""alpha[1]"": 0.2429891416219531, ""beta[1]"": 0.23410638404719664, ""omega"": 6.141950844786746}",2.8501766733553677,True,2023-01-28,1.5975967367370276,1.9214681617223266,normal,BTC-USD,556,0.23120662270821896,0.06566511460244379,,-0.14264044739203843,2023-01-27,2021-09-15,4.830763886013096,6.773142892093094
-3.1771335363673945,3.1771335363673945,5.990579540056166,7.697264360824556,False,False,2607.2171032860383,2619.860927581305,0,null,-1300.6085516430192,"{""alpha[1]"": 0.2441637471336589, ""beta[1]"": 0.23526410366479894, ""omega"": 6.116432636336217}",2.83266525920364,True,2023-01-29,1.5926020694020662,1.9161590038579135,normal,BTC-USD,557,0.39920289462117087,0.09914502970500616,,-0.14760463051547634,2023-01-28,2021-09-16,4.806924356056015,6.737369434133211
4.00969146499636,-4.00969146499636,6.870652664662432,8.836734111240133,False,False,2608.2953226943346,2620.9391469896013,0,null,-1301.1476613471673,"{""alpha[1]"": 0.24004969142627838, ""beta[1]"": 0.2493941038426463, ""omega"": 6.0051717344834845}",3.2631980683920823,True,2023-01-30,1.7287980059951726,2.053781992362256,normal,BTC-USD,558,0.07487019644079942,0.03721254639538334,,-0.1396122155565917,2023-01-29,2021-09-17,5.507095393812347,7.7309461045346906
-1.3012288528639155,1.3012288528639155,7.336423986473735,9.436845079641873,False,False,2609.3759465073836,2622.0197708026503,0,null,-1301.6879732536918,"{""alpha[1]"": 0.2340262949728831, ""beta[1]"": 0.28681152233984825, ""omega"": 5.644492933926607}",3.4861679133216787,True,2023-01-31,1.7942905852588429,2.1194374020207025,normal,BTC-USD,559,0.35904627858983007,0.09556728949112875,,-0.14546078254367092,2023-01-30,2021-09-18,5.87969671893268,8.255500096248952
-2.494573458486812,2.494573458486812,6.543991774307924,8.41247396526754,False,False,2608.166966022844,2620.810790318111,0,null,-1301.083483011422,"{""alpha[1]"": 0.22620877666308056, ""beta[1]"": 0.33036407332210355, ""omega"": 5.191740868795274}",3.1012079824961893,True,2023-02-01,1.6805232201925397,2.0047945576491295,normal,BTC-USD,560,0.3871348503247652,0.09856152405594086,,-0.14709035006877003,2023-01-31,2021-09-19,5.2481235480084845,7.361578947107265
1.0674749856179377,-1.0674749856179377,6.629440822816719,8.525584428877249,False,False,2605.686409463091,2618.3302337583577,0,null,-1299.8432047315455,"{""alpha[1]"": 0.2499145709239747, ""beta[1]"": 0.286982040782381, ""omega"": 5.454770963541866}",3.147118937244991,True,2023-02-02,1.693154930521649,2.0179830605343296,normal,BTC-USD,561,0.21234566484847353,0.06391656747607942,,-0.13783828421231933,2023-02-01,2021-09-20,5.314388282587404,7.459131733225873
0.09611362423306992,-0.09611362423306992,6.13107517196136,7.886757981068687,False,False,2599.950123002009,2612.593947297276,0,null,-1296.9750615010046,"{""alpha[1]"": 0.2502610380380177, ""beta[1]"": 0.26069253988143554, ""omega"": 5.69760707418868}",2.9139895304748205,True,2023-02-03,1.6147691921160083,1.9399812319401875,normal,BTC-USD,562,0.24086621351877285,0.068031913714727,,-0.12035164650839691,2023-02-02,2021-09-21,4.913437894608522,6.899304995705764
0.5022313769571214,-0.5022313769571214,5.907018049198171,7.600207330891281,False,False,2597.8412574071754,2610.485081702442,0,null,-1295.9206287035877,"{""alpha[1]"": 0.24516748394224586, ""beta[1]"": 0.2685596151432427, ""omega"": 5.620878514257709}",2.8102660767491097,True,2023-02-04,1.577344480286567,1.902875709004594,normal,BTC-USD,563,0.21152455961332378,0.061456713563614054,,-0.11024622018413605,2023-02-03,2021-09-22,4.7327225692235935,6.647902733318522
1.6254488204225113,-1.6254488204225113,5.870653262604668,7.548931502496869,False,False,2593.741872888332,2606.385697183599,0,null,-1293.870936444166,"{""alpha[1]"": 0.2456807818857899, ""beta[1]"": 0.2606149985945487, ""omega"": 5.672421912882928}",2.7855175176865443,True,2023-02-05,1.571699383244427,1.8963660636850643,normal,BTC-USD,564,0.15406251874087035,0.049795645382874454,,-0.12493060333634066,2023-02-04,2021-09-23,4.706699195239915,6.605013358709953
0.855537643762106,-0.855537643762106,6.04872731155714,7.776325796913181,False,False,2592.8490472957565,2605.4928715910232,0,null,-1293.4245236478782,"{""alpha[1]"": 0.24779558807614657, ""beta[1]"": 0.2582599054308125, ""omega"": 5.673444526573118}",2.8673766543008363,True,2023-02-06,1.6017632999102323,1.9261332513558882,normal,BTC-USD,565,0.1997515004341809,0.05949130702828001,,-0.13415276278301178,2023-02-05,2021-09-24,4.85056765244572,6.804668346590102
-2.1910195731051965,2.1910195731051965,5.911211128833308,7.6008800916696835,False,False,2590.5299791533444,2603.173803448611,0,null,-1292.2649895766722,"{""alpha[1]"": 0.25134657759281637, ""beta[1]"": 0.26269572204811376, ""omega"": 5.5862669575160995}",2.8044232375760862,True,2023-02-07,1.5786081167180273,1.903235802689323,normal,BTC-USD,566,0.3465188352976446,0.08841575008764738,,-0.12649139901367468,2023-02-06,2021-09-25,4.73935713284769,6.650555435659534
1.4063722478328513,-1.4063722478328513,6.308481636364423,8.115638181853928,False,False,2591.0726476031923,2603.716471898459,0,null,-1292.5363238015962,"{""alpha[1]"": 0.25035592784239846, ""beta[1]"": 0.2660112833093301, ""omega"": 5.563604968253048}",2.999422917493262,True,2023-02-08,1.6432202075516047,1.9685527219348486,normal,BTC-USD,567,0.18243864930435463,0.05692862448946762,,-0.12153356931978235,2023-02-07,2021-09-26,5.055145233919941,7.099234696779608
5.007294796582952,-5.007294796582952,6.0895426085114375,7.831258358719727,True,False,2591.066027097395,2603.7098513926617,0,null,-1292.5330135486975,"{""alpha[1]"": 0.24884527897221137, ""beta[1]"": 0.2720089020993838, ""omega"": 5.50658742137537}",2.890807744338853,True,2023-02-09,2.0210561283925075,1.933035077711426,normal,BTC-USD,568,0.11941760610246485,0.018443661039425716,,-0.12663645022203332,2023-02-08,2021-09-27,4.8815920533172,6.8516609005255225
0.7722817690442194,-0.7722817690442194,7.757756307361613,9.985148630969688,False,False,2593.2608010776557,2605.9046253729225,0,null,-1293.6304005388279,"{""alpha[1]"": 0.24497512236725782, ""beta[1]"": 0.27471262036978994, ""omega"": 5.533725172718773}",3.6969080505800744,True,2023-02-10,1.8495650960718546,2.1756367514137676,normal,BTC-USD,569,0.272034378485565,0.07960109138199994,,-0.13209672325278346,2023-02-09,2021-09-28,6.212969338755515,8.732390907244207
-1.0095720610279386,1.0095720610279386,6.4649368400347855,8.315941602454183,False,False,2592.6355432423316,2605.2793675375983,0,null,-1293.3177716211658,"{""alpha[1]"": 0.23629667367051002, ""beta[1]"": 0.2991042207834205, ""omega"": 5.317445100221258}",3.0721998703693094,True,2023-02-11,1.6678225602009653,1.992985259644997,normal,BTC-USD,570,0.3095380990363052,0.08284448518291494,,-0.12787082020135818,2023-02-10,2021-09-29,5.181189919698159,7.274876457263548
0.37871607629455095,-0.37871607629455095,6.103998519817238,7.849416504007803,False,False,2591.3780550949623,2604.021879390229,0,null,-1292.6890275474811,"{""alpha[1]"": 0.23826604516662866, ""beta[1]"": 0.3048501989008675, ""omega"": 5.216196435483897}",2.8969525166221817,True,2023-02-12,1.610628439062178,1.9353751615051333,normal,BTC-USD,571,0.22573821194087193,0.06489020712986526,,-0.1284174610397953,2023-02-11,2021-09-30,4.893480315111986,6.8677367892810715
-0.09128497713111712,0.09128497713111712,5.920332723793667,7.608833771972351,False,False,2589.8221846776187,2602.4660089728854,0,null,-1291.9110923388093,"{""alpha[1]"": 0.22022975430107636, ""beta[1]"": 0.3263547787750145, ""omega"": 5.083907754382806}",2.802484794557023,True,2023-02-13,1.580592281253871,1.904498696362193,normal,BTC-USD,572,0.24202868505753353,0.06750450966196715,,-0.13961144521607838,2023-02-12,2021-10-01,4.749288724019549,6.659165989065592
-1.8747466095564818,1.8747466095564818,5.846969000227289,7.508590935936129,False,False,2581.3643258872744,2594.008150182541,0,null,-1287.6821629436372,"{""alpha[1]"": 0.22881761383856106, ""beta[1]"": 0.2960945393729264, ""omega"": 5.290305369104859}",2.757872264366902,True,2023-02-14,1.568829452448358,1.8915837118510743,normal,BTC-USD,573,0.32846566826587154,0.08448787447690805,,-0.15827055904817475,2023-02-13,2021-10-02,4.694566755760943,6.574040838134317
-8.97700078458374,8.97700078458374,6.15299578000906,7.90559515503105,False,False,2581.6357784825727,2594.2796027778395,0,null,-1287.8178892412864,"{""alpha[1]"": 0.2278149013721494, ""beta[1]"": 0.30409629905267477, ""omega"": 5.216356332953126}",2.9088718095539505,True,2023-02-15,1.6193932304080167,1.942884538123168,normal,BTC-USD,574,0.6957248886955143,0.15896877177641744,,-0.15282864304482474,2023-02-14,2021-10-03,4.937496989326532,6.919876393057991
2.85581015025821,-2.85581015025821,10.799596663877672,13.91407904195093,False,False,2590.6972042980433,2603.34102859331,0,null,-1292.3486021490216,"{""alpha[1]"": 0.22491588352783734, ""beta[1]"": 0.2833911963389875, ""omega"": 5.571475360949362}",5.169253236106042,True,2023-02-16,2.179499473393076,2.5070081504218855,normal,BTC-USD,575,0.2891883296146993,0.09306582934448358,,-0.13691180851253254,2023-02-15,2021-10-04,8.63957674255219,12.16239308470656
-3.91062494216208,3.91062494216208,8.07397069270621,10.38955572239392,False,False,2591.2149964321966,2603.8588207274634,0,null,-1292.6074982160983,"{""alpha[1]"": 0.217937029437972, ""beta[1]"": 0.29266445548865166, ""omega"": 5.505656070452145}",3.8432856427323645,True,2023-02-17,1.8897405104137306,2.2154482187668414,normal,BTC-USD,576,0.5189321722776846,0.12997820500996968,,-0.14637617453275245,2023-02-16,2021-10-05,6.468018503391603,9.087195558834875
-0.3075823679313321,0.3075823679313321,7.6847005456577975,9.886078159184446,False,False,2591.169529524048,2603.8133538193147,0,null,-1292.584764762024,"{""alpha[1]"": 0.2079954182976825, ""beta[1]"": 0.3050654042240748, ""omega"": 5.435378929191152}",3.653730209786521,True,2023-02-18,1.840558123875554,2.1658881502790743,normal,BTC-USD,577,0.3232769101077604,0.08955534320541354,,-0.14810444675434714,2023-02-17,2021-10-06,6.15795583422387,8.647951952610015
1.2809719109723465,-1.2809719109723465,6.52859438712027,8.388255658319725,False,False,2586.120045091343,2598.7638693866097,0,null,-1290.0600225456715,"{""alpha[1]"": 0.20451505484927532, ""beta[1]"": 0.30809310298209636, ""omega"": 5.388902647029966}",3.0865674861053094,True,2023-02-19,1.6786375697447253,2.0021423235651747,normal,BTC-USD,578,0.19789359578366567,0.060613499007071775,,-0.1618921022948498,2023-02-18,2021-10-07,5.238843826645656,7.342321811679518
-2.0405044769591987,2.0405044769591987,6.191322192269548,7.9533855646351315,False,False,2585.4480055739205,2598.091829869187,0,null,-1289.7240027869602,"{""alpha[1]"": 0.2065670204385851, ""beta[1]"": 0.3006831156002326, ""omega"": 5.445099094465015}",2.9245796521281404,True,2023-02-20,1.6257655507672366,1.9489914362518155,normal,BTC-USD,579,0.35048821061599367,0.0900284842039983,,-0.15875428724922214,2023-02-19,2021-10-08,4.9692597353606685,6.962343943440623
1.594638154251538,-1.594638154251538,6.349170253500652,8.158356298103703,False,False,2585.9153678090324,2598.559192104299,0,null,-1289.9576839045162,"{""alpha[1]"": 0.20715174225923164, ""beta[1]"": 0.29988057496035625, ""omega"": 5.4526485460108445}",3.0027913728533644,True,2023-02-21,1.650700841189202,1.9743184559609817,normal,BTC-USD,580,0.17498940784040612,0.05546173202617281,,-0.15527403044321075,2023-02-20,2021-10-09,5.0944263110596575,7.140811356868813
1.0180396896349067,-1.0180396896349067,6.202067732203913,7.966281823468051,False,False,2585.7553793955767,2598.3992036908435,0,null,-1289.8776896977884,"{""alpha[1]"": 0.20690438122021146, ""beta[1]"": 0.30244560773874196, ""omega"": 5.423466928791252}",2.9281493016803677,True,2023-02-22,1.62760110581344,1.950661478746285,normal,BTC-USD,581,0.19802369874116824,0.05955990878537289,,-0.1621366653338939,2023-02-21,2021-10-10,4.9785136644582675,6.97403056817219
1.0027916741139138,-1.0027916741139138,6.034874649713122,7.749867659175503,False,False,2585.300514387028,2597.944338682295,0,null,-1289.650257193514,"{""alpha[1]"": 0.21524129539915793, ""beta[1]"": 0.2946288006963085, ""omega"": 5.434711723532145}",2.8464547516711374,True,2023-02-23,1.6004644532274277,1.9232132904565562,normal,BTC-USD,582,0.19213328627881548,0.05782508263440389,,-0.16345597745069834,2023-02-22,2021-10-11,4.84545739969022,6.7852999375542975
3.179206743271094,-3.179206743271094,5.986570472597769,7.684043948902452,False,False,2582.776603004685,2595.420427299952,0,null,-1288.3883015023425,"{""alpha[1]"": 0.2174504663700764, ""beta[1]"": 0.2898433053716295, ""omega"": 5.450984924095505}",2.817376756525592,True,2023-02-24,1.5928674266011065,1.9148996464703023,normal,BTC-USD,583,0.08150484932637514,0.035501230379829996,,-0.1751313533387011,2023-02-23,2021-10-12,4.809303729798596,6.729329781254091
0.0981248077775698,-0.0981248077775698,6.605329231462945,8.48316571741565,False,False,2583.1283197803323,2595.772144075599,0,null,-1288.5641598901661,"{""alpha[1]"": 0.21715822082666936, ""beta[1]"": 0.29165436775043263, ""omega"": 5.439704007015027}",3.116733746907296,True,2023-02-25,1.6907093494029786,2.0135834547587996,normal,BTC-USD,584,0.26024243070958053,0.07328884732418227,,-0.17640261412665806,2023-02-24,2021-10-13,5.302973421969176,7.42700954019579
-1.6511545849785116,1.6511545849785116,6.105756585995762,7.836213893308789,False,False,2582.421807594281,2595.0656318895476,0,null,-1288.2109037971404,"{""alpha[1]"": 0.215920519040365, ""beta[1]"": 0.2988255433728199, ""omega"": 5.3598811625583}",2.872121575882874,True,2023-02-26,1.6126728716688636,1.9345548287681464,normal,BTC-USD,585,0.3278384401409394,0.0851410313372422,,-0.18139462670374662,2023-02-25,2021-10-14,4.90561421784027,6.862948548745701
0.1628652496983042,-0.1628652496983042,6.1745355183051265,7.92612820285984,False,False,2581.3458787894683,2593.989703084735,0,null,-1287.6729393947342,"{""alpha[1]"": 0.23905261762679902, ""beta[1]"": 0.27681855355690294, ""omega"": 5.410027022566869}",2.907200957924683,True,2023-02-27,1.6236900172548738,1.9458728916643029,normal,BTC-USD,586,0.23984348293084679,0.0677811038657531,,-0.1778148683960256,2023-02-26,2021-10-15,4.959734908315236,6.940975636273608
1.6092730869530325,-1.6092730869530325,5.899716032030704,7.566741519322807,False,False,2575.236856779592,2587.880681074859,0,null,-1284.618428389796,"{""alpha[1]"": 0.24053087675249635, ""beta[1]"": 0.2860121493323077, ""omega"": 5.261466054102266}",2.7668407936817223,True,2023-02-28,1.5789371899050089,1.899853282954874,normal,BTC-USD,587,0.15671465591505235,0.05019879201807324,,-0.19251809056940522,2023-02-27,2021-10-16,4.743566205254076,6.629152288760352
-2.133680491239072,2.133680491239072,6.003298696174368,7.70030912440715,False,False,2575.375023194798,2588.0188474900647,0,null,-1284.687511597399,"{""alpha[1]"": 0.24084732400800224, ""beta[1]"": 0.2857987286395744, ""omega"": 5.262650365451946}",2.816608213810118,True,2023-03-01,1.5962592856162514,1.9173104197431359,normal,BTC-USD,588,0.3480016793621791,0.08879535881259841,,-0.19344485981762408,2023-02-28,2021-10-17,4.826353096004504,6.745855390020762
0.726135019358465,-0.726135019358465,6.320782485086615,8.111142628752239,False,False,2575.7616395833993,2588.405463878666,0,null,-1284.8808197916997,"{""alpha[1]"": 0.24062758783298158, ""beta[1]"": 0.2882700225830459, ""omega"": 5.242473990779756}",2.9715451375146964,True,2023-03-02,1.6473978056188088,1.9690938923098091,normal,BTC-USD,589,0.21764800247906171,0.06378050965763887,,-0.19133827184863644,2023-03-01,2021-10-18,5.079095068939695,7.1041859851223474
4.856242571273746,-4.856242571273746,5.964242691825396,7.649589620116359,True,False,2575.49383448333,2588.1376587785967,0,null,-1284.746917241665,"{""alpha[1]"": 0.24316096793980935, ""beta[1]"": 0.28877678730328554, ""omega"": 5.211561785530627}",2.7972497530774345,True,2023-03-03,1.7938754704523605,1.9107376679209103,normal,BTC-USD,590,0.057813550625649544,0.018454532453147994,,-0.19431980035558682,2023-03-02,2021-10-19,4.7953862021941145,6.701695816588543
0.041730356125438066,-0.041730356125438066,7.5617643580521445,9.708828468437462,False,False,2576.8956344257595,2589.539458721026,0,null,-1285.4478172128797,"{""alpha[1]"": 0.2380614690889283, ""beta[1]"": 0.2840514963897687, ""omega"": 5.316891261953222}",3.5635835279962462,True,2023-03-04,1.8261827642491868,2.1486561951196945,normal,BTC-USD,591,0.30154789545377536,0.08459519582427387,,-0.21111497423179043,2023-03-03,2021-10-20,6.07268826520094,8.501249938552817
-0.3668954697670831,0.3668954697670831,6.378842444717835,8.178807800867974,False,False,2576.3751391216333,2589.0189634169,0,null,-1285.1875695608167,"{""alpha[1]"": 0.23279052652561436, ""beta[1]"": 0.28784359430821166, ""omega"": 5.295709533717886}",2.9874873615159068,True,2023-03-05,1.6572851480757853,1.9777680942295062,normal,BTC-USD,592,0.27486944468403096,0.07533344343805908,,-0.2165140018524076,2023-03-04,2021-10-21,5.1304934239135305,7.166448874038817
0.02565842060548486,-0.02565842060548486,5.992899611971404,7.683796880510584,False,False,2572.4148733749635,2585.0586976702302,0,null,-1283.2074366874817,"{""alpha[1]"": 0.2352563746184485, ""beta[1]"": 0.2952730369977957, ""omega"": 5.17349609144182}",2.806461914459874,True,2023-03-06,1.5948928208098567,1.9153448574703789,normal,BTC-USD,593,0.2397267657764114,0.06707122964908051,,-0.20397467723321228,2023-03-05,2021-10-22,4.820193736133708,6.732781385513529
0.9406138955001022,-0.9406138955001022,5.839383288438586,7.486867779527522,False,False,2571.6595462446294,2584.303370539896,0,null,-1282.8297731223147,"{""alpha[1]"": 0.23792924917262695, ""beta[1]"": 0.29399142025248975, ""omega"": 5.162395796150334}",2.734407681017125,True,2023-03-07,1.5689542952091031,1.8893873196391269,normal,BTC-USD,594,0.18780860200213828,0.056196551438529196,,-0.19908554385788227,2023-03-06,2021-10-23,4.696785935542865,6.560269039353017
2.283731505563653,-2.283731505563653,5.84134541760912,7.488182335542786,False,False,2571.4662222240213,2584.110046519288,0,null,-1282.7331111120106,"{""alpha[1]"": 0.23954798847748907, ""beta[1]"": 0.2943057225361883, ""omega"": 5.145732792101918}",2.7333328733212885,True,2023-03-08,1.5694328679386933,1.8896332513155096,normal,BTC-USD,595,0.12077328387063928,0.042782163059615005,,-0.20326469262822652,2023-03-07,2021-10-24,4.6991971829764365,6.561947811525149
6.4424513341193395,-6.4424513341193395,6.17341423786337,7.916353625355126,True,False,2571.678198504831,2584.322022800098,0,null,-1282.8390992524155,"{""alpha[1]"": 0.2439428294481559, ""beta[1]"": 0.2912354715868254, ""omega"": 5.148024671445167}",2.8928386728269735,True,2023-03-09,6.412188627834119,1.9451002439523952,normal,BTC-USD,596,1.403944478885819,0.004936166197252061,,-0.20631885737038874,2023-03-08,2021-10-25,4.964615040555319,6.936067953844545
0.8669656846122028,-0.8669656846122028,8.735094601468886,11.220528321969724,False,False,2575.1508609950324,2587.794685290299,0,null,-1284.5754304975162,"{""alpha[1]"": 0.240923929793871, ""beta[1]"": 0.2784604049559714, ""omega"": 5.346679250021029}",4.1251915224430356,True,2023-03-10,1.9700127140534853,2.293161852903773,normal,BTC-USD,597,0.3072189883826138,0.08955674058339042,,-0.22600921470458024,2023-03-09,2021-10-26,7.011345452264473,9.822639742951235
-2.181222121341815,2.181222121341815,6.8084995889360185,8.733218339458254,False,False,2573.865113765148,2586.508938060415,0,null,-1283.932556882574,"{""alpha[1]"": 0.23237366198078582, ""beta[1]"": 0.28900081222297247, ""omega"": 5.2755045808959204}",3.194546451691952,True,2023-03-11,1.7221123391526048,2.043179160321004,normal,BTC-USD,598,0.3827425573862956,0.09831916176613735,,-0.21906770885362736,2023-03-10,2021-10-27,5.47362902638409,7.650694055271911
-7.160391186872637,7.160391186872637,6.581099666378147,8.442520757045424,False,False,2573.4517205291204,2586.095544824387,0,null,-1283.7258602645602,"{""alpha[1]"": 0.2333694370568963, ""beta[1]"": 0.2878055257975082, ""omega"": 5.275117223650174}",3.089488341443273,True,2023-03-12,1.688038426512294,2.009274884862115,normal,BTC-USD,599,0.6225259893279069,0.14555988317701404,,-0.2083724958382338,2023-03-11,2021-10-28,5.29012859968549,7.3955971308287545
-8.778363435204001,8.778363435204001,9.59104587171923,12.333731193593277,False,False,2577.3639542328447,2590.0077785281114,0,null,-1285.6819771164223,"{""alpha[1]"": 0.23274346608558372, ""beta[1]"": 0.30496241067554436, ""omega"": 5.164254836330905}",4.5521641334470475,True,2023-03-13,2.062502918588652,2.387268249900244,normal,BTC-USD,600,0.823362286618243,0.19569519401115587,,-0.20123861178206318,2023-03-12,2021-10-29,7.688882297160845,10.79115596591157
-2.241616481277407,2.241616481277407,11.975929432407666,15.418820453117435,False,False,2580.866932770348,2593.5107570656146,0,null,-1287.433466385174,"{""alpha[1]"": 0.2625797481289904, ""beta[1]"": 0.28495603020129934, ""omega"": 5.2234312469316935}",5.714328543215083,True,2023-03-14,2.283516764668882,2.610002504190189,normal,BTC-USD,601,0.5914880635594866,0.1572404329936939,,-0.1889107600126646,2023-03-13,2021-10-30,9.588144789912315,13.482426818091966
1.5069419815208471,-1.5069419815208471,8.407178116378853,10.809295043864084,False,False,2582.4305563334847,2595.0743806287514,0,null,-1288.2152781667423,"{""alpha[1]"": 0.2511979344168078, ""beta[1]"": 0.289529050105494, ""omega"": 5.247554145418606}",3.986906713079517,True,2023-03-15,1.930925978930293,2.255418754605592,normal,BTC-USD,602,0.2617135281388787,0.07951324551423253,,-0.18333457697240055,2023-03-14,2021-10-31,6.741212544298417,9.458266532944092
-2.7387721929180557,2.7387721929180557,6.7533664307114165,8.67207867330848,False,False,2583.1414750221056,2595.7852993173724,0,null,-1288.5707375110528,"{""alpha[1]"": 0.24863794128955397, ""beta[1]"": 0.278219663017277, ""omega"": 5.378250527306536}",3.1845771673099024,True,2023-03-16,1.7129979298010456,2.0356693747916283,normal,BTC-USD,603,0.40807169090400824,0.10331704837014022,,-0.1844983212055629,2023-03-15,2021-11-01,5.422661625162101,7.592932644095957
-9.043081739297751,9.043081739297751,6.800800405203364,8.73526810910196,False,False,2583.8543588145753,2596.498183109842,0,null,-1288.9271794072877,"{""alpha[1]"": 0.25366356851409994, ""beta[1]"": 0.2703098787779426, ""omega"": 5.431176424636448}",3.2107272492280696,True,2023-03-17,1.7197647299984866,2.042815228870743,normal,BTC-USD,604,0.7251125143575007,0.1669034243647202,,-0.1779921868075383,2023-03-16,2021-11-02,5.459168547852252,7.6472606971742545
1.684365594244995,-1.684365594244995,11.51311293755464,14.82720115083237,False,False,2590.337721049208,2602.981545344475,0,null,-1292.168860524604,"{""alpha[1]"": 0.25823375650627445, ""beta[1]"": 0.29741072206589614, ""omega"": 5.217703490630116}",5.500548451272641,True,2023-03-18,2.2438486561655524,2.5707518380516685,normal,BTC-USD,605,0.37651463374262734,0.11278884800231193,,-0.16706119879942827,2023-03-17,2021-11-03,9.214658269097535,12.963250394476177
-3.9012512397318218,3.9012512397318218,8.078873117434044,10.389101543645317,False,False,2591.700248636933,2604.3440729321997,0,null,-1292.8501243184664,"{""alpha[1]"": 0.2453933974080525, ""beta[1]"": 0.30491048916431085, ""omega"": 5.2189576145785965}",3.8343950354038197,True,2023-03-19,1.8909280585707302,2.2156890120828705,normal,BTC-USD,606,0.518894359487211,0.12991005347439963,,-0.1696173688636974,2023-03-18,2021-11-04,6.476635950012389,9.089754107708128
0.9728058672660813,-0.9728058672660813,7.817895808970124,10.055599312063318,False,False,2592.644298055825,2605.2881223510917,0,null,-1293.3221490279125,"{""alpha[1]"": 0.2445876248370975, ""beta[1]"": 0.3103797709698382, ""omega"": 5.174646980776807}",3.7140220012952136,True,2023-03-20,1.8579044561893827,2.182969798293958,normal,BTC-USD,607,0.26465758758380237,0.0782423637912208,,-0.1569350595341256,2023-03-19,2021-11-05,6.2659576189421236,8.797042246388155
-1.460725945293973,1.460725945293973,6.560412423433398,8.430558355548968,False,False,2593.102110969265,2605.745935264532,0,null,-1293.5510554846326,"{""alpha[1]"": 0.2391427694024086, ""beta[1]"": 0.3132513363988977, ""omega"": 5.175143478933494}",3.1039693721303063,True,2023-03-21,1.6833491166859886,2.0070989356664657,normal,BTC-USD,608,0.3362058135209115,0.08839453540666636,,-0.1578150454294325,2023-03-20,2021-11-06,5.263390325124251,7.378727595372655
3.130493477715248,-3.130493477715248,6.269818738503498,8.05555523028092,False,False,2592.9708530621865,2605.6146773574533,0,null,-1293.4854265310933,"{""alpha[1]"": 0.2430450077721952, ""beta[1]"": 0.31052428649017116, ""omega"": 5.1683128849007085}",2.9638710444923753,True,2023-03-22,1.638216897751,1.9616832444090848,normal,BTC-USD,609,0.09504222674315747,0.03920705600799463,,-0.15620397522866492,2023-03-21,2021-11-07,5.031338012578396,7.051199078514708
-3.6902430912618254,3.6902430912618254,6.700746125707638,8.608840107798736,False,False,2592.930588533197,2605.5744128284637,0,null,-1293.4652942665984,"{""alpha[1]"": 0.24344666711304389, ""beta[1]"": 0.30635978809620223, ""omega"": 5.203390819378709}",3.166953539747036,True,2023-03-23,1.7047273512769952,2.028130063284523,normal,BTC-USD,610,0.45338243029959996,0.11225909224128919,,-0.16823049849045005,2023-03-22,2021-11-08,5.377405514730166,7.535666132867083
3.0119733185825446,-3.0119733185825446,7.280634857332572,9.356479504362486,False,False,2589.6300571304328,2602.2738814256995,0,null,-1291.8150285652164,"{""alpha[1]"": 0.24255902938868246, ""beta[1]"": 0.31882330674608156, ""omega"": 5.065184058571005}",3.4453772270020484,True,2023-03-24,1.7874767224300343,2.11128686680052,normal,BTC-USD,611,0.14144895169844054,0.05176983793223429,,-0.1738111245010276,2023-03-23,2021-11-09,5.840952352551353,8.18895711180597
-0.005171583626765299,0.005171583626765299,6.957164301425135,8.937283035649276,False,False,2590.5899002296082,2603.233724524875,0,null,-1292.2949501148041,"{""alpha[1]"": 0.24293183271610258, ""beta[1]"": 0.31226424383634077, ""omega"": 5.1362494934671945}",3.286496416491067,True,2023-03-25,1.7423793706405553,2.0656207151908563,normal,BTC-USD,612,0.27945215927784356,0.0782877158647536,,-0.1780660513017524,2023-03-24,2021-11-10,5.583871601930101,7.823600002848588
-1.8008477908098797,1.8008477908098797,6.191649678079272,7.949921027016412,False,False,2589.8197785004722,2602.463602795739,0,null,-1291.9098892502361,"{""alpha[1]"": 0.2412690205827627, ""beta[1]"": 0.314043248545573, ""omega"": 5.120398883415353}",2.9182858520678585,True,2023-03-26,1.6262536366462186,1.9487697071354675,normal,BTC-USD,613,0.3386532467058025,0.08761859953662593,,-0.1720640750511791,2023-03-25,2021-11-11,4.972217143306164,6.961012162852706
3.0997440046962264,-3.0997440046962264,6.268345709431225,8.0501120655706,False,False,2590.3479309921167,2602.9917552873835,0,null,-1292.1739654960584,"{""alpha[1]"": 0.2408392220624062, ""beta[1]"": 0.31034927384057326, ""omega"": 5.166386295900759}",2.9572816232006605,True,2023-03-27,1.6383747744805732,1.9612003891564536,normal,BTC-USD,614,0.09664372144955961,0.03948244842225553,,-0.1683230298488732,2023-03-26,2021-11-12,5.032618433687417,7.047988846921776
-0.4714100075556037,0.4714100075556037,6.6801682331983665,8.581132306745166,False,False,2591.3229913230743,2603.966815618341,0,null,-1292.6614956615372,"{""alpha[1]"": 0.2381885657201142, ""beta[1]"": 0.3122751717681094, ""omega"": 5.1739428362210464}",3.1551196943943607,True,2023-03-28,1.7017835120202882,2.0249711429285187,normal,BTC-USD,615,0.2916591255349199,0.07983378431306523,,-0.1720624303522041,2023-03-27,2021-11-13,5.361772503142789,7.511968423750912
-3.8853399317625166,3.8853399317625166,6.144692585042386,7.889239178659528,False,False,2591.366760825109,2604.0105851203757,0,null,-1292.6833804125545,"{""alpha[1]"": 0.23407224372178165, ""beta[1]"": 0.3231898574225556, ""omega"": 5.081135867267917}",2.8955062286054973,True,2023-03-29,1.6186848270167813,1.941129075511447,normal,BTC-USD,616,0.4410059328412579,0.10793389494031241,,-0.17209480308030292,2023-03-28,2021-11-14,4.934778725062634,6.908049562268714
1.1169598732514263,-1.1169598732514263,7.19953095608234,9.253560111743106,False,False,2592.6384847309782,2605.282309026245,0,null,-1293.3192423654891,"{""alpha[1]"": 0.23220463019219356, ""beta[1]"": 0.33032575643887185, ""omega"": 5.031889850981911}",3.409169027478705,True,2023-03-30,1.7761484643688794,2.1001642254257735,normal,BTC-USD,617,0.23290092533159645,0.06981347586213926,,-0.16739434014437996,2023-03-29,2021-11-15,5.774978379883351,8.098307459465346
-1.5746414888453637,1.5746414888453637,6.373797501750285,8.187712979274538,False,False,2591.835907385849,2604.479731681116,0,null,-1292.9179536929246,"{""alpha[1]"": 0.22949951343584832, ""beta[1]"": 0.3360133440036965, ""omega"": 4.972978947007744}",3.0106410356432356,True,2023-03-31,1.6548211184858421,1.9780326725767883,normal,BTC-USD,618,0.33452074972468226,0.08742149540335689,,-0.16370967872156253,2023-03-30,2021-11-16,5.115773505648275,7.167508051490318
0.23712364301999053,-0.23712364301999053,6.228560402509779,8.00418167906656,False,False,2589.361486513885,2602.005310809152,0,null,-1291.6807432569426,"{""alpha[1]"": 0.22969427754075972, ""beta[1]"": 0.32851367282904115, ""omega"": 5.0342114113348755}",2.9470823449057852,True,2023-04-01,1.631432544002461,1.9551959542389232,normal,BTC-USD,619,0.23799856729082716,0.06768391009568485,,-0.14957590489359954,2023-03-31,2021-11-17,4.99709498883653,7.005514652588469
0.7480171827311686,-0.7480171827311686,5.9083773517336065,7.590136842656747,False,False,2588.492297002078,2601.1361212973447,0,null,-1291.246148501039,"{""alpha[1]"": 0.24381992341199774, ""beta[1]"": 0.3088803803342499, ""omega"": 5.127170857713833}",2.7912955141472335,True,2023-04-02,1.578961964564547,1.9022305087062223,normal,BTC-USD,620,0.19969958563856846,0.058962435475890716,,-0.1507363451640834,2023-04-01,2021-11-18,4.742008895502535,6.6442607303202355
1.4613274163757475,-1.4613274163757475,5.809300705833682,7.465096764850214,False,False,2584.9047231366203,2597.548547431887,0,null,-1289.4523615683102,"{""alpha[1]"": 0.24753860725445387, ""beta[1]"": 0.3101281240767802, ""omega"": 5.066294601090784}",2.748202782157952,True,2023-04-03,1.5617837838114328,1.8854880431782952,normal,BTC-USD,621,0.15998057634519117,0.05072495912779467,,-0.1405476294489338,2023-04-02,2021-11-19,4.660938943279568,6.53382332915521
-1.3505585888011147,1.3505585888011147,5.914038175163305,7.598377855634602,False,False,2584.461452333741,2597.1052766290077,0,null,-1289.2307261668705,"{""alpha[1]"": 0.24981642415923572, ""beta[1]"": 0.30927077635404293, ""omega"": 5.055923394613404}",2.7955779763841297,True,2023-04-04,1.5798059846897714,1.9032598455919127,normal,BTC-USD,622,0.30482194207861407,0.08001609149767805,,-0.1475636788900683,2023-04-03,2021-11-20,4.745880252771161,6.651050560966684
-0.035120569583077264,0.035120569583077264,5.988392656915783,7.69367505569204,False,False,2583.743721272929,2596.387545568196,0,null,-1288.8718606364646,"{""alpha[1]"": 0.25078705932358125, ""beta[1]"": 0.3118435422722673, ""omega"": 5.017336748527544}",2.830337593305687,True,2023-04-05,1.5923272135026658,1.9157369288019357,normal,BTC-USD,623,0.24204153395317207,0.06769689466222037,,-0.1502190536343991,2023-04-04,2021-11-21,4.805710109480359,6.734568896638954
0.4761257346579407,-0.4761257346579407,5.784562319165176,7.43128182579714,False,False,2583.0488351169233,2595.69265941219,0,null,-1288.5244175584617,"{""alpha[1]"": 0.25574487977261956, ""beta[1]"": 0.31014969314765795, ""omega"": 4.990939447613971}",2.7331380002484646,True,2023-04-06,1.5577591272119768,1.8810673099340192,normal,BTC-USD,624,0.2083184889688539,0.060289876030477495,,-0.14688356136743452,2023-04-05,2021-11-22,4.642495514035015,6.5051133377056845
0.422660089629551,-0.422660089629551,5.704381999387366,7.329883473313343,False,False,2581.004357713705,2593.6481820089716,0,null,-1287.5021788568524,"{""alpha[1]"": 0.25949664627200486, ""beta[1]"": 0.31098518759349764, ""omega"": 4.944014426437105}",2.6979214310357382,True,2023-04-07,1.5436056638924618,1.8672325637026157,normal,BTC-USD,625,0.20771853356904396,0.059929886057308535,,-0.1393449099411868,2023-04-06,2021-11-23,4.577030761010427,6.4156486953603995
-0.07851839441310486,0.07851839441310486,5.670367692513118,7.284373639182483,False,False,2580.1782818979323,2592.822106193199,0,null,-1287.0891409489661,"{""alpha[1]"": 0.2605213256211064, ""beta[1]"": 0.3176968697502629, ""omega"": 4.85943592832135}",2.6788417624878162,True,2023-04-08,1.5378454920776687,1.861112736227398,normal,BTC-USD,626,0.23147537316070008,0.06455122713212194,,-0.14468647974373353,2023-04-07,2021-11-24,4.5509890688008925,6.3766043187990835
-1.3690692515611398,1.3690692515611398,5.619854461982852,7.220474296140521,False,False,2579.10252688792,2591.7463511831866,0,null,-1286.55126344396,"{""alpha[1]"": 0.2626586333308787, ""beta[1]"": 0.32908472015043444, ""omega"": 4.71370237654076}",2.656624200459812,True,2023-04-09,1.5287748846166576,1.8522417782442835,normal,BTC-USD,627,0.29394144510473724,0.07689303011386502,,-0.14000169896022263,2023-04-08,2021-11-25,4.5097596505336,6.3202337598253555
-4.5533646774644625,4.5533646774644625,5.821117016074001,7.480300758702181,False,False,2577.8718109239103,2590.515635219177,0,null,-1285.9359054619551,"{""alpha[1]"": 0.2763897416629154, ""beta[1]"": 0.3143251512541444, ""omega"": 4.761104480829444}",2.7538254803615754,True,2023-04-10,1.563813399310658,1.8875214943747527,normal,BTC-USD,628,0.461188521746024,0.1110048665727501,,-0.1407659280918908,2023-04-09,2021-11-26,4.670405757456008,6.547121979810538
-1.9439489564169947,1.9439489564169947,7.602350026496711,9.788383910667587,False,False,2576.231416988666,2588.8752412839326,0,null,-1285.115708494333,"{""alpha[1]"": 0.2738856181416433, ""beta[1]"": 0.31065831542530725, ""omega"": 4.822556279262259}",3.628263498789959,True,2023-04-11,1.8290318139026507,2.1555886668317896,normal,BTC-USD,629,0.40150978852341324,0.10502836471817968,,-0.1182844385309595,2023-04-10,2021-11-27,6.086246814051262,8.558887515400965
0.3180367836845122,-0.3180367836845122,6.66228223612373,8.573523207342125,False,False,2576.12666339084,2588.7704876861067,0,null,-1285.06333169542,"{""alpha[1]"": 0.2715101164772749, ""beta[1]"": 0.3122515403172587, ""omega"": 4.812113891929566}",3.172176745967368,True,2023-04-12,1.6975027790998385,2.0232992702432115,normal,BTC-USD,630,0.25093611383953235,0.07180542479918083,,-0.11899263453961005,2023-04-11,2021-11-28,5.3367590604751545,7.498579263602589
-0.8590133772499972,0.8590133772499972,5.943102699827117,7.641554039523342,False,False,2574.0808272122276,2586.7246515074944,0,null,-1284.0404136061138,"{""alpha[1]"": 0.2720570085472243, ""beta[1]"": 0.3113110990883016, ""omega"": 4.804764758013045}",2.8189997624982026,True,2023-04-13,1.5840276393696016,1.9085918441332557,normal,BTC-USD,631,0.28120855731660965,0.07545303267021015,,-0.12831578536168328,2023-04-12,2021-11-29,4.76515776908219,6.686289889771012
-0.28457979784425735,0.28457979784425735,5.794014415378833,7.448853360837176,False,False,2574.1030556325695,2586.7468799278363,0,null,-1284.0515278162848,"{""alpha[1]"": 0.2721532136952183, ""beta[1]"": 0.3099969178585576, ""omega"": 4.815992163054793}",2.7466142156620132,True,2023-04-14,1.5587420062418804,1.8831099888902187,normal,BTC-USD,632,0.24654481238816167,0.06802698034710776,,-0.12853809545083653,2023-04-13,2021-11-30,4.646316449918972,6.5181182368665125
0.5499737167476948,-0.5499737167476948,5.649162149696192,7.262672470849401,False,False,2573.783857748931,2586.427682044198,0,null,-1283.8919288744655,"{""alpha[1]"": 0.2696775150411126, ""beta[1]"": 0.32193191304274854, ""omega"": 4.70398201466115}",2.6780191494522363,True,2023-04-15,1.5334185950044334,1.8577951658945064,normal,BTC-USD,633,0.19900767728226185,0.05805208189592102,,-0.12517775137092083,2023-04-14,2021-12-01,4.530127262392928,6.355181906339792
0.010359312238463658,-0.010359312238463658,5.5770275841633055,7.1689171946884125,False,False,2573.2104664361686,2585.8542907314354,0,null,-1283.6052332180843,"{""alpha[1]"": 0.26683970917615, ""beta[1]"": 0.3428121271352694, ""omega"": 4.496671717307733}",2.642134236707804,True,2023-04-16,1.5206938515663206,1.8448640235755263,normal,BTC-USD,634,0.22313141124276467,0.06263227507209523,,-0.12706345495226196,2023-04-15,2021-12-02,4.472987537093753,6.273586819447981
2.912872328082267,-2.912872328082267,5.499194917702905,7.069116913201468,False,False,2571.714734598405,2584.3585588936717,0,null,-1282.8573672992025,"{""alpha[1]"": 0.27434380734362074, ""beta[1]"": 0.34284867409463754, ""omega"": 4.427257948966812}",2.6056735503783655,True,2023-04-17,1.5066082455454874,1.8308295717798662,normal,BTC-USD,635,0.07487589875316067,0.03273269509439001,,-0.12443871315410494,2023-04-16,2021-12-03,4.410390303145479,6.186141837521265
-3.1836460981234604,3.1836460981234604,6.238582917024927,8.02582952701579,False,False,2571.1033724578856,2583.7471967531524,0,null,-1282.5516862289428,"{""alpha[1]"": 0.2554217132714866, ""beta[1]"": 0.3657981328685621, ""omega"": 4.3031658393856995}",2.9663774588862055,True,2023-04-18,1.632065622336163,1.957418726721353,normal,BTC-USD,636,0.4091350480479276,0.10204270133885084,,-0.11979814067901927,2023-04-17,2021-12-04,4.999054862835085,7.020624035761615
5.3199536598988395,-5.3199536598988395,6.700981408823588,8.630151744788577,False,False,2564.3946437650966,2577.0384680603634,0,null,-1279.1973218825483,"{""alpha[1]"": 0.2582735777459499, ""beta[1]"": 0.36612103767310894, ""omega"": 4.2569876968304365}",3.201934957922641,True,2023-04-19,1.7025880298568161,2.029536836649085,normal,BTC-USD,637,0.0021534915606865844,0.022251700845923532,,-0.09630916231080659,2023-04-18,2021-12-05,5.363023491112571,7.545123744491191
2.0211126645479265,-2.0211126645479265,8.16071867492685,10.512959102105157,False,False,2567.3652913323685,2580.0091156276353,0,null,-1280.6826456661843,"{""alpha[1]"": 0.26527147686139496, ""beta[1]"": 0.35403662995833945, ""omega"": 4.362685155560374}",3.9041243340773586,True,2023-04-20,1.8994265360679767,2.226766263634113,normal,BTC-USD,638,0.22541159076764014,0.07168870088948137,,-0.10763140892408106,2023-04-19,2021-12-06,6.529344479900725,9.189982753496057
3.491087727202688,-3.491087727202688,6.865371671233334,8.836652316806358,False,False,2567.544374810588,2580.188199105855,0,null,-1280.772187405294,"{""alpha[1]"": 0.2577384866684242, ""beta[1]"": 0.3620176602189791, ""omega"": 4.324957232480732}",3.2718274240824305,True,2023-04-21,1.727351195673839,2.053440660876337,normal,BTC-USD,639,0.10035604088415336,0.04236852384664474,,-0.11653133962447548,2023-04-20,2021-12-07,5.498208544885753,7.727940111867158
-1.9624756565563302,1.9624756565563302,7.009502125202395,9.020707153246313,False,False,2568.63205112138,2581.2758754166466,0,null,-1281.31602556069,"{""alpha[1]"": 0.25849183053930674, ""beta[1]"": 0.36863834168629084, ""omega"": 4.256429038150817}",3.338091803916518,True,2023-04-22,1.7482721842667903,2.0741260222111992,normal,BTC-USD,640,0.3788562737976815,0.09852015836578912,,-0.12397740862822658,2023-04-21,2021-12-08,5.614649819397294,7.889540180022573
0.8161741213787365,-0.8161741213787365,6.458461599398448,8.310084129899723,False,False,2568.2729604435717,2580.9167847388385,0,null,-1281.1364802217859,"{""alpha[1]"": 0.27243762259001925, ""beta[1]"": 0.3528194090782161, ""omega"": 4.31485612400099}",3.073225209179666,True,2023-04-23,1.666555039006635,1.992150592568143,normal,BTC-USD,641,0.21790560552240007,0.06452497410513966,,-0.11928060006886416,2023-04-22,2021-12-09,5.174286231826734,7.268671531892697
0.23965485640801165,-0.23965485640801165,5.84840213581175,7.524726527013971,False,False,2565.030377575504,2577.674201870771,0,null,-1279.515188787752,"{""alpha[1]"": 0.27463664115430764, ""beta[1]"": 0.34078723753603224, ""omega"": 4.403511504295274}",2.782274622900995,True,2023-04-24,1.5673793168767478,1.8928983217384383,normal,BTC-USD,642,0.2223074142698354,0.06342252434726481,,-0.1093686371509752,2023-04-23,2021-12-10,4.685803141804716,6.5819072911344865
-2.8023207756039925,2.8023207756039925,5.549473766635108,7.138871499845934,False,False,2564.26108390426,2576.9049081995267,0,null,-1279.13054195213,"{""alpha[1]"": 0.2855176361378129, ""beta[1]"": 0.33244573699117685, ""omega"": 4.406992436070502}",2.6379983504489792,True,2023-04-25,1.515069528667003,1.840334798394851,normal,BTC-USD,643,0.362474135660627,0.09047263412874763,,-0.10804078298053597,2023-04-24,2021-12-11,4.4471619376085405,6.244942637270764
-0.40579258818099717,0.40579258818099717,6.360206547203829,8.185486302868883,False,False,2563.4795596705476,2576.1233839658144,0,null,-1278.7397798352738,"{""alpha[1]"": 0.28322460883051387, ""beta[1]"": 0.32383083645368066, ""omega"": 4.507691179898079}",3.0295028638458685,True,2023-04-26,1.6510255581468445,1.9769459368249649,normal,BTC-USD,644,0.2750046775603141,0.0756468232445801,,-0.11121218956853052,2023-04-25,2021-12-12,5.09430096302528,7.158889736277006
-3.6313132845173546,3.6313132845173546,5.751437094180869,7.398272973213124,False,False,2562.3488708869954,2574.992695182262,0,null,-1278.1744354434977,"{""alpha[1]"": 0.29732618063753413, ""beta[1]"": 0.3106954180503405, ""omega"": 4.5324875224037}",2.7333311490076393,True,2023-04-27,1.5508650348884148,1.8760506238802228,normal,BTC-USD,645,0.41203014322929177,0.10103352318024716,,-0.11335992596382324,2023-04-26,2021-12-13,4.609289580068474,6.472039033507353
0.4540602868508199,-0.4540602868508199,6.900736706094617,8.889451534488773,False,False,2558.875052326466,2571.518876621733,0,null,-1276.437526163233,"{""alpha[1]"": 0.28929287529403375, ""beta[1]"": 0.31461039010048725, ""omega"": 4.531617348240658}",3.3007637592505126,True,2023-04-28,1.7317575671125494,2.0590400699564264,normal,BTC-USD,646,0.25337109897972965,0.07316873492524897,,-0.09220902533222723,2023-04-27,2021-12-14,5.521482266445409,7.770933779375711
0.31328032449522725,-0.31328032449522725,5.907937360349797,7.606554685717332,False,False,2558.6525889565573,2571.296413251824,0,null,-1276.3262944782787,"{""alpha[1]"": 0.29719655439011156, ""beta[1]"": 0.3065651461240915, ""omega"": 4.55213593937091}",2.8192752567423196,True,2023-04-29,1.5768938272526838,1.903413721188893,normal,BTC-USD,647,0.22082984936552766,0.06337916855741849,,-0.09258218037862843,2023-04-28,2021-12-15,4.729877311805776,6.6511971802370695
-0.0694439510357295,0.0694439510357295,5.5486997757453835,7.139409087251582,False,False,2555.8099717762275,2568.4537960714943,0,null,-1274.9049858881137,"{""alpha[1]"": 0.29714832079683323, ""beta[1]"": 0.3101863238131592, ""omega"": 4.49822589448126}",2.6401752387805644,True,2023-04-30,1.5147384041980647,1.8403162044328831,normal,BTC-USD,648,0.22574611324900762,0.06314186501516908,,-0.10277649664873788,2023-04-29,2021-12-16,4.4454783139444185,6.244742550481173
4.105285623717641,-4.105285623717641,5.40743877264912,6.958417382650769,False,False,2554.8079380548656,2567.4517623501324,0,null,-1274.4039690274328,"{""alpha[1]"": 0.30199996895977455, ""beta[1]"": 0.3077918509111569, ""omega"": 4.485424944578304}",2.574232320377473,True,2023-05-01,1.4888520632723377,1.8145901211512765,normal,BTC-USD,649,0.011324327048894888,0.019808110579866627,,-0.09753679590694818,2023-04-30,2021-12-17,4.331772164695539,6.086096681704302
-2.0749270291394675,2.0749270291394675,7.0489922105102885,9.078878301590622,False,False,2555.7922279567965,2568.4360522520633,0,null,-1274.8961139783983,"{""alpha[1]"": 0.2969780900316522, ""beta[1]"": 0.3099756008210904, ""omega"": 4.512561315946909}",3.3690976449624475,True,2023-05-02,1.7531669762504078,2.0802001142906796,normal,BTC-USD,650,0.38580554292563807,0.10012131521437011,,-0.09951134850314232,2023-05-01,2021-12-18,5.641183829373287,7.9372044922975356
-1.129460084672254,1.129460084672254,6.431673079203233,8.281645538460472,False,False,2556.3355183775243,2568.979342672791,0,null,-1275.1677591887621,"{""alpha[1]"": 0.2910812222981014, ""beta[1]"": 0.3164346351283135, ""omega"": 4.48349951726811}",3.0704865081428254,True,2023-05-03,1.661748355020027,1.988404269336133,normal,BTC-USD,651,0.31390510938374105,0.08370621078739682,,-0.0981412335782745,2023-05-02,2021-12-19,5.148642103002562,7.241160994067421
0.5482697816661776,-0.5482697816661776,5.893516437353977,7.587134626869426,False,False,2556.585820367739,2569.2296446630057,0,null,-1275.2929101838695,"{""alpha[1]"": 0.28965141278310613, ""beta[1]"": 0.31985132335341926, ""omega"": 4.45439607159815}",2.8109779552828362,True,2023-05-04,1.5745502723856042,1.90090649472317,normal,BTC-USD,652,0.20853268553662338,0.06086319015952759,,-0.09527620737103554,2023-05-03,2021-12-20,4.718923492398641,6.634588797618931
-2.352452363071682,2.352452363071682,5.542673635651845,7.13327693933101,False,False,2556.1490568568925,2568.792881152159,0,null,-1275.0745284284462,"{""alpha[1]"": 0.30212502447412476, ""beta[1]"": 0.30628340381678004, ""omega"": 4.505298578923226}",2.639999292592267,True,2023-05-05,1.5134488650774562,1.839357551868397,normal,BTC-USD,653,0.3395989028826316,0.08591122387874266,,-0.09711328301123287,2023-05-04,2021-12-21,4.439525694580944,6.238670024802576
2.1553620517519305,-2.1553620517519305,6.098933081726313,7.850881620198259,False,False,2554.5692977223825,2567.2131220176493,0,null,-1274.2846488611913,"{""alpha[1]"": 0.3011825109646502, ""beta[1]"": 0.30595908593807236, ""omega"": 4.509631479177891}",2.9077915854479546,True,2023-05-06,1.6088909063739796,1.935117291180875,normal,BTC-USD,654,0.1364261810425803,0.04710166858069263,,-0.1009941368604946,2023-05-05,2021-12-22,4.883885672603534,6.865528909821189
1.567841231113875,-1.567841231113875,6.071236929049721,7.8142054832098715,False,False,2554.728081130811,2567.371905426078,0,null,-1274.3640405654055,"{""alpha[1]"": 0.3119072408683357, ""beta[1]"": 0.29366037716008064, ""omega"": 4.565969956645205}",2.8928870821215806,True,2023-05-07,1.6044564069496539,1.930492013634204,normal,BTC-USD,655,0.16472881361798108,0.0526606217630463,,-0.10404169408475057,2023-05-06,2021-12-23,4.862417503473494,6.8339034074185
2.7097480307713444,-2.7097480307713444,5.818732128211424,7.484495902465529,False,False,2552.349854766769,2564.993679062036,0,null,-1273.1749273833846,"{""alpha[1]"": 0.3124314805212504, ""beta[1]"": 0.29979447096045403, ""omega"": 4.489497097944459}",2.7647466690687117,True,2023-05-08,1.56253831742703,1.887657622059653,normal,BTC-USD,656,0.0976854659929114,0.03837868269488051,,-0.11585376440989828,2023-05-07,2021-12-24,4.663457350629571,6.547616300259392
0.12826051181418918,-0.12826051181418918,6.269688224944031,8.065546268115003,False,False,2553.4508307396445,2566.0946550349113,0,null,-1273.7254153698223,"{""alpha[1]"": 0.3087672052689619, ""beta[1]"": 0.3006636913935617, ""omega"": 4.5113701358088445}",2.9806702605238677,True,2023-05-09,1.637072343348402,1.9623713827589038,normal,BTC-USD,657,0.24479636402799212,0.0692723691557723,,-0.12142150360495382,2023-05-08,2021-12-25,5.024187792374027,7.055497427391413
0.13393336386884455,-0.13393336386884455,5.651040962246182,7.266575036693383,False,False,2553.52473218039,2566.1685564756567,0,null,-1273.762366090195,"{""alpha[1]"": 0.30277423228266853, ""beta[1]"": 0.3120575551846411, ""omega"": 4.428447591990049}",2.6813780682047375,True,2023-05-10,1.5335686100812613,1.8582428356403473,normal,BTC-USD,658,0.21983345780183028,0.062240128837897396,,-0.12012807919075094,2023-05-09,2021-12-26,4.530602519905446,6.357946247658578
2.2737627877745687,-2.2737627877745687,5.42099943438526,6.968823882977298,False,False,2553.028667259715,2565.6724915549817,0,null,-1273.5143336298574,"{""alpha[1]"": 0.3082088510843203, ""beta[1]"": 0.31691611245318846, ""omega"": 4.339270144296034}",2.5689972099820433,True,2023-05-11,1.4922578419434367,1.8165262957593447,normal,BTC-USD,659,0.1036878788798533,0.03824514396988468,,-0.12189598690445583,2023-05-10,2021-12-27,4.347520365371633,6.098277184763034
0.7278017151397057,-0.7278017151397057,5.908790011223884,7.59796051746246,False,False,2552.3481630018828,2564.9919872971495,0,null,-1273.1740815009414,"{""alpha[1]"": 0.33660803114267374, ""beta[1]"": 0.29042360874542816, ""omega"": 4.429787656507946}",2.80359592566083,True,2023-05-12,1.578175728608012,1.9028404736445474,normal,BTC-USD,660,0.20047399999887686,0.05920114494478588,,-0.1257767882876536,2023-05-11,2021-12-28,4.7372817151172395,6.647916209618288
0.07804617882665423,-0.07804617882665423,5.482823351990068,7.050778121473127,False,False,2547.612178235817,2560.2560025310836,0,null,-1270.8060891179084,"{""alpha[1]"": 0.33254729552998274, ""beta[1]"": 0.3071159265191781, ""omega"": 4.259815876408542}",2.602408452614964,True,2023-05-13,1.5032843588576261,1.8280640363032505,normal,BTC-USD,661,0.2158668454840921,0.06090863298715687,,-0.11480210641560104,2023-05-12,2021-12-29,4.395383088508493,6.168909477542336
-0.545701139058758,0.545701139058758,5.290041495046331,6.803062349194608,False,False,2546.6893827007834,2559.33320699605,0,null,-1270.3446913503917,"{""alpha[1]"": 0.3356572574405757, ""beta[1]"": 0.307732714053551, ""omega"": 4.229963723295802}",2.5112320434577002,True,2023-05-14,1.4674644390733067,1.792286243276493,normal,BTC-USD,662,0.2393200635120003,0.0649779146096291,,-0.1100909963830884,2023-05-13,2021-12-30,4.240700131181244,5.952090321904146
-0.9683688161292183,0.9683688161292183,5.283785637531992,6.794382713392279,False,False,2546.2121958980606,2558.8560201933274,0,null,-1270.1060979490303,"{""alpha[1]"": 0.3397870580780205, ""beta[1]"": 0.3064234765895543, ""omega"": 4.216193117554446}",2.5072091843633593,True,2023-05-15,1.4663644529893172,1.7910504295818694,normal,BTC-USD,663,0.2602247039200391,0.06913142713794039,,-0.11213314184544432,2023-05-14,2021-12-31,4.236125262271559,5.944773897664815
0.5754943279032058,-0.5754943279032058,5.364966811753286,6.900931398651296,False,False,2545.6144725017157,2558.2582967969824,0,null,-1269.8072362508578,"{""alpha[1]"": 0.34519342212839266, ""beta[1]"": 0.30501434415600925, ""omega"": 4.19555978400844}",2.549312838391683,True,2023-05-16,1.4813328063246143,1.8064738179129267,normal,BTC-USD,664,0.18621093551094814,0.054615607436139656,,-0.10646656965965332,2023-05-15,2022-01-01,4.2997130381221655,6.037055071517167
-1.3305949170913682,1.3305949170913682,5.256675194087675,6.758956532485861,False,False,2544.3229979279968,2556.9668222232635,0,null,-1269.1614989639984,"{""alpha[1]"": 0.3484152569968589, ""beta[1]"": 0.30596412870540113, ""omega"": 4.162848229810896}",2.4934071628495413,True,2023-05-17,1.4612949202435797,1.7858593151694526,normal,BTC-USD,665,0.27726885186591976,0.07244619674451783,,-0.1134923049471732,2023-05-16,2022-01-02,4.214782120227022,5.914024757360409
2.0896322938781307,-2.0896322938781307,5.47137835726321,7.037570004646654,False,False,2544.3023158305587,2556.9461401258254,0,null,-1269.1511579152793,"{""alpha[1]"": 0.34899846444846033, ""beta[1]"": 0.3108919571533838, ""omega"": 4.110142429778329}",2.599482115743309,True,2023-05-18,1.5010033620086451,1.8260951618178627,normal,BTC-USD,666,0.11477642983153628,0.04067060703921492,,-0.10939330423298613,2023-05-17,2022-01-03,4.385160890508854,6.156692997799619
-0.21562704348482797,0.21562704348482797,5.779244538146275,7.435245593082447,False,False,2544.159745762858,2556.803570058125,0,null,-1269.079872881429,"{""alpha[1]"": 0.35075376497671595, ""beta[1]"": 0.314337715339024, ""omega"": 4.064989033452998}",2.7485430235503707,True,2023-05-19,1.5555438939283532,1.8809649042713024,normal,BTC-USD,667,0.24231838230437835,0.06719483904514766,,-0.10978964148374212,2023-05-18,2022-01-04,4.630740602602735,6.503856861029932
-0.886560031316155,0.886560031316155,5.324023573230985,6.84789343798462,False,False,2543.1253517550485,2555.7691760503153,0,null,-1268.5626758775243,"{""alpha[1]"": 0.3663236072529338, ""beta[1]"": 0.3036637726772535, ""omega"": 4.070375301615837}",2.5292386578393153,True,2023-05-20,1.473720516550463,1.798782315981721,normal,BTC-USD,668,0.25768590057759844,0.06877379606385499,,-0.10693060046293716,2023-05-19,2022-01-05,4.267157980235809,5.990819575069338
1.394736682829469,-1.394736682829469,5.277863139246549,6.791809462146426,False,False,2539.70763303088,2552.351457326147,0,null,-1266.85381651544,"{""alpha[1]"": 0.36612750433191177, ""beta[1]"": 0.31045266400029237, ""omega"": 3.989463422959325}",2.5127680875762364,True,2023-05-21,1.4645803370313493,1.7903468964029403,normal,BTC-USD,669,0.14165716212076632,0.04545580238368287,,-0.09474422270710531,2023-05-20,2022-01-06,4.2278799252447925,5.940316921197752
-0.36358955757806904,0.36358955757806904,5.372167964657497,6.913394901795538,False,False,2539.3816951775543,2552.025519472821,0,null,-1266.6908475887772,"{""alpha[1]"": 0.37781455329931596, ""beta[1]"": 0.3007612903571091, ""omega"": 4.017352239068992}",2.5580470091801626,True,2023-05-22,1.4822609553138202,1.8080758163906494,normal,BTC-USD,670,0.23334270475779703,0.06410148415696389,,-0.0956516366155108,2023-05-21,2022-01-07,4.303264537577867,6.046558858118313
-1.3848962615750553,1.3848962615750553,5.141047863401944,6.617189943704233,False,False,2537.206306801786,2549.850131097053,0,null,-1265.603153400893,"{""alpha[1]"": 0.38125317827834543, ""beta[1]"": 0.30627726536242517, ""omega"": 3.9367737794263564}",2.4500226038445176,True,2023-05-23,1.4381215591712229,1.7642051242371046,normal,BTC-USD,671,0.2751089843695485,0.07171855997149926,,-0.08735485976916588,2023-05-22,2022-01-08,4.11728342581591,5.7869597355748645
3.327040018377072,-3.327040018377072,5.386424398506605,6.934801039008965,False,False,2537.5217420546915,2550.165566349958,0,null,-1265.7608710273457,"{""alpha[1]"": 0.3792430798855251, ""beta[1]"": 0.3078457901391237, ""omega"": 3.9340320511817253}",2.5699137089288606,True,2023-05-24,1.4845172452784774,1.8109745335363,normal,BTC-USD,672,0.049276117180850475,0.027369037517681313,,-0.08543047691013388,2023-05-23,2022-01-09,4.312562361994081,6.063943770145201
-0.5354526209934903,0.5354526209934903,6.5972634682193405,8.497124463483962,False,False,2539.1858982877147,2551.8297225829815,0,null,-1266.5929491438574,"{""alpha[1]"": 0.3749711130234933, ""beta[1]"": 0.30767027916997125, ""omega"": 3.97298212697016}",3.1532888633644665,True,2023-05-25,1.6869311110998249,2.0139742684506836,normal,BTC-USD,673,0.2907542694355573,0.07964033608505006,,-0.09293414398692271,2023-05-24,2022-01-10,5.279632767717651,7.428580987511508
-0.9139332685534542,0.9139332685534542,5.620439050398573,7.235416541354407,False,False,2539.3132742652656,2551.9570985605324,0,null,-1266.6566371326328,"{""alpha[1]"": 0.3693258828051971, ""beta[1]"": 0.31311271270357083, ""omega"": 3.94282465199427}",2.6804542803438194,True,2023-05-26,1.5271277669298446,1.8534504806758827,normal,BTC-USD,674,0.2707159944924933,0.07241034061490254,,-0.09143167639527701,2023-05-25,2022-01-11,4.500386621296406,6.327100792936792
-0.5563330344770984,0.5563330344770984,5.372198221042376,6.913936727984026,False,False,2538.6644542077647,2551.3082785030315,0,null,-1266.3322271038824,"{""alpha[1]"": 0.3736242662476164, ""beta[1]"": 0.3087842410061293, ""omega"": 3.9560612746438095}",2.558896085701326,True,2023-05-27,1.4822016652791943,1.8081223977889231,normal,BTC-USD,675,0.2429636517010243,0.06603145995325445,,-0.09393049198563239,2023-05-26,2022-01-12,4.3029399995433835,6.0468129608483405
-4.4309499726291905,4.4309499726291905,5.197997917329586,6.687543593759208,False,False,2537.5695550404507,2550.2133793357175,0,null,-1265.7847775202254,"{""alpha[1]"": 0.37857820643069795, ""beta[1]"": 0.30528881033944355, ""omega"": 3.957638034089241}",2.472269184253665,True,2023-05-28,1.4495315599147895,1.774973604437284,normal,BTC-USD,676,0.42979437572564055,0.10280724740838013,,-0.0984166073636152,2023-05-27,2022-01-13,4.164937541883614,5.849774768208812
1.2171112080467328,-1.2171112080467328,7.650068021580877,9.860264580746787,False,False,2539.3226500744213,2551.966474369688,0,null,-1266.6613250372106,"{""alpha[1]"": 0.37022933444786726, ""beta[1]"": 0.3071460831236903, ""omega"": 4.011490985515409}",3.668367429635871,True,2023-05-29,1.8343423331700666,2.1624427269491973,normal,BTC-USD,677,0.2450047902704177,0.07400067104915216,,-0.08327954182787028,2023-05-28,2022-01-14,6.117207013455082,8.617178312961942
0.15702994490848324,-0.15702994490848324,6.149683255810511,7.9202259507685016,False,False,2540.084669762252,2552.7284940575187,0,null,-1267.042334881126,"{""alpha[1]"": 0.3569250135855776, ""beta[1]"": 0.3152395949024195, ""omega"": 4.00111289183909}",2.938653183594999,True,2023-05-30,1.6167247306402461,1.943689651403619,normal,BTC-USD,678,0.2382355049833441,0.06767385338477734,,-0.08808569718663627,2023-05-29,2022-01-15,4.921740044575361,6.924415283386211
1.7577792714320604,-1.7577792714320604,5.4452173589332284,7.009794415869194,False,False,2540.3779343022934,2553.02175859756,0,null,-1267.1889671511467,"{""alpha[1]"": 0.3525478522838461, ""beta[1]"": 0.31628967881930165, ""omega"": 4.011131753397709}",2.5968023038572685,True,2023-05-31,1.4954623084731429,1.8217741769710987,normal,BTC-USD,679,0.130117020237278,0.043720462356527094,,-0.08875998820205099,2023-05-30,2022-01-16,4.360119676177618,6.129825507084766
1.4792581995917102,-1.4792581995917102,5.596002930122472,7.203682348362728,False,False,2540.6860703896928,2553.3298946849595,0,null,-1267.3430351948464,"{""alpha[1]"": 0.3487564403021161, ""beta[1]"": 0.322640940058211, ""omega"": 3.9705614562851985}",2.668341324987918,True,2023-06-01,1.5228048435149821,1.8490716569108714,normal,BTC-USD,680,0.1500876905513863,0.04820213073277817,,-0.09198110426855909,2023-05-31,2022-01-17,4.481012010619433,6.299471272869522
-1.5891611084291914,1.5891611084291914,5.506950826733414,7.088936362567817,False,False,2540.2676477365485,2552.9114720318153,0,null,-1267.1338238682742,"{""alpha[1]"": 0.3277022152784159, ""beta[1]"": 0.36271291692849644, ""omega"": 3.692135061967208}",2.6256959770130326,True,2023-06-02,1.506777202978646,1.8330214166037675,normal,BTC-USD,681,0.29994703829094405,0.07788337468758964,,-0.09089410632790904,2023-06-01,2022-01-18,4.409779657389684,6.199176360329766
0.6422915452827009,-0.6422915452827009,5.512995437766742,7.097502225369597,False,False,2539.0990043566844,2551.742828651951,0,null,-1266.5495021783422,"{""alpha[1]"": 0.282183768897114, ""beta[1]"": 0.45670178485693086, ""omega"": 3.027942651257339}",2.6298806174383134,True,2023-06-03,1.5077755038375922,1.8341807169721744,normal,BTC-USD,682,0.18858920663606427,0.055640326440373346,,-0.08830700596119662,2023-06-02,2022-01-19,4.414075678003983,6.20632418932003
-0.16214839753146695,0.16214839753146695,5.203963043154665,6.698705653034174,False,False,2536.2400727651666,2548.8838970604334,0,null,-1265.1200363825833,"{""alpha[1]"": 0.2899377137263923, ""beta[1]"": 0.45549230676759533, ""omega"": 2.961386796765335}",2.4808947797114476,True,2023-06-04,1.4502136907951373,1.7764136961090724,normal,BTC-USD,683,0.21647233904951835,0.06020162300997766,,-0.08658960696554774,2023-06-03,2022-01-20,4.167298383458896,5.858013903466294
5.141034569937813,-5.141034569937813,5.001740614712652,6.43901861570524,True,False,2532.486607702578,2545.130431997845,0,null,-1263.243303851289,"{""alpha[1]"": 0.3276432141239128, ""beta[1]"": 0.3977251931073375, ""omega"": 3.258196476069026}",2.38551805915538,True,2023-06-05,5.953330069665585,1.736833438646705,normal,BTC-USD,684,1.0792993477939936,0.004896122570169319,,-0.08110196155259314,2023-06-04,2022-01-21,4.004929993312556,5.630646826954744
-5.581511856745198,5.581511856745198,7.552055556398007,9.737659152698967,False,False,2526.755873070687,2539.3996973659537,0,null,-1260.3779365353435,"{""alpha[1]"": 0.29332190257931495, ""beta[1]"": 0.4390460749560601, ""omega"": 3.0716747676997365}",3.6275493297262082,True,2023-06-06,1.8211055851999198,2.1497636004114433,normal,BTC-USD,685,0.5808881311398763,0.1408991662203883,,-0.06946309410678017,2023-06-05,2022-01-22,6.036250766052316,8.508404765293621
3.3325424111475357,-3.3325424111475357,8.944833399351438,11.542849209145976,False,False,2527.514211744031,2540.1580360392977,0,null,-1260.7571058720155,"{""alpha[1]"": 0.30562281419647397, ""beta[1]"": 0.4290929749343704, ""omega"": 3.1083064948260235}",4.312049323760592,True,2023-06-07,1.9896380865698702,2.3194762055521907,normal,BTC-USD,686,0.1905230795630226,0.067490983985689,,-0.05031403262673191,2023-06-06,2022-01-23,7.143004002407984,10.08164080971643
-0.6138366063675319,0.6138366063675319,7.87744729022757,10.159698907612261,False,False,2527.51364800373,2540.1574722989967,0,null,-1260.756824001865,"{""alpha[1]"": 0.30322691069390595, ""beta[1]"": 0.4320023992760566, ""omega"": 3.0956515751857454}",3.787960606819193,True,2023-06-08,1.863071538325368,2.1920852621593205,normal,BTC-USD,687,0.3454224890725704,0.09489923143199844,,-0.06397243220801985,2023-06-07,2022-01-24,6.294613175083869,8.876086536832304
0.10508601424556042,-0.10508601424556042,6.381897515836267,8.227065158479327,False,False,2528.318523571028,2540.9623478662947,0,null,-1261.159261785514,"{""alpha[1]"": 0.29882859102075227, ""beta[1]"": 0.42817188136728573, ""omega"": 3.1529945469334666}",3.062511727483739,True,2023-06-09,1.652945383072392,1.9812868977216214,normal,BTC-USD,688,0.24985564303506794,0.07084196984625253,,-0.06481535241386802,2023-06-08,2022-01-25,5.1021988749469145,7.189282998870807
2.404531469197803,-2.404531469197803,5.561266974343334,7.1661981382235735,False,False,2528.7315597871902,2541.375384082457,0,null,-1261.3657798935951,"{""alpha[1]"": 0.3020996557008428, ""beta[1]"": 0.4139682891085641, ""omega"": 3.263959484444007}",2.6637799176593115,True,2023-06-10,1.5156764393304285,1.8434137262261632,normal,BTC-USD,689,0.10218253057855038,0.03859001300968022,,-0.06665402180639632,2023-06-09,2022-01-26,4.448182080768809,6.263532770165821
-0.3434076248487445,0.3434076248487445,5.853148785730227,7.542092816560027,False,False,2529.7024882308306,2542.3463125260973,0,null,-1261.8512441154153,"{""alpha[1]"": 0.3030155299683033, ""beta[1]"": 0.40805669579633363, ""omega"": 3.3191700960353523}",2.803220033747632,True,2023-06-11,1.5668565087073363,1.8945509861327472,normal,BTC-USD,690,0.2512602592179579,0.06935583510683836,,-0.07091091985758866,2023-06-10,2022-01-27,4.681797559510409,6.592175885835086
0.14531650126921727,-0.14531650126921727,5.363120774553159,6.908680476512662,False,False,2529.8019034627255,2542.4457277579922,0,null,-1261.9009517313627,"{""alpha[1]"": 0.3020882986248207, ""beta[1]"": 0.4066906809131311, ""omega"": 3.3339868156510843}",2.565238303223857,True,2023-06-12,1.4796795029709653,1.8069553675195866,normal,BTC-USD,691,0.20729479489840394,0.05894091044028433,,-0.07177087218469157,2023-06-11,2022-01-28,4.291212399237293,6.039407545297645
-0.06263269704423899,0.06263269704423899,5.128916113902222,6.604974102174499,False,False,2529.4438032364715,2542.0876275317382,0,null,-1261.7219016182357,"{""alpha[1]"": 0.30094863632334995, ""beta[1]"": 0.4105431702650569, ""omega"": 3.3014336361900214}",2.449883032337763,True,2023-06-13,1.4352993326259336,1.7621324542450894,normal,BTC-USD,692,0.20839213472979365,0.05837423887175917,,-0.07551100620398968,2023-06-12,2022-01-29,4.10520999755163,5.774791190131673
3.111535405703875,-3.111535405703875,5.016134056111731,6.458741385691044,False,False,2529.081144368059,2541.724968663326,0,null,-1261.5405721840295,"{""alpha[1]"": 0.28922092938373967, ""beta[1]"": 0.43905378065299394, ""omega"": 3.0967086984965437}",2.394363397063584,True,2023-06-14,1.4132017957146643,1.73981104775486,normal,BTC-USD,693,0.04520459616788494,0.025358368038978906,,-0.07725001116168848,2023-06-13,2022-01-30,4.015627329061573,5.647372209601763
-1.781937541029203,1.781937541029203,5.905832396087582,7.606834423842879,False,False,2529.855905622666,2542.4997299179327,0,null,-1261.927952811333,"{""alpha[1]"": 0.2611318573679178, ""beta[1]"": 0.49666289793451296, ""omega"": 2.7249952771347763}",2.8232332597228087,True,2023-06-15,1.5761863548969193,1.9032787956047317,normal,BTC-USD,694,0.3254028000345352,0.08432073225383166,,-0.08231299267640592,2023-06-14,2022-01-31,4.726118459661495,6.6501356843539545
-2.8942773289390344,2.8942773289390344,5.703708696067029,7.345848186113095,False,False,2528.8267518802313,2541.470576175498,0,null,-1261.4133759401157,"{""alpha[1]"": 0.24148077041785979, ""beta[1]"": 0.5414565042258521, ""omega"": 2.4111053529421254}",2.7255363307945752,True,2023-06-16,1.5414412007547869,1.8684054108968344,normal,BTC-USD,695,0.37295478236223845,0.09316532976914339,,-0.08170999921026333,2023-06-15,2022-02-01,4.564818318305727,6.422255647975297
-0.6934900769532779,0.6934900769532779,6.106670095636081,7.867808495875122,False,False,2527.626501031281,2540.2703253265477,0,null,-1260.8132505156404,"{""alpha[1]"": 0.24546623190209926, ""beta[1]"": 0.5388374096192494, ""omega"": 2.395131114620077}",2.9230444322816287,True,2023-06-17,1.6093673964964283,1.9368840984411317,normal,BTC-USD,696,0.278936961069376,0.0757077718597406,,-0.07726890825549317,2023-06-16,2022-02-02,4.885249144434237,6.877287109020776
0.6602603414644767,-0.6602603414644767,5.567216270175873,7.173953594412349,False,False,2525.787065884476,2538.4308901797426,0,null,-1259.893532942238,"{""alpha[1]"": 0.2290630130223659, ""beta[1]"": 0.5567209758002345, ""omega"": 2.3075117033647703}",2.6667776871545357,True,2023-06-18,1.5167345229019884,1.8444899385521367,normal,BTC-USD,697,0.18963091948160524,0.056100120416942144,,-0.06641978010718096,2023-06-17,2022-02-03,4.452878731096578,6.2702723831586855
-1.935924719215841,1.935924719215841,5.147171153085026,6.630513180022959,False,False,2521.285758830855,2533.9295831261215,0,null,-1257.6428794154274,"{""alpha[1]"": 0.33599640901830186, ""beta[1]"": 0.37286143572845504, ""omega"": 3.348978810486945}",2.4619726947193676,True,2023-06-19,1.4385786730118553,1.7658579020739684,normal,BTC-USD,698,0.3027168989767152,0.07732158207476665,,-0.06882854395381677,2023-06-18,2022-02-04,4.118413260318459,5.7962334882608175
-5.352849527165939,5.352849527165939,5.502135840277941,7.083828422291806,False,False,2511.068890110765,2523.712714406032,0,null,-1252.5344450553825,"{""alpha[1]"": 0.3128887527732467, ""beta[1]"": 0.40749675001420266, ""omega"": 3.1322042320358787}",2.6252097477456906,True,2023-06-20,1.505765048048334,1.832233361053746,normal,BTC-USD,699,0.4879008686731686,0.11547082713954995,,-0.08708207120956594,2023-06-19,2022-02-05,4.405167846297425,6.194233186789045
-5.827421321564635,5.827421321564635,8.259673090711019,10.650030738076275,False,False,2514.9019409208604,2527.545765216127,0,null,-1254.4509704604302,"{""alpha[1]"": 0.33053817178651795, ""beta[1]"": 0.37174373902505453, ""omega"": 3.3945148790136597}",3.96738928146956,True,2023-06-21,1.9106736717628787,2.2393270196761126,normal,BTC-USD,700,0.621464218908716,0.15133037349459855,,-0.07608840745607404,2023-06-20,2022-02-06,6.601863056609675,9.305616027895205
0.38377235796951736,-0.38377235796951736,9.659451249989443,12.46072347524979,False,False,2516.907785112022,2529.5516094072887,0,null,-1255.453892556011,"{""alpha[1]"": 0.35991276065628186, ""beta[1]"": 0.3303170021142354, ""omega"": 3.6350693897164543}",4.649403579094646,True,2023-06-22,2.0668078195718382,2.396142175211507,normal,BTC-USD,701,0.3666441461192763,0.1050142471393525,,-0.06906694012005243,2023-06-21,2022-02-07,7.716655280355037,10.88519707190476
-2.584590576815378,2.584590576815378,6.88138275086443,8.869045543234437,False,False,2516.658104196132,2529.301928491399,0,null,-1255.329052098066,"{""alpha[1]"": 0.3484473382171267, ""beta[1]"": 0.34122590262688635, ""omega"": 3.587429084433083}",3.2990176454626745,True,2023-06-23,1.7284928966977242,2.056519117463959,normal,BTC-USD,702,0.4043724258853576,0.10335710064136279,,-0.07645680137557953,2023-06-22,2022-02-08,5.502857940891766,7.751119487320892
0.4793067918861272,-0.4793067918861272,6.5104155527019625,8.390862273826757,False,False,2517.739558372903,2530.38338266817,0,null,-1255.8697791864515,"{""alpha[1]"": 0.3473179060268634, ""beta[1]"": 0.3385412031343457, ""omega"": 3.6207948858198864}",3.121066077282742,True,2023-06-24,1.6730833378520273,2.001098524821937,normal,BTC-USD,703,0.23634713236507443,0.06853931223755462,,-0.0725525820138904,2023-06-23,2022-02-09,5.206249439187612,7.333238015641584
0.2242660697859318,-0.2242660697859318,5.4970905909823315,7.080982391315179,False,False,2517.9816707543728,2530.6254950496395,0,null,-1255.9908353771864,"{""alpha[1]"": 0.3526637298114308, ""beta[1]"": 0.32336070960221835, ""omega"": 3.7273454360544136}",2.6288598940725207,True,2023-06-25,1.5043872172861974,1.8316063606608677,normal,BTC-USD,704,0.20871656400314245,0.0596588417427724,,-0.0745076183363287,2023-06-24,2022-02-10,4.398597349848777,6.190150244063167
0.6884835958766578,-0.6884835958766578,5.0902683457263445,6.556228069437695,False,False,2517.455787873918,2530.0996121691846,0,null,-1255.727893936959,"{""alpha[1]"": 0.36430827214510253, ""beta[1]"": 0.3036399275380851, ""omega"": 3.842882572899161}",2.433122466560242,True,2023-06-26,1.4275959791876063,1.7546566564355612,normal,BTC-USD,705,0.1692541094890273,0.05043241153205247,,-0.07143547171847507,2023-06-25,2022-02-11,4.073565785657201,5.7317247490819
-1.3682563411337911,1.3682563411337911,5.016198282710175,6.461693238449417,False,False,2516.5471283043194,2529.190952599586,0,null,-1255.2735641521597,"{""alpha[1]"": 0.3657454826766682, ""beta[1]"": 0.30615742844060034, ""omega"": 3.8083074536302695}",2.3991561263392303,True,2023-06-27,1.4128179096882603,1.740074021300119,normal,BTC-USD,706,0.2690972605433033,0.07016956308835466,,-0.06742821370034174,2023-06-26,2022-02-12,4.0136888697322695,5.648699967701669
1.9808917888435413,-1.9808917888435413,5.200900306768538,6.701370133253741,False,False,2516.494915020671,2529.138739315938,0,null,-1255.2474575103356,"{""alpha[1]"": 0.33704957614061076, ""beta[1]"": 0.3641790010255882, ""omega"": 3.4213074086472925}",2.4904005111232843,True,2023-06-28,1.448743943358381,1.7763806031038958,normal,BTC-USD,707,0.10896859005454479,0.03876565422369839,,-0.06391927665150088,2023-06-27,2022-02-13,4.160263589934435,5.857457211213377
-1.1865197512998922,1.1865197512998922,5.421171679285764,6.984888720046858,False,False,2516.093254152969,2528.737078448236,0,null,-1255.0466270764846,"{""alpha[1]"": 0.30999439146867425, ""beta[1]"": 0.42231139258311723, ""omega"": 3.0285877629842197}",2.595374894466113,True,2023-06-29,1.4902627378800024,1.8178365030650436,normal,BTC-USD,708,0.27615951019742785,0.07291923263567392,,-0.06765864418727932,2023-06-28,2022-02-14,4.33667045264866,6.105403512267492
-0.1047243291486282,0.1047243291486282,5.247281571782589,6.760363272958686,False,False,2514.6293762045448,2527.2732004998115,0,null,-1254.3146881022724,"{""alpha[1]"": 0.3101781274325797, ""beta[1]"": 0.42757615042834857, ""omega"": 2.9630010502809263}",2.5113330341384237,True,2023-06-30,1.457724011087711,1.7851948934564352,normal,BTC-USD,709,0.21513111685915215,0.0601408135247387,,-0.06712275834878002,2023-06-29,2022-02-15,4.197898008034411,5.909357023325236
-0.3695144367179856,0.3695144367179856,4.985848324138264,6.419963041594188,False,False,2512.58414004982,2525.2279643450865,0,null,-1253.29207002491,"{""alpha[1]"": 0.30125451289752514, ""beta[1]"": 0.4383056467221404, ""omega"": 2.8996752863122843}",2.3802678083356166,True,2023-07-01,1.4071155952952612,1.7337741523844077,normal,BTC-USD,710,0.21803730024807086,0.05982884822874161,,-0.07603943058675684,2023-06-30,2022-02-16,3.9912315682434274,5.61337038615617
-0.10028094609796147,0.10028094609796147,4.872874407419593,6.2750156425332815,False,False,2509.2329276577657,2521.8767519530325,0,null,-1251.6164638288828,"{""alpha[1]"": 0.4033146415409942, ""beta[1]"": 0.2807955940213725, ""omega"": 3.772165873122044}",2.3271999122926714,True,2023-07-02,1.3841217264964873,1.7109014335409034,normal,BTC-USD,711,0.20003567525885274,0.05586686857231395,,-0.07252934270334115,2023-07-01,2022-02-17,3.9004325590790896,5.486405911133429
-1.7342426322112519,1.7342426322112519,4.805914767355522,6.193292922002868,False,False,2503.032889951161,2515.6767142464278,0,null,-1248.5164449755805,"{""alpha[1]"": 0.4060911248235885, ""beta[1]"": 0.2695005022615393, ""omega"": 3.835424376406891}",2.3026969316327692,True,2023-07-03,1.3696351433606035,1.6974747366157357,normal,BTC-USD,712,0.2788977173323,0.07147229058344075,,-0.05611231466855775,2023-07-02,2022-02-18,3.843711714434744,5.412986426132817
1.223437905455458,-1.223437905455458,5.299019807193086,6.832178280530704,False,False,2502.639509355191,2515.2833336504577,0,null,-1248.3197546775955,"{""alpha[1]"": 0.40111091754020023, ""beta[1]"": 0.28760014598635814, ""omega"": 3.6915303193591553}",2.544655399420425,True,2023-07-04,1.4668606714804122,1.7954322547027108,normal,BTC-USD,713,0.1506137140869265,0.047464422972684495,,-0.05012652411565167,2023-07-03,2022-02-19,4.235712187193985,5.969880202723903
0.8595533500880749,-0.8595533500880749,5.144627387820945,6.63184148567985,False,False,2501.628767776411,2514.272592071678,0,null,-1247.8143838882056,"{""alpha[1]"": 0.41713944756912935, ""beta[1]"": 0.2687315381805625, ""omega"": 3.773133792418123}",2.4683993533768644,True,2023-07-05,1.4374635303051004,1.7657550337366401,normal,BTC-USD,714,0.16268153533229854,0.04935830665491423,,-0.053028427567439064,2023-07-04,2022-02-20,4.113184056734043,5.795384015579494
2.0020299639697803,-2.0020299639697803,4.954162902189369,6.387756924817897,False,False,2499.5647865970795,2512.2086108923463,0,null,-1246.7823932985398,"{""alpha[1]"": 0.41529014965243055, ""beta[1]"": 0.2738201968305551, ""omega"": 3.724867037803907}",2.379403586582274,True,2023-07-06,1.399537268815287,1.7281573665551666,normal,BTC-USD,715,0.09789386526592125,0.03579427161078056,,-0.04613664991700914,2023-07-05,2022-02-21,3.9599072692882036,5.581457125047833
-1.437090996776016,1.437090996776016,5.446045349442717,7.024243238368419,False,False,2498.470348634515,2511.114172929782,0,null,-1246.2351743172576,"{""alpha[1]"": 0.41586432802184214, ""beta[1]"": 0.2745700994378575, ""omega"": 3.7126893880243084}",2.6194094408688966,True,2023-07-07,1.493910072376242,1.823000889456039,normal,BTC-USD,716,0.2894296031858366,0.07573704528440467,,-0.04295594765657885,2023-07-06,2022-02-22,4.3515010669407115,6.136613531664444
0.16401345333275866,-0.16401345333275866,5.303815840512733,6.839431940293967,False,False,2497.490102521603,2510.13392681687,0,null,-1245.7450512608016,"{""alpha[1]"": 0.41450331238824906, ""beta[1]"": 0.2779506433422504, ""omega"": 3.683671237915646}",2.548734437894439,True,2023-07-08,1.4676254260007644,1.7964251374406235,normal,BTC-USD,717,0.20373951517533345,0.058117381602902855,,-0.04650867253263414,2023-07-07,2022-02-23,4.238803756839424,5.975751613623039
0.4012544799718327,-0.4012544799718327,4.823922942916765,6.220800072796998,False,False,2496.3797568487084,2509.023581143975,0,null,-1245.1898784243542,"{""alpha[1]"": 0.2566477865215829, ""beta[1]"": 0.5480040801981425, ""omega"": 2.106621501436496}",2.3184628286588653,True,2023-07-09,1.372756960493291,1.7016046395256588,normal,BTC-USD,718,0.17269387426060515,0.05033896565033666,,-0.041599972512228425,2023-07-08,2022-02-24,3.8551319651839324,5.435151045005494
-0.802953880105632,0.802953880105632,4.640475765411733,5.981934441922141,False,False,2493.8036981909177,2506.4475224861844,0,null,-1243.9018490954588,"{""alpha[1]"": 0.22115085888093403, ""beta[1]"": 0.6131147424524475, ""omega"": 1.7232752559629094}",2.2264822088811487,True,2023-07-10,1.3343296883449858,1.662617595065932,normal,BTC-USD,719,0.2256536807095941,0.060304084307912155,,-0.047882397465163276,2023-07-09,2022-02-25,3.710119734086246,5.227454550685579
-0.6765948373776746,0.6765948373776746,4.597090254663858,5.925017110627951,False,False,2490.370283192612,2503.014107487879,0,null,-1242.185141596306,"{""alpha[1]"": 0.2189849772043352, ""beta[1]"": 0.6166356596438063, ""omega"": 1.68139300084406}",2.204022808358637,True,2023-07-11,1.325085702896648,1.653130072880523,normal,BTC-USD,720,0.21763569637070826,0.058547427917643315,,-0.0508241798240132,2023-07-10,2022-02-26,3.6761190900364866,5.1781479543866515
0.7516669555389002,-0.7516669555389002,4.557614099706466,5.87456826269012,False,False,2485.822927001478,2498.466751296745,0,null,-1239.911463500739,"{""alpha[1]"": 0.2358268556858772, ""beta[1]"": 0.5858593293150761, ""omega"": 1.8191104479190716}",2.185810912508059,True,2023-07-12,1.3163959077662541,1.6445470903935924,normal,BTC-USD,721,0.1446292993708345,0.04382203549516098,,-0.048913935686599644,2023-07-11,2022-02-27,3.644252942955587,5.133870505054993
-3.5059118007833145,3.5059118007833145,4.551646826205671,5.868541488981262,False,False,2481.7949653194846,2494.4387896147514,0,null,-1237.8974826597423,"{""alpha[1]"": 0.24910652680429182, ""beta[1]"": 0.5538201168324597, ""omega"": 1.987330290413947}",2.1857121572075813,True,2023-07-13,1.3148320867099992,1.6433968718922927,normal,BTC-USD,722,0.3572119368023523,0.0863378899697731,,-0.04315036600890893,2023-07-12,2022-02-28,3.6383269352637253,5.127877196193986
3.6955452778153126,-3.6955452778153126,6.349592476235209,8.18576921875987,False,False,2473.541844707405,2486.1856690026716,0,null,-1233.7709223537024,"{""alpha[1]"": 0.3344503334927629, ""beta[1]"": 0.3667542351512193, ""omega"": 3.1207577634920742}",3.04758910667851,True,2023-07-14,1.647832394655969,1.9762361176597598,normal,BTC-USD,723,0.06902920558159824,0.03457498555325599,,-0.06329139386933258,2023-07-13,2022-03-01,5.076129389447276,7.1530438331409085
0.12621409191176428,-0.12621409191176428,6.887003480042561,8.87644463513488,False,False,2474.200742942562,2486.844567237829,0,null,-1234.100371471281,"{""alpha[1]"": 0.33276774777187257, ""beta[1]"": 0.3719511888400017, ""omega"": 3.088848544748241}",3.301969277914345,True,2023-07-15,1.7292937732448932,2.0573454178649255,normal,BTC-USD,724,0.26905156057202895,0.07631304278405043,,-0.07598916049259545,2023-07-14,2022-03-02,5.507245303352339,7.757518370316801
0.15417915573938631,-0.15417915573938631,5.6179507923417935,7.237208179078811,False,False,2473.1081136363055,2485.7519379315722,0,null,-1233.5540568181527,"{""alpha[1]"": 0.30705329885692073, ""beta[1]"": 0.4188084019703394, ""omega"": 2.804450974113416}",2.687557825148836,True,2023-07-16,1.526068331933923,1.8533965406616915,normal,BTC-USD,725,0.2170375463044489,0.06172306122647926,,-0.07429084549048688,2023-07-15,2022-03-03,4.49493008182836,6.326485278387307
0.3418965273437657,-0.3418965273437657,5.034127674214132,6.484756813597674,False,False,2471.219499534548,2483.863323829815,0,null,-1232.609749767274,"{""alpha[1]"": 0.3076312267016791, ""beta[1]"": 0.4110325376007307, ""omega"": 2.844489528979105}",2.407677572986322,True,2023-07-17,1.4163903060475986,1.7436391285249924,normal,BTC-USD,726,0.18430804845896792,0.053269793840156315,,-0.06778030806685076,2023-07-16,2022-03-04,4.028057496523121,5.668875911359392
0.9643886499056786,-0.9643886499056786,4.74654269017284,6.117719447135996,False,False,2463.860179121577,2476.5040034168437,0,null,-1228.9300895607885,"{""alpha[1]"": 0.34163002743090565, ""beta[1]"": 0.34091231419356305, ""omega"": 3.2360423283009174}",2.275806708076503,True,2023-07-18,1.3570671518249169,1.6851302719456078,normal,BTC-USD,727,0.14155936570632874,0.04382136493168107,,-0.05220704601212435,2023-07-17,2022-03-05,3.795575964032251,5.346525143073781
-0.19193869461048135,0.19193869461048135,4.778603517806298,6.158190376137401,False,False,2463.412956500354,2476.056780795621,0,null,-1228.706478250177,"{""alpha[1]"": 0.33778134008410854, ""beta[1]"": 0.3547565370086755, ""omega"": 3.1346958901773023}",2.2897653498136683,True,2023-07-19,1.3639226028509954,1.6917841934397782,normal,BTC-USD,728,0.2006871369839113,0.05574204652760819,,-0.05547520455892282,2023-07-18,2022-03-06,3.8218040450677413,5.382265958150333
0.40836263034675485,-0.40836263034675485,4.641358889127377,5.9824421638828955,False,False,2462.0061921483157,2474.6500164435824,0,null,-1228.0030960741578,"{""alpha[1]"": 0.3274200619063049, ""beta[1]"": 0.3808606432894047, ""omega"": 2.9588159122480935}",2.2258591368901253,True,2023-07-20,1.3346142212016163,1.6627484644935908,normal,BTC-USD,729,0.16514502919033683,0.04819810780428665,,-0.05005073975669242,2023-07-19,2022-03-07,3.7112632141534885,5.228173410775415
-0.39104582657053627,0.39104582657053627,4.548971305098844,5.863377183373147,False,False,2459.9095874502827,2472.5534117455495,0,null,-1226.9547937251414,"{""alpha[1]"": 0.32545371822109453, ""beta[1]"": 0.40177409305867945, ""omega"": 2.774800836166511}",2.181581404236291,True,2023-07-21,1.3145055241662855,1.6426440561432125,normal,BTC-USD,730,0.20142116568895502,0.05515158490323282,,-0.04899540196061167,2023-07-20,2022-03-08,3.637377487208561,5.12411266375274
0.45891552442658934,-0.45891552442658934,4.526871102208298,5.834022864441904,False,False,2456.895227071634,2469.539051366901,0,null,-1225.447613535817,"{""alpha[1]"": 0.35633845459339264, ""beta[1]"": 0.3593768138730156, ""omega"": 2.9460849786906}",2.1695414058460427,True,2023-07-22,1.3097684353065864,1.637690045998709,normal,BTC-USD,731,0.1580696391876336,0.04639922770658932,,-0.05173025795199933,2023-07-21,2022-03-09,3.6203083081792586,5.098838295085518
-1.0449658779367668,1.0449658779367668,4.531151567129659,5.834585137753216,False,False,2451.7996240243665,2464.4434483196333,0,null,-1222.8998120121832,"{""alpha[1]"": 0.35171693668798093, ""beta[1]"": 0.36367980666190164, ""omega"": 2.918185330003056}",2.1633701479355705,True,2023-07-23,1.3114718481233982,1.6381569837182037,normal,BTC-USD,732,0.23360666839054306,0.0614645767795383,,-0.06874025560372396,2023-07-22,2022-03-10,3.62716748987409,5.101491800017057
3.063353813538648,-3.063353813538648,4.666446266676899,6.013662640243089,False,False,2445.9343722807316,2458.5781965759984,0,null,-1219.9671861403658,"{""alpha[1]"": 0.35329191304914737, ""beta[1]"": 0.3656202550911832, ""omega"": 2.8783571415911218}",2.236038530133005,True,2023-07-24,1.3401706631295411,1.6680345336405265,normal,BTC-USD,733,0.03343716126226675,0.021925906198011467,,-0.054140952491470974,2023-07-23,2022-03-11,3.7320970387839827,5.255944433339793
-0.17284554673879682,0.17284554673879682,5.862469360435338,7.558204212394928,False,False,2447.1177019540073,2459.761526249274,0,null,-1220.5588509770037,"{""alpha[1]"": 0.35255496896612093, ""beta[1]"": 0.3642695733373204, ""omega"": 2.902795535929475}",2.8144910797320697,True,2023-07-25,1.567962449770791,1.896448053643482,normal,BTC-USD,734,0.24296269854576283,0.06777313450237009,,-0.056982563656594515,2023-07-24,2022-03-12,4.686408424176455,6.604467903498206
-0.43556533249483914,0.43556533249483914,5.021997920000454,6.47217500063037,False,False,2446.9173534907495,2459.5611777860163,0,null,-1220.4586767453748,"{""alpha[1]"": 0.3477462069841325, ""beta[1]"": 0.3732843762787105, ""omega"": 2.8439682281218466}",2.4069272697604833,True,2023-07-26,1.413557620918219,1.7414917313945857,normal,BTC-USD,735,0.22259032979477017,0.06092113683399695,,-0.057198213926624455,2023-07-25,2022-03-13,4.01624126340056,5.65654835090485
0.49272385800563157,-0.49272385800563157,4.696491131724988,6.0534498719876835,False,False,2445.7453641832208,2458.3891884784875,0,null,-1219.8726820916104,"{""alpha[1]"": 0.3473430030872821, ""beta[1]"": 0.3744789885277493, ""omega"": 2.8260158144732084}",2.2522083954460315,True,2023-07-27,1.3464307517908347,1.6745518598739761,normal,BTC-USD,736,0.16313306595785212,0.04797528383899891,,-0.05083202926271058,2023-07-26,2022-03-14,3.755385177162671,5.2902522419055185
-0.37094442173396736,0.37094442173396736,4.5740896054961935,5.892268715038553,False,False,2442.6064112702607,2455.2502355655274,0,null,-1218.3032056351303,"{""alpha[1]"": 0.3465101579655626, ""beta[1]"": 0.3729769386844944, ""omega"": 2.832050091728864}",2.1878440140620192,True,2023-07-28,1.3205404364231388,1.6478174626678417,normal,BTC-USD,737,0.20154116601649802,0.0552182642944214,,-0.06119573686201019,2023-07-27,2022-03-15,3.65987889859599,5.150882007708168
-0.1284060769061388,0.1284060769061388,4.496438052161268,5.792637499221156,False,False,2441.592737941729,2454.2365622369957,0,null,-1217.7963689708645,"{""alpha[1]"": 0.3641900709621387, ""beta[1]"": 0.35539657686709264, ""omega"": 2.8810258429823294}",2.151363332001998,True,2023-07-29,1.303356860594941,1.630734054230655,normal,BTC-USD,738,0.18629386050394642,0.051920189442373074,,-0.058793353638896116,2023-07-28,2022-03-16,3.597471133172786,5.063612867331163
0.2783773787415482,-0.2783773787415482,4.432258934682374,5.707166236444624,False,False,2437.5998305732996,2450.2436548685664,0,null,-1215.7999152866498,"{""alpha[1]"": 0.3634105692146634, ""beta[1]"": 0.36545294059914485, ""omega"": 2.7932881549342854}",2.116023754626848,True,2023-07-30,1.289417427413527,1.6160824667728928,normal,BTC-USD,739,0.16348408018977614,0.04711739619278166,,-0.06750963502362542,2023-07-29,2022-03-17,3.5480589825370683,4.99011699801971
0.15450628352577414,-0.15450628352577414,4.4058982357368865,5.673217206725406,False,False,2437.3210385315488,2449.9648628268155,0,null,-1215.6605192657744,"{""alpha[1]"": 0.3679317222563823, ""beta[1]"": 0.36271112877022316, ""omega"": 2.79180568818289}",2.103429044287528,True,2023-07-31,1.28345313051845,1.6101166641730846,normal,BTC-USD,740,0.1686227407703768,0.04805929608250177,,-0.06712820640189826,2023-07-30,2022-03-18,3.5269610989333073,4.960435891775947
-1.5130233834577023,1.5130233834577023,4.382871742923785,5.6421747787220555,False,False,2436.2738311932367,2448.9176554885034,0,null,-1215.1369155966183,"{""alpha[1]"": 0.37101509763208507, ""beta[1]"": 0.3633856976932831, ""omega"": 2.76934979960705}",2.090124618738572,True,2023-08-01,1.2784334950685654,1.6047376950762895,normal,BTC-USD,741,0.2511258682967784,0.06446925269305766,,-0.07154492256515803,2023-07-31,2022-03-19,3.509493982477861,4.933901885848058
1.7807507533985196,-1.7807507533985196,4.811755589499456,6.196674133941361,False,False,2436.322219089301,2448.966043384568,0,null,-1215.1611095446506,"{""alpha[1]"": 0.37349668601143643, ""beta[1]"": 0.3622090161764284, ""omega"": 2.768327197011967}",2.298614600615727,True,2023-08-02,1.3714472914484532,1.69831252564741,normal,BTC-USD,742,0.10352538113368506,0.03637000249268946,,-0.07037381328583016,2023-08-01,2022-03-20,3.8512583760722188,5.417751002667463
-0.09161808091744005,0.09161808091744005,5.021552968462324,6.468031586791855,False,False,2435.9073072967285,2448.5511315919953,0,null,-1214.9536536483643,"{""alpha[1]"": 0.3728217821389544, ""beta[1]"": 0.3650785059476973, ""omega"": 2.7482888208726224}",2.400788757515404,True,2023-08-03,1.4139620757429108,1.7410922115324121,normal,BTC-USD,743,0.20549897132382183,0.05746103153200018,,-0.06941525021546105,2023-08-02,2022-03-21,4.018361345558993,5.654485072282573
0.35908335591326396,-0.35908335591326396,4.60585502982444,5.931206247909816,False,False,2435.519540811044,2448.1633651063107,0,null,-1214.759770405522,"{""alpha[1]"": 0.37760399391074595, ""beta[1]"": 0.3616050877990747, ""omega"": 2.747960813996392}",2.1997479007420995,True,2023-08-04,1.3277595497242802,1.6545498773982046,normal,BTC-USD,744,0.16637934093387033,0.048267023580800636,,-0.06840686167613785,2023-08-03,2022-03-22,3.686670174590667,5.185785713993323
0.11000318985243958,-0.11000318985243958,4.451814911595176,5.730168845084581,False,False,2433.688262762677,2446.3320870579437,0,null,-1213.8441313813385,"{""alpha[1]"": 0.38215987500367515, ""beta[1]"": 0.3589410885961143, ""omega"": 2.74315239231973}",2.1217442917969076,True,2023-08-05,1.2941592994956563,1.6202709046055483,normal,BTC-USD,745,0.1727610695311606,0.04901177919277512,,-0.07526578664992228,2023-08-04,2022-03-23,3.5652245804756486,5.011181109129947
0.000934798161841808,-0.000934798161841808,4.367992337260593,5.621066070751925,False,False,2432.990951269202,2445.634775564469,0,null,-1213.495475634601,"{""alpha[1]"": 0.38638553442193674, ""beta[1]"": 0.3586448671202128, ""omega"": 2.7224013631391304}",2.079785552017397,True,2023-08-06,1.2753430878414367,1.6011413262731486,normal,BTC-USD,746,0.1749000026300327,0.04915361941480098,,-0.07799204224540747,2023-08-05,2022-03-24,3.4989348507624927,4.916296739641935
-0.47652737937697065,0.47652737937697065,4.331743822250489,5.572792392189878,False,False,2431.6006044489955,2444.244428744262,0,null,-1212.8003022244977,"{""alpha[1]"": 0.3906366112108254, ""beta[1]"": 0.3580708148196472, ""omega"": 2.703412047827179}",2.0598268211402484,True,2023-08-07,1.2672701796892705,1.5926437895907934,normal,BTC-USD,747,0.1973776827029312,0.05351313782666086,,-0.08291265703719124,2023-08-06,2022-03-25,3.47102627468165,4.874786403289111
-1.98463869958512,1.98463869958512,4.3436708172330984,5.587968471743727,False,False,2430.609546879712,2443.253371174979,0,null,-1212.304773439856,"{""alpha[1]"": 0.3967184210955842, ""beta[1]"": 0.3633571823587126, ""omega"": 2.628285993638578}",2.065219479982214,True,2023-08-08,1.2700466151816698,1.5953764778259876,normal,BTC-USD,748,0.27326692986223317,0.06872773791829441,,-0.08371614555996049,2023-08-07,2022-03-26,3.4806998976595382,4.8881350922443145
0.687710142117432,-0.687710142117432,5.118966114021697,6.590680521137415,False,False,2429.7786131961675,2442.4224374914343,0,null,-1211.8893065980837,"{""alpha[1]"": 0.4271970088548864, ""beta[1]"": 0.33245250466238013, ""omega"": 2.7355332681690587}",2.4426737859127687,True,2023-08-09,1.4335579921570187,1.7600641244318345,normal,BTC-USD,749,0.17052811526786252,0.050752304379728115,,-0.08043161125677731,2023-08-08,2022-03-27,4.098272447474679,5.7629405800902385
0.44719489977660276,-0.44719489977660276,4.630791667081987,5.956544170240984,False,False,2425.2902447713714,2437.934069066638,0,null,-1209.6451223856857,"{""alpha[1]"": 0.4228284049059937, ""beta[1]"": 0.34206745291849516, ""omega"": 2.6652066041479894}",2.200413932497495,True,2023-08-10,1.3341736338690149,1.6593094632940844,normal,BTC-USD,750,0.16320668022940404,0.04763703040800419,,-0.0919696667016244,2023-08-09,2022-03-28,3.7113285043646806,5.210897940577018
0.10837469175500823,-0.10837469175500823,4.403829098861409,5.662644031644384,False,False,2425.2036890901236,2437.8475133853904,0,null,-1209.6018445450618,"{""alpha[1]"": 0.4216097309842317, ""beta[1]"": 0.3450245665993819, ""omega"": 2.645110712279221}",2.089314491152322,True,2023-08-11,1.2842289259379593,1.6088612824451873,normal,BTC-USD,751,0.17112075829549078,0.04846270971990575,,-0.09417333905065488,2023-08-10,2022-03-29,3.530789857664821,4.95464566374558
-0.062060393713031785,0.062060393713031785,4.282775197774096,5.505750830843127,False,False,2424.742370313925,2437.386194609192,0,null,-1209.3711851569626,"{""alpha[1]"": 0.42558705048160184, ""beta[1]"": 0.3452403107936758, ""omega"": 2.6231645684788014}",2.0298303157624162,True,2023-08-12,1.2565559723787119,1.580861747336265,normal,BTC-USD,752,0.17483261795375074,0.04879970041834699,,-0.09581820838411728,2023-08-11,2022-03-30,3.43459196536198,4.817909648121663
0.4533340750017241,-0.4533340750017241,4.229710213854582,5.437720448500634,False,False,2423.8887505733846,2436.5325748686514,0,null,-1208.9443752866923,"{""alpha[1]"": 0.4387517259283887, ""beta[1]"": 0.33526296972437275, ""omega"": 2.6408007535554745}",2.004991538451543,True,2023-08-13,1.2440574736647019,1.5684134343539151,normal,BTC-USD,753,0.14692860087869392,0.04304962216491468,,-0.09398848854656697,2023-08-12,2022-03-31,3.3919060925755997,4.758296291493188
-0.4277614079039832,0.4277614079039832,4.214404407600378,5.419602127938962,False,False,2421.776736232663,2434.42056052793,0,null,-1207.8883681163315,"{""alpha[1]"": 0.44086109807325474, ""beta[1]"": 0.3400685821381435, ""omega"": 2.590852273525709}",2.0003234758585964,True,2023-08-14,1.2401757389495933,1.564950066900574,normal,BTC-USD,754,0.19031561435176275,0.05169521228150699,,-0.08831155478908063,2023-08-13,2022-04-01,3.3785508791312684,4.7417598202467115
0.8129120114572577,-0.8129120114572577,4.239477643576696,5.451303529976256,False,False,2421.1174977586606,2433.7613220539274,0,null,-1207.5587488793303,"{""alpha[1]"": 0.4421160026450038, ""beta[1]"": 0.3427556227167826, ""omega"": 2.5637449980173517}",2.011324555556902,True,2023-08-15,1.2461962000987357,1.570825911352037,normal,BTC-USD,755,0.12930576007511832,0.03956821315143977,,-0.09069272277529383,2023-08-14,2022-04-02,3.3990272129596217,4.769733326601231
1.6193584825778313,-1.6193584825778313,4.291230325317813,5.518221109028734,False,False,2420.8235449217145,2433.4673692169813,0,null,-1207.4117724608573,"{""alpha[1]"": 0.4366585770784468, ""beta[1]"": 0.3536047830338519, ""omega"": 2.5005024828477826}",2.0364944505782567,True,2023-08-16,1.2582695359628469,1.5829972304858613,normal,BTC-USD,756,0.09104519702073031,0.03208763192713114,,-0.09052713969224473,2023-08-15,2022-04-03,3.440262422992436,4.828121675290943
7.362412010979276,-7.362412010979276,4.676850170928722,6.014791472070713,True,True,2420.6074982966943,2433.251322591961,0,null,-1207.3037491483472,"{""alpha[1]"": 0.4289285053211897, ""beta[1]"": 0.36699114976209574, ""omega"": 2.4280806265844}",2.2206442551544536,True,2023-08-17,16.79683427453365,36.585072498542864,normal,BTC-USD,757,3.432804507374895,2.0791209226549054,,-0.09629882490384332,2023-08-16,2022-04-04,3.748933582163597,5.262289866883412
2.333424863003989,-2.333424863003989,11.111324760726301,14.32420978532968,False,False,2430.1544190448944,2442.798243340161,0,null,-1212.0772095224472,"{""alpha[1]"": 0.4567856140616218, ""beta[1]"": 0.3169512448393332, ""omega"": 2.7770439927200274}",5.332576747774748,True,2023-08-18,2.207424739503773,2.5357988823071116,normal,BTC-USD,758,0.32748168738227146,0.10183754123416458,,-0.11175040607503231,2023-08-17,2022-04-05,8.883058610649412,12.517178986420438
-0.178915593160382,0.178915593160382,7.816349304241562,10.066788087232082,False,False,2430.4056777119067,2443.0495020071735,0,null,-1212.2028388559534,"{""alpha[1]"": 0.44911294377606115, ""beta[1]"": 0.31962896324044493, ""omega"": 2.772543699152185}",3.7351593457494436,True,2023-08-19,1.8565373495070805,2.183509458820497,normal,BTC-USD,759,0.32172471369705885,0.08979983880031514,,-0.11178828368312861,2023-08-18,2022-04-06,6.255578680780789,8.801068286871125
-0.357186941057911,0.357186941057911,5.638699853405264,7.256262697573072,False,False,2427.522857068208,2440.1666813634747,0,null,-1210.761428534104,"{""alpha[1]"": 0.4461605015908929, ""beta[1]"": 0.31551800106315697, ""omega"": 2.802395694132204}",2.684745312956994,True,2023-08-20,1.53069888055601,1.8564877252357292,normal,BTC-USD,760,0.24370206589947663,0.06703679803669872,,-0.10084131147334056,2023-08-19,2022-04-07,4.516854376931617,6.346492862611955
0.2501958850288226,-0.2501958850288226,4.761366133513259,6.1224753541453865,False,False,2427.203491281177,2439.8473155764436,0,null,-1210.6017456405884,"{""alpha[1]"": 0.45403632252584425, ""beta[1]"": 0.30634293499940457, ""omega"": 2.834748648835782}",2.259097143390837,True,2023-08-21,1.3622754633834058,1.6869301305120743,normal,BTC-USD,761,0.17835928836754242,0.051067474741877325,,-0.10149752243753925,2023-08-20,2022-04-08,3.8173816523796678,5.35694335921655
0.354646951925222,-0.354646951925222,4.410831194353766,5.671062279932843,False,False,2425.7404487521235,2438.3842730473903,0,null,-1209.8702243760617,"{""alpha[1]"": 0.4595824718558859, ""beta[1]"": 0.3035105158200367, ""omega"": 2.8271286580929176}",2.091664946712966,True,2023-08-22,1.2859097052017106,1.610391955618041,normal,BTC-USD,762,0.15910814208987273,0.046076204698208334,,-0.09632711975459403,2023-08-21,2022-04-09,3.5368097937226737,4.962267421746051
-1.5248455549160829,1.5248455549160829,4.273745266989232,5.49304837688076,False,False,2423.915796768674,2436.559621063941,0,null,-1208.957898384337,"{""alpha[1]"": 0.47000178595836095, ""beta[1]"": 0.3064406556171262, ""omega"": 2.748361926831766}",2.0237348559024935,True,2023-08-23,1.2546228446392123,1.578639087354222,normal,BTC-USD,763,0.24764773166776916,0.06332118295287166,,-0.09936146071996445,2023-08-22,2022-04-10,3.4281090784392956,4.8072727403710775
1.02395657563472,-1.02395657563472,4.821306439679424,6.202228182510806,False,False,2421.408614266964,2434.0524385622307,0,null,-1207.704307133482,"{""alpha[1]"": 0.5030791885653387, ""beta[1]"": 0.27985517649686675, ""omega"": 2.8122482534690345}",2.291980920552317,True,2023-08-24,1.3744005899305964,1.6996834221234725,normal,BTC-USD,764,0.1419812297366418,0.04401596406527836,,-0.09360804029350014,2023-08-23,2022-04-11,3.8635811703675533,5.425552982162552
0.4393992432119468,-0.4393992432119468,4.552890429034067,5.858652719602413,False,False,2416.141085869909,2428.784910165176,0,null,-1205.0705429349546,"{""alpha[1]"": 0.49347025643685366, ""beta[1]"": 0.2892449234327535, ""omega"": 2.758215212438417}",2.167235234216147,True,2023-08-25,1.3168558697076644,1.6425660870154482,normal,BTC-USD,765,0.1603946023390287,0.0468485039098826,,-0.08250655453506492,2023-08-24,2022-04-12,3.647291289992518,5.124249634200202
0.15062619816248576,-0.15062619816248576,4.291817953456311,5.520178535486155,False,False,2415.275581261311,2427.9194055565777,0,null,-1204.6377906306554,"{""alpha[1]"": 0.4981072187499726, ""beta[1]"": 0.2871692509688137, ""omega"": 2.7510643602051057}",2.0387679694277314,True,2023-08-26,1.2582122610790178,1.5832566690177154,normal,BTC-USD,766,0.16446369211225154,0.04678682484560106,,-0.08642515138182189,2023-08-25,2022-04-13,3.439900040407514,4.829308682722587
-0.311836501220153,0.311836501220153,4.174254356909717,5.366693455697846,False,False,2413.7850989836434,2426.42892327891,0,null,-1203.8925494918217,"{""alpha[1]"": 0.5046975393267896, ""beta[1]"": 0.2846615077616227, ""omega"": 2.7406133773901873}",1.9791473901622183,True,2023-08-27,1.2308153538868796,1.555243696087555,normal,BTC-USD,767,0.18295429757386172,0.050078635120147263,,-0.0918416872772135,2023-08-26,2022-04-14,3.3472494502570784,4.696027010794569
-0.06305878538588702,0.06305878538588702,4.158500784309526,5.348294400753267,False,False,2412.0326532699946,2424.6764775652614,0,null,-1203.0163266349973,"{""alpha[1]"": 0.5093644783950023, ""beta[1]"": 0.2861686180783992, ""omega"": 2.7082231172196995}",1.9747565583931692,True,2023-08-28,1.2267248982763728,1.5516577168846277,normal,BTC-USD,768,0.16981947062038757,0.04742174646354698,,-0.08514513960265045,2023-08-27,2022-04-15,3.3333306270218617,4.679115860968807
-6.024989255197842,6.024989255197842,4.113463357459568,5.289241726301024,False,False,2411.3302201082447,2423.9740444035115,0,null,-1202.6651100541224,"{""alpha[1]"": 0.512193926570883, ""beta[1]"": 0.288168136983687, ""omega"": 2.680426451511398}",1.951494791194551,True,2023-08-29,1.2160260597084727,1.5406482946116546,normal,BTC-USD,769,0.46615012991748256,0.10652935071773607,,-0.08809005787853738,2023-08-28,2022-04-16,3.2980133431518004,4.627945816575756
1.5634289366814664,-1.5634289366814664,9.724473334889497,12.542887274725164,False,False,2420.070094922427,2432.7139192176937,0,null,-1207.0350474612135,"{""alpha[1]"": 0.4787552435771485, ""beta[1]"": 0.28353149092916574, ""omega"": 2.9054667074550373}",4.6778544909266495,True,2023-08-30,2.073639016812007,2.4027739638867915,normal,BTC-USD,770,0.31031799769347196,0.0939429087815712,,-0.07540296479896783,2023-08-29,2022-04-17,7.7697888905509,10.957719814838578
5.132914545923003,-5.132914545923003,6.642123377211211,8.56032648915317,False,False,2420.771279285631,2433.4151035808977,0,null,-1207.3856396428155,"{""alpha[1]"": 0.46959483402583413, ""beta[1]"": 0.287218878892884, ""omega"": 2.9039299100240266}",3.1837321391585083,True,2023-08-31,1.6931415759090296,2.0211081285661043,normal,BTC-USD,771,0.008942856425489028,0.023485522656198354,,-0.07499831809594233,2023-08-30,2022-04-18,5.311771674432784,7.481466811542837
0.5054814305567098,-0.5054814305567098,8.828191508751553,11.380319335467545,False,False,2422.7925687741117,2435.4363930693785,0,null,-1208.3962843870559,"{""alpha[1]"": 0.47609315618465226, ""beta[1]"": 0.2879072131064882, ""omega"": 2.8944157173982137}",4.235886874842226,True,2023-09-01,1.9774556389024878,2.3057555042804347,normal,BTC-USD,772,0.3276352929872779,0.09439438396271901,,-0.09077340086189016,2023-08-31,2022-04-19,7.058187290302262,9.944919826828603
-0.263498688817934,0.263498688817934,5.979061530150553,7.697726552265975,False,False,2423.574102961288,2436.217927256555,0,null,-1208.787051480644,"{""alpha[1]"": 0.466320493141695, ""beta[1]"": 0.2914698087120759, ""omega"": 2.898384672605007}",2.8525493641895396,True,2023-09-02,1.588907261399874,1.9153512055283923,normal,BTC-USD,773,0.25252981395764224,0.06994592260386454,,-0.09507142258962593,2023-09-01,2022-04-20,4.7870975903349064,6.731093571568514
-0.3887765536892177,0.3887765536892177,4.834403258451564,6.219057936135089,False,False,2423.7682877990046,2436.4121120942714,0,null,-1208.8841438995023,"{""alpha[1]"": 0.47003857326797466, ""beta[1]"": 0.2831463832248508, ""omega"": 2.9433635487814294}",2.298176648516766,True,2023-09-03,1.3771159733167564,1.7023945324462533,normal,BTC-USD,774,0.2131432800509371,0.05829059765778046,,-0.09392485164153945,2023-09-02,2022-04-21,3.8740890473295204,5.440283212088823
0.6069712479879689,-0.6069712479879689,4.476636453147873,5.758225862989447,False,False,2423.1051606987558,2435.7489849940225,0,null,-1208.5525803493779,"{""alpha[1]"": 0.4756379248070028, ""beta[1]"": 0.27795270159696744, ""omega"": 2.9587320112475415}",2.1271143644361192,True,2023-09-04,1.3003223977179355,1.6254506748151059,normal,BTC-USD,775,0.1490415469943916,0.04430447142152208,,-0.08901041059247188,2023-09-03,2022-04-22,3.5878021878757984,5.037418390140172
0.12573014341086666,-0.12573014341086666,4.377132584478132,5.630448798944187,False,False,2422.442481471516,2435.086305766783,0,null,-1208.221240735758,"{""alpha[1]"": 0.4751187717317261, ""beta[1]"": 0.28223205970767473, ""omega"": 2.9241867579555563}",2.080188009122983,True,2023-09-05,1.2778104978125109,1.6029938574793525,normal,BTC-USD,776,0.16910883920864092,0.0479981294525442,,-0.08630213603678147,2023-09-04,2022-04-23,3.507906927583682,4.9255430886652825
0.10380138112959202,-0.10380138112959202,4.265546570826533,5.486569952825483,False,False,2421.6280328370676,2434.2718571323344,0,null,-1207.8140164185338,"{""alpha[1]"": 0.4681043821287822, ""beta[1]"": 0.29639189173491054, ""omega"": 2.8325083087907927}",2.026590072621932,True,2023-09-06,1.2520425978727738,1.5771352455463847,normal,BTC-USD,777,0.16574579613141566,0.04696025398328587,,-0.08527327246187004,2023-09-05,2022-04-24,3.4187173037579024,4.799826779458175
-1.8732105487749555,1.8732105487749555,4.21023829350667,5.415071747902854,False,False,2419.894116372645,2432.5379406679117,0,null,-1206.9470581863225,"{""alpha[1]"": 0.46922187547497834, ""beta[1]"": 0.3012025918834768, ""omega"": 2.7763241198330757}",1.9997188865005677,True,2023-09-07,1.239050458936878,1.5640469881525036,normal,BTC-USD,778,0.262392397351312,0.06610644863972336,,-0.08539253490746068,2023-09-06,2022-04-25,3.374637398251279,4.737434315197374
1.2831149836628821,-1.2831149836628821,5.059080464187836,6.5115022215849905,False,False,2418.439771047572,2431.0835953428386,0,null,-1206.219885523786,"{""alpha[1]"": 0.47674332415022286, ""beta[1]"": 0.29155513788231385, ""omega"": 2.8149323140649978}",2.410652865617036,True,2023-09-08,1.4220747561913005,1.7481169336536686,normal,BTC-USD,779,0.13843260247466807,0.04411498109140873,,-0.08659592382509919,2023-09-07,2022-04-26,4.051767033156241,5.694613092803752
0.03851855823854419,-0.03851855823854419,4.771363291256095,6.142477366700328,False,False,2415.0383916422984,2427.682215937565,0,null,-1204.5191958211492,"{""alpha[1]"": 0.4716859057568286, ""beta[1]"": 0.2970825307018571, ""omega"": 2.78187584895877}",2.2757026726044085,True,2023-09-09,1.3633340499231137,1.689682859228867,normal,BTC-USD,780,0.1890960739527041,0.053327997585198884,,-0.07724224239610307,2023-09-08,2022-04-27,3.8204400372926233,5.371318316758428
0.24532679097318458,-0.24532679097318458,4.362349604085472,5.612274437271829,False,False,2413.713134934207,2426.356959229474,0,null,-1203.8565674671036,"{""alpha[1]"": 0.4740464327605849, ""beta[1]"": 0.29641967806625236, ""omega"": 2.772427375749836}",2.0745591737253672,True,2023-09-10,1.27429368154589,1.5996952091780265,normal,BTC-USD,781,0.16250746083822865,0.046639493589048855,,-0.08312982651013491,2023-09-09,2022-04-28,3.4954760077377545,4.909276149878066
2.626188104315691,-2.626188104315691,4.229633693915325,5.439862279940535,False,False,2412.68788030298,2425.3317045982467,0,null,-1203.34394015149,"{""alpha[1]"": 0.48152962146283457, ""beta[1]"": 0.291694941451893, ""omega"": 2.7748059275391603}",2.008673440820383,True,2023-09-11,1.2436720519388453,1.5686270785029146,normal,BTC-USD,782,0.038205147580696076,0.02133002345814221,,-0.08631726143511202,2023-09-10,2022-04-29,3.390291055929612,4.7591904501299105
-2.630512794794977,2.630512794794977,5.569964417695554,7.171893549589016,False,False,2412.7456032603504,2425.389427555617,0,null,-1203.3728016301752,"{""alpha[1]"": 0.4802553938728334, ""beta[1]"": 0.29160433555826737, ""omega"": 2.787757474167717}",2.6587973036391483,True,2023-09-12,1.5179254772172839,1.844543625458539,normal,BTC-USD,783,0.3544737174963752,0.08901429416534311,,-0.08562916691287259,2023-09-11,2022-04-30,4.458961555132521,6.2709166217393255
-1.5173852968217483,1.5173852968217483,6.033393656221524,7.773593389538024,False,False,2413.0458670810103,2425.689691376277,0,null,-1203.5229335405052,"{""alpha[1]"": 0.4752068520732154, ""beta[1]"": 0.29896482616830033, ""omega"": 2.7528118177159504}",2.888291539630474,True,2023-09-13,1.597273117019896,1.9248261731767657,normal,BTC-USD,784,0.3171939908543297,0.08312233885261659,,-0.0756777056104037,2023-09-12,2022-05-01,4.82649452026484,6.794848588439903
-1.1800835116729973,1.1800835116729973,5.312710027999521,6.842133726683521,False,False,2412.7351460991576,2425.3789703944244,0,null,-1203.3675730495788,"{""alpha[1]"": 0.4573963043206879, ""beta[1]"": 0.3187974728305017, ""omega"": 2.6610228071502173}",2.5384566178507284,True,2023-09-14,1.470445509328866,1.797378978434677,normal,BTC-USD,785,0.27160380687302904,0.0716201971901179,,-0.07660305105684057,2023-09-13,2022-05-02,4.251992625787579,5.981936207338786
-0.2597241399935938,0.2597241399935938,4.87749112038077,6.280388948893273,False,False,2411.4780304159053,2424.121854711172,0,null,-1202.7390152079527,"{""alpha[1]"": 0.4450765682085996, ""beta[1]"": 0.33257967741753114, ""omega"": 2.5878093080299926}",2.3284556660265086,True,2023-09-15,1.385150020063787,1.711797136256699,normal,BTC-USD,786,0.20821243419038318,0.05751077824807375,,-0.07455579635465805,2023-09-14,2022-05-03,3.9045245438140666,5.491353684813776
0.15199103400260855,-0.15199103400260855,4.406293818481801,5.6729035583852125,False,False,2409.0661333255475,2421.7099576208143,0,null,-1201.5330666627738,"{""alpha[1]"": 0.4432319079654371, ""beta[1]"": 0.33126561239060553, ""omega"": 2.5855576213542646}",2.10225190001866,True,2023-09-16,1.2836724523086103,1.6101247461408725,normal,BTC-USD,787,0.16879287641076007,0.048085301040106145,,-0.06995189970649084,2023-09-15,2022-05-04,3.527848562217807,4.960521138013219
0.12840741866492755,-0.12840741866492755,4.2298851074266315,5.441939342208905,False,False,2406.448832227952,2419.092656523219,0,null,-1200.224416113976,"{""alpha[1]"": 0.4417803529657808, ""beta[1]"": 0.33004795054944447, ""omega"": 2.5866217310111015}",2.011703556133245,True,2023-09-17,1.2434439490100715,1.5688679026726828,normal,BTC-USD,788,0.1630434444637186,0.04631833289628404,,-0.08031841728235388,2023-09-16,2022-05-05,3.3892763079392965,4.760240708293328
-0.8260511389751386,0.8260511389751386,4.144140082517668,5.335860768103662,False,False,2401.0789903494733,2413.72281464474,0,null,-1197.5394951747367,"{""alpha[1]"": 0.4688371835226895, ""beta[1]"": 0.2988129552292725, ""omega"": 2.710688490807694}",1.9779550059008257,True,2023-09-18,1.2222554625448963,1.548835546003371,normal,BTC-USD,789,0.20718422817752727,0.05491649521073577,,-0.06418695917260889,2023-09-17,2022-05-06,3.3176334245754027,4.665598382098434
-1.6931102680807226,1.6931102680807226,4.2777736832039395,5.509869762557922,False,False,2399.0328948499055,2411.6767191451722,0,null,-1196.5164474249527,"{""alpha[1]"": 0.44308395230358083, ""beta[1]"": 0.3300231060318719, ""omega"": 2.5551759961326135}",2.044967950447761,True,2023-09-19,1.2536772509513123,1.5807719849627722,normal,BTC-USD,790,0.25581876596236885,0.06510009212959665,,-0.05959210087313119,2023-09-18,2022-05-07,3.4232650511666494,4.816898944878936
0.2911478936195143,-0.2911478936195143,4.757520271108896,6.131615669225138,False,False,2396.020787410967,2408.6646117062337,0,null,-1195.0103937054835,"{""alpha[1]"": 0.4173544857659925, ""beta[1]"": 0.3507336167265952, ""omega"": 2.471416428629304}",2.280650914398503,True,2023-09-20,1.359414051012776,1.6874171405808784,normal,BTC-USD,791,0.175669072763232,0.05067631933046329,,-0.053192420525581804,2023-09-19,2022-05-08,3.804529348884151,5.358779826665839
2.1020467717089595,-2.1020467717089595,4.333413163865444,5.585883807408937,False,False,2392.465263867768,2405.109088163035,0,null,-1193.232631933884,"{""alpha[1]"": 0.4050275362201317, ""beta[1]"": 0.3513272160236697, ""omega"": 2.481640169671139}",2.0787845751981093,True,2023-09-21,1.2659039794402687,1.5941336822595273,normal,BTC-USD,792,0.06813635865059244,0.02779406901947478,,-0.045477596555421405,2023-09-20,2022-05-09,3.464773944720807,4.881453673656435
-0.04491505455669668,0.04491505455669668,4.94664358925047,6.383843963540801,False,False,2385.4781025049465,2398.1219268002133,0,null,-1189.7390512524732,"{""alpha[1]"": 0.38404865122195836, ""beta[1]"": 0.36746656729439175, ""omega"": 2.439536148955218}",2.3853892184579104,True,2023-09-22,1.3972076461589253,1.7271495085155202,normal,BTC-USD,793,0.19974009298376705,0.05620430889123414,,-0.02627069744720923,2023-09-21,2022-05-10,3.949886805118641,5.575515834566712
0.0006686887907461199,-0.0006686887907461199,4.408838435263699,5.687593324426375,False,False,2383.068450044001,2395.712274339268,0,null,-1188.5342250220006,"{""alpha[1]"": 0.39345023696626624, ""beta[1]"": 0.35240709883739435, ""omega"": 2.492107765223653}",2.1224097768310126,True,2023-09-23,1.2824543301195757,1.611834191464387,normal,BTC-USD,794,0.17606506681612025,0.04967711389198971,,-0.030916605815392427,2023-09-22,2022-05-11,3.521970025113148,4.968380077989713
1.221012707055512,-1.221012707055512,4.172820376942427,5.386703443895411,False,False,2377.5190760398445,2390.1629003351113,0,null,-1185.7595380199223,"{""alpha[1]"": 0.3987650559864884, ""beta[1]"": 0.3461409142776125, ""omega"": 2.5051437672776022}",2.0147389551078208,True,2023-09-24,1.2268396024841604,1.5571905410125315,normal,BTC-USD,795,0.10549652505357031,0.03482963508364232,,-0.016992530457397636,2023-09-23,2022-05-12,3.330943208126916,4.703976215419741
-0.15851607909630958,0.15851607909630958,4.3756686796365045,5.647864306945078,False,False,2377.0996697284354,2389.743494023702,0,null,-1185.5498348642177,"{""alpha[1]"": 0.3955216535272915, ""beta[1]"": 0.35411142033305854, ""omega"": 2.4571527638010013}",2.1115230606933646,True,2023-09-25,1.2744171864798854,1.6045881520567264,normal,BTC-USD,796,0.1825932731433245,0.050908562813255544,,-0.020203018997022534,2023-09-24,2022-05-13,3.493349383770177,4.93234020222924
0.3093569605031251,-0.3093569605031251,4.1587843155540565,5.367250998138226,False,False,2375.8429962015684,2388.486820496835,0,null,-1184.9214981007842,"{""alpha[1]"": 0.39325380054150394, ""beta[1]"": 0.3594220589338412, ""omega"": 2.418502508502019}",2.005749126613814,True,2023-09-26,1.2236925873251718,1.553681036409508,normal,BTC-USD,797,0.15056533343016326,0.04378213159495107,,-0.02149990344090875,2023-09-25,2022-05-14,3.320663629106388,4.687570119998228
-0.5153782857532951,0.5153782857532951,4.0862284383529826,5.27171161821215,False,False,2373.886831986294,2386.530656281561,0,null,-1183.943415993147,"{""alpha[1]"": 0.3950888585610021, ""beta[1]"": 0.3590623438090756, ""omega"": 2.4044145276155304}",1.9676023235769078,True,2023-09-27,1.2064146855626134,1.5358773476694672,normal,BTC-USD,798,0.1889713014758222,0.051203356935937826,,-0.027629925429524912,2023-09-26,2022-05-15,3.2640477437631454,4.604957407840483
-2.506320623021608,2.506320623021608,4.104451381080964,5.293267577178603,False,False,2371.548627904457,2384.192452199724,0,null,-1182.7743139522286,"{""alpha[1]"": 0.39678941006654195, ""beta[1]"": 0.35843712125803473, ""omega"": 2.3936333995164683}",1.9731342877639624,True,2023-09-28,1.2111945035773175,1.5401189096818384,normal,BTC-USD,799,0.28931398637453365,0.07130959393336593,,-0.034442014778196674,2023-09-27,2022-05-16,3.27995910446906,4.624638770314979
0.40726745749422805,-0.40726745749422805,5.19495174260812,6.706513498574412,False,False,2370.389862352119,2383.033686647386,0,null,-1182.1949311760595,"{""alpha[1]"": 0.3891802956009618, ""beta[1]"": 0.36304474410350057, ""omega"": 2.3908634854602586}",2.5088103094154333,True,2023-09-29,1.445889614751314,1.7763141883741254,normal,BTC-USD,800,0.1869677432525617,0.054490946579563514,,-0.019996585770238745,2023-09-28,2022-05-17,4.146622322545459,5.856362115450575
-0.20859581392352888,0.20859581392352888,4.5045379039412605,5.813106567315254,False,False,2368.363244635203,2381.00706893047,0,null,-1181.1816223176015,"{""alpha[1]"": 0.39480777907607006, ""beta[1]"": 0.35230038636527955, ""omega"": 2.4282066286430593}",2.171893103468978,True,2023-09-30,1.3036117107301037,1.6335078635508817,normal,BTC-USD,801,0.1902794122697059,0.052857209007013024,,-0.024546182878748116,2023-09-29,2022-05-18,3.5969924314705857,5.0771250867777695
-3.6976120842477145,3.6976120842477145,4.188759379505865,5.408583729068445,False,False,2365.1423490617262,2377.786173356993,0,null,-1179.5711745308631,"{""alpha[1]"": 0.3894977943835362, ""beta[1]"": 0.35845365570747545, ""omega"": 2.3953020668661225}",2.024599981958542,True,2023-10-01,1.2304360418230895,1.5611391286629965,normal,BTC-USD,802,0.35201868871693953,0.08420127014700779,,-0.012591066640677204,2023-09-30,2022-05-19,3.34276169009107,4.722514930453056
1.6319145797596464,-1.6319145797596464,6.2719084995519605,8.099208012757664,False,False,2365.0685201118013,2377.712344407068,0,null,-1179.5342600559006,"{""alpha[1]"": 0.3826251626111156, ""beta[1]"": 0.3592714874173776, ""omega"": 2.429362169729304}",3.032855150658166,True,2023-10-02,1.6340199709050705,1.9648733126226898,normal,BTC-USD,803,0.16863437758966962,0.054395608892222946,,-0.015999336974498273,2023-10-01,2022-05-20,5.004602131553036,7.071475468981936
0.366831704319272,-0.366831704319272,5.358320934564762,6.920002111925764,False,False,2363.964932368737,2376.608756664004,0,null,-1178.9824661843686,"{""alpha[1]"": 0.3762805863161061, ""beta[1]"": 0.3654416064877914, ""omega"": 2.4048915150907106}",2.5919958759995785,True,2023-10-03,1.4765184537312095,1.8074883430182886,normal,BTC-USD,804,0.19541999787479494,0.05674830235468983,,-0.01177784413400279,2023-10-02,2022-05-21,4.275231661815168,6.041661939788249
-1.3377719279818925,1.3377719279818925,4.5733364371450484,5.905054534181446,False,False,2363.2396851668564,2375.883509462123,0,null,-1178.6198425834282,"{""alpha[1]"": 0.3782335050394641, ""beta[1]"": 0.36038828874310996, ""omega"": 2.4228999841808387}",2.2103153099055537,True,2023-10-04,1.3182896776095947,1.6489679471659748,normal,BTC-USD,805,0.24937539104797657,0.06493824988913723,,-0.014090738773117449,2023-10-03,2022-05-22,3.6497358929776347,5.156053060931825
1.3890662260528028,-1.3890662260528028,4.568883370180414,5.898339056937101,False,False,2361.982974667757,2374.6267989630237,0,null,-1177.9914873338785,"{""alpha[1]"": 0.38383874807128426, ""beta[1]"": 0.35270499260830646, ""omega"": 2.4501040716295956}",2.2065602809022984,True,2023-10-05,1.3174620931967347,1.647901375661315,normal,BTC-USD,806,0.11288928366512317,0.037615438105932826,,-0.017383218226059604,2023-10-04,2022-05-23,3.6468518993552643,5.150610036646082
-1.9171883792888686,1.9171883792888686,4.571019472913928,5.902696193964172,False,False,2360.137972316525,2372.781796611792,0,null,-1177.0689861582625,"{""alpha[1]"": 0.38630994867908686, ""beta[1]"": 0.35211108337607905, ""omega"": 2.443089180767876}",2.210246636230649,True,2023-10-06,1.3176868361734067,1.6485217558746141,normal,BTC-USD,807,0.27823180019804555,0.07070906371200728,,-0.011915428610762405,2023-10-05,2022-05-24,3.6474476246720373,5.1537179919118525
-0.07955652380662412,0.07955652380662412,4.888184497513533,6.312515483414604,False,False,2360.356461960921,2373.000286256188,0,null,-1177.1782309804605,"{""alpha[1]"": 0.3819909887310333, ""beta[1]"": 0.35889783168916706, ""omega"": 2.4147543794383735}",2.3640292878170293,True,2023-10-07,1.3847354389911182,1.7156292173338858,normal,BTC-USD,808,0.19899548401513314,0.055909820399007465,,-0.011871008210688816,2023-10-06,2022-05-25,3.900353156496035,5.511425516094118
0.12074286830516874,-0.12074286830516874,4.349615969531797,5.61686593403613,False,False,2360.043651961423,2372.68747625669,0,null,-1177.0218259807116,"{""alpha[1]"": 0.36657757370005084, ""beta[1]"": 0.3813036005219205, ""omega"": 2.3128888689555045}",2.103314510972392,True,2023-10-08,1.268026207596603,1.598880572176566,normal,BTC-USD,809,0.16749919116101308,0.04783380562267536,,-0.01108218953282592,2023-10-07,2022-05-26,3.470726691525427,4.904123430572701
1.2659387750470197,-1.2659387750470197,4.125998967651269,5.328447864868237,False,False,2358.7914851081596,2371.4353094034263,0,null,-1176.3957425540798,"{""alpha[1]"": 0.3430217609001486, ""beta[1]"": 0.4208723897441505, ""omega"": 2.12359673197837}",1.9957611245295495,True,2023-10-09,1.2151881167604075,1.546138172258635,normal,BTC-USD,810,0.10130565422614526,0.03386212809454404,,-0.009316935358744921,2023-10-08,2022-05-27,3.292051859569923,4.6521515845014205
0.7009006008123609,-0.7009006008123609,4.275452540583196,5.522106976535884,False,False,2356.86440854982,2369.5082328450867,0,null,-1175.43220427491,"{""alpha[1]"": 0.32899034101881725, ""beta[1]"": 0.445750471989617, ""omega"": 1.997472553895657}",2.0691311412527775,True,2023-10-10,1.2506644740197301,1.581786409918207,normal,BTC-USD,811,0.13549732483120736,0.04120047465861376,,-0.007429235108635354,2023-10-09,2022-05-28,3.4108470974365055,4.820948066673733
1.9081220851750607,-1.9081220851750607,4.152862440980993,5.362918845912299,False,False,2354.026763599602,2366.6705878948687,0,null,-1174.013381799801,"{""alpha[1]"": 0.3404553550219653, ""beta[1]"": 0.43007133926433344, ""omega"": 2.0397457330314537}",2.0083876637412983,True,2023-10-11,1.221714763575469,1.5526045487080449,normal,BTC-USD,812,0.07027585661981542,0.027742217711612626,,-0.010135484541899583,2023-10-10,2022-05-29,3.313639217571368,4.68234385633632
0.43453816332437123,-0.43453816332437123,4.661178166199044,6.0173291375068025,False,False,2351.6866121548833,2364.33043645015,0,null,-1172.8433060774416,"{""alpha[1]"": 0.36034512747896863, ""beta[1]"": 0.39652272119547616, ""omega"": 2.1765670438415907}",2.2508677032290105,True,2023-10-12,1.3374854088652093,1.667885710753314,normal,BTC-USD,813,0.164304713443177,0.04820047659573372,,-0.01828452674374061,2023-10-11,2022-05-30,3.7206324321879083,5.254585822897739
-0.39380057879023117,0.39380057879023117,4.281097536699573,5.521618683203487,False,False,2348.1184369858206,2360.7622612810874,0,null,-1171.0592184929103,"{""alpha[1]"": 0.3434122765506331, ""beta[1]"": 0.41371896972124605, ""omega"": 2.1183471470116837}",2.058951431598852,True,2023-10-13,1.2532441789174191,1.5823114894888315,normal,BTC-USD,814,0.1907273178738702,0.052177099131484425,,-0.034072048704871315,2023-10-12,2022-05-31,3.4207457786871696,4.8239093343582065
0.002486665103543226,-0.002486665103543226,4.110370334060552,5.3011322698279315,False,False,2345.3359723964268,2357.9797966916935,0,null,-1169.6679861982134,"{""alpha[1]"": 0.3750941408121922, ""beta[1]"": 0.36987144709048886, ""omega"": 2.2772847439208337}",1.9763637236263187,True,2023-10-14,1.2125965072455447,1.541584564180079,normal,BTC-USD,815,0.16410209714610027,0.04628922450729466,,-0.03369956904347859,2023-10-13,2022-06-01,3.284528608025546,4.631409115833005
-1.1030760334382377,1.1030760334382377,3.9886266160464667,5.147609171346834,False,False,2341.019838481897,2353.6636627771636,0,null,-1167.5099192409484,"{""alpha[1]"": 0.37925513617010365, ""beta[1]"": 0.366791776218458, ""omega"": 2.2752299172255097}",1.9236179876166737,True,2023-10-15,1.1819236055062294,1.5119008822255635,normal,BTC-USD,816,0.21439506067382563,0.05598835805634905,,-0.020755156237893316,2023-10-14,2022-06-02,3.184825180038271,4.495759772196663
-4.8854397299944115,4.8854397299944115,4.1869486157484435,5.403207918771867,False,False,2339.9307935388892,2352.574617834156,0,null,-1166.9653967694446,"{""alpha[1]"": 0.37742296891040755, ""beta[1]"": 0.37616503563892434, ""omega"": 2.2169010766699704}",2.0186829061423,True,2023-10-16,1.2305068367677325,1.5603895829225625,normal,BTC-USD,817,0.4114431580389965,0.09604583948013556,,-0.022985530952411595,2023-10-15,2022-06-03,3.343423430785512,4.719144218019137
0.364339943275841,-0.364339943275841,7.378781966073938,9.53168527951888,False,False,2343.995610152957,2356.6394344482237,0,null,-1168.9978050764785,"{""alpha[1]"": 0.3740387802800622, ""beta[1]"": 0.37521186856325983, ""omega"": 2.263003630442761}",3.573275128605308,True,2023-10-17,1.7962546107544184,2.1275860118663,normal,BTC-USD,818,0.2760658102829059,0.07956482649070162,,-0.008141593552025529,2023-10-16,2022-06-04,5.885656148933954,8.320822592345996
0.30807197496739624,-0.30807197496739624,5.493371656090079,7.095097097444226,False,False,2343.3637514568045,2356.0075757520713,0,null,-1168.6818757284022,"{""alpha[1]"": 0.3775004656117822, ""beta[1]"": 0.36944202283720784, ""omega"": 2.275493926048706}",2.6584592288479945,True,2023-10-18,1.5013236722125756,1.8324342936328617,normal,BTC-USD,819,0.20372190431074255,0.058861627567964,,-0.009733756509006139,2023-10-17,2022-06-05,4.382510061182244,6.194234731763792
-1.3724231170117502,1.3724231170117502,4.538915792118983,5.8615283363537,False,False,2342.041074840907,2354.684899136174,0,null,-1168.0205374204536,"{""alpha[1]"": 0.3921690149692045, ""beta[1]"": 0.3468241222520555, ""omega"": 2.3610229234185596}",2.1952023946365498,True,2023-10-19,1.3105946502629156,1.6415014605391764,normal,BTC-USD,820,0.24970267176767216,0.06490071238495058,,-0.010843697631202333,2023-10-18,2022-06-06,3.6216303183416882,5.1176481214833025
-3.298576897791653,3.298576897791653,4.526853226645952,5.843952202005925,False,False,2340.0657699588846,2352.7095942541514,0,null,-1167.0328849794423,"{""alpha[1]"": 0.39816409296415556, ""beta[1]"": 0.3402993664950236, ""omega"": 2.3802828283660737}",2.186051264436258,True,2023-10-20,1.3082397240875459,1.6386473450389154,normal,BTC-USD,821,0.34559842672134855,0.08401749894982721,,-0.017657285625479944,2023-10-19,2022-06-07,3.613391636635311,5.10317299719106
-0.7901299895121375,0.7901299895121375,5.944143253073747,7.677550052989613,False,False,2341.1263058904124,2353.770130185679,0,null,-1167.5631529452062,"{""alpha[1]"": 0.3883370725654202, ""beta[1]"": 0.35350350597674174, ""omega"": 2.333957901207972}",2.877016987810531,True,2023-10-21,1.580158933079633,1.9113167247267846,normal,BTC-USD,822,0.27660426408069116,0.07492755807585086,,-0.009683464900529931,2023-10-20,2022-06-08,4.7419552921016805,6.702625818072941
-0.2519829955267607,0.2519829955267607,4.851934690685521,6.2685698140375,False,False,2339.782415842845,2352.4262401381116,0,null,-1166.8912079214224,"{""alpha[1]"": 0.3511214042398023, ""beta[1]"": 0.39840872538464095, ""omega"": 2.159459223259202}",2.351256101920526,True,2023-10-22,1.3768822353916468,1.7084440266973697,normal,BTC-USD,823,0.20607118690932946,0.057237912450792024,,-0.001968615524067042,2023-10-21,2022-06-09,3.8694407426598247,5.471808249552437
-9.812340554166363,9.812340554166363,4.5166575936638935,5.835706484526803,False,False,2336.078930310517,2348.722754605784,0,null,-1165.0394651552585,"{""alpha[1]"": 0.17153811104250358, ""beta[1]"": 0.6605111915749057, ""omega"": 1.165944847464715}",2.1892876311258402,True,2023-10-23,1.3052300122616525,1.636868328198506,normal,BTC-USD,824,0.670709210614337,0.14906171138122914,,-0.0007859576230299471,2023-10-22,2022-06-10,3.601843658120365,5.093830583956537
-2.4342751795147706,2.4342751795147706,9.102853157525113,11.769253769864825,False,False,2350.849905682669,2363.493729977936,0,null,-1172.4249528413345,"{""alpha[1]"": 0.15682636259090074, ""beta[1]"": 0.6697398942610752, ""omega"": 1.2261598141619268}",4.425550804567108,True,2023-10-24,2.005436534454114,2.3380678064047102,normal,BTC-USD,825,0.484393565216737,0.12703858717848954,,0.02578716733025468,2023-10-23,2022-06-11,7.25359612481996,10.269583538334171
-1.7581001103261318,1.7581001103261318,7.9394168397167935,10.268879931319224,False,False,2347.293366064444,2359.9371903597107,0,null,-1170.646683032222,"{""alpha[1]"": 0.15747972780659267, ""beta[1]"": 0.6477656702000623, ""omega"": 1.342967444470516}",3.866319716377669,True,2023-10-25,1.8683516837784957,2.2015319245424863,normal,BTC-USD,826,0.4040969880795017,0.10716814405709615,,0.035690357173901545,2023-10-24,2022-06-12,6.323839651263895,8.958714295383475
1.008381840480271,-1.008381840480271,6.785465091238291,8.782283767196907,False,False,2344.1400554019374,2356.783879697204,0,null,-1169.0700277009687,"{""alpha[1]"": 0.15210126063979504, ""beta[1]"": 0.6333123439361866, ""omega"": 1.4380522420359252}",3.314214097111599,True,2023-10-26,1.7106885321911882,2.044856805788992,normal,BTC-USD,827,0.2196104231975991,0.06650826304756025,,0.05080677369546266,2023-10-25,2022-06-13,5.400590304432249,7.65920814523629
0.72531692785828,-0.72531692785828,6.029247274516476,7.814759741148747,False,False,2337.460023395499,2350.1038476907656,0,null,-1165.7300116977494,"{""alpha[1]"": 0.13880485952892638, ""beta[1]"": 0.6665443829927375, ""omega"": 1.3058613887982435}",2.963499219397236,True,2023-10-27,1.5912357789916656,1.9275099300164502,normal,BTC-USD,828,0.20328024956313315,0.06085212660535715,,0.083600520372461,2023-10-26,2022-06-14,4.790921919120939,6.81052958839399
-0.528751497610628,0.528751497610628,5.304151858371433,6.8781797362421715,False,False,2334.5024218670433,2347.14624616231,0,null,-1164.2512109335216,"{""alpha[1]"": 0.1498583705477822, ""beta[1]"": 0.6254008033061099, ""omega"": 1.4942182439104228}",2.612488276924537,True,2023-10-28,1.4626789941536016,1.799644938822905,normal,BTC-USD,829,0.23706255726871714,0.06521646876686833,,0.08466116990381613,2023-10-27,2022-06-15,4.21249964776371,5.9928953790762
-1.3082482218042097,1.3082482218042097,4.620728180564138,5.994487430096881,False,False,2330.704712826223,2343.3485371214897,0,null,-1162.3523564131115,"{""alpha[1]"": 0.17411595542348623, ""beta[1]"": 0.5375745338207355, ""omega"": 1.9095299663769099}",2.2800929927466442,True,2023-10-29,1.3243601766836472,1.6619473998025738,normal,BTC-USD,830,0.2488109306413934,0.06530088870213488,,0.08244883788230122,2023-10-28,2022-06-16,3.6679703910236534,5.221840648409272
0.1046255791004814,-0.1046255791004814,4.477595098331779,5.816275849302562,False,False,2325.5128980826603,2338.156722377927,0,null,-1159.7564490413301,"{""alpha[1]"": 0.1726168519297042, ""beta[1]"": 0.5161046294338163, ""omega"": 2.046194326236181}",2.221871554896886,True,2023-10-30,1.2917360752169316,1.631210067554861,normal,BTC-USD,831,0.1722270046000753,0.04958732774435245,,0.10548781459046559,2023-10-29,2022-06-17,3.5491656711019846,5.0633583535357225
-0.4782938808938683,0.4782938808938683,4.417163744688739,5.737874961856383,False,False,2320.996615767307,2333.640440062574,0,null,-1157.4983078836535,"{""alpha[1]"": 0.28272282257101033, ""beta[1]"": 0.011232880439570988, ""omega"": 4.734322630826914}",2.1920466724646888,True,2023-10-31,1.2781324261476334,1.6176314436906916,normal,BTC-USD,832,0.19897453996430553,0.05473357995922191,,0.10439900125821072,2023-10-30,2022-06-18,3.5011969183922385,4.995064115028318
-2.19528756136347,2.19528756136347,4.430734913538253,5.759992998131742,False,False,2317.7271402376246,2330.3709645328913,0,null,-1155.8635701188123,"{""alpha[1]"": 0.2625332254254443, ""beta[1]"": 0.010805660601830202, ""omega"": 4.781358428241087}",2.2062323112760245,True,2023-11-01,1.280497403225323,1.6211413300721103,normal,BTC-USD,833,0.28520640245979306,0.07207662677073154,,0.12008873126751204,2023-10-31,2022-06-19,3.5088404878323862,5.012375115709678
1.4181643016773482,-1.4181643016773482,4.897789395822487,6.360216335222197,False,False,2309.205130036408,2321.8489543316746,0,null,-1151.602565018204,"{""alpha[1]"": 0.24567010290932992, ""beta[1]"": 0.0028589080450296084, ""omega"": 4.808348760396821}",2.4272589378840235,True,2023-11-02,1.3817002430986682,1.720740317705137,normal,BTC-USD,834,0.12326863316819045,0.04119535665728024,,0.10894870248775948,2023-11-01,2022-06-20,3.883536965041155,5.537699967405368
0.5911206962258131,-0.5911206962258131,4.687446861900179,6.087474659776134,False,False,2309.773745368796,2322.4175696640627,0,null,-1151.886872684398,"{""alpha[1]"": 0.24376741181743447, ""beta[1]"": 0.009168930244150955, ""omega"": 4.779514377244775}",2.3236921408705635,True,2023-11-03,1.337744140206711,1.6768823042157193,normal,BTC-USD,835,0.15626750359129432,0.047089328978359546,,0.1056626777778812,2023-11-02,2022-06-21,3.7164707680516966,5.3000535940617635
-1.0022958672233773,1.0022958672233773,4.46680892741613,5.801730768591746,False,False,2309.1262465287728,2321.7700708240395,0,null,-1151.5631232643864,"{""alpha[1]"": 0.2519630504121675, ""beta[1]"": 0.016817297181559974, ""omega"": 4.697025328375509}",2.215632715094906,True,2023-11-04,1.2894071810602208,1.6287460428392015,normal,BTC-USD,836,0.22716411619484955,0.06053223272897169,,0.10340505074258344,2023-11-03,2022-06-22,3.5409864566736102,5.050927405673786
0.09365212956089412,-0.09365212956089412,4.487629783367128,5.831296223452288,False,False,2307.557473997745,2320.201298293012,0,null,-1150.7787369988725,"{""alpha[1]"": 0.24705192592957753, ""beta[1]"": 0.02074442953191573, ""omega"": 4.676108984779826}",2.230146538171848,True,2023-11-05,1.2936677932438112,1.63364177868525,normal,BTC-USD,837,0.17310452244230257,0.04981922484776438,,0.11252204353829151,2023-11-04,2022-06-23,3.5557425784069423,5.075574614337328
0.03419870125060439,-0.03419870125060439,4.392074737594603,5.704649078971798,False,False,2302.5287476343256,2315.1725719295923,0,null,-1148.2643738171628,"{""alpha[1]"": 0.24574772928990646, ""beta[1]"": 0.022946932130287985, ""omega"": 4.6234422015273}",2.1785415160997985,True,2023-11-06,1.272536674773057,1.6118722123963045,normal,BTC-USD,838,0.1723776231809708,0.049322159738867805,,0.10163074935109569,2023-11-05,2022-06-24,3.4817511648700172,4.96641467513738
-1.152640529646497,1.152640529646497,4.385283572796959,5.695451801260622,False,False,2302.389510521434,2315.033334816701,0,null,-1148.194755260717,"{""alpha[1]"": 0.2468091880946133, ""beta[1]"": 0.02550172999647702, ""omega"": 4.603366605712546}",2.1745479770602856,True,2023-11-07,1.2710488015812267,1.6102872992379558,normal,BTC-USD,839,0.2314634633334721,0.061112112030558524,,0.1001843900246565,2023-11-06,2022-06-25,3.4766287370229407,4.9585706734093495
-0.5955525300487081,0.5955525300487081,4.506393111691043,5.85186972609391,False,False,2302.109768174629,2314.753592469896,0,null,-1148.0548840873146,"{""alpha[1]"": 0.24963385691210568, ""beta[1]"": 0.02670360115532459, ""omega"": 4.584422864368383}",2.2331509698281624,True,2023-11-08,1.298426233977314,1.63744533692845,normal,BTC-USD,840,0.20844015037148128,0.056906825462495654,,0.09995599487113654,2023-11-07,2022-06-26,3.573250477380914,5.0951300162008515
-2.8692239817454355,2.8692239817454355,4.397529616686766,5.712861097747537,False,False,2301.1462836923674,2313.790107987634,0,null,-1147.5731418461837,"{""alpha[1]"": 0.25002327455155265, ""beta[1]"": 0.0282579607772595, ""omega"": 4.565475385213035}",2.183117670818819,True,2023-11-09,1.273600154279774,1.6132252880203364,normal,BTC-USD,841,0.31772589187233163,0.078422999708288,,0.10561516320699248,2023-11-08,2022-06-27,3.4852938557011917,4.973075989083359
-1.6778346050334039,1.6778346050334039,5.189882361152763,6.73914610970888,False,False,2302.153369544788,2314.7971938400547,0,null,-1148.076684772394,"{""alpha[1]"": 0.24974129937989217, ""beta[1]"": 0.025490918412618066, ""omega"": 4.5945467738443835}",2.5713860839886613,True,2023-11-10,1.4396779597479803,1.7786355098394502,normal,BTC-USD,842,0.2896619842118843,0.07545624507521621,,0.11414864733701469,2023-11-09,2022-06-28,4.115405079204278,5.8677899024882105
0.4725682325139554,-0.4725682325139554,4.655492323899091,6.050941010751908,False,False,2301.8361681434376,2314.4799924387044,0,null,-1147.9180840717188,"{""alpha[1]"": 0.24719693295233025, ""beta[1]"": 0.02486737233907873, ""omega"": 4.602071776228455}",2.316091974421881,True,2023-11-11,1.330164112530202,1.6705074237109545,normal,BTC-USD,843,0.1607561898430495,0.047935271531593604,,0.12194025510608426,2023-11-10,2022-06-29,3.687692029374943,5.266095385673312
0.2251742592097214,-0.2251742592097214,4.405193024302033,5.727766238646,False,False,2301.67959629314,2314.323420588407,0,null,-1147.83979814657,"{""alpha[1]"": 0.2474278455196912, ""beta[1]"": 0.026199568422545828, ""omega"": 4.590476077694968}",2.1951371169626532,True,2023-11-12,1.2745620562284294,1.6154568244047183,normal,BTC-USD,844,0.16313802840951708,0.047587338849727344,,0.12274442109175797,2023-11-11,2022-06-30,3.48793482740006,4.983908144182451
1.5013537041433456,-1.5013537041433456,4.360259394542901,5.670511583805988,False,False,2300.8776650317577,2313.5214893270245,0,null,-1147.4388325158789,"{""alpha[1]"": 0.2504233944793957, ""beta[1]"": 0.02664417987009775, ""omega"": 4.5705089153517955}",2.1746873307574472,True,2023-11-13,1.2641235208326527,1.6053213390813696,normal,BTC-USD,845,0.0975096312201918,0.03432229529533173,,0.12549601493462345,2023-11-12,2022-07-01,3.4515463285471797,4.933583233676515
2.6784357846643547,-2.6784357846643547,4.647405341094393,6.042195300257097,False,False,2300.0289183839777,2312.6727426792445,0,null,-1147.0144591919889,"{""alpha[1]"": 0.2503283817596059, ""beta[1]"": 0.024307815356107522, ""omega"": 4.579912721450678}",2.314998653018684,True,2023-11-14,1.3281620811783768,1.6689346060082815,normal,BTC-USD,846,0.050081305814575816,0.025792843803433874,,0.1277720298496852,2023-11-13,2022-07-02,3.68006190095587,5.25772016500774
-6.384619926967865,6.384619926967865,5.2056066178542375,6.761960122401526,False,False,2301.52514654233,2314.1689708375966,0,null,-1147.762573271165,"{""alpha[1]"": 0.24986437031004702, ""beta[1]"": 0.04392543555431528, ""omega"": 4.477433681750811}",2.5831532862559077,True,2023-11-15,1.4423839769271938,1.7818616270929355,normal,BTC-USD,847,0.5255416114688399,0.122712363333102,,0.1226967494607185,2023-11-14,2022-07-03,4.126212302408925,5.886616406342323
4.662975619098043,-4.662975619098043,8.04007128129051,10.427912151134208,False,False,2306.1256670695443,2318.769491364811,0,null,-1150.0628335347722,"{""alpha[1]"": 0.28134207584210985, ""beta[1]"": 0.03644468202062757, ""omega"": 4.466987326482431}",3.963212067162791,True,2023-11-16,1.8784615976785055,2.2156971853669383,normal,BTC-USD,848,0.08605155577191786,0.04421937339204966,,0.1348970085141586,2023-11-15,2022-07-04,6.384006734536399,9.084912958303006
-1.2148746980425624,1.2148746980425624,6.8561324193263395,8.892668718052755,False,False,2305.060246418302,2317.704070713569,0,null,-1149.530123209151,"{""alpha[1]"": 0.2832721679078573, ""beta[1]"": 0.029277512635755867, ""omega"": 4.492171385020153}",3.380135308118711,True,2023-11-17,1.719135139217968,2.0564228828316824,normal,BTC-USD,849,0.3329293273675089,0.08962129314216732,,0.11611597183818514,2023-11-16,2022-07-05,5.4437118493076095,7.747254616174161
0.03000850224949625,-0.03000850224949625,4.602447597755653,5.981529774504566,False,False,2305.7875869248523,2318.431411220119,0,null,-1149.8937934624262,"{""alpha[1]"": 0.27720216358289773, ""beta[1]"": 0.041266748305383794, ""omega"": 4.435092193211312}",2.2889277059983413,True,2023-11-18,1.3187750283669017,1.6590037418807273,normal,BTC-USD,850,0.1807994819962937,0.05175880703567212,,0.11895289686571732,2023-11-17,2022-07-06,3.645998142175367,5.205889205816703
-2.1653391391504333,2.1653391391504333,4.310765376009274,5.60360491127553,False,False,2303.994344086539,2316.638168381806,0,null,-1148.9971720432695,"{""alpha[1]"": 0.289045804645972, ""beta[1]"": 0.034257804232737, ""omega"": 4.421279168438324}",2.1457867279940444,True,2023-11-19,1.2531160530750753,1.5936481376440588,normal,BTC-USD,851,0.278973391567614,0.07041809141960942,,0.11537639000349355,2023-11-18,2022-07-07,3.4141286922018423,4.876470002810503
-0.24153344483238076,0.24153344483238076,4.849588859966596,6.298061568676692,False,False,2300.5882366330443,2313.232060928311,0,null,-1147.2941183165221,"{""alpha[1]"": 0.2838972767238117, ""beta[1]"": 0.028624761911250286, ""omega"": 4.447983883517841}",2.4040984433320256,True,2023-11-20,1.371747585542706,1.7108897087013046,normal,BTC-USD,852,0.20432738496462086,0.05724926957859701,,0.10937578960303802,2023-11-19,2022-07-08,3.8450142544600325,5.483393513027314
4.539262191527766,-4.539262191527766,4.3243712665914735,5.619321372942038,True,False,2300.723783674426,2313.367607969693,0,null,-1147.361891837213,"{""alpha[1]"": 0.28171987464623505, ""beta[1]"": 0.039848584692518084, ""omega"": 4.384992006492559}",2.149289742326185,True,2023-11-21,6.404112516171807,1.5966005985626297,normal,BTC-USD,853,1.0573418066699267,0.0035173721928145815,,0.10899621194908256,2023-11-20,2022-07-09,3.426270816085738,4.890999410809224
-4.420138947451507,4.420138947451507,6.643792667337875,8.613949510761765,False,False,2304.214823268284,2316.8586475635507,0,null,-1149.107411634142,"{""alpha[1]"": 0.28314229160821525, ""beta[1]"": 0.044429413520326776, ""omega"": 4.388806971021118}",3.2699621966735215,True,2023-11-22,1.6880197756539839,2.0247450524368267,normal,BTC-USD,854,0.4848773945419224,0.11926008316071168,,0.10120023580571333,2023-11-21,2022-07-10,5.277408943386932,7.505869368619651
0.38199994154082806,-0.38199994154082806,6.448597533436003,8.366335776658394,False,False,2304.829697195223,2317.47352149049,0,null,-1149.4148485976116,"{""alpha[1]"": 0.28440535245181864, ""beta[1]"": 0.044197665121249834, ""omega"": 4.389152616730165}",3.1829605746282628,True,2023-11-23,1.6576117313407108,1.9952947874713391,normal,BTC-USD,855,0.23682841472195534,0.0690573761476054,,0.11693600964090912,2023-11-22,2022-07-11,5.1185682359799305,7.287737556301362
-1.1482880916928222,1.1482880916928222,4.426211991960989,5.755551730686217,False,False,2302.708040239499,2315.351864534766,0,null,-1148.3540201197495,"{""alpha[1]"": 0.2720352432832344, ""beta[1]"": 0.032627386468130695, ""omega"": 4.4771072076172445}",2.2063678364880794,True,2023-11-24,1.2792506671294404,1.6202618429370315,normal,BTC-USD,856,0.23262745137469473,0.06156176015023539,,0.12489120243542226,2023-11-23,2022-07-12,3.504260935801068,5.007887923330711
-0.20263429422145507,0.20263429422145507,4.437413226258347,5.772618440547835,False,False,2301.0690644195165,2313.7128887147833,0,null,-1147.5345322097583,"{""alpha[1]"": 0.26971949346903384, ""beta[1]"": 0.02952536598076053, ""omega"": 4.490303787312858}",2.2161030428117092,True,2023-11-25,1.2813871808489017,1.6230352936312396,normal,BTC-USD,857,0.18570142594914746,0.052242899936163746,,0.13377090290554233,2023-11-24,2022-07-13,3.511394224761491,5.021655699394915
0.8440249841035358,-0.8440249841035358,4.30823828609465,5.603205809015578,False,False,2297.822400029323,2310.46622432459,0,null,-1145.9112000146615,"{""alpha[1]"": 0.26775455527840714, ""beta[1]"": 0.0270120672170808, ""omega"": 4.485711207861123}",2.1493186494291265,True,2023-11-26,1.2520650833354665,1.5933540692628974,normal,BTC-USD,858,0.12830503861935166,0.04030849067134876,,0.12518881949737223,2023-11-25,2022-07-14,3.4101257564905665,4.8748740512384074
0.6020176743881349,-0.6020176743881349,4.42415668535505,5.751464730262048,False,False,2297.418755107842,2310.062579403109,0,null,-1145.709377553921,"{""alpha[1]"": 0.2689953577751139, ""beta[1]"": 0.027640874864352436, ""omega"": 4.475704082537563}",2.20299573847314,True,2023-11-27,1.2790079374408228,1.6196578624719256,normal,BTC-USD,859,0.14507985084601369,0.04402925939052115,,0.1199908392777752,2023-11-26,2022-07-15,3.503614691308406,5.004943613440246
-1.5367313617739586,1.5367313617739586,4.372618520395314,5.683769264363539,False,False,2297.12917869397,2309.773002989237,0,null,-1145.564589346985,"{""alpha[1]"": 0.2704953330969918, ""beta[1]"": 0.032354405843480386, ""omega"": 4.439689124311723}",2.176178704364199,True,2023-11-28,1.2674005462794637,1.6078708324571012,normal,BTC-USD,860,0.2500006816010168,0.06483066899682935,,0.11621316452163571,2023-11-27,2022-07-16,3.463282270246373,4.94633553790897
-0.0724175028485301,0.0724175028485301,4.523732499872174,5.878935992228338,False,False,2296.6503814595308,2309.2942057547975,0,null,-1145.3251907297654,"{""alpha[1]"": 0.27289940149641506, ""beta[1]"": 0.08419178054258558, ""omega"": 4.116356535539307}",2.2492951277438658,True,2023-11-29,1.3015690372514133,1.6417247082520308,normal,BTC-USD,861,0.18281306919065785,0.05189143073376749,,0.11591736798914917,2023-11-28,2022-07-17,3.5838438809646234,5.116725570528215
0.385718900505034,-0.385718900505034,4.232623576868646,5.503982974435265,False,False,2293.2091768326154,2305.853001127882,0,null,-1143.6045884163077,"{""alpha[1]"": 0.28552164066937213, ""beta[1]"": 0.08981018064311368, ""omega"": 4.004070364372798}",2.1101351307663383,True,2023-11-30,1.234502222377782,1.5755563107597292,normal,BTC-USD,862,0.14825826698796316,0.04403210291957696,,0.11997918293443616,2023-11-29,2022-07-18,3.3508842402642944,4.788929192462726
-2.555073010799917,2.555073010799917,4.266457339023255,5.542863611545351,False,False,2285.2247308683595,2297.8685551636263,0,null,-1139.6123654341798,"{""alpha[1]"": 0.2711717168407876, ""beta[1]"": 0.0706055359613419, ""omega"": 4.10825980388739}",2.118511667066398,True,2023-12-01,1.2432956209310184,1.582994762209005,normal,BTC-USD,863,0.29681454003122926,0.07380044314122043,,0.10342380948851217,2023-11-30,2022-07-19,3.3812177898246625,4.82497130332212
-2.01524431323875,2.01524431323875,4.97446228490461,6.4568616075611684,False,False,2283.7376211515366,2296.3814454468034,0,null,-1138.8688105757683,"{""alpha[1]"": 0.2700954239473071, ""beta[1]"": 0.06746278589239296, ""omega"": 4.123697552282007}",2.460408043979491,True,2023-12-02,1.3976408547750787,1.7360172608670004,normal,BTC-USD,864,0.29808012545264095,0.0763835643651725,,0.1006528991061789,2023-12-01,2022-07-20,3.9463581958140637,5.623112123278493
-1.263777052682271,1.263777052682271,4.740043856130696,6.155543974415686,False,False,2284.5565482970424,2297.200372592309,0,null,-1139.2782741485212,"{""alpha[1]"": 0.26741513610015694, ""beta[1]"": 0.06937877888800426, ""omega"": 4.125631148187308}",2.349372280500684,True,2023-12-03,1.3489371700921864,1.688018797678044,normal,BTC-USD,865,0.2511057066431043,0.06623197826294533,,0.10603643646099185,2023-12-02,2022-07-21,3.7583370801798095,5.359420773612255
-4.8856566880608,4.8856566880608,4.43974406939909,5.768436354588243,False,False,2284.704126905186,2297.347951200453,0,null,-1139.352063452593,"{""alpha[1]"": 0.26786058199947704, ""beta[1]"": 0.06721440778127555, ""omega"": 4.135540647566046}",2.2052932273298618,True,2023-12-04,1.2830392685293663,1.6228512684375969,normal,BTC-USD,866,0.4201949368301124,0.09906793384172696,,0.10914251492360058,2023-12-03,2022-07-22,3.51824204854144,5.0211366961118875
-4.882523457702797,4.882523457702797,6.565187532182729,8.5187035711485,False,False,2288.672176787494,2301.316001082761,0,null,-1141.336088393747,"{""alpha[1]"": 0.26414766529613753, ""beta[1]"": 0.06391216389261495, ""omega"": 4.2072322138279645}",3.2423426689785995,True,2023-12-05,1.6754133728497367,2.0132866986685243,normal,BTC-USD,867,0.5046434169572267,0.1230250621514584,,0.12283421744723834,2023-12-04,2022-07-23,5.210344881441728,7.419982757443032
0.7610515726170732,-0.7610515726170732,6.834275039644654,8.869886825588589,False,False,2291.034806528488,2303.6786308237547,0,null,-1142.517403264244,"{""alpha[1]"": 0.23737382499320364, ""beta[1]"": 0.3571851607489542, ""omega"": 2.6036562147102047}",3.3786008506671914,True,2023-12-06,1.7153770057705575,2.053585516819677,normal,BTC-USD,868,0.23307220420710725,0.06963941127083084,,0.13480820648204508,2023-12-05,2022-07-24,5.422495656759214,7.7249926997001515
1.0427160037106356,-1.0427160037106356,4.676240669670574,6.080691361618626,False,False,2289.273598081986,2301.917422377253,0,null,-1141.636799040993,"{""alpha[1]"": 0.28760066649648147, ""beta[1]"": 0.1238742891707125, ""omega"": 3.767014719901855}",2.3310330266807076,True,2023-12-07,1.3341982283184248,1.67521398682874,normal,BTC-USD,869,0.13297405577911378,0.042480667130404985,,0.13201100918652073,2023-12-06,2022-07-25,3.702197119292909,5.2907827167511305
-1.998568323502877,1.998568323502877,4.416782316734056,5.7481537965099125,False,False,2284.5240825541564,2297.167906849423,0,null,-1139.2620412770782,"{""alpha[1]"": 0.2787292016380499, ""beta[1]"": 0.0, ""omega"": 4.4922175306404}",2.209740012896856,True,2023-12-08,1.2763542467834283,1.618609676101808,normal,BTC-USD,870,0.2745995244603078,0.06997915595558551,,0.14127670912991264,2023-12-07,2022-07-26,3.493422165703274,4.999347272055669
1.0026349173407234,-1.0026349173407234,4.664364095800905,6.069554151291581,False,False,2280.7468920390556,2293.3907163343224,0,null,-1137.3734460195278,"{""alpha[1]"": 0.33015797494647287, ""beta[1]"": 0.0, ""omega"": 4.306844609553764}",2.3322601832099195,True,2023-12-09,1.331014921073443,1.6730738593487606,normal,BTC-USD,871,0.13435864247304044,0.04276594747033967,,0.14641885454581102,2023-12-08,2022-07-27,3.68980776680153,5.279229664374687
-0.12276882721330908,0.12276882721330908,4.3433452517461415,5.649708047233307,False,False,2273.054255762814,2285.698080058081,0,null,-1133.527127881407,"{""alpha[1]"": 0.30653989595750736, ""beta[1]"": 7.434772490172669e-16, ""omega"": 4.3086098449709995}",2.168231920540899,True,2023-12-10,1.2600462753745205,1.6015545261439321,normal,BTC-USD,872,0.17800492326934864,0.0503773604559113,,0.12909450039999354,2023-12-09,2022-07-28,3.43732963817366,4.914967218377816
5.966864670860899,-5.966864670860899,4.146595132873286,5.393278865416658,True,True,2270.031563650043,2282.67538794531,0,null,-1132.0157818250216,"{""alpha[1]"": 0.30760085708979623, ""beta[1]"": 4.972075004370696e-16, ""omega"": 4.2815044315534205}",2.0691797661855316,True,2023-12-11,14.163652097449493,25.19125195524396,normal,BTC-USD,873,2.550650534533415,1.2620135807330963,,0.1215284718728301,2023-12-10,2022-07-29,3.2819693713520404,4.692103478201205
-0.49916781643223895,0.49916781643223895,7.9260917991476285,10.273345870834506,False,False,2278.390750911213,2291.03457520648,0,null,-1136.1953754556066,"{""alpha[1]"": 0.29151292206250984, ""beta[1]"": 0.0, ""omega"": 4.4128298065014935}",3.895848244784989,True,2023-12-12,1.8647731096847617,2.2010481948400944,normal,BTC-USD,874,0.3398671830221834,0.09452341826797854,,0.10992427147569417,2023-12-11,2022-07-30,6.298175844011422,8.953174010365606
-3.41627495887257,3.41627495887257,4.253919509637291,5.529219310804672,False,False,2279.4120508240967,2292.0558751193635,0,null,-1136.7060254120483,"{""alpha[1]"": 0.28196743800578933, ""beta[1]"": 8.987401359513996e-15, ""omega"": 4.438085189621206}",2.1166752043940473,True,2023-12-13,1.2399214485507173,1.580323075766982,normal,BTC-USD,875,0.3392861151049333,0.08228224276849924,,0.11217354379970777,2023-12-12,2022-07-31,3.36944734322609,4.811949317977346
-0.3101461141735787,0.3101461141735787,5.522808637998368,7.1715301272742495,False,False,2281.4650579426334,2294.1088822379,0,null,-1137.7325289713167,"{""alpha[1]"": 0.27788805719725246, ""beta[1]"": 0.0, ""omega"": 4.472002439801767}",2.7364607852266523,True,2023-12-14,1.5018441953200825,1.8408168602908725,normal,BTC-USD,876,0.23447497454168204,0.06554381773351262,,0.1217240709304744,2023-12-13,2022-08-01,4.379353376660058,6.2442356591776775
2.5761678815698477,-2.5761678815698477,4.2493934927942725,5.526398939094322,False,False,2281.8309784930652,2294.474802788332,0,null,-1137.9154892465326,"{""alpha[1]"": 0.2735846043125889, ""beta[1]"": 1.2588996338827176e-15, ""omega"": 4.4826770909633975}",2.1195061440338954,True,2023-12-15,1.2383570867600278,1.5795730699965103,normal,BTC-USD,877,0.03937852553475568,0.02232001754524785,,0.12253897609512146,2023-12-14,2022-08-02,3.3637383922649606,4.808169636094631
-0.7374628572920195,0.7374628572920195,5.129336617040344,6.662709492654539,False,False,2282.896620214835,2295.5404445101017,0,null,-1138.4483101074175,"{""alpha[1]"": 0.27183227471341015, ""beta[1]"": 0.0, ""omega"": 4.500620028846084}",2.54501125298692,True,2023-12-16,1.4276480996204994,1.7670866005851584,normal,BTC-USD,878,0.24016715788267862,0.06537753685341866,,0.12029068974629706,2023-12-15,2022-08-03,4.065880300361549,5.800290828049841
2.0943422432396863,-2.0943422432396863,4.30702674796654,5.600976059515257,False,False,2283.1816905200276,2295.8255148152944,0,null,-1138.5908452600138,"{""alpha[1]"": 0.26805086164107095, ""beta[1]"": 0.0, ""omega"": 4.51107422217588}",2.1476286760107834,True,2023-12-17,1.251889147831399,1.5930065469276875,normal,BTC-USD,879,0.06576390730152609,0.02778874733616029,,0.12291442781111832,2023-12-16,2022-08-04,3.409620389270207,4.873216976855713
-2.9979669512146616,2.9979669512146616,4.863087048655929,6.318787289738621,False,False,2283.583561731271,2296.2273860265377,0,null,-1138.7917808656355,"{""alpha[1]"": 0.271553218564223, ""beta[1]"": 0.0, ""omega"": 4.5052540085009385}",2.416094319555033,True,2023-12-18,1.3740713090995027,1.7139560731295007,normal,BTC-USD,880,0.3425733403677718,0.08498021186557494,,0.12062164843617543,2023-12-17,2022-08-05,3.8534998561407696,5.500054235342827
0.8316570700970463,-0.8316570700970463,5.2407854406851415,6.8068844336926695,False,False,2283.758061458667,2296.4018857539336,0,null,-1138.8790307293334,"{""alpha[1]"": 0.27162520009688196, ""beta[1]"": 3.192454677342111e-16, ""omega"": 4.508098815650562}",2.59932833290738,True,2023-12-19,1.449221299341724,1.7885324527695672,normal,BTC-USD,881,0.16614875817017738,0.05094402468576328,,0.12088240251983678,2023-12-18,2022-08-06,4.154632233500591,5.926059538673369
-3.216473723883631,3.216473723883631,4.378412870798714,5.692962787698256,False,False,2283.8040415221444,2296.447865817411,0,null,-1138.9020207610722,"{""alpha[1]"": 0.26784242444181355, ""beta[1]"": 0.0, ""omega"": 4.5167194254345455}",2.1818204719333445,True,2023-12-20,1.2684615986229573,1.6093607336321472,normal,BTC-USD,882,0.334159644008004,0.08170090979964467,,0.12205616034009134,2023-12-19,2022-08-07,3.4667191562764432,4.953617256080829
-0.4956565645747493,0.4956565645747493,5.37093300637879,6.976725406049048,False,False,2285.332085018801,2297.975909314068,0,null,-1139.6660425094005,"{""alpha[1]"": 0.2699280631645246, ""beta[1]"": 0.0, ""omega"": 4.526298859203839}",2.665209351303229,True,2023-12-21,1.4736480560076712,1.8131278538157023,normal,BTC-USD,883,0.23764536877039555,0.06569232215609852,,0.1266284572429384,2023-12-20,2022-08-08,4.257250810833158,6.073575651035097
-0.29305657871782415,0.29305657871782415,4.283294967768608,5.570111180449331,False,False,2284.354381971053,2296.99820626632,0,null,-1139.1771909855265,"{""alpha[1]"": 0.2665426761307619, ""beta[1]"": 0.0, ""omega"": 4.524427353609364}",2.1357895355274614,True,2023-12-22,1.2463644507660123,1.5874809478506933,normal,BTC-USD,884,0.18419461406654752,0.0513942056278659,,0.12222546130422221,2023-12-21,2022-08-09,3.390835702613123,4.846363984068762
0.5889392398944143,-0.5889392398944143,4.255945151945325,5.536548717794036,False,False,2282.784615472859,2295.428439768126,0,null,-1138.3923077364295,"{""alpha[1]"": 0.2670837602428852, ""beta[1]"": 0.0, ""omega"": 4.510407798948122}",2.1254781126832474,True,2023-12-23,1.2396321869988949,1.5812807211041182,normal,BTC-USD,885,0.13894276847977383,0.042273564757034796,,0.1283057731631206,2023-12-22,2022-08-10,3.3677946094898887,4.8162957155978905
1.667770259057294,-1.667770259057294,4.316993239991276,5.613141593525034,False,False,2280.884663134956,2293.528487430223,0,null,-1137.442331567478,"{""alpha[1]"": 0.2678347763901949, ""beta[1]"": 4.0445202492402537e-16, ""omega"": 4.493205905396504}",2.1512785296678594,True,2023-12-24,1.2543282284539297,1.5952374980286823,normal,BTC-USD,886,0.08751457486896771,0.03216375439234878,,0.12047653567036166,2023-12-23,2022-08-11,3.418061756436647,4.884145698292169
-1.3783631635349636,1.3783631635349636,4.654611356101747,6.0483767823573045,False,False,2281.349758742618,2293.993583037885,0,null,-1137.674879371309,"{""alpha[1]"": 0.26925319922836105, ""beta[1]"": 0.0, ""omega"": 4.493611879097227}",2.3132981874507776,True,2023-12-25,1.3301863241329488,1.6701850956799822,normal,BTC-USD,887,0.253317081732348,0.06642841041196931,,0.11705844273668604,2023-12-24,2022-08-12,3.6879784711119923,5.264477877661961
2.5374479533951555,-2.5374479533951555,4.460703049855254,5.797558843524232,False,False,2281.2483382398996,2293.8921625351663,0,null,-1137.6241691199498,"{""alpha[1]"": 0.2676676733193182, ""beta[1]"": 0.0, ""omega"": 4.496806907683238}",2.2188425872249162,True,2023-12-26,1.2874549048488748,1.6277459611938792,normal,BTC-USD,888,0.049804567558982195,0.02508219809570316,,0.11613197265649318,2023-12-25,2022-08-13,3.5335393045747985,5.045667762965469
-2.1462391204215407,2.1462391204215407,5.100287327663487,6.622427234346811,False,False,2282.711817550802,2295.355641846069,0,null,-1138.355908775401,"{""alpha[1]"": 0.26614137380905045, ""beta[1]"": 0.0, ""omega"": 4.515907806624224}",2.526367364870621,True,2023-12-27,1.4223152444853064,1.7611889782466372,normal,BTC-USD,889,0.3095430325608446,0.0791256547641055,,0.11088299232392841,2023-12-26,2022-08-14,4.044621530795346,5.766326355989002
1.893848326292364,-1.893848326292364,4.772260745732107,6.200091634565555,False,False,2283.6552593969045,2296.2990836921713,0,null,-1138.8276296984523,"{""alpha[1]"": 0.2636561959547423, ""beta[1]"": 0.0, ""omega"": 4.529413906954789}",2.369838241717884,True,2023-12-28,1.3553170923348503,1.6950404334100773,normal,BTC-USD,890,0.09440768768526739,0.03503184881968472,,0.11603494718025105,2023-12-27,2022-08-15,3.78200207999771,5.397033208260833
1.2474379351935436,-1.2474379351935436,4.58765719500256,5.960900260363764,False,False,2284.8721137803223,2297.515938075589,0,null,-1139.4360568901611,"{""alpha[1]"": 0.14780271607993467, ""beta[1]"": 0.6452224191106942, ""omega"": 1.2566897918825002}",2.27923625754148,True,2023-12-29,1.3157690076469093,1.655651081169513,normal,BTC-USD,891,0.11939097324696585,0.0394110586221134,,0.11375262476354486,2023-12-28,2022-08-16,3.6352574001328586,5.18854379740488
-0.13648832366752553,0.13648832366752553,4.42643149382616,5.752470358952314,False,False,2281.8371839698,2294.481008265067,0,null,-1137.9185919849,"{""alpha[1]"": 0.1544385977497952, ""beta[1]"": 0.6324493567276035, ""omega"": 1.2857454744443226}",2.2008892209550073,True,2023-12-30,1.2798277726180967,1.6199794759112431,normal,BTC-USD,892,0.18216290255654996,0.0514315139369284,,0.11337089014277309,2023-12-29,2022-08-17,3.5067697274634706,5.00666307002531
-0.25653289461249046,0.25653289461249046,4.162319801352173,5.412647802819359,False,False,2278.1849104832468,2290.8287347785135,0,null,-1136.0924552416234,"{""alpha[1]"": 0.16351027870301346, ""beta[1]"": 0.6017669991475371, ""omega"": 1.4024711240876673}",2.0752283311285513,True,2023-12-31,1.217738448943554,1.55881584370338,normal,BTC-USD,893,0.1775849743026396,0.04965955655113772,,0.11828025576895003,2023-12-30,2022-08-18,3.2951665914402986,4.709422760501277
-4.402166483166636,4.402166483166636,4.032574115488107,5.245463714683192,False,False,2270.218888171289,2282.862712466556,0,null,-1132.1094440856446,"{""alpha[1]"": 0.38925152224425835, ""beta[1]"": 9.37164934142336e-20, ""omega"": 4.0452597360192275}",2.013090049832696,True,2024-01-01,1.185806597121228,1.5273144277299275,normal,BTC-USD,894,0.3796776220023158,0.08965461727880149,,0.11985251296755609,2023-12-31,2022-08-19,3.191385956879673,4.563295244713506
-1.7742604019265331,1.7742604019265331,6.278183280485759,8.155762386123442,False,False,2259.8180146183367,2272.4618389136035,0,null,-1126.9090073091684,"{""alpha[1]"": 0.30562217201224273, ""beta[1]"": 2.362927281589646e-15, ""omega"": 4.185078368316685}",3.1163065606641815,True,2024-01-02,1.6296675760972867,1.9692443134947766,normal,BTC-USD,895,0.33751331883060104,0.0887401136987152,,0.14986217431566498,2024-01-01,2022-08-20,4.976005974685482,7.099750967944979
4.806495358458989,-4.806495358458989,4.457155529806038,5.803062171072502,True,False,2260.4622682732006,2273.1060925684674,0,null,-1127.2311341366003,"{""alpha[1]"": 0.3005989289870087, ""beta[1]"": 0.0, ""omega"": 4.1977548901321216}",2.2338647056874215,True,2024-01-03,7.0411364429830705,1.6279405447158242,normal,BTC-USD,896,1.2186416688421444,0.0023958524165760076,,0.15066580885421219,2024-01-02,2022-08-21,3.523714654414626,5.046080600116589
-3.0607357724120687,3.0607357724120687,6.902415806488418,8.958747832268593,False,False,2264.8018475161716,2277.4456718114384,0,null,-1129.4009237580858,"{""alpha[1]"": 0.30330454123966005, ""beta[1]"": 0.0, ""omega"": 4.234494239727605}",3.4129912095853974,True,2024-01-04,1.7252554431871556,2.063533422572672,normal,BTC-USD,897,0.42685009344092334,0.10862935743517503,,0.1376048734336423,2024-01-03,2022-08-22,5.47626609640639,7.802199971105424
0.0390082850813707,-0.0390082850813707,5.230630300339419,6.800803553545209,False,False,2266.5156405032335,2279.1594647985003,0,null,-1130.2578202516167,"{""alpha[1]"": 0.2983165454953567, ""beta[1]"": 2.6780216937300964e-16, ""omega"": 4.25554129748016}",2.6060905746406715,True,2024-01-05,1.4463391201985178,1.7871860621993472,normal,BTC-USD,898,0.2051321571642053,0.058786788772955526,,0.14498610549628113,2024-01-04,2022-08-23,4.141651428365473,5.917687162376918
0.3936304133215403,-0.3936304133215403,4.881313482270227,6.3490797872073195,False,False,2268.692493181987,2281.336317477254,0,null,-1131.3462465909936,"{""alpha[1]"": 0.20243098187169245, ""beta[1]"": 0.4817247045021878, ""omega"": 1.9082767930410478}",2.4361209345924277,True,2024-01-06,1.376873032033585,1.7182879896681822,normal,BTC-USD,899,0.17348637857423468,0.0512992997362341,,0.1437043701505337,2024-01-05,2022-08-24,3.863357984806231,5.523560386944946
0.10484807950989289,-0.10484807950989289,4.35125420100849,5.664326818811007,False,False,2267.1079646583066,2279.7517889535734,0,null,-1130.5539823291533,"{""alpha[1]"": 0.21008225859262145, ""beta[1]"": 0.46886429294589566, ""omega"": 1.936481418812521}",2.1793685289743,True,2024-01-07,1.2611752388758797,1.6038081052151036,normal,BTC-USD,900,0.16678684869259824,0.04820964088635572,,0.14415717598541722,2024-01-06,2022-08-25,3.440585053361855,4.925812168145461
-6.662426635624027,6.662426635624027,4.046381307305061,5.2697823411787565,False,False,2262.5832118424255,2275.2270361376923,0,null,-1128.2916059212127,"{""alpha[1]"": 0.33658090271627517, ""beta[1]"": 0.002116898602662866, ""omega"": 4.09367462417977}",2.0305363735335678,True,2024-01-08,1.18813481384025,1.531418118687605,normal,BTC-USD,901,0.4930164838897651,0.1124412853486414,,0.14203207649231195,2024-01-07,2022-08-26,3.197903042171266,4.581701899240103
1.784541709569723,-1.784541709569723,8.279986127618358,10.747624103336351,False,False,2265.9212194197025,2278.5650437149693,0,null,-1129.9606097098513,"{""alpha[1]"": 0.2966415083040122, ""beta[1]"": 4.2807307734392844e-14, ""omega"": 4.2634411280641045}",4.095655085841155,True,2024-01-09,1.907149270605708,2.2455510901949385,normal,BTC-USD,902,0.23920186700196155,0.07575202719102295,,0.16817407307911794,2024-01-08,2022-08-27,6.56857904960895,9.35974442867201
-1.052203275189169,1.052203275189169,4.619447471406991,6.017462585122181,False,False,2266.816762563494,2279.460586858761,0,null,-1130.408381281747,"{""alpha[1]"": 0.2915115954566975, ""beta[1]"": 0.0, ""omega"": 4.274065217206353}",2.3203515940803365,True,2024-01-10,1.320384153558897,1.6639977949965306,normal,BTC-USD,903,0.23510352654460273,0.06283376793482451,,0.1667714796227907,2024-01-09,2022-08-28,3.649867255702881,5.231173518293276
0.5574241142101173,-0.5574241142101173,4.198221581097535,5.475066664710914,False,False,2265.8745853940472,2278.518409689314,0,null,-1129.9372926970236,"{""alpha[1]"": 0.2910018686510696, ""beta[1]"": 2.741207053166368e-13, ""omega"": 4.266316947657108}",2.119239982522481,True,2024-01-11,1.2237279049475003,1.569039088229562,normal,BTC-USD,904,0.13776267921945817,0.041995034406800094,,0.1731618730333998,2024-01-10,2022-08-29,3.312677698599278,4.756927554890122
7.8842628837942765,-7.8842628837942765,4.163682456781288,5.428119198875596,True,True,2263.9629409845675,2276.6067652798342,0,null,-1128.9814704922837,"{""alpha[1]"": 0.29095560581519886, ""beta[1]"": 1.0104820152879935e-14, ""omega"": 4.25237073039602}",2.098645273108248,True,2024-01-12,23.299689980662976,59.91051204496817,normal,BTC-USD,905,4.367642690056043,3.135630901398988,,0.16522002647401365,2024-01-11,2022-08-30,3.286744262682651,4.716958942987218
0.025170868169116685,-0.025170868169116685,8.257372258334499,10.71439673645025,False,False,2278.897343808935,2291.541168104202,0,null,-1136.4486719044676,"{""alpha[1]"": 0.18501503804764838, ""beta[1]"": 0.5546597537766532, ""omega"": 1.634634483542064}",4.078039363494146,True,2024-01-13,1.9047397661451448,2.2426113683725593,normal,BTC-USD,906,0.3264077601730401,0.09307315569086055,,0.15445176626430776,2024-01-12,2022-08-31,6.553326071629912,9.332486437255163
2.472077534966911,-2.472077534966911,6.643447379765171,8.628301280486562,False,False,2279.8580409897427,2292.5018652850094,0,null,-1136.9290204948713,"{""alpha[1]"": 0.17458334825499666, ""beta[1]"": 0.5810405636677416, ""omega"": 1.5234929395736856}",3.2943555955674153,True,2024-01-14,1.6864228190414376,2.025665720109789,normal,BTC-USD,907,0.13973965575872713,0.05039877501420409,,0.1518620996954895,2024-01-13,2022-09-01,5.266870650141451,7.511955036387315
-1.6978564052401248,1.6978564052401248,6.114700853431801,7.94344308728802,False,False,2280.8137206233587,2293.4575449186254,0,null,-1137.4068603116793,"{""alpha[1]"": 0.16650367414681103, ""beta[1]"": 0.6115221440589188, ""omega"": 1.3812220996555182}",3.0352497021393305,True,2024-01-15,1.6032765506640505,1.9428634247451724,normal,BTC-USD,908,0.3272125152676644,0.08612755515840963,,0.14614758115409565,2024-01-14,2022-09-02,4.846393900113158,6.914899110600831
-1.501136449422046,1.501136449422046,5.530010899657686,7.189420429677921,False,False,2280.6531861053363,2293.297010400603,0,null,-1137.3265930526682,"{""alpha[1]"": 0.15868455741570223, ""beta[1]"": 0.6366597758754274, ""omega"": 1.2638889593725597}",2.754200230340984,True,2024-01-16,1.5020766612252867,1.8427940089303236,normal,BTC-USD,909,0.2940139748871218,0.07757251110052031,,0.15111318990656344,2024-01-15,2022-09-03,4.379143048320384,6.2561146606299785
0.959971280842645,-0.959971280842645,5.0844203503776955,6.614957658188313,False,False,2279.6844457893826,2292.3282700846494,0,null,-1136.8422228946913,"{""alpha[1]"": 0.15383907261323806, ""beta[1]"": 0.6503564162992136, ""omega"": 1.1969008496584366}",2.540304927419617,True,2024-01-17,1.4174080219897771,1.7592004625303996,normal,BTC-USD,910,0.15314796671006203,0.04794162528090488,,0.15549915838496967,2024-01-16,2022-09-04,4.022930615043883,5.754133808933129
3.525390600417059,-3.525390600417059,4.712787841885152,6.133759852658064,False,False,2277.8870486029446,2290.5308728982113,0,null,-1135.9435243014723,"{""alpha[1]"": 0.15218518737362013, ""beta[1]"": 0.6525399721608186, ""omega"": 1.1797041095884675}",2.3584542384369223,True,2024-01-18,1.3411673631533931,1.683512502137031,normal,BTC-USD,911,0.010094774300806263,0.018091684815344268,,0.15202592165885973,2024-01-17,2022-09-05,3.727286086433184,5.334559081951484
-0.8599127732015229,0.8599127732015229,5.252161017937306,6.829131825587892,False,False,2277.6472627993867,2290.2910870946534,0,null,-1135.8236313996933,"{""alpha[1]"": 0.15124652435327895, ""beta[1]"": 0.6553149437673031, ""omega"": 1.1637024602819697}",2.617372796225467,True,2024-01-19,1.4504028051630082,1.7913216661315108,normal,BTC-USD,912,0.25091902696493074,0.06802105042414486,,0.14672737085848864,2024-01-18,2022-09-06,4.158467766097088,5.942192269212956
-0.11329834655464514,0.11329834655464514,4.758927801154008,6.195278690440008,False,False,2275.884858551716,2288.528682846983,0,null,-1134.942429275858,"{""alpha[1]"": 0.1426295726189817, ""beta[1]"": 0.6565713279849427, ""omega"": 1.1824734001506338}",2.383979288146995,True,2024-01-20,1.3506963256814228,1.6933897586217865,normal,BTC-USD,913,0.19380292579505945,0.05500726685953575,,0.15853680933923325,2024-01-19,2022-09-07,3.76276016934654,5.387428339398925
0.28794349425745064,-0.28794349425745064,4.360829025547984,5.67957757737936,False,False,2272.4600464477694,2285.103870743036,0,null,-1133.2300232238847,"{""alpha[1]"": 0.1488598470762555, ""beta[1]"": 0.632070465675196, ""omega"": 1.2758319489386314}",2.1887891442756304,True,2024-01-21,1.262930126566702,1.606284932827089,normal,BTC-USD,914,0.1579139946526877,0.046499271029692604,,0.15401437528257766,2024-01-20,2022-09-08,3.4462233873112025,4.9378705972267065
5.030891026258138,-5.030891026258138,4.062174587656137,5.293400899409656,True,True,2267.9679165035427,2280.6117407988095,0,null,-1130.9839582517714,"{""alpha[1]"": 0.16683201960437094, ""beta[1]"": 0.5727709583877604, ""omega"": 1.5103662590805333}",2.0435243561558143,True,2024-01-22,10.165135880861953,9.658429624570944,normal,BTC-USD,915,1.7314907589358324,0.4256720414141668,,0.1530292742398274,2024-01-21,2022-09-09,3.208269174746736,4.600919267253929
-0.8523584238992167,0.8523584238992167,7.1324022708729835,9.251585743716763,False,False,2257.7574949545556,2270.4013192498223,0,null,-1125.8787474772778,"{""alpha[1]"": 0.3095676601699666, ""beta[1]"": 0.0, ""omega"": 4.14919357913634}",3.517308719427428,True,2024-01-23,1.7585829246623055,2.095963264745393,normal,BTC-USD,916,0.32575104777549757,0.0891204661303702,,0.12279547264751449,2024-01-22,2022-09-10,5.662662531610729,8.059688189137795
-0.5793705740498054,0.5793705740498054,4.172455918580202,5.426749066637312,False,False,2258.5409827961394,2271.184807091406,0,null,-1126.2704913980697,"{""alpha[1]"": 0.2998772642905698, ""beta[1]"": 1.6474126167430264e-17, ""omega"": 4.173846069443836}",2.081809471861888,True,2024-01-24,1.2200177199821338,1.5613443486085776,normal,BTC-USD,917,0.194096164632209,0.05300664471254215,,0.12171914181958411,2024-01-23,2022-09-11,3.302552718594371,4.721293897204404
0.3581157289470559,-0.3581157289470559,4.105973787349805,5.340947951257934,False,False,2257.9364894782866,2270.5803137735534,0,null,-1125.9682447391433,"{""alpha[1]"": 0.3061132747611514, ""beta[1]"": 0.009428499334675804, ""omega"": 4.096185468504311}",2.0497448430704486,True,2024-01-25,1.2038432832441441,1.5453532938391636,normal,BTC-USD,918,0.14456766789642717,0.04288242676482155,,0.12206115257390743,2024-01-24,2022-09-12,3.2494690868755964,4.646358405429207
-4.6076574494534945,4.6076574494534945,4.074477447363926,5.298451142292002,False,False,2254.1328953861084,2266.776719681375,0,null,-1124.0664476930542,"{""alpha[1]"": 0.31691333406366556, ""beta[1]"": 0.018368443655289616, ""omega"": 3.9798993441531754}",2.0314868460838027,True,2024-01-26,1.1964027998412594,1.5374893026572685,normal,BTC-USD,919,0.39166297340013256,0.0921770606664649,,0.11589648833600018,2024-01-25,2022-09-13,3.2256020185491496,4.610048617192986
-0.7224112861289224,0.7224112861289224,6.198312932038931,8.051016253379895,False,False,2243.387280491393,2256.03110478666,0,null,-1118.6936402456965,"{""alpha[1]"": 0.26680452831933094, ""beta[1]"": 2.5276338207696804e-17, ""omega"": 4.141218656887812}",3.0750190486905127,True,2024-01-27,1.6169747806646613,1.956371128724498,normal,BTC-USD,920,0.28178996391440464,0.07731407069660902,,0.1445682430242905,2024-01-26,2022-09-14,4.913387992159166,7.008995783531972
0.20072560291783054,-0.20072560291783054,4.096096424962965,5.3353419472535295,False,False,2243.761486518938,2256.4053108142048,0,null,-1118.880743259469,"{""alpha[1]"": 0.2646589395139632, ""beta[1]"": 2.9696739313147004e-16, ""omega"": 4.142805417648043}",2.056834217952264,True,2024-01-28,1.2002085428710672,1.5437161969920141,normal,BTC-USD,921,0.15179518805960796,0.04437624447943189,,0.14656185932668947,2024-01-27,2022-09-15,3.236629364109987,4.638350050861016
-2.9364415742689767,2.9364415742689767,4.054531228033091,5.283097954209099,False,False,2241.945346673138,2254.5891709684047,0,null,-1117.972673336569,"{""alpha[1]"": 0.2660532340183163, ""beta[1]"": 5.549746140272047e-15, ""omega"": 4.124950118925467}",2.0391101165858494,True,2024-01-29,1.189684795087488,1.533720877596453,normal,BTC-USD,922,0.30694559599610777,0.07528553733557145,,0.15156732536650053,2024-01-28,2022-09-16,3.202470345653173,4.592112159288161
0.7783744995711148,-0.7783744995711148,4.975529139271396,6.474615932319733,False,False,2243.6906247193397,2256.3344490146064,0,null,-1118.8453123596698,"{""alpha[1]"": 0.2646760133087856, ""beta[1]"": 5.431577855264018e-16, ""omega"": 4.145549757234485}",2.4881050253245887,True,2024-01-30,1.3955735418859594,1.7376676574471408,normal,BTC-USD,923,0.15787385563405007,0.04853106373593857,,0.15671696288922093,2024-01-29,2022-09-17,3.9358516122521134,5.631480873164968
0.865155280317589,-0.865155280317589,4.1579095288146695,5.416682132929265,False,False,2243.1815199759667,2255.8253442712335,0,null,-1118.5907599879833,"{""alpha[1]"": 0.26566073182125755, ""beta[1]"": 6.511905655069074e-16, ""omega"": 4.135183462214236}",2.0892442362658143,True,2024-01-31,1.2150487752035746,1.558780852754929,normal,BTC-USD,924,0.12098721819749,0.03843552291729575,,0.15160131534189616,2024-01-30,2022-09-18,3.2848996442673872,4.708707572047161
-1.1514890299976,1.1514890299976,4.165112900862897,5.427576266242201,False,False,2240.3610522523977,2253.0048765476645,0,null,-1117.1805261261989,"{""alpha[1]"": 0.26606727385913437, ""beta[1]"": 1.6095853320539077e-16, ""omega"": 4.112569575089359}",2.095369966738912,True,2024-02-01,1.2165282937543482,1.5606699407396682,normal,BTC-USD,925,0.2220516176798712,0.05869014931453834,,0.1570335659958653,2024-01-31,2022-09-19,3.2895433235998195,4.717525901456229
-0.25523745186371083,0.25523745186371083,4.147013307645465,5.404488914855003,False,False,2239.864057825605,2252.5078821208717,0,null,-1116.9320289128025,"{""alpha[1]"": 0.2735588635616138, ""beta[1]"": 0.0, ""omega"": 4.08597401166322}",2.0870915493551765,True,2024-02-02,1.2120899658415718,1.5563673597056624,normal,BTC-USD,926,0.17650701974751845,0.04952481278984761,,0.158057161649974,2024-02-01,2022-09-20,3.2749029430866554,4.697243827121046
0.4493245492150753,-0.4493245492150753,3.995593883691443,5.210976482342911,False,False,2237.249430253383,2249.8932545486496,0,null,-1115.6247151266914,"{""alpha[1]"": 0.2731826825033784, ""beta[1]"": 0.0, ""omega"": 4.06700161318617}",2.0172277985636726,True,2024-02-03,1.1742305557753654,1.5195882763115218,normal,BTC-USD,927,0.13516760897869318,0.0407808131936376,,0.1653677320658542,2024-02-02,2022-09-21,3.1526767287889363,4.527405868578831
0.9551086234616667,-0.9551086234616667,4.037357747203274,5.265748411994133,False,False,2236.2140117653344,2248.857836060601,0,null,-1115.1070058826672,"{""alpha[1]"": 0.275990955270367, ""beta[1]"": 0.0, ""omega"": 4.051554099034911}",2.0388178992044512,True,2024-02-04,1.184576512253873,1.5300193756145215,normal,BTC-USD,928,0.11151551735386131,0.03619753016247893,,0.16813804566113152,2024-02-03,2022-09-22,3.185418970538891,4.574861639709557
-0.17617075433793974,0.17617075433793974,4.149510199255437,5.407435400781292,False,False,2232.020175777691,2244.6640000729576,0,null,-1113.0100878888454,"{""alpha[1]"": 0.2774618173155845, ""beta[1]"": 0.0, ""omega"": 4.015844340552039}",2.087837762238229,True,2024-02-05,1.212743277552661,1.5569369471199899,normal,BTC-USD,929,0.17266293885653689,0.04876108200952033,,0.15709949291100156,2024-02-04,2022-09-23,3.2770880227927948,4.699937446614089
-0.9936804702838731,0.9936804702838731,3.971611129846761,5.17802623802163,False,False,2231.7814528073636,2244.4252771026304,0,null,-1112.8907264036818,"{""alpha[1]"": 0.2788146063379066, ""beta[1]"": 3.0696149596145745e-16, ""omega"": 4.009296027839183}",2.0023440318445984,True,2024-02-06,1.1685022112740255,1.5133842482781508,normal,BTC-USD,930,0.20642968818964746,0.05493179702188775,,0.15864954967514863,2024-02-05,2022-09-24,3.134913293509073,4.499499231904898
-2.822864620463972,2.822864620463972,4.059081224388914,5.292728147651161,False,False,2230.9282357541624,2243.572060049429,0,null,-1112.4641178770812,"{""alpha[1]"": 0.2801561132740652, ""beta[1]"": 0.0, ""omega"": 3.9997675600964304}",2.047541959197316,True,2024-02-07,1.190173922668345,1.5352401786935532,normal,BTC-USD,931,0.30131808198143845,0.07421749705495835,,0.16440979875623737,2024-02-06,2022-09-25,3.2034970191647916,4.598885085031857
-2.1945671282237322,2.1945671282237322,4.873322793859172,6.346869723539028,False,False,2232.3234679035204,2244.967292198787,0,null,-1113.1617339517602,"{""alpha[1]"": 0.27999782212031643, ""beta[1]"": 0.0, ""omega"": 4.013191539786914}",2.4457153100073015,True,2024-02-08,1.3740700921264937,1.7173823075233403,normal,BTC-USD,932,0.3022962663385054,0.07712666240558477,,0.17148549960988257,2024-02-07,2022-09-26,3.851358198546371,5.518099112334738
-3.9932995419232835,3.9932995419232835,4.512853420868478,5.881099918250543,False,False,2232.3555918423126,2244.9994161375794,0,null,-1113.1777959211563,"{""alpha[1]"": 0.27929168905483087, ""beta[1]"": 2.480460412879178e-16, ""omega"": 4.014041674023544}",2.270943218101789,True,2024-02-09,1.2966559219846387,1.6408930730520082,normal,BTC-USD,933,0.37786092452933273,0.09104853229189641,,0.17145024023221167,2024-02-08,2022-09-27,3.5639189486633644,5.11155368726635
-1.314996069499494,1.314996069499494,5.697614608225513,7.414594654283345,False,False,2235.2530369347032,2247.89686122997,0,null,-1114.6265184673516,"{""alpha[1]"": 0.28113906389513693, ""beta[1]"": 3.0570889715046076e-16, ""omega"": 4.034277310832295}",2.849752729988052,True,2024-02-10,1.531048670295509,1.8732091637260924,normal,BTC-USD,934,0.29109076685925567,0.07763905428299195,,0.18060684615009215,2024-02-09,2022-09-28,4.506819267685614,6.448909358799694
-1.0881064258527218,1.0881064258527218,4.147493071898959,5.411504997813176,False,False,2235.5622441408495,2248.2060684361163,0,null,-1114.7811220704248,"{""alpha[1]"": 0.2761429329994758, ""beta[1]"": 1.2181193532983734e-16, ""omega"": 4.045593059686695}",2.0979401856660647,True,2024-02-11,1.2111369765201347,1.5571550407158412,normal,BTC-USD,935,0.21794779654569288,0.05788690098182884,,0.17995501845893996,2024-02-10,2022-09-29,3.2708495050611317,4.700583672330157
-3.3881478521470476,3.3881478521470476,4.084266135372618,5.330007265839805,False,False,2235.7238796641245,2248.3677039593913,0,null,-1114.8619398320623,"{""alpha[1]"": 0.27550882920931663, ""beta[1]"": 0.0, ""omega"": 4.048147934031574}",2.067615285080427,True,2024-02-12,1.1956054006357997,1.5418996403787864,normal,BTC-USD,936,0.33042209793955,0.08017509880767358,,0.18063039416089471,2024-02-11,2022-09-30,3.2202941066439474,4.629362028620303
0.43285887601391343,-0.43285887601391343,5.217220786586368,6.796291077468107,False,False,2238.011561618913,2250.65538591418,0,null,-1116.0057808094566,"{""alpha[1]"": 0.2727083200486937, ""beta[1]"": 0.0, ""omega"": 4.077595044268469}",2.6208574075249866,True,2024-02-13,1.4420543620066932,1.785699821018726,normal,BTC-USD,937,0.18446062909550331,0.05475311827579903,,0.1888553545661308,2024-02-12,2022-10-01,4.122071457923976,5.908170703593812
-4.104684950578733,4.104684950578733,4.03295997089333,5.2662255180830835,False,False,2238.3011819086237,2250.9450062038904,0,null,-1116.1505909543118,"{""alpha[1]"": 0.2691227640401101, ""beta[1]"": 2.0458832721801578e-13, ""omega"": 4.085688835636826}",2.046908971349707,True,2024-02-14,1.1824182212683896,1.529601226759735,normal,BTC-USD,938,0.36411626080156256,0.08677281904321694,,0.18922538011156104,2024-02-13,2022-10-02,3.1776402654525118,4.572596953742954
-0.21560092483824447,0.21560092483824447,5.7028432985761155,7.427082225542961,False,False,2241.1865023007076,2253.8303265959744,0,null,-1117.5932511503538,"{""alpha[1]"": 0.2669416373139628, ""beta[1]"": 0.0, ""omega"": 4.120438446890763}",2.8618006368548867,True,2024-02-15,1.5312747945132394,1.874561221796824,normal,BTC-USD,939,0.23613072771918375,0.06672915224716973,,0.2002295275973668,2024-02-14,2022-10-03,4.507013629545426,6.457314299878723
-0.42584326001350464,0.42584326001350464,3.9950909979374885,5.218884459522401,False,False,2240.216206428224,2252.8600307234906,0,null,-1117.108103214112,"{""alpha[1]"": 0.2610157487719836, ""beta[1]"": 1.1743011290350952e-16, ""omega"": 4.1256090933179586}",2.0311877043069977,True,2024-02-16,1.1726180221680167,1.5203970301319671,normal,BTC-USD,940,0.1786091914136973,0.049564265635178274,,0.19466589418816116,2024-02-15,2022-10-04,3.146340568260438,4.530583303504319
0.9578029492949207,-0.9578029492949207,3.9966848411866867,5.21910695259145,False,False,2237.638055385227,2250.2818796804936,0,null,-1115.8190276926134,"{""alpha[1]"": 0.26263464747160503, ""beta[1]"": 1.187794476550813e-16, ""omega"": 4.101672308613055}",2.028911609760284,True,2024-02-17,1.1733395845628616,1.5205930662599907,normal,BTC-USD,941,0.10955412746084377,0.0357377413912134,,0.1883771215663586,2024-02-16,2022-10-05,3.1488854985117944,4.531577088416258
-0.8855834275874713,0.8855834275874713,4.161186876682494,5.431607279206338,False,False,2237.629057106141,2250.2728814014076,0,null,-1115.8145285530704,"{""alpha[1]"": 0.2632490959475071, ""beta[1]"": 1.1696676888811463e-16, ""omega"": 4.100363704446927}",2.108576636424637,True,2024-02-18,1.2140607259025251,1.5606855091931124,normal,BTC-USD,942,0.20828410994170707,0.056026650461045845,,0.18820115688153374,2024-02-17,2022-10-06,3.2800987712466663,4.717081618517108
0.661016369887485,-0.661016369887485,4.045200965487415,5.282858038254896,False,False,2237.266820567737,2249.9106448630037,0,null,-1115.6334102838684,"{""alpha[1]"": 0.2648007045517757, ""beta[1]"": 1.7481278595380025e-16, ""omega"": 4.092351112270966}",2.05419779339087,True,2024-02-19,1.1853377179819282,1.5327017331454975,normal,BTC-USD,943,0.12629095944768873,0.03925743167533329,,0.1920191320934261,2024-02-18,2022-10-07,3.1868355588412576,4.586759537420811
-0.9719679342147746,0.9719679342147746,4.071423529206296,5.317562390693735,False,False,2236.294104312434,2248.9379286077005,0,null,-1115.147052156217,"{""alpha[1]"": 0.26549974427754014, ""beta[1]"": 4.9092284939738726e-17, ""omega"": 4.0832896881689456}",2.0682754180058884,True,2024-02-20,1.1917210298983045,1.5392123286537713,normal,BTC-USD,944,0.20895717960445556,0.05588661390856485,,0.19483466496722487,2024-02-19,2022-10-08,3.2071756578743327,4.6166934566417055
0.8560904305584711,-0.8560904305584711,4.051423031241622,5.292678385890928,False,False,2236.3381761714636,2248.9820004667304,0,null,-1115.1690880857318,"{""alpha[1]"": 0.2646997103902116, ""beta[1]"": 0.0, ""omega"": 4.085786011875209}",2.060170031472225,True,2024-02-21,1.1865845825865486,1.534421025634599,normal,BTC-USD,945,0.11672358197631182,0.03738465664000482,,0.19811607831911254,2024-02-20,2022-10-09,3.1905620700847055,4.59455609455895
1.0358547654532269,-1.0358547654532269,4.118841633055611,5.379199529195714,False,False,2236.408378116461,2249.0522024117276,0,null,-1115.2041890582304,"{""alpha[1]"": 0.26647461240236076, ""beta[1]"": 0.0, ""omega"": 4.080929390558131}",2.0918754201796235,True,2024-02-22,1.2033498357353878,1.5507604566533533,normal,BTC-USD,946,0.11044387593504941,0.03634478583181058,,0.1960965878588758,2024-02-21,2022-10-10,3.244732284154213,4.670333348634282
1.1231806105711861,-1.1231806105711861,4.1709869703285865,5.446894283111694,False,False,2236.1008425714836,2248.7446668667503,0,null,-1115.0504212857418,"{""alpha[1]"": 0.2662032830672166, ""beta[1]"": 0.0, ""omega"": 4.079850840559446}",2.1176835200639905,True,2024-02-23,1.2159982284573179,1.5632986457550322,normal,BTC-USD,947,0.10814564296933078,0.036061019954661905,,0.19718594875481574,2024-02-22,2022-10-11,3.2860934699578,4.729282606037374
-1.6405594115594633,1.6405594115594633,4.202626055592415,5.48739426538206,False,False,2236.4801463936155,2249.1239706888823,0,null,-1115.2400731968078,"{""alpha[1]"": 0.265038841351501, ""beta[1]"": 0.0, ""omega"": 4.085940060596426}",2.1323903685754226,True,2024-02-24,1.2236900295876678,1.5707707297160738,normal,BTC-USD,948,0.2476073287556774,0.06405358343846479,,0.1958828682735899,2024-02-23,2022-10-12,3.3115871635540803,4.764798932287009
-0.31390133730995157,0.31390133730995157,4.245937805709595,5.54399119276113,False,False,2236.9738016760125,2249.6176259712793,0,null,-1115.4869008380062,"{""alpha[1]"": 0.26415823397989324, ""beta[1]"": 5.770066377943882e-17, ""omega"": 4.091947230284589}",2.1544404036106974,True,2024-02-25,1.2339358929058664,1.5810284345172239,normal,BTC-USD,949,0.18297932207050724,0.05127825182167735,,0.19805400782965893,2024-02-24,2022-10-13,3.3456851041001903,4.813923844857778
-5.251118766636306,5.251118766636306,3.977280420444133,5.196361078909076,False,False,2236.7921045350995,2249.4359288303663,0,null,-1115.3960522675497,"{""alpha[1]"": 0.26382014514002, ""beta[1]"": 0.0, ""omega"": 4.090362465721453}",2.0233656427822506,True,2024-02-26,1.1680203768085713,1.5160103820010704,normal,BTC-USD,950,0.41914586388111935,0.09761829322936774,,0.19634180519330957,2024-02-25,2022-10-14,3.131798510986072,4.510710556300459
-4.593621644026722,4.593621644026722,6.524206001902593,8.490887784898204,False,False,2242.6757372821626,2255.3195615774293,0,null,-1118.3378686410813,"{""alpha[1]"": 0.2549504021519479, ""beta[1]"": 0.0, ""omega"": 4.1730878137226615}",3.264194475047928,True,2024-02-27,1.6664557162761389,2.0087214781425433,normal,BTC-USD,951,0.48769270087052635,0.11978383773536593,,0.2088897479737463,2024-02-26,2022-10-15,5.160232373383795,7.384762129509859
-9.069529296466424,9.069529296466424,6.012454730321375,7.832702175306673,False,False,2245.2935705763807,2257.9373948716475,0,null,-1119.6467852881904,"{""alpha[1]"": 0.2586110585988641, ""beta[1]"": 0.0, ""omega"": 4.178933065173419}",3.0211505005608617,True,2024-02-28,1.5838663738973913,1.92760346310051,normal,BTC-USD,952,0.690978427714362,0.15878465240010636,,0.21931110059298473,2024-02-27,2022-10-16,4.750039257820804,6.808935943544197
2.1122414270190517,-2.1122414270190517,10.589078701256913,13.750807613880584,False,False,2254.266612465921,2266.9104367611876,0,null,-1124.1333062329604,"{""alpha[1]"": 0.29977184205069457, ""beta[1]"": 7.646503146808544e-17, ""omega"": 4.143080131455057}",5.247670536951584,True,2024-02-29,2.152743074453715,2.491777230627931,normal,BTC-USD,953,0.3142024981919828,0.09860307245392542,,0.2353585248924875,2024-02-28,2022-10-17,8.396291390858703,11.972548672411586
-2.0095465788587368,2.0095465788587368,4.723543991662126,6.169913839878726,False,False,2255.837777193018,2268.481601488285,0,null,-1124.918888596509,"{""alpha[1]"": 0.29228822037814034, ""beta[1]"": 0.0, ""omega"": 4.161833388158727}",2.400608226630973,True,2024-03-01,1.340194201245966,1.6878377586054083,normal,BTC-USD,954,0.28649871920524844,0.0736597508006939,,0.2282213432172709,2024-02-29,2022-10-18,3.720427805246227,5.3564285012106465
0.6600547308113965,-0.6600547308113965,4.416659389003368,5.775214757845653,False,False,2256.3070786918242,2268.950902987091,0,null,-1125.1535393459121,"{""alpha[1]"": 0.2905819349748288, ""beta[1]"": 0.0, ""omega"": 4.168788447848056}",2.254858395173117,True,2024-03-02,1.2720519554995082,1.6212694324769554,normal,BTC-USD,955,0.14071956884576117,0.04351064401226869,,0.23446590183586008,2024-03-01,2022-10-19,3.4744461077266173,5.011119132038262
-1.8172204667000722,1.8172204667000722,4.09375110749954,5.358193849451888,False,False,2256.3379888727036,2268.9818131679704,0,null,-1125.1689944363518,"{""alpha[1]"": 0.2888291195971764, ""beta[1]"": 1.0081241649357528e-16, ""omega"": 4.172877242004513}",2.0986552313555036,True,2024-03-03,1.1952468224163457,1.54590244415615,normal,BTC-USD,956,0.25170146094779705,0.06464250685748725,,0.23517191675991694,2024-03-02,2022-10-20,3.216808752255864,4.647030219048648
-7.856708083773169,7.856708083773169,4.325044143958521,5.658369720998377,False,False,2256.9196297832414,2269.563454078508,0,null,-1125.4598148916207,"{""alpha[1]"": 0.2874247654797894, ""beta[1]"": 0.0, ""omega"": 4.182022728199248}",2.2129833202524267,True,2024-03-04,1.2506175011100433,1.6006054916130523,normal,BTC-USD,957,0.5628518415473514,0.1276517223260379,,0.23970489352646704,2024-03-03,2022-10-21,3.400328747173848,4.908464148830607
6.858298180368454,-6.858298180368454,9.183742007801849,11.940480061500761,False,False,2268.92971606189,2281.5735403571566,0,null,-1131.464858030945,"{""alpha[1]"": 0.28780799184868844, ""beta[1]"": 1.0205780796643285e-15, ""omega"": 4.300222658861729}",4.575488114977087,True,2024-03-05,2.0092505769376663,2.350083676478511,normal,BTC-USD,958,0.020676705653278234,0.03531702941048232,,0.25417592755939844,2024-03-04,2022-10-22,7.271832293434018,10.390001121416683
-3.5499700204511377,3.5499700204511377,8.871113324033704,11.53241987130937,False,False,2272.4801220106883,2285.123946305955,0,null,-1133.2400610053442,"{""alpha[1]"": 0.30229524469982993, ""beta[1]"": 1.382206204120248e-16, ""omega"": 4.278964045855012}",4.417095944619065,True,2024-03-06,1.974740275526052,2.315371114079201,normal,BTC-USD,959,0.5287679626314652,0.1358558472772898,,0.2400870529211525,2024-03-05,2022-10-23,7.025389232178156,10.03561470727783
-1.2308140044951856,1.2308140044951856,5.4241729577480715,7.079649247598992,False,False,2273.985983226614,2286.6298075218806,0,null,-1133.992991613307,"{""alpha[1]"": 0.29790785989881796, ""beta[1]"": 0.0, ""omega"": 4.292722470664219}",2.7476720461981703,True,2024-03-07,1.4791944605689924,1.8257074559964774,normal,BTC-USD,960,0.2753423486291197,0.07379369664954723,,0.24348536277502944,2024-03-06,2022-10-24,4.276032968087204,6.148555660459531
-2.0331312236987973,2.0331312236987973,4.158177328407971,5.445250625872974,False,False,2273.2426019971676,2285.8864262924344,0,null,-1133.6213009985838,"{""alpha[1]"": 0.3001589608351969, ""beta[1]"": 0.0, ""omega"": 4.273620936075374}",2.136216231264271,True,2024-03-08,1.210406442417903,1.561803752548506,normal,BTC-USD,961,0.2649335494110178,0.06754490060365892,,0.248223251426086,2024-03-07,2022-10-25,3.265539764521555,4.721358836667088
-0.2906296624719626,0.2906296624719626,4.4699432047485645,5.8470456416452485,False,False,2271.7949090847032,2284.43873337997,0,null,-1132.8974545423516,"{""alpha[1]"": 0.2980180258516543, ""beta[1]"": 5.072112755416249e-16, ""omega"": 4.270930193572014}",2.2856418384301596,True,2024-03-09,1.2837093579550398,1.6334718233756762,normal,BTC-USD,962,0.19027482207848506,0.053631482053666246,,0.2446794887561438,2024-03-08,2022-10-26,3.5148667790977353,5.072518542894657
-0.757582565726195,0.757582565726195,4.020423451804294,5.264465844213986,False,False,2270.176887845366,2282.8207121406326,0,null,-1132.088443922683,"{""alpha[1]"": 0.296287158218404, ""beta[1]"": 0.0, ""omega"": 4.262581425877008}",2.0647958094388814,True,2024-03-10,1.1767844942908816,1.5280716511338275,normal,BTC-USD,963,0.1957606066291497,0.05322358598129829,,0.23865730921294953,2024-03-09,2022-10-27,3.1576295668567957,4.564776032403629
-4.399229858999064,4.399229858999064,4.049066751836267,5.303297322925367,False,False,2269.0989527287047,2281.7427770239715,0,null,-1131.5494763643524,"{""alpha[1]"": 0.2960647983563192, ""beta[1]"": 0.0, ""omega"": 4.2556777643927175}",2.081705609917874,True,2024-03-11,1.1836567217484832,1.535313408882812,normal,BTC-USD,964,0.3789218405258161,0.0899710720780902,,0.24489407120138942,2024-03-10,2022-10-28,3.179206951517252,4.5978773488099485
0.8949836056342727,-0.8949836056342727,6.043850431139937,7.882426234625263,False,False,2272.8107559245427,2285.4545802198095,0,null,-1133.4053779622714,"{""alpha[1]"": 0.2906618697072808, ""beta[1]"": 0.0, ""omega"": 4.309620494722528}",3.0515709412593863,True,2024-03-12,1.5880620636763343,1.933448393355607,normal,BTC-USD,965,0.19368699462913305,0.059533679336360244,,0.250664032413289,2024-03-11,2022-10-29,4.76872349821693,6.848351539270292
-2.216689907107027,2.216689907107027,4.222913959311478,5.528456904123432,False,False,2273.440262189577,2286.0840864848437,0,null,-1133.7201310947885,"{""alpha[1]"": 0.2858124438592831, ""beta[1]"": 0.0, ""omega"": 4.322778526098249}",2.16687117572314,True,2024-03-13,1.2261125522595968,1.5770905315081754,normal,BTC-USD,966,0.2767078426280262,0.0701086709299962,,0.2467189670713155,2024-03-12,2022-10-30,3.3174669454534924,4.794177185892588
2.33524614583823,-2.33524614583823,4.55385954109621,5.957879340700574,False,False,2274.1271729166565,2286.7709972119233,0,null,-1134.0635864583282,"{""alpha[1]"": 0.2845821714795779, ""beta[1]"": 6.476307266457474e-16, ""omega"": 4.33291740498263}",2.330317854343338,True,2024-03-14,1.3021466781751752,1.6521730970039203,normal,BTC-USD,967,0.062243434310358316,0.028329668978317936,,0.2529169426210165,2024-03-13,2022-10-31,3.5801148320453953,5.168213043670021
2.83089232847963,-2.83089232847963,4.904020497481102,6.409352413716544,False,False,2275.430524332195,2288.074348627462,0,null,-1134.7152621660975,"{""alpha[1]"": 0.28362638350281544, ""beta[1]"": 0.0, ""omega"": 4.347315151144289}",2.498470350706456,True,2024-03-15,1.3771670403393355,1.7256625967643364,normal,BTC-USD,968,0.05145596978059632,0.02731812566141735,,0.24960629409867535,2024-03-14,2022-11-01,3.8600117240915557,5.562704894621363
6.071772520584587,-6.071772520584587,5.236376885125315,6.837163538129044,True,True,2276.8198053938568,2289.4636296891235,0,null,-1135.4099026969284,"{""alpha[1]"": 0.2866374948620026, ""beta[1]"": 0.0, ""omega"": 4.348893632877748}",2.656901077563343,True,2024-03-16,8.874726764239572,3.76436487188911,normal,BTC-USD,969,1.8483258354207144,0.13359390967212656,,0.2440469958448725,2024-03-15,2022-11-02,4.126166378036467,5.936829177481429
-4.601224069695517,4.601224069695517,8.112702763900316,10.551029944621533,False,False,2282.3385704363955,2294.982394731662,0,null,-1138.1692852181977,"{""alpha[1]"": 0.3022035123392996, ""beta[1]"": 0.0, ""omega"": 4.357585272960981}",4.04700657751867,True,2024-03-17,1.8849828062168408,2.226246185170479,normal,BTC-USD,970,0.5511423990704669,0.1378085968192115,,0.2351095356142361,2024-03-16,2022-11-03,6.421623911713812,9.17963561222562
1.2388507554368626,-1.2388507554368626,6.392725275313972,8.33120305363209,False,False,2282.225799012064,2294.8696233073306,0,null,-1138.112899506032,"{""alpha[1]"": 0.3191338947323838, ""beta[1]"": 5.3230019327477165e-15, ""omega"": 4.292144430217387}",3.2173829587983223,True,2024-03-18,1.644857088856078,1.9891428795227646,normal,BTC-USD,971,0.19047307565894783,0.06002089490283387,,0.24381176045546346,2024-03-17,2022-11-04,5.048312268615816,7.240940245720244
8.712073184893233,-8.712073184893233,5.886464683747738,7.673695978401435,True,True,2285.477185559623,2298.12100985489,0,null,-1139.7385927798116,"{""alpha[1]"": 0.12266294369159049, ""beta[1]"": 0.7034531627716937, ""omega"": 1.0142441175587027}",2.9663520392990663,True,2024-03-19,15.373858614741653,28.5377029942573,normal,BTC-USD,972,3.861869636851111,2.0231383430643213,,0.23226765929021723,2024-03-18,2022-11-05,4.646947251365748,6.668499100989878
-9.25108529606983,9.25108529606983,8.689417618924509,11.2899059061938,False,False,2290.6811904081687,2303.3250147034355,0,null,-1142.3405952040844,"{""alpha[1]"": 0.14218615297716883, ""beta[1]"": 0.6806551783038963, ""omega"": 1.0760072474249285}",4.316153011191142,True,2024-03-20,1.954549528700106,2.294359779846499,normal,BTC-USD,973,0.8068479377291954,0.19078392201268132,,0.21356647642120205,2024-03-19,2022-11-06,6.885873458514066,9.827306905198286
3.6318674226213323,-3.6318674226213323,10.545377688115746,13.694366962118755,False,False,2292.0759066063993,2304.719730901666,0,null,-1143.0379533031996,"{""alpha[1]"": 0.1633789556591198, ""beta[1]"": 0.634222841848227, ""omega"": 1.2518702635795116}",5.2265259581187395,True,2024-03-21,2.1485872379890654,2.4876544844487842,normal,BTC-USD,974,0.23647792057402509,0.08291405784201676,,0.2354443444657977,2024-03-20,2022-11-07,8.36142583410183,11.923273206823001
2.6498446648239526,-2.6498446648239526,8.960438651390875,11.64526923379493,False,False,2289.661407238583,2302.3052315338496,0,null,-1141.8307036192914,"{""alpha[1]"": 0.17367609300634565, ""beta[1]"": 0.5742939967390981, ""omega"": 1.532372468563893}",4.456139894769436,True,2024-03-22,1.9850125071732072,2.325230557034953,normal,BTC-USD,975,0.22242775108479382,0.07485388724206675,,0.2312981815948327,2024-03-21,2022-11-08,7.098399686519826,10.13523338903062
-0.443428866148036,0.443428866148036,7.684679227934662,10.001481968126493,False,False,2289.6466633482905,2302.2904876435573,0,null,-1141.8233316741453,"{""alpha[1]"": 0.1448077321832443, ""beta[1]"": 0.6372527608346618, ""omega"": 1.2898475472196977}",3.845306734265382,True,2024-03-23,1.8301377068206581,2.172448082331249,normal,BTC-USD,976,0.32606556865581404,0.09141865790812148,,0.24708422162909513,2024-03-22,2022-11-09,6.07788250696824,8.698436924664104
-4.832709315067971,4.832709315067971,6.780944866923029,8.843081683642938,False,False,2281.8283217462495,2294.472146041516,0,null,-1137.9141608731247,"{""alpha[1]"": 0.12862418384264004, ""beta[1]"": 0.6886938676959677, ""omega"": 1.0769720272398702}",3.422625694776707,True,2024-03-24,1.703205496599471,2.04848061650048,normal,BTC-USD,977,0.5091739306910932,0.12515978334752442,,0.2789489889968854,2024-03-23,2022-11-10,5.3507692987538835,7.683269019684462
-3.9725047694879403,3.9725047694879403,7.072645691618487,9.21684824727708,False,False,2270.8568003016894,2283.500624596956,0,null,-1132.4284001508447,"{""alpha[1]"": 0.12662274676701413, ""beta[1]"": 0.7175978782918173, ""omega"": 0.9336998416420582}",3.5588340707074315,True,2024-03-25,1.7459750471211928,2.09018916142375,normal,BTC-USD,978,0.47790294862930105,0.11983383918118777,,0.2682069258235193,2024-03-24,2022-11-11,5.585554203098072,8.010879148630826
-0.04147786137080192,0.04147786137080192,6.828108427593106,8.905068958857356,False,False,2270.09818163862,2282.742005933887,0,null,-1132.04909081931,"{""alpha[1]"": 0.12489693880521202, ""beta[1]"": 0.7245108816704767, ""omega"": 0.9048758899560426}",3.4472293126744757,True,2024-03-26,1.7100878806224964,2.055442563279601,normal,BTC-USD,979,0.27145649365906466,0.07778396818166788,,0.28253562607555555,2024-03-25,2022-11-12,5.387652011810487,7.73691895679598
0.7637444550095894,-0.7637444550095894,6.015131720268659,7.8554645919365464,False,False,2270.564700957523,2283.20852525279,0,null,-1132.2823504787616,"{""alpha[1]"": 0.12436462125057104, ""beta[1]"": 0.71916313872734, ""omega"": 0.9331856935311673}",3.0544872301594985,True,2024-03-27,1.5820891237278545,1.929445989963936,normal,BTC-USD,980,0.19875208671230002,0.06056657209407641,,0.2853982097492205,2024-03-26,2022-11-13,4.7387861892555865,6.820401664417225
-1.8397189971880865,1.8397189971880865,5.432982585046362,7.104399585897005,False,False,2268.675313836061,2281.3191381313277,0,null,-1131.3376569180305,"{""alpha[1]"": 0.1249338449181466, ""beta[1]"": 0.7156337968873158, ""omega"": 0.9479218007054764}",2.7741295957740726,True,2024-03-28,1.479125619910957,1.8283935473354989,normal,BTC-USD,981,0.30567530312941404,0.08004059422788667,,0.2892500618422154,2024-03-27,2022-11-14,4.273787065400189,6.1643404256005745
1.2118158012204416,-1.2118158012204416,5.006321548573569,6.553250634988425,False,False,2269.232641588531,2281.8764658837977,0,null,-1131.6163207942654,"{""alpha[1]"": 0.12651807526019457, ""beta[1]"": 0.7062259669493717, ""omega"": 0.9911245078683333}",2.5675111351644526,True,2024-03-29,1.396400746208958,1.7471960850855464,normal,BTC-USD,982,0.13608238241725126,0.04471391716297495,,0.28971655334807683,2024-03-28,2022-11-15,3.9334634495654646,5.683207517517933
0.3547757041502807,-0.3547757041502807,4.688300016507686,6.140700607317964,False,False,2269.5841293611493,2282.227953656416,0,null,-1131.7920646805746,"{""alpha[1]"": 0.1285811803665625, ""beta[1]"": 0.6965740712237013, ""omega"": 1.0336862288700923}",2.410617734434893,True,2024-03-30,1.3302163158048996,1.681912126985261,normal,BTC-USD,983,0.1663112780606397,0.049690476791617824,,0.2841120583157029,2024-03-29,2022-11-16,3.6810012653630717,5.3238233833120585
-2.3952858696132515,2.3952858696132515,4.341754561269644,5.693474081377373,False,False,2269.36916952088,2282.0129938161467,0,null,-1131.68458476044,"{""alpha[1]"": 0.13089343845936077, ""beta[1]"": 0.6856725327386022, ""omega"": 1.0814659194512108}",2.2435126147502102,True,2024-03-31,1.252358382463905,1.6057903875917243,normal,BTC-USD,984,0.2899784044058216,0.0732850902834113,,0.28596764298008837,2024-03-30,2022-11-17,3.404282218503176,4.933223158727872
2.3137002333093912,-2.3137002333093912,4.36816576519795,5.728935746067033,False,False,2270.6969105407707,2283.3407348360374,0,null,-1132.3484552703853,"{""alpha[1]"": 0.13122188162110954, ""beta[1]"": 0.6825291276555115, ""omega"": 1.0983376010607033}",2.258534091162549,True,2024-04-01,1.2582915871830096,1.6119375683718502,normal,BTC-USD,985,0.05553581636488461,0.026498943172801857,,0.2905414308351834,2024-03-31,2022-11-18,3.4244165606070824,4.963594550589574
6.299090438087903,-6.299090438087903,4.53989056115177,5.949432408693088,True,True,2272.2369834970264,2284.880807792293,0,null,-1133.1184917485132,"{""alpha[1]"": 0.13163232500742067, ""beta[1]"": 0.6821403263226693, ""omega"": 1.1004367614821584}",2.3394830576429286,True,2024-04-02,13.35413824204116,20.852381856727575,normal,BTC-USD,986,2.5999356328109764,1.1310058043268356,,0.2857911047949316,2024-04-01,2022-11-19,3.5623160877605597,5.156660332707261
-0.8123743077139974,0.8123743077139974,6.440824191834332,8.401885109200592,False,False,2280.0977316111566,2292.7415559064234,0,null,-1137.0488658055783,"{""alpha[1]"": 0.13063678682634136, ""beta[1]"": 0.7003481169983222, ""omega"": 1.0269320591007207}",3.254865259365476,True,2024-04-03,1.6514917154736026,1.9971802854674747,normal,BTC-USD,987,0.29465615847249177,0.08111295118758453,,0.2730280653698143,2024-04-02,2022-11-20,5.080748861735833,7.29892081104445
-3.7598862711861405,3.7598862711861405,5.706425661392846,7.454935326638265,False,False,2279.4284715979966,2292.0722958932633,0,null,-1136.7142357989983,"{""alpha[1]"": 0.12427283755127805, ""beta[1]"": 0.713494059851549, ""omega"": 0.9784784200376567}",2.902083925427166,True,2024-04-04,1.5290846199630268,1.8769611680000096,normal,BTC-USD,988,0.4126824760797696,0.10231403021344541,,0.2797400200471954,2024-04-03,2022-11-21,4.493763250409245,6.471516750158391
0.9845630418288567,-0.9845630418288567,5.736199013566322,7.497439479804349,False,False,2278.3850711554096,2291.0288954506764,0,null,-1136.1925355777048,"{""alpha[1]"": 0.1215778930492348, ""beta[1]"": 0.7265513546762871, ""omega"": 0.9203604366901952}",2.923213836032077,True,2024-04-05,1.5338523492586145,1.8824392803785517,normal,BTC-USD,989,0.17650721168116396,0.05522297645891187,,0.2935516050999546,2024-04-04,2022-11-22,4.514707275452133,6.506860687720038
-1.5482496362565017,1.5482496362565017,5.291338796846845,6.9205934288852875,False,False,2277.7144591899214,2290.358283485188,0,null,-1135.8572295949607,"{""alpha[1]"": 0.1200279530169214, ""beta[1]"": 0.7285629151317402, ""omega"": 0.9142764241419173}",2.704150724498777,True,2024-04-06,1.4525234101157807,1.802092980991663,normal,BTC-USD,990,0.28548171136322525,0.07552497389272972,,0.28654753600726585,2024-04-05,2022-11-23,4.161384591007998,6.004247753016463
-0.6747455370834807,0.6747455370834807,4.9419859231001535,6.468602441813172,False,False,2276.5747514447407,2289.2185757400075,0,null,-1135.2873757223704,"{""alpha[1]"": 0.1201307532424993, ""beta[1]"": 0.727400064090304, ""omega"": 0.919259745583378}",2.533797408907537,True,2024-04-07,1.3835273714809797,1.734223730436538,normal,BTC-USD,991,0.22789804756013682,0.06284729308663173,,0.284510443882553,2024-04-06,2022-11-24,3.8832154141192516,5.609983771579687
-3.218579408981321,3.218579408981321,4.566466987420444,5.983813652121216,False,False,2277.3274806160753,2289.971304911342,0,null,-1135.6637403080376,"{""alpha[1]"": 0.12156320454631564, ""beta[1]"": 0.7171206689689735, ""omega"": 0.9683477812226975}",2.352437080642951,True,2024-04-08,1.3034776833295747,1.655838416070651,normal,BTC-USD,992,0.3401029482787434,0.0840523130267275,,0.28593510767715,2024-04-07,2022-11-25,3.5834795565935407,5.186651893691421
3.5413761203788403,-3.5413761203788403,4.752853949796337,6.226814363928881,False,False,2279.3175015168827,2291.9613258121494,0,null,-1136.6587507584413,"{""alpha[1]"": 0.12108389770306331, ""beta[1]"": 0.7168629114595337, ""omega"": 0.9754087514915704}",2.446401589647279,True,2024-04-09,1.3436636835738462,1.6957304681397414,normal,BTC-USD,993,0.00946132329283512,0.01856435075271611,,0.2933699414756314,2024-04-08,2022-11-26,3.7306025862355425,5.3978111956504495
-2.0739301235451193,2.0739301235451193,5.199554482154306,6.802127506505863,False,False,2282.1445364687524,2294.788360764019,0,null,-1138.0722682343762,"{""alpha[1]"": 0.12186289089000364, ""beta[1]"": 0.7167781631196891, ""omega"": 0.9781233391490421}",2.6598660023083536,True,2024-04-10,1.4348143566813913,1.7847270257693064,normal,BTC-USD,994,0.30810175887931107,0.07974718556187962,,0.2869851870607115,2024-04-09,2022-11-27,4.088105054041097,5.900788432642837
0.7497782577428672,-0.7497782577428672,4.936986896117888,6.46414742691298,False,False,2283.2968141291994,2295.940638424466,0,null,-1138.6484070645997,"{""alpha[1]"": 0.12193191777214446, ""beta[1]"": 0.7143616748602297, ""omega"": 0.9903326084019748}",2.5347003314077714,True,2024-04-11,1.3822219632761654,1.7333959657615994,normal,BTC-USD,995,0.15640304174690345,0.048554445288879824,,0.29137194067023814,2024-04-10,2022-11-28,3.8778390926809334,5.605222786630845
4.174897017399369,-4.174897017399369,4.631483820225428,6.069784528188458,True,False,2283.3087420992633,2295.95256639453,0,null,-1138.6543710496317,"{""alpha[1]"": 0.12139146111666617, ""beta[1]"": 0.7133057085311784, ""omega"": 0.9963497745893884}",2.387215494130054,True,2024-04-12,3.6533947412904277,1.670048689938875,normal,BTC-USD,996,0.5138864519935203,0.010859405184506371,,0.29265615379680177,2024-04-11,2022-11-29,3.6339639100377683,5.260837535850005
5.152204972659255,-5.152204972659255,5.374672451941462,7.0267991498550195,True,False,2286.72478311843,2299.3686074136967,0,null,-1140.362391559215,"{""alpha[1]"": 0.1217586065432524, ""beta[1]"": 0.7189772430580302, ""omega"": 0.9702017796047021}",2.742112570542198,True,2024-04-13,4.904437603073616,1.8174933173548151,normal,BTC-USD,997,0.8771819608148976,0.00945384509259215,,0.28151826694303833,2024-04-12,2022-11-30,4.22885554022252,6.097589481918469
-2.9598501491270075,2.9598501491270075,6.299842242013456,8.216678097720559,False,False,2285.3061271278484,2297.949951423115,0,null,-1139.6530635639242,"{""alpha[1]"": 0.12404748318234558, ""beta[1]"": 0.7350963972021307, ""omega"": 0.8788117610256286}",3.1814628395258047,True,2024-04-14,1.6295028865062728,1.9749583938756072,normal,BTC-USD,998,0.39651444680235004,0.10098437558512444,,0.2626019036853635,2024-04-13,2022-12-01,4.970438786919987,7.138587409385428
3.5810999481019588,-3.5810999481019588,5.986012255588947,7.813599511517112,False,False,2286.437714968085,2299.0815392633517,0,null,-1140.2188574840425,"{""alpha[1]"": 0.12298823099044055, ""beta[1]"": 0.7351281098835555, ""omega"": 0.8843909420410512}",3.0333327308203546,True,2024-04-15,1.577680830308783,1.9243137763341776,normal,BTC-USD,999,0.05687031891164219,0.03204605183794801,,0.27088201770567244,2024-04-14,2022-12-02,4.7185063263348015,6.785705131896757
-0.606192016542794,0.606192016542794,6.093035776901216,7.94937477092314,False,False,2288.9916473949197,2301.6354716901865,0,null,-1141.4958236974599,"{""alpha[1]"": 0.12580572681856736, ""beta[1]"": 0.7275642521276112, ""omega"": 0.9178179044833606}",3.081053346043994,True,2024-04-16,1.5958484179687416,1.9417539838919633,normal,BTC-USD,1000,0.2705890683508446,0.07511501497321325,,0.2622924205973397,2024-04-15,2022-12-03,4.805589350474094,6.905309480778525
4.053958535010698,-4.053958535010698,5.490674970608221,7.172043530489414,False,False,2289.463701164071,2302.107525459338,0,null,-1141.7318505820356,"{""alpha[1]"": 0.12406765842632997, ""beta[1]"": 0.7259526001001619, ""omega"": 0.9332279592075587}",2.790646667466351,True,2024-04-17,1.4906734191254714,1.8383375158593451,normal,BTC-USD,1001,0.01353095529544156,0.021724287554462693,,0.2656276516025372,2024-04-16,2022-12-04,4.324577640919529,6.226387290456965
-3.584120208629144,3.584120208629144,5.913366052655193,7.715068062509341,False,False,2292.19958978698,2304.843414082247,0,null,-1143.09979489349,"{""alpha[1]"": 0.12579973519236043, ""beta[1]"": 0.7250153753601482, ""omega"": 0.9366915384010844}",2.9903697675435175,True,2024-04-18,1.5659052078063316,1.9118302997686767,normal,BTC-USD,1002,0.41239664003296567,0.10285852593910194,,0.2549079660398235,2024-04-17,2022-12-05,4.663812592030162,6.7017323852810415
-0.5195142873016739,0.5195142873016739,5.860894044996292,7.649896456216837,False,False,2294.069130138795,2306.712954434062,0,null,-1144.0345650693976,"{""alpha[1]"": 0.12621436977121486, ""beta[1]"": 0.7228005941564104, ""omega"": 0.9499891754484264}",2.969291644964891,True,2024-04-19,1.5566030970518683,1.9031618341822814,normal,BTC-USD,1003,0.2569831279350651,0.07163217732675406,,0.26390186029758045,2024-04-18,2022-12-06,4.620148271399623,6.643703445373725
-1.7865871890489375,1.7865871890489375,5.295743026488326,6.9195796413160995,False,False,2294.978857219189,2307.622681514456,0,null,-1144.4894286095946,"{""alpha[1]"": 0.12579840719755933, ""beta[1]"": 0.7175526637511429, ""omega"": 0.979811781481105}",2.6951581859001625,True,2024-04-20,1.454242562790586,1.8023674660548377,normal,BTC-USD,1004,0.2978066812254178,0.07792868423195137,,0.2635942818264185,2024-04-19,2022-12-07,4.169546435459414,6.0062812341461935
0.10436624765706005,-0.10436624765706005,4.967650501784171,6.497528688413895,False,False,2295.1925840268327,2307.8364083220995,0,null,-1144.5962920134164,"{""alpha[1]"": 0.12592388075009758, ""beta[1]"": 0.7137455184365911, ""omega"": 1.0000984779727675}",2.5392109529212186,True,2024-04-21,1.389358575040378,1.7389941476918538,normal,BTC-USD,1005,0.1901125823040376,0.05532709302642877,,0.270012451769562,2024-04-20,2022-12-08,3.9066178937378084,5.637075550299932
-2.9008901770607283,2.9008901770607283,4.599516915266657,6.02048426162146,False,False,2294.3987510013553,2307.042575296622,0,null,-1144.1993755006777,"{""alpha[1]"": 0.1277492561806719, ""beta[1]"": 0.7057893531638264, ""omega"": 1.0354401048474255}",2.358446496682283,True,2024-04-22,1.3116899693737158,1.662421209302205,normal,BTC-USD,1006,0.3257454285919337,0.08122176291395725,,0.2652808792609081,2024-04-21,2022-12-09,3.6140183947779385,5.22128611433499
0.6460398489866108,-0.6460398489866108,4.715330669442744,6.172161979214855,False,False,2295.9841654602515,2308.6279897555182,0,null,-1144.9920827301257,"{""alpha[1]"": 0.12740553292789666, ""beta[1]"": 0.704586102307635, ""omega"": 1.0465562878510648}",2.4179716075834397,True,2024-04-23,1.3365452845012715,1.6872967964719172,normal,BTC-USD,1007,0.15294595929518787,0.04706752926097306,,0.2722503337089369,2024-04-22,2022-12-10,3.7049590348903654,5.352792775083913
3.260630131602263,-3.260630131602263,4.4547833967741965,5.835148688519329,False,False,2296.5545976600533,2309.19842195532,0,null,-1145.2772988300267,"{""alpha[1]"": 0.12833791812070533, ""beta[1]"": 0.6988488823456647, ""omega"": 1.0734918470165764}",2.2910573524504128,True,2024-04-24,1.279077003742647,1.6308504843028495,normal,BTC-USD,1008,0.011840695863515625,0.017981563227170698,,0.27100994685932367,2024-04-23,2022-12-11,3.497444048872575,5.058786454319331
-0.3181282757535826,0.3181282757535826,4.935685205396663,6.454696871076008,False,False,2299.0512386790315,2311.6950629742983,0,null,-1146.5256193395157,"{""alpha[1]"": 0.12766034565272608, ""beta[1]"": 0.7027844704314173, ""omega"": 1.0589225450228008}",2.521175275794444,True,2024-04-25,1.3830467309532581,1.7324484073838802,normal,BTC-USD,1009,0.21001586231844263,0.0591848369272672,,0.26477532595560316,2024-04-24,2022-12-12,3.8821889706152666,5.600355416973132
1.1328935222981407,-1.1328935222981407,4.578079512932288,5.992475178898836,False,False,2299.3097658068937,2311.9535901021604,0,null,-1146.6548829034468,"{""alpha[1]"": 0.12801038159250747, ""beta[1]"": 0.7010727430956065, ""omega"": 1.0635208191106147}",2.347539168918027,True,2024-04-26,1.307010529952382,1.6577543882631245,normal,BTC-USD,1010,0.12321225985935291,0.04064079635621653,,0.2642195969202645,2024-04-25,2022-12-13,3.597138719485197,5.19697315791979
0.5286917948514204,-0.5286917948514204,4.432031615996369,5.801186170292926,False,False,2297.7624463384955,2310.4062706337622,0,null,-1145.8812231692477,"{""alpha[1]"": 0.12808414963939446, ""beta[1]"": 0.7001631927120844, ""omega"": 1.0666917541313627}",2.2724503629733896,True,2024-04-27,1.274607750684872,1.625321116023799,normal,BTC-USD,1011,0.14768877873094058,0.045024374237813254,,0.25538085213374034,2024-04-26,2022-12-14,3.4824673694702293,5.031129218632742
0.4835296286193211,-0.4835296286193211,4.234485850341936,5.545517376425403,False,False,2297.903391345433,2310.5472156407,0,null,-1145.9516956727166,"{""alpha[1]"": 0.1303691566119286, ""beta[1]"": 0.6954071423519645, ""omega"": 1.0800125015071944}",2.175980832820302,True,2024-04-28,1.2285360672303152,1.5800236670508352,normal,BTC-USD,1012,0.14208513270074324,0.04324621073358635,,0.2539376824071756,2024-04-27,2022-12-15,3.3252322826341834,4.808150701977953
-1.1467091787511219,1.1467091787511219,4.094563535732349,5.365939604521402,False,False,2296.7765433830523,2309.420367678319,0,null,-1145.3882716915261,"{""alpha[1]"": 0.12684901239157023, ""beta[1]"": 0.7050288853703008, ""omega"": 1.0370635073134227}",2.110162800780181,True,2024-04-29,1.1943133894761617,1.5468118607423422,normal,BTC-USD,1013,0.21797609078549066,0.057975856248634966,,0.25809629936267064,2024-04-28,2022-12-16,3.212812636958687,4.6508764461123695
5.149462971633521,-5.149462971633521,3.9996313186031984,5.246413016785842,True,True,2290.6959046192637,2303.3397289145305,0,null,-1142.3479523096319,"{""alpha[1]"": 0.12092843044976485, ""beta[1]"": 0.735603701078799, ""omega"": 0.8885049175765716}",2.0693423643756503,True,2024-04-30,11.24356410533631,13.041858697536444,normal,BTC-USD,1014,1.9137990898131485,0.5982376367065563,,0.26882767951215375,2024-04-29,2022-12-17,3.13493761393547,4.545182530515787
4.008992348048858,-4.008992348048858,5.393186496042875,7.043490254034761,False,False,2297.4848468810483,2310.128671176315,0,null,-1145.7424234405241,"{""alpha[1]"": 0.1143515946261549, ""beta[1]"": 0.7442693543375989, ""omega"": 0.8864772883691967}",2.7390869512111444,True,2024-05-01,1.4729144331676576,1.8203247815463701,normal,BTC-USD,1015,0.01198207595447115,0.021063135186173778,,0.25676323909681975,2024-04-30,2022-12-18,4.248633867138281,6.115305866666234
-1.4814392549634572,1.4814392549634572,5.845366675217079,7.625535790743602,False,False,2300.558146751373,2313.2019710466398,0,null,-1147.2790733756865,"{""alpha[1]"": 0.12108110533565633, ""beta[1]"": 0.727320723128008, ""omega"": 0.9581222763888646}",2.9546306076531152,True,2024-05-02,1.5544359680396282,1.9002036329181937,normal,BTC-USD,1016,0.3046093202810536,0.08105750167010836,,0.24918772064244973,2024-05-01,2022-12-19,4.610747150657609,6.624310912047372
-6.175720650196985,6.175720650196985,5.372019123709608,7.015913009271617,False,False,2300.101198462171,2312.7450227574377,0,null,-1147.0505992310855,"{""alpha[1]"": 0.11489445916672236, ""beta[1]"": 0.7439459116546485, ""omega"": 0.8896584010279392}",2.7284481837438945,True,2024-05-03,1.4689731863423625,1.8163976846181331,normal,BTC-USD,1017,0.5203816325828999,0.12267054392360902,,0.2559858895192972,2024-05-02,2022-12-20,4.231912001461004,6.091333742163905
-1.580134437718437,1.580134437718437,6.467512519603752,8.433363698651942,False,False,2302.7744403084016,2315.4182646036684,0,null,-1148.3872201542008,"{""alpha[1]"": 0.11730480522114427, ""beta[1]"": 0.7540442230659239, ""omega"": 0.832887932664716}",3.262815882517318,True,2024-05-04,1.6559844689148284,2.0010904291455676,normal,BTC-USD,1018,0.3342124693174279,0.08907839639595934,,0.2627395898033646,2024-05-03,2022-12-21,5.104114948630115,7.327705201877489
-0.2183511053069046,0.2183511053069046,5.913669627236679,7.718978493949419,False,False,2303.9760294259822,2316.619853721249,0,null,-1148.9880147129911,"{""alpha[1]"": 0.11496123608024975, ""beta[1]"": 0.7523573407277766, ""omega"": 0.8532919483227163}",2.996356237918086,True,2024-05-05,1.5655443877035768,1.9121407585417165,normal,BTC-USD,1019,0.24399828851567085,0.06921965308684937,,0.2669527605717248,2024-05-04,2022-12-22,4.661614665006508,6.703614203378026
1.3667364751957338,-1.3667364751957338,5.39100305932945,7.043728416870232,False,False,2305.068266468107,2317.712090763374,0,null,-1149.5341332340536,"{""alpha[1]"": 0.1145193600807225, ""beta[1]"": 0.7441470087720142, ""omega"": 0.9021977771007986}",2.7431061941494947,True,2024-05-06,1.4721120137643302,1.8201696883382152,normal,BTC-USD,1020,0.1439017238834225,0.047474455681365456,,0.2672372196956644,2024-05-05,2022-12-23,4.244770952864181,6.114182043332275
1.318193000361541,-1.318193000361541,5.0865450540601005,6.649658319947185,False,False,2306.1990917092494,2318.842916004516,0,null,-1150.0995458546247,"{""alpha[1]"": 0.11593371343460952, ""beta[1]"": 0.7327705298555061, ""omega"": 0.9619407890843021}",2.594372780842569,True,2024-05-07,1.413471357638949,1.7623563302685206,normal,BTC-USD,1021,0.13421347847195075,0.04452319694388475,,0.26490090843252273,2024-05-06,2022-12-24,4.002462569800554,5.770512694750012
1.8569986258569031,-1.8569986258569031,4.83375136074014,6.322079184524966,False,False,2307.2980339134588,2319.9418582087255,0,null,-1150.6490169567294,"{""alpha[1]"": 0.11825656998672435, ""beta[1]"": 0.7184342321021172, ""omega"": 1.0348601366149075}",2.470247856803063,True,2024-05-08,1.3620794361613937,1.7116417199095189,normal,BTC-USD,1022,0.09722684948347053,0.03627996692965542,,0.2616605312053063,2024-05-07,2022-12-25,3.801535615526312,5.484995318822442
-2.997730861619504,2.997730861619504,4.753604397443901,6.217457134576977,False,False,2308.56905161327,2321.2128759085367,0,null,-1151.284525806635,"{""alpha[1]"": 0.12023053047110628, ""beta[1]"": 0.7065717386233417, ""omega"": 1.096406126372468}",2.4296254016017587,True,2024-05-09,1.3453302081491403,1.6949405827334423,normal,BTC-USD,1023,0.3368046989846085,0.08391869713465967,,0.25801503588541946,2024-05-08,2022-12-26,3.7383631180726606,5.3941388518464555
3.6456454639306775,-3.6456454639306775,4.857277263463092,6.352893915192891,False,False,2310.4261267980182,2323.069951093285,0,null,-1152.2130633990091,"{""alpha[1]"": 0.12110468375802151, ""beta[1]"": 0.6988468667923516, ""omega"": 1.1411470643517052}",2.4823454681773427,True,2024-05-10,1.3669281945622558,1.7165009701776355,normal,BTC-USD,1024,0.00871804781715227,0.01866065112194271,,0.26308852640432956,2024-05-09,2022-12-27,3.8200064202737227,5.511710576124947
-0.0015356870869507036,0.0015356870869507036,5.324740108850411,6.955472918220783,False,False,2312.6991538900666,2325.3429781853333,0,null,-1153.3495769450333,"{""alpha[1]"": 0.12185287012953443, ""beta[1]"": 0.6975330432360439, ""omega"": 1.152975156689171}",2.706604125105701,True,2024-05-11,1.4599630439144038,1.8076647379996378,normal,BTC-USD,1025,0.20976482070656666,0.06039831554539224,,0.25820688485754967,2024-05-10,2022-12-28,4.193760727044379,6.038295867452268
-1.0711364140500748,1.0711364140500748,4.897704418744751,6.404282571767356,False,False,2312.9871582039486,2325.6309824992154,0,null,-1153.4935791019743,"{""alpha[1]"": 0.12104279129167819, ""beta[1]"": 0.6927121846448869, ""omega"": 1.1846747970080505}",2.5005387886563213,True,2024-05-12,1.3754272569243664,1.7246572594383052,normal,BTC-USD,1026,0.24619838718092615,0.06628070542711627,,0.26018896628574706,2024-05-11,2022-12-29,3.8528313295684438,5.5569341286615455
-2.337149424591931,2.337149424591931,4.606268461343113,6.028030348973861,False,False,2313.682457258945,2326.3262815542116,0,null,-1153.8412286294724,"{""alpha[1]"": 0.12198374033230971, ""beta[1]"": 0.6807459837134544, ""omega"": 1.2508751258103064}",2.359765234296856,True,2024-05-13,1.31335119416815,1.6637658699713,normal,BTC-USD,1027,0.2978684159413669,0.07565534750482143,,0.2612495101517722,2024-05-12,2022-12-30,3.620218894235402,5.228385325890205
2.167403812367686,-2.167403812367686,4.701195406999994,6.152189716295253,False,False,2315.4647000261134,2328.10852432138,0,null,-1154.7323500130567,"{""alpha[1]"": 0.21627088571516015, ""beta[1]"": 0.05539136477020079, ""omega"": 4.5946511992522305}",2.408283662704847,True,2024-05-14,1.3337598921858937,1.6841583429865166,normal,BTC-USD,1028,0.07637340783940856,0.0316869961828084,,0.26640214817218705,2024-05-13,2022-12-31,3.694871969155856,5.3361034306485235
-7.380429767716663,7.380429767716663,4.874824407965579,6.375462319100242,False,False,2316.5527678414137,2329.1965921366805,0,null,-1155.2763839207068,"{""alpha[1]"": 0.21542349646055878, ""beta[1]"": 0.05220782281547038, ""omega"": 4.627576022818979}",2.4906794891403945,True,2024-05-15,1.370588540619349,1.7200728828187164,normal,BTC-USD,1029,0.5607250442661262,0.12911884628515194,,0.2627320736803649,2024-05-14,2023-01-01,3.834071117605853,5.53145486079852
1.5755724408528884,-1.5755724408528884,8.049463751352187,10.481425920762717,False,False,2325.012980598617,2337.656804893884,0,null,-1159.5064902993086,"{""alpha[1]"": 0.22345109747076852, ""beta[1]"": 0.038238589351827286, ""omega"": 4.77415952422731}",4.036442268165934,True,2024-05-16,1.8760679809653253,2.2191058412361313,normal,BTC-USD,1030,0.23936134259810354,0.0753803903642552,,0.2765574119580081,2024-05-15,2023-01-02,6.362799292814955,9.113611477278402
-2.7522834908880274,2.7522834908880274,4.843692759183619,6.338132893422483,False,False,2326.3692891600067,2339.0131134552735,0,null,-1160.1846445800034,"{""alpha[1]"": 0.21576993073146528, ""beta[1]"": 0.038270741100530546, ""omega"": 4.804974171946857}",2.480392746630365,True,2024-05-17,1.3636970860934738,1.7139707854138306,normal,BTC-USD,1031,0.32797606847538785,0.08249894756858549,,0.27264512693935566,2024-05-16,2023-01-03,3.8072378786197234,5.497611265970515
0.16578567978228032,-0.16578567978228032,4.927284944919895,6.4477796651659816,False,False,2327.590485721658,2340.2343100169246,0,null,-1160.795242860829,"{""alpha[1]"": 0.21437799632949403, ""beta[1]"": 0.03414971792286047, ""omega"": 4.847360394513197}",2.5236367713779226,True,2024-05-18,1.3807706989357347,1.7311048169367447,normal,BTC-USD,1032,0.1853487235914384,0.054268184132660116,,0.27825294489803454,2024-05-17,2023-01-04,3.872760151611045,5.592604093048287
0.994515955314362,-0.994515955314362,4.388696167688944,5.75113793995025,False,False,2327.7078261589227,2340.3516504541894,0,null,-1160.8539130794613,"{""alpha[1]"": 0.21212036204923748, ""beta[1]"": 0.03167496046253284, ""omega"": 4.870565444506237}",2.2613088421533347,True,2024-05-19,1.2637270841533996,1.6161577645910628,normal,BTC-USD,1033,0.12246357763042301,0.039903405194282794,,0.2757345427505268,2024-05-18,2023-01-05,3.44378750792282,4.984856474742638
-7.510908881075612,7.510908881075612,4.511111859214855,5.908821147766094,False,False,2327.9948177105557,2340.6386420058225,0,null,-1160.9974088552779,"{""alpha[1]"": 0.21188113074706133, ""beta[1]"": 0.02815695516604648, ""omega"": 4.896621689687634}",2.319844001637506,True,2024-05-20,1.2916591335537175,1.6434050756397003,normal,BTC-USD,1034,0.5526326313374292,0.12633612968009328,,0.2740600743821056,2024-05-19,2023-01-06,3.541743745672963,5.1227040869337035
1.8528857175297109,-1.8528857175297109,6.592342418831129,8.60195129274874,False,False,2338.1280040937017,2350.7718283889685,0,null,-1166.0640020468509,"{""alpha[1]"": 0.09787819485682649, ""beta[1]"": 0.7465180423415395, ""omega"": 1.0276717311516532}",3.335442591661914,True,2024-05-21,1.6744899078351336,2.0205922289308718,normal,BTC-USD,1035,0.16728556965790745,0.05618796330872599,,0.2877177336956613,2024-05-20,2023-01-07,5.198597110687857,7.471682048402305
1.4565869502951432,-1.4565869502951432,6.138879652042317,8.014942649075522,False,False,2338.9900083904154,2351.633832685682,0,null,-1166.4950041952077,"{""alpha[1]"": 0.09086273026234182, ""beta[1]"": 0.7690953867577807, ""omega"": 0.920278924443542}",3.1137902037359293,True,2024-05-22,1.6026938416516336,1.9496586898895503,normal,BTC-USD,1036,0.16905834393954627,0.05503196989280196,,0.28397528109494125,2024-05-21,2023-01-08,4.837753829086066,6.959783939575335
1.7406596594991304,-1.7406596594991304,5.7842044819429566,7.555351927782247,False,False,2339.341667585513,2351.9854918807796,0,null,-1166.6708337927564,"{""alpha[1]"": 0.08638512608951063, ""beta[1]"": 0.7823317441508754, ""omega"": 0.8574478961042963}",2.9396569171438567,True,2024-05-23,1.5427658293627866,1.8904091352773138,normal,BTC-USD,1037,0.14075910959652285,0.048185414693804655,,0.2794634907274722,2024-05-22,2023-01-09,4.555841851429585,6.559201128879591
-0.8743394660751237,0.8743394660751237,5.543518021650427,7.242986880733886,False,False,2339.5185339060627,2352.1623582013294,0,null,-1166.7592669530313,"{""alpha[1]"": 0.08501184390655278, ""beta[1]"": 0.7855756782852312, ""omega"": 0.8408796007634174}",2.820688587396456,True,2024-05-24,1.500011518342804,1.8480665101661802,normal,BTC-USD,1038,0.2619603432996271,0.07161489911133866,,0.274752453562272,2024-05-23,2023-01-10,4.364867399917414,6.287150445058736
-1.0738658385506552,1.0738658385506552,5.202732032788556,6.802328603935682,False,False,2338.9184313986007,2351.5622556938674,0,null,-1166.4592156993003,"{""alpha[1]"": 0.08573571475791204, ""beta[1]"": 0.779602746481327, ""omega"": 0.8690654163770402}",2.654925842599169,True,2024-05-25,1.4359526127280837,1.7850066067016375,normal,BTC-USD,1039,0.25836063671569515,0.06976529422494132,,0.273617505723194,2024-05-24,2023-01-11,4.093346895763243,5.902663583943471
1.0855523050819569,-1.0855523050819569,4.913227804193892,6.427276328528856,False,False,2337.7867677862,2350.430592081467,0,null,-1165.8933838931,"{""alpha[1]"": 0.08784526798257693, ""beta[1]"": 0.768184745204046, ""omega"": 0.9238004891491863}",2.5129377161163666,True,2024-05-26,1.3782113134015233,1.7280608321602644,normal,BTC-USD,1040,0.13888107021337015,0.044901740010946066,,0.2702410073077967,2024-05-25,2023-01-12,3.8631737093493577,5.575726306176559
-1.2710549000964497,1.2710549000964497,4.745641779389615,6.207137807067568,False,False,2335.4676390770433,2348.11146337231,0,null,-1164.7338195385216,"{""alpha[1]"": 0.08824482325448688, ""beta[1]"": 0.761938210210821, ""omega"": 0.9572316504274102}",2.4257138598113066,True,2024-05-27,1.3436398000120224,1.6932728641774797,normal,BTC-USD,1041,0.2501544936881049,0.06656199914308453,,0.25790926659143887,2024-05-26,2023-01-13,3.7320349736656437,5.3851450142119965
1.59539990531628,-1.59539990531628,4.57550273964734,5.984910986618289,False,False,2332.4563265416637,2345.1001508369304,0,null,-1163.2281632708318,"{""alpha[1]"": 0.08960647806423751, ""beta[1]"": 0.7511620268426136, ""omega"": 1.0137992213884663}",2.3392613144776484,True,2024-05-28,1.3070828294837291,1.6567922223034461,normal,BTC-USD,1042,0.10013105091785945,0.03596814146612422,,0.24972153383236137,2024-05-27,2023-01-14,3.598020923673467,5.192214051928699
1.0570529093847765,-1.0570529093847765,4.52435305645186,5.914839899785473,False,False,2329.0089980899666,2341.6528223852333,0,null,-1161.5044990449833,"{""alpha[1]"": 0.09781415689950802, ""beta[1]"": 0.7154097050044964, ""omega"": 1.1912760851968132}",2.3078565688054398,True,2024-05-29,1.2963260988035188,1.6452453107933818,normal,BTC-USD,1043,0.12514705461926848,0.040757320671336875,,0.23609224591326358,2024-05-28,2023-01-15,3.5599940017701437,5.132784976518461
-1.1577009913585985,1.1577009913585985,4.451648224099804,5.820547644020014,False,False,2329.045564184105,2341.6893884793717,0,null,-1161.5227820920525,"{""alpha[1]"": 0.09661054365372657, ""beta[1]"": 0.7235246852885581, ""omega"": 1.1445431606413632}",2.2720269044205783,True,2024-05-30,1.2800079454785878,1.6291192655422395,normal,BTC-USD,1044,0.23299809574880723,0.062083351795710374,,0.23489077064997224,2024-05-29,2023-01-16,3.5022609236175417,5.050634188212433
1.2860492785527855,-1.2860492785527855,4.350305387849551,5.689477175320525,False,False,2328.6071707668298,2341.2509950620965,0,null,-1161.3035853834149,"{""alpha[1]"": 0.09691119643990706, ""beta[1]"": 0.7262893381891717, ""omega"": 1.1217692412906266}",2.22268655132632,True,2024-05-31,1.2567506945366516,1.606234723927075,normal,BTC-USD,1045,0.10677430641634066,0.0365023422613861,,0.23445862864576048,2024-05-30,2023-01-17,3.4215354068795967,4.936283504691392
-0.31882581122634485,0.31882581122634485,4.334197485805594,5.667935392215392,False,False,2328.2972037473246,2340.9410280425914,0,null,-1161.1486018736623,"{""alpha[1]"": 0.09927555208589428, ""beta[1]"": 0.7223981916410422, ""omega"": 1.1289779007723622}",2.2136676827471127,True,2024-06-01,1.2531171755302926,1.6024773524526292,normal,BTC-USD,1046,0.1864010966548018,0.05236623723855849,,0.2319631949621609,2024-05-31,2023-01-18,3.4091961218696882,4.917797912629499
-0.06594499531426937,0.06594499531426937,4.209424698362024,5.508223590520176,False,False,2326.967848433999,2339.6116727292656,0,null,-1160.4839242169994,"{""alpha[1]"": 0.10030291644635703, ""beta[1]"": 0.7191964987651263, ""omega"": 1.137648077119949}",2.1556777535832152,True,2024-06-02,1.2233371871927483,1.5736247097375498,normal,BTC-USD,1047,0.16872999770106575,0.04843681941666811,,0.23711941281291093,2024-06-01,2023-01-19,3.308654958707043,4.777736946352538
-1.5425138665509537,1.5425138665509537,4.112785544660347,5.382282279164588,False,False,2325.5763404495556,2338.2201647448223,0,null,-1159.7881702247778,"{""alpha[1]"": 0.10598540718276152, ""beta[1]"": 0.7021872709554353, ""omega"": 1.205525678529539}",2.1070435810658963,True,2024-06-03,1.2000248325036385,1.5504538759216988,normal,BTC-USD,1048,0.23874259535157133,0.06210789985894419,,0.23344023598058875,2024-06-02,2023-01-20,3.232338040480469,4.668276119343459
-2.5300225248925363,2.5300225248925363,4.108972698831153,5.374010731899972,False,False,2315.916445648868,2328.5602699441347,0,null,-1154.958222824434,"{""alpha[1]"": 0.1076963143449907, ""beta[1]"": 0.7202540262701841, ""omega"": 1.087304977201355}",2.0996432640866907,True,2024-06-04,1.1996512536770987,1.549178336636699,normal,BTC-USD,1049,0.28808200049663013,0.07192534815347627,,0.2219883531971596,2024-06-03,2023-01-21,3.2316174850400614,4.662512290455085
-0.7272217809568716,0.7272217809568716,4.3207175183525335,5.648822666296202,False,False,2317.282992762853,2329.92681705812,0,null,-1155.6414963814266,"{""alpha[1]"": 0.10743211567596452, ""beta[1]"": 0.7171855896997388, ""omega"": 1.1095913442259286}",2.204318727962769,True,2024-06-05,1.2502404954714486,1.5992126117077308,normal,BTC-USD,1050,0.2063422240979372,0.05629075013816727,,0.2261589536447467,2024-06-04,2023-01-22,3.3996227010018694,4.9018532328598505
0.4591890272049992,-0.4591890272049992,4.203526614243937,5.497973005713014,False,False,2317.457444273394,2330.1012685686605,0,null,-1155.728722136697,"{""alpha[1]"": 0.10695543955043636, ""beta[1]"": 0.7182788636675557, ""omega"": 1.103964729772844}",2.14845370298959,True,2024-06-06,1.222352909331998,1.5719600126132227,normal,BTC-USD,1051,0.14232932416226526,0.04310745321970563,,0.22811635524944582,2024-06-05,2023-01-23,3.305775510450302,4.769934349175559
2.019455706561508,-2.019455706561508,4.131073904794841,5.4035415083534275,False,False,2317.452968861173,2330.0967931564396,0,null,-1155.7264844305864,"{""alpha[1]"": 0.10707887649960941, ""beta[1]"": 0.7188907900169259, ""omega"": 1.098036226163779}",2.1119744724979173,True,2024-06-07,1.204910641249863,1.5546086448510605,normal,BTC-USD,1052,0.06145551379001309,0.026684087288071975,,0.22532288875535278,2024-06-06,2023-01-24,3.248565982361769,4.687864435368703
0.05310196389011168,-0.05310196389011168,4.319624643767822,5.646750573061675,False,False,2318.022324494468,2330.666148789735,0,null,-1156.011162247234,"{""alpha[1]"": 0.10697574786744375, ""beta[1]"": 0.7184396046468318, ""omega"": 1.1026793181223025}",2.202693472604109,True,2024-06-08,1.250090809186224,1.5988947348931077,normal,BTC-USD,1053,0.16730534951997061,0.04847229920080418,,0.22389939318568114,2024-06-07,2023-01-25,3.399208954289521,4.900331883970526
-0.4925659126553645,0.4925659126553645,4.19261194629927,5.481378183878212,False,False,2317.287258520948,2329.9310828162147,0,null,-1155.643629260474,"{""alpha[1]"": 0.10648806883851186, ""beta[1]"": 0.7222860271199097, ""omega"": 1.079862577441457}",2.1390260837855504,True,2024-06-09,1.2201366002315845,1.5691190251541145,normal,BTC-USD,1054,0.1895683086198099,0.052491001428701535,,0.2195845523176362,2024-06-08,2023-01-26,3.2988002597408297,4.756534230214784
0.19504270532021564,-0.19504270532021564,4.089919890101062,5.34919377035203,False,False,2317.0995416846044,2329.743365979871,0,null,-1155.5497708423022,"{""alpha[1]"": 0.10598601949586414, ""beta[1]"": 0.7266467999929386, ""omega"": 1.0535030518529533}",2.0900762279021663,True,2024-06-10,1.1949863497210784,1.5445415079063336,normal,BTC-USD,1055,0.1510759822445086,0.04445894570183748,,0.22130711385954507,2024-06-09,2023-01-27,3.216562350210385,4.640937275503959
3.1867374917879587,-3.1867374917879587,4.015585964393077,5.252917146285288,True,False,2316.7651624391337,2329.4089867344005,0,null,-1155.3825812195669,"{""alpha[1]"": 0.10661500694716461, ""beta[1]"": 0.7281674965938416, ""omega"": 1.0381625136374455}",2.053656896940957,True,2024-06-11,1.322367255540605,1.5263019042797294,normal,BTC-USD,1056,0.027826369719026387,0.013702644452669558,,0.2205184191529927,2024-06-10,2023-01-28,3.1574465762942467,4.557001937054913
-1.3412234174301008,1.3412234174301008,4.579696418137032,5.980058686048898,False,False,2318.8571113490107,2331.5009356442774,0,null,-1156.4285556745053,"{""alpha[1]"": 0.10742003473234246, ""beta[1]"": 0.7196642791249466, ""omega"": 1.0897181796587065}",2.3242472765578577,True,2024-06-12,1.309564492802601,1.6567244530035232,normal,BTC-USD,1057,0.2474855886587632,0.06533672920962579,,0.21455820703311423,2024-06-11,2023-01-29,3.608488355745159,5.192449503532472
2.199815541367184,-2.199815541367184,4.4430068590277365,5.802370724710839,False,False,2317.5492768080812,2330.193101103348,0,null,-1155.7746384040406,"{""alpha[1]"": 0.10633219971783162, ""beta[1]"": 0.7239876118941097, ""omega"": 1.0666023982315658}",2.256200295496649,True,2024-06-13,1.2791385810576026,1.6265014121390484,normal,BTC-USD,1058,0.0650208655507112,0.028380048326765255,,0.21088638679523963,2024-06-12,2023-01-30,3.500232852381407,5.037820374043707
1.1227334412877759,-1.1227334412877759,4.571337067881812,5.969242429723359,False,False,2315.4105314475373,2328.054355742804,0,null,-1154.7052657237687,"{""alpha[1]"": 0.10798649507926625, ""beta[1]"": 0.7217985945739198, ""omega"": 1.0735608468651887}",2.320169433721365,True,2024-06-14,1.307722470490785,1.6549069376089705,normal,BTC-USD,1059,0.12395497641341295,0.04060281649621968,,0.214506138642498,2024-06-13,2023-01-31,3.6018329695560327,5.183015090909741
-0.27216870164859935,0.27216870164859935,4.464415431778484,5.829673826003434,False,False,2315.548779199964,2328.1926034952307,0,null,-1154.774389599982,"{""alpha[1]"": 0.10672858787485798, ""beta[1]"": 0.7262217462495771, ""omega"": 1.0520462381646583}",2.265983722416894,True,2024-06-15,1.2840473353761834,1.6312443124553218,normal,BTC-USD,1060,0.1894861016012417,0.053339769028501016,,0.2096582140541946,2024-06-14,2023-02-01,3.5175533303762316,5.061808201201497
-0.6746193121199441,0.6746193121199441,4.296107774698729,5.610906597036098,False,False,2314.5585895243494,2327.202413819616,0,null,-1154.2792947621747,"{""alpha[1]"": 0.10582901337496889, ""beta[1]"": 0.7310232275333614, ""omega"": 1.0257419915371224}",2.1822335920232283,True,2024-06-16,1.2454553787196732,1.5929180072352902,normal,BTC-USD,1061,0.2029430373137088,0.05546040385043175,,0.20521340454051817,2024-06-15,2023-02-02,3.3842414341542284,4.871421072923226
0.22346697987336211,-0.22346697987336211,4.170827193360603,5.450050293067568,False,False,2314.2425450792252,2326.886369374492,0,null,-1154.1212725396126,"{""alpha[1]"": 0.10309236637234435, ""beta[1]"": 0.7423992324283133, ""omega"": 0.9687975631543535}",2.1231868879452964,True,2024-06-17,1.2154004323890346,1.5636120029733638,normal,BTC-USD,1062,0.1530083540161638,0.04507106729953578,,0.20869759313599395,2024-06-16,2023-02-03,3.283634060196636,4.730573709826936
2.050577187931411,-2.050577187931411,4.066592996380934,5.315295748383361,False,False,2313.9050979344634,2326.54892222973,0,null,-1153.9525489672317,"{""alpha[1]"": 0.0995244726861029, ""beta[1]"": 0.7579936276518121, ""omega"": 0.8899970670288136}",2.0725308279690107,True,2024-06-18,1.1898444679951976,1.5384584808743016,normal,BTC-USD,1063,0.05749948874987208,0.025624076111736897,,0.20844288642471334,2024-06-17,2023-02-04,3.2005669629288516,4.6129847991050985
0.27739875191645824,-0.27739875191645824,4.22393725480057,5.517694449953903,False,False,2314.3506759217685,2326.9945002170352,0,null,-1154.1753379608842,"{""alpha[1]"": 0.0961348246824068, ""beta[1]"": 0.7707045709826512, ""omega"": 0.8298195250181525}",2.147309811371979,True,2024-06-19,1.228341923169507,1.5760841812384,normal,BTC-USD,1064,0.15246326923522305,0.04512644667873023,,0.20534619480276478,2024-06-18,2023-02-05,3.3266641366209164,4.790043419789477
0.20285342777122792,-0.20285342777122792,4.098927455888955,5.356957827582924,False,False,2313.2981877494944,2325.942012044761,0,null,-1153.6490938747472,"{""alpha[1]"": 0.09345615777529712, ""beta[1]"": 0.7816438840390195, ""omega"": 0.7740357105443548}",2.0880123181245276,True,2024-06-20,1.1978659732887227,1.5463143561972785,normal,BTC-USD,1065,0.15117894559377393,0.04446547294529081,,0.20804229493977688,2024-06-19,2023-02-06,3.2264323396467036,4.649400722300305
1.1362664072090682,-1.1362664072090682,3.990406227085086,5.217119729500096,False,False,2312.1781541039722,2324.821978399239,0,null,-1153.0890770519861,"{""alpha[1]"": 0.09192092172025199, ""beta[1]"": 0.7899720627993833, ""omega"": 0.7276244119593733}",2.0360342337389232,True,2024-06-21,1.1706877771835886,1.5196994226679852,normal,BTC-USD,1066,0.10016821116910021,0.03390909840552093,,0.20934766337175864,2024-06-20,2023-02-07,3.139630630591071,4.527176247761158
-0.2436781816177768,0.2436781816177768,3.9894045865603607,5.213881772401087,False,False,2310.9840265708845,2323.627850866151,0,null,-1152.4920132854422,"{""alpha[1]"": 0.09212794823263529, ""beta[1]"": 0.7917293868633646, ""omega"": 0.712548675880509}",2.03232251368876,True,2024-06-22,1.1707719768331266,1.5192376971782648,normal,BTC-USD,1067,0.16919290739913698,0.04768874249291835,,0.20269309141113012,2024-06-21,2023-02-08,3.14017996636496,4.525196067674054
1.6821441362000096,-1.6821441362000096,3.8886122423878033,5.084612747362694,False,False,2309.3655394418583,2322.009363737125,0,null,-1151.6827697209292,"{""alpha[1]"": 0.09320456887136865, ""beta[1]"": 0.7919414525442883, ""omega"": 0.7010544788454456}",1.9850584239139624,True,2024-06-23,1.144743627455595,1.4939237425123704,normal,BTC-USD,1068,0.06884966099077072,0.027297991158490697,,0.20599319227003135,2024-06-22,2023-02-09,3.0591373560154227,4.411943252049077
4.70429340017076,-4.70429340017076,4.027999968837012,5.266656978265309,True,True,2307.1831259149308,2319.8269502101975,0,null,-1150.5915629574654,"{""alpha[1]"": 0.09344268214997274, ""beta[1]"": 0.783504736746133, ""omega"": 0.7506595404608765}",2.055857435409143,True,2024-06-24,8.80339608933801,4.079071979337609,normal,BTC-USD,1069,1.4585847179019928,0.13295434637077833,,0.21264349359079726,2024-06-23,2023-02-10,3.1689410655370835,4.569996080604318
-2.502097859815237,2.502097859815237,5.0306590440127765,6.559887490279531,False,False,2311.3134789309693,2323.957303226236,0,null,-1152.6567394654846,"{""alpha[1]"": 0.09574435724791318, ""beta[1]"": 0.7724638426323722, ""omega"": 0.812030299936333}",2.538132548208592,True,2024-06-25,1.4047273312647892,1.7498602728886836,normal,BTC-USD,1070,0.3236087458545591,0.0820189764704562,,0.20477947032854416,2024-06-24,2023-02-11,3.9700770572759403,5.699799787230376
1.6203198259949259,-1.6203198259949259,4.976100172158066,6.490264330533019,False,False,2310.897672210867,2323.5414965061336,0,null,-1152.4488361054334,"{""alpha[1]"": 0.09845531808120671, ""beta[1]"": 0.7684444045213493, ""omega"": 0.8182340800678607}",2.5131296393841405,True,2024-06-26,1.3936108850384588,1.7390890253831257,normal,BTC-USD,1071,0.11528230272096034,0.04018329445849279,,0.20776452192611877,2024-06-25,2023-02-12,3.92596588041413,5.638649271844201
-1.2964547855288486,1.2964547855288486,4.8611142924351,6.3409666984620205,False,False,2309.8688595035765,2322.512683798843,0,null,-1151.9344297517882,"{""alpha[1]"": 0.10367389669013462, ""beta[1]"": 0.7562888478853137, ""omega"": 0.8588078070656425}",2.456180806374122,True,2024-06-27,1.3701355014236745,1.7157709605868816,normal,BTC-USD,1072,0.2565615689457601,0.06805104468270494,,0.20528131442671801,2024-06-26,2023-02-13,3.8347765933863487,5.5086496827416385
2.1073812000409062,-2.1073812000409062,4.651584299446253,6.0709387615378505,False,False,2308.295748493018,2320.9395727882847,0,null,-1151.147874246509,"{""alpha[1]"": 0.1109243421616036, ""beta[1]"": 0.7362284417079106, ""omega"": 0.9348965065281469}",2.3557695166307213,True,2024-06-28,1.325585366531179,1.6720194158570103,normal,BTC-USD,1073,0.077991158980367,0.03165266552659681,,0.2076916540435135,2024-06-27,2023-02-14,3.6672043796482447,5.272647752700585
-0.9359920056441934,0.9359920056441934,4.690031163975971,6.118289344931748,False,False,2307.080047744744,2319.723872040011,0,null,-1150.540023872372,"{""alpha[1]"": 0.11918442955461406, ""beta[1]"": 0.7109479821672626, ""omega"": 1.0386216052069317}",2.3705474385981318,True,2024-06-29,1.3342348715153882,1.6799878737567155,normal,BTC-USD,1074,0.2317734079729269,0.06250982601315604,,0.19972739842431872,2024-06-28,2023-02-15,3.6994761538143406,5.314990595671405
-2.8989272739819554,2.8989272739819554,4.468582526437687,5.827459960463018,False,False,2297.7406467274022,2310.384471022669,0,null,-1145.8703233637011,"{""alpha[1]"": 0.11772960068626868, ""beta[1]"": 0.7253180290882026, ""omega"": 0.9620789500883432}",2.2553929419412784,True,2024-06-30,1.2861684323221603,1.6314302958549303,normal,BTC-USD,1075,0.32125365769341924,0.07962110468727333,,0.1836453808664396,2024-06-29,2023-02-16,3.5261458798864234,5.0631831947453705
-0.2767262526893227,0.2767262526893227,4.6519104985781095,6.067698345268444,False,False,2297.672940909408,2310.316765204675,0,null,-1145.836470454704,"{""alpha[1]"": 0.11727745034115483, ""beta[1]"": 0.7265320478846778, ""omega"": 0.9591869801343925}",2.3498498369000793,True,2024-07-01,1.3262020667382748,1.671745891081108,normal,BTC-USD,1076,0.19733652119954137,0.05548139569362124,,0.19515485571491994,2024-06-30,2023-02-17,3.670004171301501,5.271413316672796
1.31801760602684,-1.31801760602684,4.408193578218753,5.750670857152008,False,False,2295.064669553933,2307.7084938492,0,null,-1144.5323347769665,"{""alpha[1]"": 0.11780324589096561, ""beta[1]"": 0.7274693744403239, ""omega"": 0.9498755556004035}",2.2281728313446667,True,2024-07-02,1.2722531922064393,1.6180183094300213,normal,BTC-USD,1077,0.10795567493745967,0.03677600464831415,,0.18788705833597444,2024-07-01,2023-02-18,3.4771311047760314,4.995618070858252
3.0363202506616576,-3.0363202506616576,4.34632297539267,5.669778712386052,False,False,2295.5087962686157,2308.1526205638825,0,null,-1144.7543981343078,"{""alpha[1]"": 0.11777282962183375, ""beta[1]"": 0.7271031543770511, ""omega"": 0.9510707913833335}",2.1966018814106856,True,2024-07-03,1.2581470249970126,1.6038655203108267,normal,BTC-USD,1078,0.019606623127853922,0.018891040078841452,,0.1846358583880581,2024-07-02,2023-02-19,3.4284527132187357,4.925424258545801
5.457904895434864,-5.457904895434864,4.739791065180421,6.177150143171854,True,True,2297.1630104984943,2309.806834793761,0,null,-1145.5815052492471,"{""alpha[1]"": 0.1175014592119451, ""beta[1]"": 0.7275560382879352, ""omega"": 0.9536985013203454}",2.3856526264727647,True,2024-07-04,8.582198710573527,3.1335654013389442,normal,BTC-USD,1079,1.6292316477513356,0.08828041993519223,,0.18112516170867946,2024-07-03,2023-02-20,3.742924213591353,5.368732754086185
0.5549607840752044,-0.5549607840752044,6.0275846093692795,7.836717122104054,False,False,2302.004680913251,2314.6485052085177,0,null,-1148.0023404566255,"{""alpha[1]"": 0.12275817476399108, ""beta[1]"": 0.7175666124364516, ""omega"": 1.001409366423456}",3.0027025234878093,True,2024-07-05,1.588185571257556,1.9289805887547558,normal,BTC-USD,1080,0.21089585046880846,0.06264241504853843,,0.16612834296389134,2024-07-04,2023-02-21,4.77287779345137,6.819202288929041
-2.85523856165116,2.85523856165116,5.475505537476627,7.123987665223778,False,False,2302.0590172685315,2314.7028415637983,0,null,-1148.0295086342658,"{""alpha[1]"": 0.1191582590198073, ""beta[1]"": 0.7246143779685615, ""omega"": 0.9748030544528214}",2.7360635056126466,True,2024-07-06,1.4914839316479016,1.8333214452257973,normal,BTC-USD,1081,0.35937274223617216,0.09052066383469634,,0.16820769770424399,2024-07-05,2023-02-22,4.332216283072277,6.196827821818466
4.300921718074345,-4.300921718074345,5.38191891725471,7.005327869773198,True,False,2303.09994232943,2315.743766624697,0,null,-1148.549971164715,"{""alpha[1]"": 0.11836757482050793, ""beta[1]"": 0.7268448446846475, ""omega"": 0.9657480837743849}",2.694448374603171,True,2024-07-07,1.6407098679433245,1.8163333475066819,normal,BTC-USD,1082,0.042657651147554355,0.01791348275689726,,0.17595425420681612,2024-07-06,2023-02-23,4.2560189273927085,6.092269993764069
-1.5210533786245186,1.5210533786245186,5.906372075700873,7.681042760717146,False,False,2305.6556247272256,2318.2994490224924,0,null,-1149.8278123636128,"{""alpha[1]"": 0.12029214411145446, ""beta[1]"": 0.7272032296515262, ""omega"": 0.9600263413479769}",2.945504603310074,True,2024-07-08,1.5676456305179873,1.9088078038188767,normal,BTC-USD,1083,0.3098309657231231,0.08203963756393531,,0.16935799411889527,2024-07-07,2023-02-24,4.675565935837938,6.682910377769005
-2.2737964107938504,2.2737964107938504,5.462692646931827,7.110514041537885,False,False,2304.6601585029684,2317.303982798235,0,null,-1149.3300792514842,"{""alpha[1]"": 0.11861414701824564, ""beta[1]"": 0.7299984073020807, ""omega"": 0.9503029964178104}",2.734966855667911,True,2024-07-09,1.4887352903759705,1.8312340015875592,normal,BTC-USD,1084,0.3296829024284298,0.0845752222668638,,0.1787585143626865,2024-07-08,2023-02-25,4.31986163777474,6.1837258158925215
0.4608673356897976,-0.4608673356897976,5.250399680294355,6.8375976860752985,False,False,2305.4044037552057,2318.0482280504725,0,null,-1149.7022018776029,"{""alpha[1]"": 0.11473091031858729, ""beta[1]"": 0.7406945482629497, ""omega"": 0.9043113132285848}",2.6343473591267856,True,2024-07-10,1.4486465970436653,1.7918801237887014,normal,BTC-USD,1085,0.18443730579100512,0.05484038685900079,,0.18350235679982935,2024-07-09,2023-02-26,4.149613451509897,5.944906021589872
0.690924599131751,-0.690924599131751,4.916280097766423,6.404650718479312,False,False,2305.021581786932,2317.665406082199,0,null,-1149.510790893466,"{""alpha[1]"": 0.11160751462438957, ""beta[1]"": 0.7484963767551662, ""omega"": 0.8697378280369612}",2.470318888882243,True,2024-07-11,1.3825874361747106,1.7263212648852249,normal,BTC-USD,1086,0.15965550360072234,0.048766181832638984,,0.17927831295849272,2024-07-10,2023-02-27,3.8840346711461953,5.567542782395646
-0.9623984571141139,0.9623984571141139,4.6748355153332755,6.092373679625393,False,False,2304.6351221251525,2317.2789464204193,0,null,-1149.3175610625763,"{""alpha[1]"": 0.10891206017434163, ""beta[1]"": 0.7557557870138557, ""omega"": 0.8360212998578466}",2.352754921543013,True,2024-07-12,1.3318934788191732,1.6761742526924674,normal,BTC-USD,1087,0.23270568644412218,0.06257502672725207,,0.17822219425962585,2024-07-11,2023-02-28,3.6917152717683255,5.2951042156110875
-2.2753003238264378,2.2753003238264378,4.470680002541245,5.830088352066022,False,False,2303.760544498257,2316.4043687935236,0,null,-1148.8802722491284,"{""alpha[1]"": 0.10711539885076608, ""beta[1]"": 0.760190808340882, ""omega"": 0.8147654950171361}",2.256274127425881,True,2024-07-13,1.2866542913997656,1.63188913901244,normal,BTC-USD,1088,0.2901587734185956,0.07340813306069234,,0.18336553734776012,2024-07-12,2023-03-01,3.527875144545468,5.06551298224279
-2.5927850267118404,2.5927850267118404,4.5039998571147,5.873223393552958,False,False,2303.3292481427375,2315.9730724380042,0,null,-1148.6646240713687,"{""alpha[1]"": 0.10432862272936606, ""beta[1]"": 0.7676089000176218, ""omega"": 0.7826451402453264}",2.272564855886153,True,2024-07-14,1.2941283549910905,1.6392838348687233,normal,BTC-USD,1089,0.307358639769285,0.07695912670809595,,0.18364877701293486,2024-07-13,2023-03-02,3.554387768673854,5.103127644097747
-6.49986203947215,6.49986203947215,4.581098781771816,5.974781137142267,False,False,2303.248078312313,2315.8919026075796,0,null,-1148.6240391561564,"{""alpha[1]"": 0.10019503569098984, ""beta[1]"": 0.777822350443657, ""omega"": 0.7408937818713003}",2.313160310786365,True,2024-07-15,1.310946861054426,1.6563540119305977,normal,BTC-USD,1090,0.5057192774642115,0.11690790993680596,,0.19028661710507547,2024-07-14,2023-03-03,3.614523509812072,5.1909289542084345
-0.3493129786500064,0.3493129786500064,5.972763439922473,7.779573622771435,False,False,2307.993000981486,2320.636825276753,0,null,-1150.996500490743,"{""alpha[1]"": 0.10215502779558888, ""beta[1]"": 0.7736830820163086, ""omega"": 0.7730013111792565}",2.998848043089378,True,2024-07-16,1.5774079641141254,1.9208762914002775,normal,BTC-USD,1091,0.2534490116337666,0.07112677921935956,,0.21299882632656728,2024-07-15,2023-03-04,4.719667254025321,6.763364943285943
1.5143242458604966,-1.5143242458604966,5.449639167648333,7.10387750255684,False,False,2307.3270156188364,2319.970839914103,0,null,-1150.6635078094182,"{""alpha[1]"": 0.09084205579799447, ""beta[1]"": 0.798353101141039, ""omega"": 0.6771511400615263}",2.7456173540164843,True,2024-07-17,1.4850251085024189,1.8296704123425496,normal,BTC-USD,1092,0.1394016752059153,0.046591559355892764,,0.21378091299611815,2024-07-16,2023-03-05,4.3023577499788,6.173480181449769
0.22597141681593375,-0.22597141681593375,5.212058138599987,6.795802035209064,False,False,2306.546174651198,2319.1899989464646,0,null,-1150.273087325599,"{""alpha[1]"": 0.08665733899679073, ""beta[1]"": 0.8058695159906335, ""omega"": 0.6488593170104767}",2.6286144112892122,True,2024-07-18,1.4402345200689104,1.7852316615799761,normal,BTC-USD,1093,0.19438480289425886,0.05679081656994984,,0.210018473564863,2024-07-17,2023-03-06,4.113667474701107,5.905053073810913
-4.187942011354337,4.187942011354337,4.923113890776303,6.422342534153202,False,False,2305.10360961358,2317.7474339088467,0,null,-1149.55180480679,"{""alpha[1]"": 0.08477114830093416, ""beta[1]"": 0.8066126533591469, ""omega"": 0.6480223422226261}",2.488340461002479,True,2024-07-19,1.3827383399679931,1.728488963045749,normal,BTC-USD,1094,0.4035639998075963,0.09767069705124826,,0.2096178475724421,2024-07-18,2023-03-07,3.883337984797583,5.57912769377048
-0.6774946355776393,0.6774946355776393,5.227606907988699,6.818771470287073,False,False,2305.965941445337,2318.609765740604,0,null,-1149.9829707226686,"{""alpha[1]"": 0.08562738131576096, ""beta[1]"": 0.8030626384889356, ""omega"": 0.6643684015199165}",2.640930839983277,True,2024-07-20,1.4428556350091948,1.788435357181767,normal,BTC-USD,1095,0.24007821734329923,0.06601343521275484,,0.21987495938615098,2024-07-19,2023-03-08,4.124069711288341,5.923848885697838
-1.4645375370035403,1.4645375370035403,4.921970156121607,6.4255906413722785,False,False,2304.1466178045857,2316.7904420998525,0,null,-1149.0733089022929,"{""alpha[1]"": 0.08540382212213965, ""beta[1]"": 0.7981783646900386, ""omega"": 0.6881840104625161}",2.495629808015098,True,2024-07-21,1.3818380739591327,1.7286765366111565,normal,BTC-USD,1096,0.2671842933288476,0.07044443223603988,,0.22579741166843353,2024-07-20,2023-03-09,3.8791483295734066,5.5799056866004415
0.8387766697449086,-0.8387766697449086,4.713070296149798,6.160291986367518,False,False,2301.62397913152,2314.267803426787,0,null,-1147.81198956576,"{""alpha[1]"": 0.08355555994783857, ""beta[1]"": 0.799409862526505, ""omega"": 0.6893416457529082}",2.4020220689605822,True,2024-07-22,1.3373771182688383,1.6859933550768753,normal,BTC-USD,1097,0.14352933264958537,0.04507550874370048,,0.24161138941067933,2024-07-21,2023-03-10,3.7093633227366136,5.346327544114953
2.483150354628474,-2.483150354628474,4.51954510268917,5.910256146241473,False,False,2299.802506929722,2312.4463312249886,0,null,-1146.901253464861,"{""alpha[1]"": 0.08710348136136889, ""beta[1]"": 0.7858649124592099, ""omega"": 0.7436124713798594}",2.308228684478386,True,2024-07-23,1.2950016959875876,1.6443461730604705,normal,BTC-USD,1098,0.0535940100714406,0.02644924770867495,,0.2416677674404139,2024-07-22,2023-03-11,3.555030556057285,5.1280751254959664
0.8462196565224508,-0.8462196565224508,4.623494191966049,6.0418430583560925,False,False,2298.749149490927,2311.3929737861936,0,null,-1146.3745747454634,"{""alpha[1]"": 0.09111075975410814, ""beta[1]"": 0.7706121603431342, ""omega"": 0.8078079725018946}",2.3541004820357383,True,2024-07-24,1.3183933605091154,1.666675649927022,normal,BTC-USD,1099,0.13967960185368858,0.043978979726514385,,0.23233902248847332,2024-07-23,2023-03-12,3.63981169359622,5.244117629173886
-0.6177613679992737,0.6177613679992737,4.488147483605119,5.862285361742722,False,False,2295.8435993122193,2308.487423607486,0,null,-1144.9217996561097,"{""alpha[1]"": 0.08426381125250725, ""beta[1]"": 0.7847061752679583, ""omega"": 0.7579540847187077}",2.2807214204926907,True,2024-07-25,1.289098436990888,1.6367036094365872,normal,BTC-USD,1100,0.2076444233880455,0.05707186995040173,,0.21632580080168315,2024-07-24,2023-03-13,3.535127099761633,5.089425627040894
-3.193999220079834,3.193999220079834,4.3758806198489255,5.712458983013688,False,False,2290.848086671669,2303.491910966936,0,null,-1142.4240433358345,"{""alpha[1]"": 0.07757923814048684, ""beta[1]"": 0.8005900486076719, ""omega"": 0.7033617323184095}",2.2183821227375233,True,2024-07-26,1.2642712610011477,1.6110538749191496,normal,BTC-USD,1101,0.3321454251980844,0.08154723158453211,,0.2000045966672737,2024-07-25,2023-03-14,3.4489092838818474,4.960723938373371
0.14547988887650753,-0.14547988887650753,4.559773340624588,5.950621618419242,False,False,2291.019909911257,2303.6637342065237,0,null,-1142.5099549556285,"{""alpha[1]"": 0.08010098343324376, ""beta[1]"": 0.7918287369245302, ""omega"": 0.7392180020612505}",2.3084564586203666,True,2024-07-27,1.3057251808871397,1.6520374543596557,normal,BTC-USD,1102,0.1724841863799939,0.05022883523805957,,0.20190936214487853,2024-07-26,2023-03-15,3.5951636164763827,5.16836341268246
-0.6504525639622997,0.6504525639622997,4.367154629759989,5.702535913143243,False,False,2289.3112906408546,2301.9551149361214,0,null,-1141.6556453204273,"{""alpha[1]"": 0.08736488001865785, ""beta[1]"": 0.7668625264971951, ""omega"": 0.8381627229722698}",2.2163952729874628,True,2024-07-28,1.2620419962227976,1.6092043463564583,normal,BTC-USD,1103,0.2045733040581831,0.0560192670898069,,0.20463228633016722,2024-07-27,2023-03-16,3.441013517201359,4.951474145018386
2.1262245678894924,-2.1262245678894924,4.208908013346882,5.496846802232875,False,False,2287.2699551033757,2299.9137793986424,0,null,-1140.6349775516878,"{""alpha[1]"": 0.09494583381235569, ""beta[1]"": 0.7367193113411182, ""omega"": 0.963387179109265}",2.137652728179545,True,2024-07-29,1.2249776849686085,1.5723938736183936,normal,BTC-USD,1104,0.059472281407354374,0.026462436646763423,,0.20045564707225572,2024-07-28,2023-03-17,3.315670196036579,4.772468232565832
0.9305346223190455,-0.9305346223190455,4.362481269026591,5.688752615684285,False,False,2278.311109343491,2290.9549336387577,0,null,-1136.1555546717454,"{""alpha[1]"": 0.09798218373929701, ""beta[1]"": 0.7338177991919527, ""omega"": 0.9699226853429923}",2.2012750815133173,True,2024-07-30,1.2621924090982302,1.6073659373306297,normal,BTC-USD,1105,0.12560618224840764,0.04012279949280661,,0.17811703445788124,2024-07-29,2023-03-18,3.442658267287196,4.942814571599703
2.418345057748668,-2.418345057748668,4.260871748576029,5.557904167275098,False,False,2277.795848879696,2290.439673174963,0,null,-1135.897924439848,"{""alpha[1]"": 0.09794236405299038, ""beta[1]"": 0.7348462093948264, ""omega"": 0.9616014133554458}",2.152745854302248,True,2024-07-31,1.2383562687682073,1.5839678142133264,normal,BTC-USD,1106,0.047149103610169885,0.024100659873558694,,0.17962469640173312,2024-07-30,2023-03-19,3.361327129952065,4.828411045104535
-1.1359846111043197,1.1359846111043197,4.463266651198051,5.815725149072732,False,False,2276.3434551437167,2288.9872794389835,0,null,-1135.1717275718584,"{""alpha[1]"": 0.10031386943639371, ""beta[1]"": 0.725832477065522, ""omega"": 1.0022671083431502}",2.244739130989351,True,2024-08-01,1.2857243512082404,1.6297706917069306,normal,BTC-USD,1107,0.23306332042326405,0.06191043212450915,,0.16698550380677216,2024-07-31,2023-03-20,3.5252817973609574,5.055058601346589
6.221701386894225,-6.221701386894225,4.319888084193349,5.6316988048298615,True,True,2276.2728495131814,2288.916673808448,0,null,-1135.1364247565907,"{""alpha[1]"": 0.09909832507579869, ""beta[1]"": 0.7314528876978496, ""omega"": 0.9742059104748827}",2.1772740987553565,True,2024-08-02,14.269661148360315,25.174790239518234,normal,BTC-USD,1108,2.6710269097798665,1.3145294258058864,,0.17120308476351295,2024-08-01,2023-03-21,3.4100941134417333,4.893893886080198
1.203948678801457,-1.203948678801457,5.95141096079614,7.735288121338379,False,False,2284.191653438658,2296.8354777339246,0,null,-1139.095826719329,"{""alpha[1]"": 0.1041301938879068, ""beta[1]"": 0.7041326423555675, ""omega"": 1.1238286566816704}",2.960785024782608,True,2024-08-03,1.5757463292415155,1.9160871043726688,normal,BTC-USD,1109,0.17551355388683432,0.0552802903899439,,0.15583823009913655,2024-08-02,2023-03-22,4.7142197565381405,6.731977717795842
4.315788273281263,-4.315788273281263,5.418962969375523,7.048441915096841,True,False,2283.055693573585,2295.6995178688517,0,null,-1138.5278467867925,"{""alpha[1]"": 0.09308552381410659, ""beta[1]"": 0.7440569517581108, ""omega"": 0.9498437264116864}",2.7045230284935844,True,2024-08-04,1.580767683205191,1.822781846065225,normal,BTC-USD,1110,0.025588326367436617,0.01816181804652321,,0.15969131969696415,2024-08-03,2023-03-23,4.2888531928944875,6.131970077933582
7.3631985817227825,-7.3631985817227825,5.796410518977577,7.531461791926572,True,True,2283.5570176325136,2296.2008419277804,0,null,-1138.7785088162568,"{""alpha[1]"": 0.09422972443398989, ""beta[1]"": 0.7484937667710957, ""omega"": 0.9248158017842973}",2.879746397232796,True,2024-08-05,11.10768116295092,12.612350597883708,normal,BTC-USD,1111,2.631610705876768,0.7995100704142613,,0.14367925696787795,2024-08-04,2023-03-24,4.5930820492209214,6.5556126520114075
-3.7138465099285796,3.7138465099285796,7.5354952029268905,9.775976866666753,False,False,2288.2834932478404,2300.927317543107,0,null,-1141.1417466239202,"{""alpha[1]"": 0.11595998174453263, ""beta[1]"": 0.7005991771065707, ""omega"": 1.111570858207992}",3.7186330454977186,True,2024-08-06,1.8134184662299577,2.15102842732542,normal,BTC-USD,1112,0.48477383778377564,0.12229703783218626,,0.13497680644159749,2024-08-05,2023-03-25,5.981630245746924,8.515857273290036
1.8131945607875768,-1.8131945607875768,7.092066145097561,9.205192381986947,False,False,2290.402840819382,2303.046665114649,0,null,-1142.201420409691,"{""alpha[1]"": 0.11711461549157047, ""beta[1]"": 0.6954431441796168, ""omega"": 1.135646766227256}",3.5072552393436953,True,2024-08-07,1.7523318852535281,2.0906568038294995,normal,BTC-USD,1113,0.19066663919986285,0.062035070526840326,,0.1423941562942011,2024-08-06,2023-03-26,5.62652734478483,8.016701613471604
-11.4615857427923,11.4615857427923,6.410078910312299,8.321891032008189,False,False,2291.0992039951584,2303.743028290425,0,null,-1142.5496019975792,"{""alpha[1]"": 0.11515761921833302, ""beta[1]"": 0.6972895468458187, ""omega"": 1.1314735861133103}",3.173124711341931,True,2024-08-08,1.6510224442045622,1.9896802811112697,normal,BTC-USD,1114,0.8272872680710714,0.1870821159749807,,0.1351660715910062,2024-08-07,2023-03-27,5.084159618629113,7.246625854705752
1.3541633560825024,-1.3541633560825024,10.122213339524057,13.126815826186592,False,False,2301.4472940360997,2314.0911183313665,0,null,-1147.7236470180499,"{""alpha[1]"": 0.12177569310729036, ""beta[1]"": 0.7465408988429807, ""omega"": 0.8579538009162097}",4.986880400010804,True,2024-08-09,2.1088669237530295,2.4459217434183436,normal,BTC-USD,1115,0.334211811298125,0.10082766529492596,,0.16428873108598324,2024-08-08,2023-03-28,8.038399582044995,11.436929885575088
-0.10785754337256274,0.10785754337256274,8.93844450329547,11.59621139812981,False,False,2303.2535568182393,2315.897381113506,0,null,-1148.6267784091197,"{""alpha[1]"": 0.11909184424127021, ""beta[1]"": 0.7488067285527729, ""omega"": 0.8545601437585566}",4.41122101658421,True,2024-08-10,1.984143463582932,2.321773034268385,normal,BTC-USD,1116,0.360151642371348,0.10209254592868817,,0.16063758435870704,2024-08-09,2023-03-29,7.095175304054391,10.101397049496246
3.721354652343721,-3.721354652343721,7.98778667860893,10.365667514002407,False,False,2300.2382605183248,2312.8820848135915,0,null,-1147.1191302591624,"{""alpha[1]"": 0.11244234409068304, ""beta[1]"": 0.7677353995287497, ""omega"": 0.7748606538979812}",3.9466809284169093,True,2024-08-11,1.8714539076422203,2.2094773189837587,normal,BTC-USD,1117,0.13086375838005554,0.05306915515414566,,0.15308261958192712,2024-08-10,2023-03-30,6.338629819944829,9.028270167758283
-1.075659964060797,1.075659964060797,7.664401768050519,9.946303091487955,False,False,2302.176934371328,2314.820758666595,0,null,-1148.088467185664,"{""alpha[1]"": 0.11336988022612457, ""beta[1]"": 0.7638453568517622, ""omega"": 0.7942552601005105}",3.7873792074402184,True,2024-08-12,1.8301005261717282,2.168166523232889,normal,BTC-USD,1118,0.3578735280017848,0.09738547701452101,,0.14787383002374255,2024-08-11,2023-03-31,6.0818105959748925,8.662887737391294
-2.0924539272990286,2.0924539272990286,6.868350471340419,8.917440274260226,False,False,2302.971567193674,2315.615391488941,0,null,-1148.485783596837,"{""alpha[1]"": 0.11403240426806352, ""beta[1]"": 0.7555255526876372, ""omega"": 0.8377888434692674}",3.4009709508672534,True,2024-08-13,1.7200144753041493,2.0587706654669358,normal,BTC-USD,1119,0.37698387320077303,0.09857419601549557,,0.14687586697417343,2024-08-12,2023-04-01,5.447223536716425,7.764965674250519
3.137830139179582,-3.137830139179582,6.259840511575778,8.132550470629102,False,False,2304.5220767037927,2317.1659009990594,0,null,-1149.2610383518963,"{""alpha[1]"": 0.116446575499976, ""beta[1]"": 0.7421935633062222, ""omega"": 0.9028271220470683}",3.108225008520731,True,2024-08-14,1.6266733262656081,1.9663613587635105,normal,BTC-USD,1120,0.09116050086761016,0.039414474793183864,,0.15153502211481146,2024-08-13,2023-04-02,4.961040156531784,7.079277618497965
2.0244862097222986,-2.0244862097222986,6.1377272014229325,7.973372779540357,False,False,2306.3956344645917,2319.0394587598585,0,null,-1150.1978172322958,"{""alpha[1]"": 0.11704776478284616, ""beta[1]"": 0.7394142732076651, ""omega"": 0.9180189786381543}",3.046707508069915,True,2024-08-15,1.607033317298609,1.9466232815833813,normal,BTC-USD,1121,0.14200731444924355,0.04916459928298506,,0.1467553962019146,2024-08-14,2023-04-03,4.864632498707167,6.9409461380208
-2.291143010993103,2.291143010993103,5.753759049887815,7.476921707029677,False,False,2307.0371592455435,2319.6809835408103,0,null,-1150.5185796227718,"{""alpha[1]"": 0.11884791824914047, ""beta[1]"": 0.7307965266510872, ""omega"": 0.959636582430261}",2.860014301085295,True,2024-08-16,1.5421486134303581,1.8822006351506246,normal,BTC-USD,1122,0.34249094143255576,0.08798902121434066,,0.1456290786152215,2024-08-15,2023-04-04,4.558675817658006,6.507759110440955
-0.988184062881442,0.988184062881442,5.451293523926911,7.086657967385957,False,False,2307.9844366492202,2320.628260944487,0,null,-1150.9922183246101,"{""alpha[1]"": 0.12034503126081118, ""beta[1]"": 0.7227529931939874, ""omega"": 0.9997820896707371}",2.714291466562468,True,2024-08-17,1.487793753987721,1.8284231942477303,normal,BTC-USD,1123,0.26526429894002734,0.07155059998186636,,0.1475102474596055,2024-08-16,2023-04-05,4.317101915919101,6.166875935305188
1.6870237917994075,-1.6870237917994075,5.014215653820831,6.522470017242288,False,False,2308.746312603801,2321.390136899068,0,null,-1151.3731563019005,"{""alpha[1]"": 0.12242074211771808, ""beta[1]"": 0.7112158659616772, ""omega"": 1.0557943090890933}",2.5033208740807438,True,2024-08-18,1.4036630042192573,1.7451963995059265,normal,BTC-USD,1124,0.11405781264547167,0.03987155027214191,,0.1494163744462022,2024-08-17,2023-04-06,3.968180044708839,5.674178819013595
-1.7113663551731564,1.7113663551731564,4.85388996484285,6.314607129024984,False,False,2309.593362940088,2322.2371872353547,0,null,-1151.796681470044,"{""alpha[1]"": 0.12368209578366442, ""beta[1]"": 0.7057682788531606, ""omega"": 1.0811944369163458}",2.424421143347541,True,2024-08-19,1.3710681187632172,1.7127616858142414,normal,BTC-USD,1125,0.277609484386714,0.0720441874944746,,0.14699457833191928,2024-08-18,2023-04-07,3.840823332561119,5.493052394274297
0.8112024600520998,-0.8112024600520998,4.684240138222405,6.096650649162318,False,False,2310.1717489744633,2322.81557326973,0,null,-1152.0858744872316,"{""alpha[1]"": 0.1251253681946287, ""beta[1]"": 0.7006468738465126, ""omega"": 1.102851532691634}",2.3442443135295856,True,2024-08-20,1.3350846279894553,1.6774408708439665,normal,BTC-USD,1126,0.14467368351479407,0.0449106268373826,,0.15126263122152472,2024-08-19,2023-04-08,3.7046761303479783,5.302265143790357
-3.5987487766428643,3.5987487766428643,4.473535912392367,5.82388169506213,False,False,2310.307571845792,2322.951396141059,0,null,-1152.153785922896,"{""alpha[1]"": 0.1277451211370132, ""beta[1]"": 0.693542201363471, ""omega"": 1.1290834576049518}",2.241232557959147,True,2024-08-21,1.2888325128325757,1.631559422478372,normal,BTC-USD,1127,0.3567882544465552,0.08663152183569654,,0.1494831895125943,2024-08-20,2023-04-09,3.5370163122882343,5.064403406926783
1.3052114109737414,-1.3052114109737414,4.959044094529741,6.452505358296052,False,False,2312.199109581588,2324.8429338768547,0,null,-1153.099554790794,"{""alpha[1]"": 0.12664550589912957, ""beta[1]"": 0.6980483760817435, ""omega"": 1.1117993626671547}",2.478768069157922,True,2024-08-22,1.3923469407430806,1.7342909733220626,normal,BTC-USD,1128,0.13090283446947046,0.04307322868389357,,0.15394254856275774,2024-08-21,2023-04-10,3.923268100363148,5.612534279363095
-5.96666778021062,5.96666778021062,4.768863429285524,6.203352004366111,False,False,2308.175976991041,2320.8198012863077,0,null,-1151.0879884955204,"{""alpha[1]"": 0.12898389254908546, ""beta[1]"": 0.6977832973655669, ""omega"": 1.1012151967602528}",2.380888317460901,True,2024-08-23,1.3534888923543997,1.6950306037344474,normal,BTC-USD,1129,0.48703275840833493,0.1136321685947859,,0.14222539638588133,2024-08-22,2023-04-11,3.7739873879560695,5.39654907926796
-0.1319630816975196,0.1319630816975196,6.197293654534066,8.051364933155776,False,False,2313.6429803543206,2326.2868046495873,0,null,-1153.8214901771603,"{""alpha[1]"": 0.12839020176582366, ""beta[1]"": 0.7037810924719299, ""omega"": 1.0873899994798055}",3.0772895118821255,True,2024-08-24,1.6166231390703985,1.956324482274253,normal,BTC-USD,1130,0.25216915312315474,0.07140538161439217,,0.15027083403346858,2024-08-23,2023-04-12,4.9114199807655705,7.00857507974169
-0.2405226156639131,0.2405226156639131,5.572536554602276,7.244384315285694,False,False,2314.4464369505104,2327.090261245777,0,null,-1154.2232184752552,"{""alpha[1]"": 0.12361731822530928, ""beta[1]"": 0.7115950692282136, ""omega"": 1.0612722561955272}",2.7748445481768322,True,2024-08-25,1.509777369308118,1.85042930404218,normal,BTC-USD,1131,0.2326782450597433,0.06544605497344677,,0.15117083376423263,2024-08-24,2023-04-13,4.413042285530949,6.304082881680759
2.2842512086996263,-2.2842512086996263,5.123199084262003,6.6634377606131,False,False,2314.8663605159963,2327.510184811263,0,null,-1154.4331802579982,"{""alpha[1]"": 0.12076059218749788, ""beta[1]"": 0.7162553921475188, ""omega"": 1.0443297399969025}",2.5564067461602167,True,2024-08-26,1.4252730104518139,1.766630533499395,normal,BTC-USD,1132,0.08853649237220794,0.03512906338172799,,0.14993385224106048,2024-08-25,2023-04-14,4.054981056143784,5.797157546872422
5.519287756533485,-5.519287756533485,5.094489485569612,6.624841655994368,True,False,2315.9547839849574,2328.598608280224,0,null,-1154.9773919924787,"{""alpha[1]"": 0.11913547304405123, ""beta[1]"": 0.7220293179782584, ""omega"": 1.0170549143849246}",2.5399976461719445,True,2024-08-27,7.254205186325821,1.760903407280932,normal,BTC-USD,1133,1.4118516257069655,0.0024483417747938516,,0.14479619022797272,2024-08-26,2023-04-15,4.033128150526153,5.76412193401287
0.8040214500864198,-0.8040214500864198,6.233928440499123,8.094198348503085,False,False,2320.7708683150063,2333.414692610273,0,null,-1157.3854341575031,"{""alpha[1]"": 0.1175933984460155, ""beta[1]"": 0.7370957412026543, ""omega"": 0.9458355662138801}",3.0875776693041144,True,2024-08-28,1.6230468876892403,1.9618850703432966,normal,BTC-USD,1134,0.2069867157807214,0.062439007346867845,,0.13485756214840114,2024-08-27,2023-04-16,4.943755765700844,7.047922184773199
-0.6089656751158125,0.6089656751158125,5.714762350293825,7.42292447730992,False,False,2320.9823623290968,2333.6261866243635,0,null,-1157.4911811645484,"{""alpha[1]"": 0.11533641054318239, ""beta[1]"": 0.7411530389323242, ""omega"": 0.9276896042442829}",2.8351172140310075,True,2024-08-29,1.5357510469121198,1.8751462533241536,normal,BTC-USD,1135,0.2569524134787284,0.0707116434076074,,0.13327023787270523,2024-08-28,2023-04-17,4.530082594458751,6.46219866564492
0.4534788636904129,-0.4534788636904129,5.273872838829021,6.855312172508895,False,False,2320.0065318708657,2332.6503561661325,0,null,-1157.0032659354329,"{""alpha[1]"": 0.11295170819442549, ""beta[1]"": 0.7431087406875448, ""omega"": 0.9234883533389063}",2.624789419546294,True,2024-08-30,1.4547978167829867,1.7952773455849105,normal,BTC-USD,1136,0.18618008095775299,0.05512380508396904,,0.1403139138791014,2024-08-29,2023-04-18,4.1770804828454695,5.965859372087312
0.2533305032646818,-0.2533305032646818,4.948896762179727,6.433288513448893,False,False,2318.956738777891,2331.600563073158,0,null,-1156.4783693889456,"{""alpha[1]"": 0.11058471363603126, ""beta[1]"": 0.7459855214549409, ""omega"": 0.9132873275930644}",2.4637149716814886,True,2024-08-31,1.3911413585680243,1.7317123833159225,normal,BTC-USD,1137,0.18330401698623935,0.0534508791939367,,0.13303966395547362,2024-08-30,2023-04-19,3.919410842989466,5.598418422658347
2.828177127056141,-2.828177127056141,4.6890789751896556,6.100539929707014,False,False,2313.7236134832597,2326.3674377785264,0,null,-1153.8618067416298,"{""alpha[1]"": 0.10892736745496319, ""beta[1]"": 0.7514164521431952, ""omega"": 0.8878977850948443}",2.342668289967944,True,2024-09-01,1.3364733408856928,1.678249217374999,normal,BTC-USD,1138,0.04409981980865469,0.024785113586249383,,0.14317291026874196,2024-08-31,2023-04-20,3.710173523229234,5.306688485681077
-3.069673109123938,3.069673109123938,4.910473739067345,6.386130805904147,False,False,2314.5461693864495,2327.1899936817163,0,null,-1154.2730846932247,"{""alpha[1]"": 0.10647542931037086, ""beta[1]"": 0.7592055195109524, ""omega"": 0.8554235910148091}",2.4492176041297418,True,2024-09-02,1.382953043762424,1.7241660936047483,normal,BTC-USD,1139,0.34783593935632096,0.08625846494210847,,0.14155878134372551,2024-09-01,2023-04-21,3.887045678002475,5.5561733850869
2.8857442232226385,-2.8857442232226385,5.0413580685384245,6.559078057782703,False,False,2312.8330809002337,2325.4769051955004,0,null,-1153.4165404501168,"{""alpha[1]"": 0.10499000475205848, ""beta[1]"": 0.7653643486580779, ""omega"": 0.8287864284709228}",2.5190314195186856,True,2024-09-03,1.4088824781317904,1.7507075291366299,normal,BTC-USD,1140,0.05515067202805047,0.028197188612003606,,0.15468030301637878,2024-09-02,2023-04-22,3.988757663783647,5.7054630844229965
-0.9367548949505721,0.9367548949505721,5.178222165873328,6.733086779942562,False,False,2313.8332149252437,2326.4770392205105,0,null,-1153.9166074626219,"{""alpha[1]"": 0.10608215543759598, ""beta[1]"": 0.7626948725552726, ""omega"": 0.8414940441370372}",2.580682104535285,True,2024-09-04,1.4362123764129353,1.777151766757767,normal,BTC-USD,1141,0.2518307675673689,0.0679533535915466,,0.14498386325682083,2024-09-03,2023-04-23,4.099860456396801,5.858580464204082
3.1738730141318277,-3.1738730141318277,4.892827128219124,6.365354235890137,False,False,2314.2485032257464,2326.892327521013,0,null,-1154.1242516128732,"{""alpha[1]"": 0.1063269694396727, ""beta[1]"": 0.7596959164059258, ""omega"": 0.8561237631465434}",2.4440226633394064,True,2024-09-05,1.3790448796419876,1.720759759974262,normal,BTC-USD,1142,0.034884840336205675,0.023632841915459564,,0.14848972128947946,2024-09-04,2023-04-24,3.8715698208559406,5.537157205677782
4.0178859905722675,-4.0178859905722675,5.147618183984268,6.692853537495429,False,False,2316.390692232194,2329.0345165274607,0,null,-1155.195346116097,"{""alpha[1]"": 0.10737498378413683, ""beta[1]"": 0.7585742061814648, ""omega"": 0.8601205103918668}",2.564699966812639,True,2024-09-06,1.4303439643618345,1.7711868134268407,normal,BTC-USD,1143,0.0029024383453895046,0.01805877039800899,,0.14262128497403181,2024-09-05,2023-04-25,4.0759347574800575,5.823763030373165
-0.35329178608047923,0.35329178608047923,5.602632088625786,7.276789001655466,False,False,2317.714218836374,2330.358043131641,0,null,-1155.857109418187,"{""alpha[1]"": 0.10805538455395607, ""beta[1]"": 0.7592109825179778, ""omega"": 0.8582566963877372}",2.778677157191613,True,2024-09-07,1.5159953811918423,1.8552919365911835,normal,BTC-USD,1144,0.23974140573863179,0.06688480611917362,,0.1289808714416793,2024-09-06,2023-04-26,4.441536328692152,6.335188825836877
-1.28809053911437,1.28809053911437,5.213864996939004,6.774435576103643,False,False,2318.2529350382792,2330.896759333546,0,null,-1156.1264675191396,"{""alpha[1]"": 0.10764156173446196, ""beta[1]"": 0.759095062537716, ""omega"": 0.8579646198529388}",2.590152563813588,True,2024-09-08,1.4437366409390404,1.7835931510493288,normal,BTC-USD,1145,0.2709818254111666,0.07184810579546072,,0.12887586983747826,2024-09-07,2023-04-27,4.131545969108957,5.8967200404316955
-3.8945513665620797,3.8945513665620797,4.966153719596337,6.453001003859773,False,False,2315.59418370723,2328.238008002497,0,null,-1154.797091853615,"{""alpha[1]"": 0.10663319762220218, ""beta[1]"": 0.7604434348954284, ""omega"": 0.8540740698167664}",2.4677905355589274,True,2024-09-09,1.395002263626651,1.734954246612173,normal,BTC-USD,1146,0.3914758077593016,0.09511301208191035,,0.1241894243466723,2024-09-08,2023-04-28,3.934964788623945,5.6167498416289465
-1.0973955172451775,1.0973955172451775,5.332795423044611,6.929276114750967,False,False,2318.345270535817,2330.9890948310835,0,null,-1156.1726352679084,"{""alpha[1]"": 0.10684879475698844, ""beta[1]"": 0.7613530952178542, ""omega"": 0.8518231076555853}",2.6497542705922394,True,2024-09-10,1.4662501017947536,1.8061729049533541,normal,BTC-USD,1147,0.2661483396052741,0.0712875908371458,,0.1328866476534981,2024-09-09,2023-04-29,4.225571274860299,6.0313635664693965
0.5314110432054191,-0.5314110432054191,5.0334830796213765,6.543361195939199,False,False,2318.9448396715857,2331.5886639668524,0,null,-1156.4724198357928,"{""alpha[1]"": 0.10745154153752005, ""beta[1]"": 0.758834315242388, ""omega"": 0.8613230386199711}",2.506015893315166,True,2024-09-11,1.408073014659316,1.7486699028656396,normal,BTC-USD,1148,0.17274551443875447,0.05162745703183902,,0.1357079993369789,2024-09-10,2023-04-30,3.986321331980505,5.694156746389316
-1.3576697633701555,1.3576697633701555,4.76251170620188,6.192890307757857,False,False,2319.232738901528,2331.876563196795,0,null,-1156.616369450764,"{""alpha[1]"": 0.11075321899834893, ""beta[1]"": 0.7500913976676623, ""omega"": 0.8939642337984706}",2.3740668006361556,True,2024-09-12,1.3524763702012095,1.693496275359868,normal,BTC-USD,1149,0.2564077930836561,0.06746068728512526,,0.13450628934849662,2024-09-11,2023-05-01,3.7704860983029613,5.388398965142365
-4.119072289882206,4.119072289882206,4.624531471007533,6.017798551419235,False,False,2314.7880958976866,2327.4319201929534,0,null,-1154.3940479488433,"{""alpha[1]"": 0.10435642230622057, ""beta[1]"": 0.7732317849299865, ""omega"": 0.7871418933236048}",2.312471059359064,True,2024-09-13,1.3224269195239926,1.6645046786452053,normal,BTC-USD,1150,0.38886582494833055,0.09353252222480472,,0.14543220012267222,2024-09-12,2023-05-02,3.658244209084397,5.234179932598257
0.9391286280247685,-0.9391286280247685,5.139884852069883,6.6848765641788965,False,False,2316.93112366492,2329.574947960187,0,null,-1155.46556183246,"{""alpha[1]"": 0.10042890320196514, ""beta[1]"": 0.7842853427161619, ""omega"": 0.7471634478727985}",2.564295583690945,True,2024-09-14,1.4285601601143947,1.7698597846118358,normal,BTC-USD,1151,0.15646208863703848,0.048767944608628246,,0.14952049064415768,2024-09-13,2023-05-03,4.068370400765535,5.815923088887589
1.379834377513664,-1.379834377513664,4.913564119422121,6.39124097513741,False,False,2317.4578203186115,2330.1016446138783,0,null,-1155.7289101593058,"{""alpha[1]"": 0.10121324242269111, ""beta[1]"": 0.7799554454814999, ""omega"": 0.7678015545708184}",2.452569942954927,True,2024-09-15,1.383428184814246,1.7248921417628895,normal,BTC-USD,1152,0.1254450437644576,0.04180313181997237,,0.14538331321876366,2024-09-14,2023-05-04,3.888735252802813,5.560147559510897
1.6874951673221383,-1.6874951673221383,4.77228509467146,6.208209725166165,False,False,2318.21865726664,2330.862481561907,0,null,-1156.10932863332,"{""alpha[1]"": 0.10334945840479051, ""beta[1]"": 0.772827662728396, ""omega"": 0.7985775622446533}",2.383271806334984,True,2024-09-16,1.3541470162158848,1.695785044959869,normal,BTC-USD,1153,0.10444589616560399,0.0371310394857966,,0.14372018402706865,2024-09-15,2023-05-05,3.776413090634216,5.400599115901795
-3.571708866100921,3.571708866100921,4.719484334907501,6.137626227828206,False,False,2317.7975963215995,2330.4414206168663,0,null,-1155.8987981607997,"{""alpha[1]"": 0.10130753094645203, ""beta[1]"": 0.7789748953035021, ""omega"": 0.7718189830672799}",2.353756958410849,True,2024-09-17,1.3432998776557392,1.6844840690479055,normal,BTC-USD,1154,0.36538271235694986,0.08911726073342563,,0.13564028896628103,2024-09-16,2023-05-06,3.7359453810380696,5.340017207241634
-2.1994330584795745,2.1994330584795745,5.021411284531702,6.531089211782648,False,False,2318.75704414225,2331.4008684375167,0,null,-1156.378522071125,"{""alpha[1]"": 0.09755357185413586, ""beta[1]"": 0.7900043425504698, ""omega"": 0.7284942274726995}",2.5056836300828964,True,2024-09-18,1.4051993454768028,1.7465660351938714,normal,BTC-USD,1155,0.3086910717306188,0.07881430413539878,,0.14709443080198673,2024-09-17,2023-05-07,3.9743883761327967,5.681997355060296
-2.0721119041834015,2.0721119041834015,4.9359397190015235,6.422852885858062,False,False,2319.1224122903504,2331.766236585617,0,null,-1156.5612061451752,"{""alpha[1]"": 0.09633941150796256, ""beta[1]"": 0.7924561839999344, ""omega"": 0.7198199395780561}",2.4678998840047544,True,2024-09-19,1.3876194076083248,1.7296572914910122,normal,BTC-USD,1156,0.2988408499980285,0.07658676573302334,,0.15462897938117362,2024-09-18,2023-05-08,3.9047050957771643,5.586564669118925
-0.40040116434652784,0.40040116434652784,4.845760768521803,6.309126890844596,False,False,2317.145526644287,2329.789350939554,0,null,-1155.5727633221436,"{""alpha[1]"": 0.09179547874365002, ""beta[1]"": 0.8069109292123852, ""omega"": 0.6570251488249719}",2.42881774405953,True,2024-09-20,1.3686626742608796,1.711544287638012,normal,BTC-USD,1157,0.21156290703079295,0.05886483460421009,,0.16419269925108312,2024-09-19,2023-05-09,3.8308569762693274,5.486082296074476
-0.31893030283339635,0.31893030283339635,4.627447092890129,6.027354425060454,False,False,2317.803303135667,2330.447127430934,0,null,-1155.9016515678336,"{""alpha[1]"": 0.09457935708398357, ""beta[1]"": 0.7965783032681604, ""omega"": 0.7034159591220356}",2.323492198259539,True,2024-09-21,1.3221936311735822,1.6656781784320849,normal,BTC-USD,1158,0.19877424248653236,0.05558931416001555,,0.16525002260340454,2024-09-20,2023-05-10,3.6565545468972473,5.240001113168153
-0.3996604791941567,0.3996604791941567,4.432471806285139,5.775693019464742,False,False,2318.3036593492184,2330.947483644485,0,null,-1156.1518296746092,"{""alpha[1]"": 0.09849735888668831, ""beta[1]"": 0.783736363262716, ""omega"": 0.7589488752112205}",2.2294075740863373,True,2024-09-22,1.2787860846633343,1.6228564255927242,normal,BTC-USD,1159,0.1950276931723173,0.05419882299603651,,0.16615574993680904,2024-09-21,2023-05-11,3.500893384252186,5.02022182040949
0.5023067654882961,-0.5023067654882961,4.27443045013682,5.573050855370456,False,False,2316.378858072981,2329.022682368248,0,null,-1155.1894290364905,"{""alpha[1]"": 0.09897161814847091, ""beta[1]"": 0.7849847696280372, ""omega"": 0.7482933995279487}",2.1553815104197738,True,2024-09-23,1.2419453779869492,1.5868858256072684,normal,BTC-USD,1160,0.14357388664595336,0.04340357832552938,,0.17150259647074648,2024-09-22,2023-05-12,3.373784498407361,4.84266459804123
-1.523424417613416,1.523424417613416,4.162082976552807,5.428019341009505,False,False,2316.567191505572,2329.2110158008386,0,null,-1155.283595752786,"{""alpha[1]"": 0.1028372734330691, ""beta[1]"": 0.772561861049937, ""omega"": 0.8023944281193723}",2.1011342670432587,True,2024-09-24,1.215068826554428,1.5604023900572201,normal,BTC-USD,1161,0.2403764575550749,0.06239440066453817,,0.1719535863700493,2024-09-23,2023-05-13,3.284104733488078,4.716015648840395
1.818596456284792,-1.818596456284792,4.150471833270428,5.413952231186405,False,False,2317.2965417228534,2329.94036601812,0,null,-1155.6482708614267,"{""alpha[1]"": 0.10601820790038267, ""beta[1]"": 0.7611310564168816, ""omega"": 0.8549725895074324}",2.097057983588336,True,2024-09-25,1.2120954408437998,1.5577217678577169,normal,BTC-USD,1162,0.07278002231925475,0.02884733398013379,,0.17515652756292946,2024-09-24,2023-05-14,3.274196902669886,4.703329854298168
-3.1764030655747932,3.1764030655747932,4.274403548320691,5.572702195228355,False,False,2318.4287050435087,2331.0725293387754,0,null,-1156.2143525217543,"{""alpha[1]"": 0.10786473586817887, ""beta[1]"": 0.7530591702799286, ""omega"": 0.895481450355308}",2.1548474729567664,True,2024-09-26,1.241989964877908,1.586847536068459,normal,BTC-USD,1163,0.32751919073113545,0.08018899970797809,,0.17042793237224235,2024-09-25,2023-05-15,3.3739807490479095,4.842496905223009
-0.9309629644913833,0.9309629644913833,4.623490035495435,6.0250438658005,False,False,2320.4496333893558,2333.0934576846225,0,null,-1157.2248166946779,"{""alpha[1]"": 0.10909868305445322, ""beta[1]"": 0.7452593494490297, ""omega"": 0.9403505678381795}",2.326224968838419,True,2024-09-27,1.320911587697731,1.6650909646707142,normal,BTC-USD,1164,0.22912092703596015,0.061677274744182324,,0.1748440008711335,2024-09-26,2023-05-16,3.6514555762278156,5.236764509926844
-0.1473050370948805,0.1473050370948805,4.450429603241165,5.802313954948612,False,False,2320.767899107037,2333.411723402304,0,null,-1157.3839495535185,"{""alpha[1]"": 0.10883563633161998, ""beta[1]"": 0.74429814884402, ""omega"": 0.9462038279487136}",2.2437861935272956,True,2024-09-28,1.2823273384848903,1.6272153465533927,normal,BTC-USD,1165,0.18300739900829852,0.05189275362753376,,0.17785691545592267,2024-09-27,2023-05-17,3.512842943071087,5.041970325658491
0.38372626775838253,-0.38372626775838253,4.291323437978334,5.596042931515968,False,False,2320.6557703583057,2333.2995946535725,0,null,-1157.3278851791529,"{""alpha[1]"": 0.10915112918944177, ""beta[1]"": 0.7431139938937797, ""omega"": 0.9500783004438276}",2.1655044548212916,True,2024-09-29,1.2457334414094055,1.5909283932052882,normal,BTC-USD,1166,0.15013606266190313,0.04478500081245173,,0.1754903356959297,2024-09-28,2023-05-18,3.3864475209964424,4.862226349003552
3.576247705718591,-3.576247705718591,4.175605440472672,5.447521222722965,True,False,2319.4397117537537,2332.0835360490205,0,null,-1156.7198558768769,"{""alpha[1]"": 0.1100023926864492, ""beta[1]"": 0.74239770972257, ""omega"": 0.9490502607297833}",2.111058588656756,True,2024-09-30,2.5723808581233563,1.5638410097492317,normal,BTC-USD,1167,0.268629103347257,0.011559068062305432,,0.1789021477481692,2024-09-29,2023-05-19,3.293480228510952,4.732154511949133
4.0152970425468855,-4.0152970425468855,4.820127778374635,6.278088073466323,True,False,2322.725702347255,2335.3695266425216,0,null,-1158.3628511736274,"{""alpha[1]"": 0.10938840036528072, ""beta[1]"": 0.7373954863210114, ""omega"": 0.9897656616346574}",2.419845437744696,True,2024-10-01,2.2191159357503283,1.7064518079477549,normal,BTC-USD,1168,0.19600770106729593,0.014427868488081547,,0.17131839824976233,2024-09-30,2023-05-20,3.808973146686574,5.458083891355039
0.3362528961842855,-0.3362528961842855,5.430512703285098,7.063897820820195,False,False,2325.8901133423938,2338.5339376376605,0,null,-1159.9450566711969,"{""alpha[1]"": 0.1141321212975582, ""beta[1]"": 0.7224807476339073, ""omega"": 1.063933020340699}",2.7110062860105666,True,2024-10-02,1.4834309875639642,1.824945740849813,normal,BTC-USD,1169,0.1980720470973201,0.058089761296857195,,0.1615146841020363,2024-10-01,2023-05-21,4.297693838130684,6.14522902587
-0.20860853820139236,0.20860853820139236,5.044185459101658,6.5653459210074665,False,False,2325.853269289997,2338.497093585264,0,null,-1159.9266346449986,"{""alpha[1]"": 0.11112712618734479, ""beta[1]"": 0.7292626947086686, ""omega"": 1.035339894704337}",2.524741734197157,True,2024-10-03,1.409087152463698,1.7514921852980674,normal,BTC-USD,1170,0.20989037425680068,0.05918404452377813,,0.16363165167532664,2024-10-02,2023-05-22,3.989198946934617,5.709795914176415
-2.130028354721691,2.130028354721691,4.749674262263379,6.184719893199234,False,False,2326.081882812852,2338.725707108119,0,null,-1160.040941406426,"{""alpha[1]"": 0.11020475772377411, ""beta[1]"": 0.7314350583111665, ""omega"": 1.0237995107725635}",2.3818128893264583,True,2024-10-04,1.3485327470496236,1.6915800537126549,normal,BTC-USD,1171,0.29422201174067564,0.07507632016532802,,0.1633216896365733,2024-10-03,2023-05-23,3.754411880091817,5.377603661811105
-0.03620026285830821,0.03620026285830821,4.714525359063604,6.1397395789149725,False,False,2326.5010641282006,2339.1448884234674,0,null,-1160.2505320641003,"{""alpha[1]"": 0.11104669929862111, ""beta[1]"": 0.7293846026508098, ""omega"": 1.030948996345225}",2.3654952328446743,True,2024-10-05,1.340988984526295,1.6842252058087146,normal,BTC-USD,1172,0.18811408611582123,0.05374353115017399,,0.16481195382286654,2024-10-04,2023-05-24,3.726081459458113,5.3381528521590855
-1.1672701779490875,1.1672701779490875,4.4889450708875644,5.850233897047519,False,False,2324.042404423892,2336.686228719159,0,null,-1159.021202211946,"{""alpha[1]"": 0.11219013852888275, ""beta[1]"": 0.7254514865553708, ""omega"": 1.0472211134085465}",2.2593952431529294,True,2024-10-06,1.2912990337754344,1.635609437669082,normal,BTC-USD,1173,0.23560531019903766,0.06251871064090563,,0.17153843438533734,2024-10-05,2023-05-25,3.544836026031662,5.084600886141469
0.9312611597088969,-0.9312611597088969,4.369173169226806,5.695846707321631,False,False,2324.2322873143385,2336.8761116096052,0,null,-1159.1161436571692,"{""alpha[1]"": 0.11280077777747446, ""beta[1]"": 0.7250496903124709, ""omega"": 1.0443031172376926}",2.2019426176029615,True,2024-10-07,1.263984297735591,1.608735798774962,normal,BTC-USD,1174,0.12589050358475534,0.04018421298012432,,0.1728020694992485,2024-10-06,2023-05-26,3.4490712314040013,4.949682457721325
0.16835665336023015,-0.16835665336023015,4.2918164735558415,5.594816826146355,False,False,2324.2053803961244,2336.849204691391,0,null,-1159.1026901980622,"{""alpha[1]"": 0.11420277903902645, ""beta[1]"": 0.7234413893606497, ""omega"": 1.0444823197034494}",2.1626511155419323,True,2024-10-08,1.246150355846896,1.5908533503165336,normal,BTC-USD,1175,0.16098880986134217,0.04693610490930077,,0.1691116806427238,2024-10-07,2023-05-27,3.3881328505870707,4.861967144290303
2.526115547671742,-2.526115547671742,4.163329162711248,5.428376078860042,False,False,2323.805549553186,2336.449373848453,0,null,-1158.902774776593,"{""alpha[1]"": 0.11708408454018888, ""beta[1]"": 0.7184667640000723, ""omega"": 1.056578804296778}",2.0996580077533196,True,2024-10-09,1.2155795044629776,1.56056888518185,normal,BTC-USD,1176,0.03799261202359797,0.021907570936109726,,0.16766230126704915,2024-10-08,2023-05-28,3.285967788143701,4.716872641282713
0.5090366967699504,-0.5090366967699504,4.500884000780054,5.86046370041999,False,False,2321.550307035499,2334.1941313307657,0,null,-1157.7751535177495,"{""alpha[1]"": 0.1204401410823508, ""beta[1]"": 0.7090052967687698, ""omega"": 1.1009978686118014}",2.2565585252903633,True,2024-10-10,1.2947763775791232,1.6377489965741656,normal,BTC-USD,1177,0.1524461803877862,0.04586755260961577,,0.1537481702264473,2024-10-09,2023-05-29,3.5579603045256722,5.095791957731524
-3.537847936445078,3.537847936445078,4.340911802946238,5.654178587344087,False,False,2321.3194629786353,2333.963287273902,0,null,-1157.6597314893177,"{""alpha[1]"": 0.11904491815985245, ""beta[1]"": 0.7140910627317176, ""omega"": 1.0749318924082847}",2.1796907964266143,True,2024-10-11,1.2582658712200963,1.6017615715659481,normal,BTC-USD,1178,0.34839779646655716,0.08453402667529526,,0.15516431924900084,2024-10-10,2023-05-30,3.430107992886059,4.91555473108444
-1.1906298336165697,1.1906298336165697,4.818894954484499,6.273935165283713,False,False,2323.590510882247,2336.234335177514,0,null,-1158.7952554411236,"{""alpha[1]"": 0.11758038911058943, ""beta[1]"": 0.7167847249209456, ""omega"": 1.07024466796221}",2.4149988361762156,True,2024-10-12,1.3631336758671204,1.7059654129353152,normal,BTC-USD,1179,0.2500197676686449,0.06646203166954512,,0.16255407501170796,2024-10-11,2023-05-31,3.8097655197563243,5.455573333337936
0.5421094137271204,-0.5421094137271204,4.601647589725689,5.9949540475582745,False,False,2323.1337282712943,2335.777552566561,0,null,-1158.5668641356472,"{""alpha[1]"": 0.11523030210448915, ""beta[1]"": 0.7242448414022515, ""omega"": 1.033771302942476}",2.3125364159209654,True,2024-10-13,1.3164212394875543,1.660201397264983,normal,BTC-USD,1180,0.15466118021180175,0.04669203867870842,,0.16845089322180523,2024-10-12,2023-06-01,3.635333017963153,5.211313281597958
-4.958054928829012,4.958054928829012,4.4148063184671535,5.75408544754649,False,False,2322.6019779009966,2335.2458021962634,0,null,-1158.3009889504983,"{""alpha[1]"": 0.11320492082538763, ""beta[1]"": 0.7322506073239702, ""omega"": 0.9916126409601065}",2.222864711254372,True,2024-10-14,1.2745709457761802,1.6190024235617675,normal,BTC-USD,1181,0.4222008410282338,0.099588863333425,,0.1703251907935344,2024-10-13,2023-06-02,3.485961891735656,5.00083140451348
-1.4952642422039788,1.4952642422039788,5.372894325568444,6.9939911184346615,False,False,2326.495549053014,2339.139373348281,0,null,-1160.247774526507,"{""alpha[1]"": 0.11315445440921573, ""beta[1]"": 0.7299199526368956, ""omega"": 1.0154877999779799}",2.6906107742208305,True,2024-10-15,1.4721133424155957,1.8146884004674373,normal,BTC-USD,1182,0.2871931077230746,0.07577497918249662,,0.17706297843433405,2024-10-14,2023-06-03,4.248597912257508,6.082233676045676
-0.8490108547449184,0.8490108547449184,5.061200824908974,6.592503239671861,False,False,2326.310965910109,2338.954790205376,0,null,-1160.1554829550546,"{""alpha[1]"": 0.11195382583369196, ""beta[1]"": 0.734564283239159, ""omega"": 0.9883202383398392}",2.5415748114994963,True,2024-10-16,1.4117681216915798,1.7552916825024791,normal,BTC-USD,1183,0.24240956557995333,0.0658025992418322,,0.18133809000930742,2024-10-15,2023-06-04,3.9991804568541434,5.731249069438296
0.31535287798086625,-0.31535287798086625,4.7700462751107775,6.21670609892717,False,False,2325.642932733018,2338.2867570282847,0,null,-1159.821466366509,"{""alpha[1]"": 0.11494713673130551, ""beta[1]"": 0.7257069601237905, ""omega"": 1.0214923975442012}",2.4010895128049383,True,2024-10-17,1.3520189908526254,1.6963592455255174,normal,BTC-USD,1184,0.17256880504338745,0.0508770479059093,,0.1827118149237343,2024-10-16,2023-06-05,3.766728978848612,5.403057668571792
-1.5004897034938922,1.5004897034938922,4.527980600018274,5.906754118645386,False,False,2322.3204560248514,2334.964280320118,0,null,-1158.1602280124257,"{""alpha[1]"": 0.10729463944690587, ""beta[1]"": 0.7464222791352328, ""omega"": 0.9311735197965203}",2.2884154115618096,True,2024-10-18,1.2990924244634434,1.6448116728353495,normal,BTC-USD,1185,0.25361174574326684,0.06631776852795361,,0.1923631783076482,2024-10-17,2023-06-06,3.5717452113714403,5.131287149301463
0.08196237142198878,-0.08196237142198878,4.441952511225677,5.793213868168867,False,False,2317.142294925802,2329.786119221069,0,null,-1155.571147462901,"{""alpha[1]"": 0.10384682547115802, ""beta[1]"": 0.7606717114659862, ""omega"": 0.8623236062315379}",2.242752179745783,True,2024-10-19,1.2801159600204137,1.625500401571701,normal,BTC-USD,1186,0.171141777589252,0.04951258259928933,,0.1842011340011456,2024-10-18,2023-06-07,3.504797923207026,5.033220631350918
-0.9303330181939203,0.9303330181939203,4.26864903448727,5.57118880930523,False,False,2313.873417652477,2326.517241947744,0,null,-1153.9367088262386,"{""alpha[1]"": 0.1055234009979824, ""beta[1]"": 0.7589357463772367, ""omega"": 0.863104456471899}",2.161886672898749,True,2024-10-20,1.239669734844962,1.5861121757519485,normal,BTC-USD,1187,0.21478089295444427,0.0576893118952856,,0.1907022940805967,2024-10-19,2023-06-08,3.3652848408949616,4.838598171334635
2.3963262928724545,-2.3963262928724545,4.16219285462001,5.433822548561575,False,False,2314.1686338371087,2326.8124581323755,0,null,-1154.0843169185544,"{""alpha[1]"": 0.10733261974267434, ""beta[1]"": 0.7536299703680716, ""omega"": 0.8842251378305335}",2.110583754403041,True,2024-10-21,1.2141521229729983,1.5610217354947706,normal,BTC-USD,1188,0.04419698818189972,0.023222904502639488,,0.19133528690424947,2024-10-20,2023-06-09,3.280266056510448,4.718616743136401
0.00956779857557693,-0.00956779857557693,4.412622162316357,5.75606168851088,False,False,2315.727961212468,2328.371785507735,0,null,-1154.863980606234,"{""alpha[1]"": 0.10741385305481181, ""beta[1]"": 0.7521986513880234, ""omega"": 0.8943154960796044}",2.229769918489632,True,2024-10-22,1.2733180510093485,1.6189842415279845,normal,BTC-USD,1189,0.1735662266386195,0.04990899904556006,,0.18675280634699568,2024-10-21,2023-06-10,3.480892331347964,5.000467703131578
1.389043822122552,-1.389043822122552,4.247082623647045,5.543568513064853,False,False,2314.127444492725,2326.7712687879916,0,null,-1154.0637222463624,"{""alpha[1]"": 0.10883936290365771, ""beta[1]"": 0.7489753892454427, ""omega"": 0.9050294928608523}",2.1518387538878487,True,2024-10-23,1.234518605278224,1.5811011831181467,normal,BTC-USD,1190,0.0979436611568187,0.034253389545749,,0.19154273368824012,2024-10-22,2023-06-11,3.3479170452589244,4.814382776697449
-2.5691547982315286,2.5691547982315286,4.254187513455613,5.551736613055078,False,False,2314.7841346324517,2327.4279589277185,0,null,-1154.3920673162258,"{""alpha[1]"": 0.1087322539599438, ""beta[1]"": 0.749815193409598, ""omega"": 0.899795568652922}",2.153603413951711,True,2024-10-24,1.2363703460433606,1.5826593514359346,normal,BTC-USD,1191,0.296171967694539,0.07391107691010898,,0.18807783079429755,2024-10-23,2023-06-12,3.354284555659247,4.821952892779363
2.2532133487633317,-2.2532133487633317,4.4154891819436735,5.761738919061723,False,False,2315.9677286870174,2328.611552982284,0,null,-1154.9838643435087,"{""alpha[1]"": 0.10859580425244071, ""beta[1]"": 0.7505639712895265, ""omega"": 0.8965241047890378}",2.2344341580476565,True,2024-10-25,1.2736632743045866,1.6198250851519296,normal,BTC-USD,1192,0.061429850344615865,0.02751351031101774,,0.19350677339329903,2024-10-24,2023-06-13,3.481810355655648,5.004564379865103
-0.5570705733291693,0.5570705733291693,4.555719697525834,5.941576733553808,False,False,2317.052010540003,2329.6958348352696,0,null,-1155.5260052700014,"{""alpha[1]"": 0.10920718646467119, ""beta[1]"": 0.7502358707266903, ""omega"": 0.8954196556506038}",2.3001722593465974,True,2024-10-26,1.305407393333943,1.6507886620118062,normal,BTC-USD,1193,0.20758210877134511,0.057191963374861654,,0.18887508130168387,2024-10-25,2023-06-14,3.594571602097729,5.162125764156991
-1.3555484065027974,1.3555484065027974,4.360231096803804,5.691130662676357,False,False,2314.9799514367023,2327.623775731969,0,null,-1154.4899757183512,"{""alpha[1]"": 0.11015557100682445, ""beta[1]"": 0.746876490144367, ""omega"": 0.9089287975432891}",2.2089567551430207,True,2024-10-27,1.2608314960760518,1.6073812778412684,normal,BTC-USD,1194,0.2396373321859502,0.06298137964418174,,0.19621229325974998,2024-10-26,2023-06-15,3.4371982372162027,4.942589557915371
-2.8709215095404734,2.8709215095404734,4.269910794079867,5.574179454326018,False,False,2314.7313716195213,2327.375195914788,0,null,-1154.3656858097606,"{""alpha[1]"": 0.1097601634388815, ""beta[1]"": 0.7492951025762984, ""omega"": 0.8941170380102151}",2.164756185552743,True,2024-10-28,1.2397470004110143,1.5865449434873828,normal,BTC-USD,1195,0.31181345289109225,0.07711537944627167,,0.19535951499069718,2024-10-27,2023-06-16,3.3653475482813664,4.8406164350866865
-3.9446590591790267,3.9446590591790267,4.518508834932397,5.895377290200469,False,False,2314.7939336629142,2327.437757958181,0,null,-1154.3969668314571,"{""alpha[1]"": 0.11174050348103577, ""beta[1]"": 0.741578296089059, ""omega"": 0.9324118712088628}",2.2852534880900173,True,2024-10-29,1.2968481233273756,1.6428121400483189,normal,BTC-USD,1196,0.37541268721077503,0.09065640849489762,,0.19531280335190004,2024-10-28,2023-06-17,3.5635946850364677,5.1209817903107275
0.5252363431974749,-0.5252363431974749,5.018163572632865,6.54287633860494,False,False,2317.33527393624,2329.9790982315067,0,null,-1155.66763696812,"{""alpha[1]"": 0.11342492691454918, ""beta[1]"": 0.7381970380074885, ""omega"": 0.9480518927602232}",2.5306376607303944,True,2024-10-30,1.402339510825235,1.7473109817154429,normal,BTC-USD,1197,0.17177385251192775,0.05160092057494018,,0.20181514131635153,2024-10-29,2023-06-18,3.960713393436027,5.685328400691488
2.9806220890013004,-2.9806220890013004,4.723308004140599,6.161974767172071,False,False,2317.214412971798,2329.858237267065,0,null,-1155.607206485899,"{""alpha[1]"": 0.11164567460731778, ""beta[1]"": 0.7447107649315926, ""omega"": 0.91322906321121}",2.387823052984924,True,2024-10-31,1.341264702052558,1.687083415771987,normal,BTC-USD,1198,0.03724560654532022,0.02372199804583004,,0.20208518931288555,2024-10-30,2023-06-19,3.725534219907704,5.352821893584302
1.0490161236778448,-1.0490161236778448,4.986701388535523,6.499431022984542,False,False,2318.3531444277205,2330.9969687229873,0,null,-1156.1765722138603,"{""alpha[1]"": 0.11325511744391725, ""beta[1]"": 0.7416135486089965, ""omega"": 0.9237647025634328}",2.5107486923931996,True,2024-11-01,1.3963871963664736,1.7408096046314192,normal,BTC-USD,1199,0.14442729368361637,0.04599606663425449,,0.19225209569645124,2024-10-31,2023-06-20,3.9375619973501697,5.64862278710329
0.27843627783140934,-0.27843627783140934,4.704732321033512,6.131361250091475,False,False,2315.3472973278667,2327.9911216231335,0,null,-1154.6736486639334,"{""alpha[1]"": 0.08541217607667355, ""beta[1]"": 0.8176286628274361, ""omega"": 0.6099609127192611}",2.367843292411754,True,2024-11-02,1.3382646596580883,1.6825514928919518,normal,BTC-USD,1200,0.17184354926750098,0.05050542567137779,,0.1794483643947637,2024-11-01,2023-06-21,3.7153072631814257,5.328978844969185
0.794258611019124,-0.794258611019124,5.613760090423373,7.302341598502357,False,False,2301.7286041854254,2314.372428480692,0,null,-1147.8643020927127,"{""alpha[1]"": 0.0, ""beta[1]"": 0.9940947158735669, ""omega"": 0.04830716366610784}",2.802618337646858,True,2024-11-03,1.5166083719922878,1.858139105099692,normal,BTC-USD,1201,0.18242008387120237,0.05558369951317552,,0.16723664919597162,2024-11-02,2023-06-22,4.442660288443168,6.352628562336672
1.36156113769128,-1.36156113769128,4.418383328626913,5.757565336044307,False,False,2304.330544951345,2316.974369246612,0,null,-1149.1652724756725,"{""alpha[1]"": 0.04020911966769071, ""beta[1]"": 0.9266386857514576, ""omega"": 0.2101219393560875}",2.222703513853215,True,2024-11-04,1.275566421795494,1.6196956174485022,normal,BTC-USD,1202,0.10640225610090465,0.03642804779694384,,0.1664156766898724,2024-11-03,2023-06-23,3.4896062597093707,5.004365917385661
-2.2572112498305326,2.2572112498305326,5.588958044976222,7.267750003869758,False,False,2300.474324909357,2313.118149204624,0,null,-1147.2371624546786,"{""alpha[1]"": 3.294592256683096e-17, ""beta[1]"": 0.993502474724609, ""omega"": 0.05201145952435318}",2.7863701613325005,True,2024-11-05,1.5124695433343525,1.8535293680219103,normal,BTC-USD,1203,0.3340929471233401,0.08580754177676378,,0.15852337326085908,2024-11-04,2023-06-24,4.424647692636263,6.323542927845837
-8.666903126846401,8.666903126846401,4.413692051751007,5.750797127797294,False,False,2303.2330493757,2315.8768736709667,0,null,-1148.61652468785,"{""alpha[1]"": 0.04003411445633977, ""beta[1]"": 0.9265138402400046, ""omega"": 0.2125359914025995}",2.2192563329390294,True,2024-11-06,1.2746070230508924,1.618568555301581,normal,BTC-USD,1204,0.6076629272935954,0.13665668969586503,,0.1639964093442924,2024-11-05,2023-06-25,3.486355419025494,4.998765842740091
-0.35076496874788743,0.35076496874788743,5.690041336164096,7.405151594658374,False,False,2313.493527268447,2326.1373515637138,0,null,-1153.7467636342235,"{""alpha[1]"": 2.72231023996067e-11, ""beta[1]"": 0.9943269465316062, ""omega"": 0.04813404267696468}",2.8466493554171204,True,2024-11-07,1.5296683167359708,1.8719107042134686,normal,BTC-USD,1205,0.24256538689636278,0.06791282897124684,,0.18177874773755706,2024-11-06,2023-06-26,4.500542769179364,6.440517928376791
-0.8404323332784064,0.8404323332784064,5.668428603760526,7.3778330731073,False,False,2314.697497381043,2327.3413216763097,0,null,-1154.3487486905215,"{""alpha[1]"": 0.0, ""beta[1]"": 0.9942286393609737, ""omega"": 0.04850236718545158}",2.837179188167844,True,2024-11-08,1.5257637845282788,1.868167382752155,normal,BTC-USD,1206,0.26616597831903577,0.07256840861078788,,0.18385724486680616,2024-11-07,2023-06-27,4.482887233102304,6.4164085278003755
-0.30444063943801697,0.30444063943801697,5.650570269121078,7.354450119999078,False,False,2315.418855179973,2328.0626794752397,0,null,-1154.7094275899865,"{""alpha[1]"": 0.0, ""beta[1]"": 0.994078740363952, ""omega"": 0.04926613765324907}",2.8280097184354025,True,2024-11-09,1.5226253996339523,1.865001173502728,normal,BTC-USD,1207,0.23866505425047047,0.06700573438835963,,0.18280159685109537,2024-11-08,2023-06-28,4.468860445571388,6.39613279939794
-4.70070453653307,4.70070453653307,5.622377461731381,7.319357479438867,False,False,2313.5541682691915,2326.197992564458,0,null,-1153.7770841345957,"{""alpha[1]"": 4.955854573047849e-16, ""beta[1]"": 0.9936067136365372, ""omega"": 0.052352750956314274}",2.8165577400275703,True,2024-11-10,1.5174259914041235,1.8601235843533845,normal,BTC-USD,1208,0.45730787445140053,0.11065625385451835,,0.1873722617076585,2024-11-09,2023-06-29,4.445452952494932,6.364920848918755
-9.734014312496264,9.734014312496264,5.638383151309452,7.34209122787704,False,False,2317.157183502898,2329.801007798165,0,null,-1155.578591751449,"{""alpha[1]"": 0.0, ""beta[1]"": 0.9937379415541532, ""omega"": 0.051788086312936424}",2.8277246165140606,True,2024-11-11,1.5200353772857942,1.8631131135083439,normal,BTC-USD,1209,0.7095403386355632,0.1611788483121859,,0.19440063127812485,2024-11-10,2023-06-30,4.456792460214989,6.383870518722312
0.8442066269106776,-0.8442066269106776,7.759559904731365,10.088471503457809,False,False,2334.152047347994,2346.795871643261,0,null,-1164.076023673997,"{""alpha[1]"": 0.07806628639955278, ""beta[1]"": 0.8487103355011113, ""omega"": 0.5106969934287832}",3.8654043776510956,True,2024-11-12,1.840770166444953,2.181556476985553,normal,BTC-USD,1210,0.26500792860290046,0.07934409418101294,,0.21365921124482012,2024-11-11,2023-07-01,6.144365198968682,8.778616045011965
-2.9444850482241858,2.9444850482241858,7.232669757557635,9.406972050406242,False,False,2335.9971888744576,2348.6410131697244,0,null,-1164.9985944372288,"{""alpha[1]"": 0.07493461921712376, ""beta[1]"": 0.8510503365874418, ""omega"": 0.511842476212268}",3.6087920235829536,True,2024-11-13,1.7701144185932485,2.111451993418839,normal,BTC-USD,1211,0.4334593964005297,0.11128558931024381,,0.2112317691175628,2024-11-12,2023-07-02,5.724702879786401,8.184073882800185
3.7496922307561005,-3.7496922307561005,6.958960651357735,9.054976307004798,False,False,2338.21833165768,2350.862155952947,0,null,-1166.10916582884,"{""alpha[1]"": 0.075328793317257, ""beta[1]"": 0.8472940192448482, ""omega"": 0.5328723203635392}",3.4788560009722618,True,2024-11-14,1.7311380295453493,2.07312449056371,normal,BTC-USD,1212,0.08777982513816027,0.0412641685387813,,0.21692017732181526,2024-11-13,2023-07-03,5.505288733519304,7.876109084634227
-4.280211828020498,4.280211828020498,6.946956208083976,9.036261840412182,False,False,2339.9075442329668,2352.5513685282335,0,null,-1166.9537721164834,"{""alpha[1]"": 0.07621576631615053, ""beta[1]"": 0.8454825870706705, ""omega"": 0.5409765292295055}",3.467719058923866,True,2024-11-15,1.729720424065499,2.0712036060594774,normal,BTC-USD,1213,0.4889074895872146,0.12141380380923071,,0.20595230759588054,2024-11-14,2023-07-04,5.497937963723786,7.861168552902561
0.5588812244149194,-0.5588812244149194,6.927478024248705,9.014309381059094,False,False,2341.8832785025043,2354.527102797771,0,null,-1167.9416392512521,"{""alpha[1]"": 0.07787458457357624, ""beta[1]"": 0.8416135268940145, ""omega"": 0.557875321880311}",3.463612387196475,True,2024-11-16,1.7265738731241216,2.0686089646303887,normal,BTC-USD,1214,0.24606472829782108,0.07281726481978296,,0.21695960706283246,2024-11-15,2023-07-05,5.480175790371336,7.840607706393208
0.7900350440361926,-0.7900350440361926,6.497011731324634,8.458283079023538,False,False,2342.9225184923625,2355.5663427876293,0,null,-1168.4612592461813,"{""alpha[1]"": 0.07678434246107227, ""beta[1]"": 0.8403620454098467, ""omega"": 0.5702383635531771}",3.2552145205093663,True,2024-11-17,1.6619812761376944,2.0047317200018604,normal,BTC-USD,1215,0.21733777076072805,0.06565165383983472,,0.21756095131417877,2024-11-16,2023-07-06,5.13679045925075,7.35520042801966
-0.7725465411640614,0.7725465411640614,6.144757945583945,8.00384689274891,False,False,2341.9863064005694,2354.630130695836,0,null,-1167.9931532002847,"{""alpha[1]"": 0.0752719023941178, ""beta[1]"": 0.8419767757816643, ""omega"": 0.567611195663644}",3.085617572922874,True,2024-11-18,1.6057695029926737,1.949283612689169,normal,BTC-USD,1216,0.2813975428108704,0.0773078148088221,,0.21998494115404593,2024-11-17,2023-07-07,4.855404315053343,6.9582349397181416
-1.9697543178236978,1.9697543178236978,5.763043089479402,7.51024805686239,False,False,2342.516428930723,2355.16025322599,0,null,-1168.2582144653616,"{""alpha[1]"": 0.07829726407081236, ""beta[1]"": 0.8302621355877576, ""omega"": 0.623352962232241}",2.899918456874511,True,2024-11-19,1.5412021598558736,1.8854226479215543,normal,BTC-USD,1217,0.3260519928617219,0.08497317602622698,,0.21865585224282202,2024-11-18,2023-07-08,4.551285539410734,6.527563284798992
-2.1381445009147364,2.1381445009147364,5.445234052509293,7.100856131132312,False,False,2343.914022306233,2356.5578466015,0,null,-1168.9570111531166,"{""alpha[1]"": 0.08397267504763224, ""beta[1]"": 0.8110876010146248, ""omega"": 0.7123274918456911}",2.7479140186964797,True,2024-11-20,1.4838698963736316,1.8290796805796905,normal,BTC-USD,1218,0.3217568726666653,0.08307825048571188,,0.22292338778513493,2024-11-19,2023-07-09,4.296992952418565,6.169680547656443
-4.320463737183629,4.320463737183629,5.18309642618551,6.763633739393298,False,False,2345.178671409345,2357.822495704612,0,null,-1169.5893357046725,"{""alpha[1]"": 0.08975348850201806, ""beta[1]"": 0.7912451317893424, ""omega"": 0.8056166880719482}",2.6232922936427436,True,2024-11-21,1.4339138578772794,1.7801301195267714,normal,BTC-USD,1219,0.42036966975944207,0.10195152001740249,,0.2280021857469081,2024-11-20,2023-07-10,4.0869296580052055,5.87468826455661
-0.4991722095086362,0.4991722095086362,5.546152487597586,7.2347903557861155,False,False,2348.3074770712788,2360.9513013665455,0,null,-1171.1537385356394,"{""alpha[1]"": 0.08593405117000859, ""beta[1]"": 0.8036716563664129, ""omega"": 0.7525441974297002}",2.8027118811777862,True,2024-11-22,1.5019420382764452,1.8476267107196502,normal,BTC-USD,1220,0.24370929035514205,0.06784217830374527,,0.23503720546106407,2024-11-21,2023-07-11,4.375013597594201,6.285045620865884
1.24040025247433,-1.24040025247433,5.200783833965258,6.788438717138441,False,False,2349.1636763797387,2361.8075006750055,0,null,-1171.5818381898694,"{""alpha[1]"": 0.08949352927083395, ""beta[1]"": 0.7906295036281458, ""omega"": 0.8137145042989318}",2.6351056600743084,True,2024-11-23,1.4370906708548188,1.7836813598187922,normal,BTC-USD,1221,0.14296402448469628,0.04655089837507202,,0.234682360205326,2024-11-22,2023-07-12,4.099680742168253,5.895490089981528
-0.24162403213775488,0.24162403213775488,5.00042980985714,6.529277423712309,False,False,2349.9743324409715,2362.6181567362382,0,null,-1171.9871662204857,"{""alpha[1]"": 0.09166136319775574, ""beta[1]"": 0.7840081018530723, ""omega"": 0.8420551997355153}",2.5375004627006237,True,2024-11-24,1.397478525746008,1.7446012332529497,normal,BTC-USD,1222,0.20908679889952317,0.0591102794530755,,0.23370489361145513,2024-11-23,2023-07-13,3.940111945852705,5.66940391316979
5.1409637288189165,-5.1409637288189165,4.93775564691688,6.446389711143008,True,False,2347.701854055388,2360.345678350655,0,null,-1170.850927027694,"{""alpha[1]"": 0.07720595440478983, ""beta[1]"": 0.8254887948093763, ""omega"": 0.6562768058644576}",2.503951081407367,True,2024-11-25,6.4460454807261325,1.73189543972759,normal,BTC-USD,1223,1.187031677484556,0.004569212280412116,,0.22717631807416402,2024-11-24,2023-07-14,3.891456699887805,5.597884956860128
1.2069852539716708,-1.2069852539716708,5.686351047509796,7.412799269649026,False,False,2338.6747825209386,2351.3186068162054,0,null,-1166.3373912604693,"{""alpha[1]"": 4.808254075497953e-06, ""beta[1]"": 0.9924308990834643, ""omega"": 0.06325015688309665}",2.865467508210386,True,2024-11-26,1.5275010426084248,1.8722170675678855,normal,BTC-USD,1224,0.16410019443238133,0.05234803510714514,,0.2242854811721568,2024-11-25,2023-07-15,4.488989142619294,6.44178876468618
-4.232881331039264,4.232881331039264,5.675397339809899,7.39801470549619,False,False,2340.6163582652507,2353.2601825605175,0,null,-1167.3081791326254,"{""alpha[1]"": 1.12416846940232e-13, ""beta[1]"": 0.9923693398868838, ""omega"": 0.06346482470181694}",2.8591092551485526,True,2024-11-27,1.525634601751304,1.870250072480026,normal,BTC-USD,1225,0.43567868101864266,0.10662040129556564,,0.222123938848037,2024-11-26,2023-07-16,4.480692289333581,6.42915879851729
0.3236310003132818,-0.3236310003132818,5.679708806154891,7.406148364062296,False,False,2344.3416568984912,2356.985481193758,0,null,-1169.1708284492456,"{""alpha[1]"": 0.0, ""beta[1]"": 0.9925024021383554, ""omega"": 0.06269378080670335}",2.865453127776348,True,2024-11-28,1.5260870629050212,1.8712024703905108,normal,BTC-USD,1226,0.2079360954973747,0.06111511731831314,,0.2308980598215943,2024-11-27,2023-07-17,4.482352910260772,6.43514273214459
-1.8736162912337877,1.8736162912337877,5.6637753789591105,7.385571584505358,False,False,2345.846492367437,2358.4903166627037,0,null,-1169.9232461837184,"{""alpha[1]"": 7.496937562762322e-13, ""beta[1]"": 0.992423910741265, ""omega"": 0.062946755029177}",2.8577463369502762,True,2024-11-29,1.5232533213277195,1.8684085935076333,normal,BTC-USD,1227,0.3171628063799042,0.08290793815870416,,0.23093459087565527,2024-11-28,2023-07-18,4.469639836364291,6.41717752463662
1.044273046504378,-1.044273046504378,5.352945202194129,6.98560839028337,False,False,2350.224108937623,2362.8679332328898,0,null,-1172.1120544688115,"{""alpha[1]"": 0.05604525189032146, ""beta[1]"": 0.87923597354029, ""omega"": 0.4459763768532056}",2.709808065673699,True,2024-11-30,1.4661151063240712,1.8124014391920795,normal,BTC-USD,1228,0.15881769889517142,0.05023072585376426,,0.23661060075793422,2024-11-29,2023-07-19,4.220627024407803,6.067345631880799
-0.8576311609966155,0.8576311609966155,5.176001309027171,6.756258469542454,False,False,2351.5086845416668,2364.1525088369335,0,null,-1172.7543422708334,"{""alpha[1]"": 0.059354267111666054, ""beta[1]"": 0.8683583867753565, ""omega"": 0.4958991747972719}",2.6228273110111084,True,2024-12-01,1.4322916598421558,1.7789189442498787,normal,BTC-USD,1229,0.2468829999552457,0.06725101722667864,,0.2341381772757045,2024-11-30,2023-07-20,4.080028838108294,5.867470561671243
1.4647119788005198,-1.4647119788005198,4.968772782773728,6.489239771189731,False,False,2352.302138987394,2364.9459632826606,0,null,-1173.151069493697,"{""alpha[1]"": 0.0629425804790252, ""beta[1]"": 0.8564648467375475, ""omega"": 0.5504918312719983}",2.5235907435521074,True,2024-12-02,1.390946323606053,1.7383641590578787,normal,BTC-USD,1230,0.12247776219069688,0.04169367817552682,,0.2366701648583912,2024-12-01,2023-07-21,3.9142672226144555,5.634079796353198
-0.1426603458136385,0.1426603458136385,4.859300572768077,6.3467075276466955,False,False,2353.584987349155,2366.228811644422,0,null,-1173.7924936745776,"{""alpha[1]"": 0.06632559620432811, ""beta[1]"": 0.8452017909707678, ""omega"": 0.6031904381900512}",2.4687194472647858,True,2024-12-03,1.3686053013531985,1.7161251673173217,normal,BTC-USD,1231,0.19851919166625548,0.05652801934313708,,0.2329586492476491,2024-12-02,2023-07-22,3.827723487511468,5.510141588500065
-2.8408310877214493,2.8408310877214493,4.673098197400527,6.106468403584107,False,False,2354.14972184664,2366.793546141907,0,null,-1174.07486092332,"{""alpha[1]"": 0.0699586480292256, ""beta[1]"": 0.8333692902618898, ""omega"": 0.6570499824885814}",2.3790321078766996,True,2024-12-04,1.3290939405051114,1.67732893754315,normal,BTC-USD,1232,0.32599144390041607,0.08141125573167188,,0.23416180098812955,2024-12-03,2023-07-23,3.678997790286866,5.300294485445731
2.2266865317398263,-2.2266865317398263,4.751915098928814,6.209356187398068,False,False,2355.78526721722,2368.4290915124866,0,null,-1174.89263360861,"{""alpha[1]"": 0.07000077743725157, ""beta[1]"": 0.8322625570736605, ""omega"": 0.6649840745007162}",2.4189836860352893,True,2024-12-05,1.345834626205189,1.6940447927734308,normal,BTC-USD,1233,0.07572170131820315,0.0316295749220015,,0.23775353140769895,2024-12-04,2023-07-24,3.741120558103888,5.389644023939973
-3.3864801777989415,3.3864801777989415,4.849725376671563,6.336224808479107,False,False,2351.6360670743734,2364.27989136964,0,null,-1172.8180335371867,"{""alpha[1]"": 0.062311582226791645, ""beta[1]"": 0.8603696130683505, ""omega"": 0.5300992403716163}",2.467213188438274,True,2024-12-06,1.3663435108636923,1.7143346098335797,normal,BTC-USD,1234,0.36026289366464265,0.08886649467556557,,0.23942686597129656,2024-12-05,2023-07-25,3.818777695493905,5.500169289757607
-0.002627048482238426,0.002627048482238426,4.963385036787302,6.484960871063599,False,False,2354.049213349612,2366.6930376448786,0,null,-1174.024606674806,"{""alpha[1]"": 0.06390197689817312, ""beta[1]"": 0.8531733042163726, ""omega"": 0.5696433993519365}",2.525431147303314,True,2024-12-07,1.3894761019210695,1.737521437134573,normal,BTC-USD,1235,0.19553687477534495,0.056318042938144124,,0.24585413523341684,2024-12-06,2023-07-26,3.908110447024657,5.629177245332169
-1.3051327814737121,1.3051327814737121,4.799472505974557,6.2729179253473175,False,False,2354.826710402288,2367.4705346975547,0,null,-1174.413355201144,"{""alpha[1]"": 0.06630638601710202, ""beta[1]"": 0.8430697965126251, ""omega"": 0.620370817124407}",2.445546828564882,True,2024-12-08,1.3555879950405303,1.7041318912342267,normal,BTC-USD,1236,0.25413555468264704,0.0674933718830756,,0.24498825866539167,2024-12-07,2023-07-27,3.777578312179225,5.444204406833841
3.829250346621322,-3.829250346621322,4.68012329821165,6.119758075737554,True,False,2355.4073158115116,2368.0511401067783,0,null,-1174.7036579057558,"{""alpha[1]"": 0.06869739880623184, ""beta[1]"": 0.833403239225599, ""omega"": 0.6688070282837824}",2.3894297122786723,True,2024-12-09,1.9606208669139802,1.6792138523927833,normal,BTC-USD,1237,0.14019358047956135,0.014808104127638359,,0.24858397194435036,2024-12-08,2023-07-28,3.6816781566428363,5.3100607593851565
0.7802793548815968,-0.7802793548815968,5.061323881678693,6.609850523710383,False,False,2358.904867334975,2371.5486916302416,0,null,-1176.4524336674874,"{""alpha[1]"": 0.0687789479098613, ""beta[1]"": 0.8286788697163422, ""omega"": 0.7046627801708445}",2.570162673538957,True,2024-12-10,1.4094373440297652,1.7567968447570452,normal,BTC-USD,1238,0.1603539229068306,0.04958629534237244,,0.24018358240763976,2024-12-09,2023-07-29,3.9873578130182055,5.738908889118837
-4.547294956559111,4.547294956559111,4.9193929537360805,6.425931902275675,False,False,2359.784463019596,2372.4282873148627,0,null,-1176.892231509798,"{""alpha[1]"": 0.07025287451110478, ""beta[1]"": 0.8198816014972613, ""omega"": 0.7530921131162447}",2.5004737191275606,True,2024-12-11,1.3807918810068376,1.728481194600397,normal,BTC-USD,1239,0.4210921005509429,0.10125900465602451,,0.2383662115440643,2024-12-10,2023-07-30,3.8745470544597405,5.578605509043331
1.1232138149604487,-1.1232138149604487,5.307775972487159,6.930577478493286,False,False,2363.27167483751,2375.915499132777,0,null,-1178.635837418755,"{""alpha[1]"": 0.07275209491810294, ""beta[1]"": 0.8089666691547848, ""omega"": 0.8162210736464859}",2.693440166988357,True,2024-12-12,1.4571295405763127,1.8042490306002796,normal,BTC-USD,1240,0.15295417282362334,0.04894647435154462,,0.24801755621466562,2024-12-11,2023-07-31,4.182297271432913,6.0178612501149065
-1.405722346736902,1.405722346736902,5.143216860451881,6.717386102943567,False,False,2364.221502522847,2376.8653268181138,0,null,-1179.1107512614235,"{""alpha[1]"": 0.07341305083782122, ""beta[1]"": 0.8021651285196628, ""omega"": 0.8567749414835909}",2.6127229064505997,True,2024-12-13,1.4254088079209875,1.772897263579691,normal,BTC-USD,1241,0.2728594477239786,0.07237744584464272,,0.24608014115179627,2024-12-12,2023-08-01,4.051466607742665,5.8320222377273625
0.08508417884890124,-0.08508417884890124,4.984103286518307,6.5117340817769085,False,False,2364.480930801742,2377.124755097009,0,null,-1179.240465400871,"{""alpha[1]"": 0.07364319106266853, ""beta[1]"": 0.7983245265326874, ""omega"": 0.8800981097568473}",2.535480851508619,True,2024-12-14,1.393682879840116,1.7416610417157017,normal,BTC-USD,1242,0.19197725783713535,0.05567460770651085,,0.24586553907835468,2024-12-13,2023-08-02,3.9246293355916047,5.6525449494999815
-2.84523776917349,2.84523776917349,4.809342537930454,6.286917739146421,False,False,2363.4564959733216,2376.1003202685883,0,null,-1178.7282479866608,"{""alpha[1]"": 0.0739484811629566, ""beta[1]"": 0.796999236420793, ""omega"": 0.886217577351138}",2.4524012221898697,True,2024-12-15,1.3574837864276414,1.706285921778806,normal,BTC-USD,1243,0.33149109710026364,0.08301119266482607,,0.2492568722274539,2024-12-14,2023-08-03,3.784584172831776,5.455881497309109
-1.6460567447824037,1.6460567447824037,4.876062281965012,6.374734389833151,False,False,2365.0831541438183,2377.726978439085,0,null,-1179.5415770719092,"{""alpha[1]"": 0.07578199773051528, ""beta[1]"": 0.7856920182576679, ""omega"": 0.9522882472166844}",2.4874167527805526,True,2024-12-16,1.3711762435471053,1.7201170223599056,normal,BTC-USD,1244,0.2741364550364694,0.07177889307863054,,0.254764111603966,2024-12-15,2023-08-04,3.8366723559469795,5.531832563080644
-0.10452246283255587,0.10452246283255587,4.775653857830982,6.246168862246316,False,False,2365.7687614910055,2378.4125857862723,0,null,-1179.8843807455028,"{""alpha[1]"": 0.07748962981867685, ""beta[1]"": 0.774856963200738, ""omega"": 1.0139297624686021}",2.4406830807047366,True,2024-12-17,1.3499765111422724,1.699556670522929,normal,BTC-USD,1245,0.19301572442817405,0.05523625967032116,,0.2587743918053574,2024-12-16,2023-08-05,3.7557920257309214,5.419103504199556
5.917915465405747,-5.917915465405747,4.6319368820310505,6.0605986644969,True,True,2366.1704757761077,2378.8143000713744,0,null,-1180.0852378880538,"{""alpha[1]"": 0.07933263070153494, ""beta[1]"": 0.763666109352925, ""omega"": 1.0762448517106082}",2.3712173150523137,True,2024-12-18,11.14999632133934,12.573142035680068,normal,BTC-USD,1246,2.162972832184417,0.6542341232681361,,0.25920344311072735,2024-12-17,2023-08-06,3.6411019578432025,5.257072916650054
2.5825905120144728,-2.5825905120144728,5.721401230764434,7.464829968941382,False,False,2373.2120345668345,2385.8558588621013,0,null,-1183.6060172834173,"{""alpha[1]"": 0.07537340417296269, ""beta[1]"": 0.7661431983976515, ""omega"": 1.1022203703162865}",2.8936508712297733,True,2024-12-19,1.5328776529319676,1.87884522120493,normal,BTC-USD,1247,0.09648360684414349,0.03901678558711101,,0.24736948177623952,2024-12-18,2023-08-07,4.512262648897341,6.484269070725571
-0.2714273558298057,0.2714273558298057,5.643155069277963,7.361941662235768,False,False,2374.852734538632,2387.4965588338987,0,null,-1184.426367269316,"{""alpha[1]"": 0.07620780051277774, ""beta[1]"": 0.7586428355986274, ""omega"": 1.1493233379047394}",2.8527511410481394,True,2024-12-20,1.519205413597727,1.8650130592369836,normal,BTC-USD,1248,0.23612670854896678,0.06666667661981276,,0.24125124599345665,2024-12-19,2023-08-08,4.451106815149526,6.395240306151465
0.5448791182377208,-0.5448791182377208,5.336728853203865,6.9650100437876175,False,False,2374.6547584428035,2387.2985827380703,0,null,-1184.3273792214018,"{""alpha[1]"": 0.07517404515194015, ""beta[1]"": 0.7573657592976386, ""omega"": 1.1625540229513784}",2.702535057823236,True,2024-12-21,1.4630077830896777,1.8094134986298571,normal,BTC-USD,1249,0.18312853251401967,0.05504332744744264,,0.237824823305946,2024-12-20,2023-08-09,4.207449768518111,6.04921186298198
2.204418037687263,-2.204418037687263,5.111329706817907,6.673857103723212,False,False,2375.0538014492367,2387.6976257445035,0,null,-1184.5269007246184,"{""alpha[1]"": 0.07515436043639756, ""beta[1]"": 0.7518482576157971, ""omega"": 1.198477548428503}",2.5934003864725383,True,2024-12-22,1.4194450579654796,1.7665175781245042,normal,BTC-USD,1250,0.09116177543928689,0.03590622952566119,,0.23811048535370544,2024-12-21,2023-08-10,4.027653546472999,5.795040990253379
0.44121754438402727,-0.44121754438402727,5.105341370103775,6.665093082407471,False,False,2376.218986919665,2388.8628112149318,0,null,-1185.1094934598325,"{""alpha[1]"": 0.07529139565267148, ""beta[1]"": 0.7487878979715987, ""omega"": 1.2194825214321703}",2.5887934518787517,True,2024-12-23,1.4184011724502872,1.7652646055172019,normal,BTC-USD,1251,0.17911863576445392,0.05346620559647077,,0.23459603907788412,2024-12-22,2023-08-11,4.023590259673102,5.7878381040311
-4.127399406299881,4.127399406299881,4.928501518465023,6.436405326083607,False,False,2376.575808928812,2389.2196332240787,0,null,-1185.287904464406,"{""alpha[1]"": 0.0749718165435857, ""beta[1]"": 0.7487827153608709, ""omega"": 1.2190317938642639}",2.5027390400876564,True,2024-12-24,1.3828422008888426,1.7302050362947368,normal,BTC-USD,1252,0.40050542201642453,0.09715710698114198,,0.23393035337262608,2024-12-23,2023-08-12,3.8827090340286015,5.588311291814308
-0.6294761557701811,0.6294761557701811,5.236533784256268,6.836786182353969,False,False,2379.10282544484,2391.746649740107,0,null,-1186.55141272242,"{""alpha[1]"": 0.07323087754246689, ""beta[1]"": 0.7600011434912473, ""omega"": 1.157825816498895}",2.6560143495081996,True,2024-12-25,1.4437180674084402,1.7906720098946,normal,BTC-USD,1253,0.23780849801980514,0.06566228459772755,,0.24206103139779978,2024-12-24,2023-08-13,4.126693804625917,5.936752304002567
3.5921593291768423,-3.5921593291768423,5.021478513759864,6.559547599445951,False,False,2379.1287193416147,2391.7725436368814,0,null,-1186.5643596708073,"{""alpha[1]"": 0.07188336006632828, ""beta[1]"": 0.769725230577055, ""omega"": 1.095640146811802}",2.55280577424749,True,2024-12-26,1.4012942858941853,1.7490436451242264,normal,BTC-USD,1254,0.01813029278187294,0.02102328304723647,,0.24422665185934359,2024-12-25,2023-08-14,3.954765184814301,5.694487633900487
1.716880486495554,-1.716880486495554,5.28929426665918,6.9032417553325285,False,False,2381.171206456358,2393.815030751625,0,null,-1187.585603228179,"{""alpha[1]"": 0.07220102231749873, ""beta[1]"": 0.7764215564298127, ""omega"": 1.0501287285836551}",2.678744736995807,True,2024-12-27,1.45406149524982,1.8004968934082197,normal,BTC-USD,1255,0.12265378497219934,0.04278624827127555,,0.23618681038518194,2024-12-26,2023-08-15,4.169956185939538,5.995505313623105
-1.0553910912166653,1.0553910912166653,5.177139612990439,6.757799568077602,False,False,2381.2755150256608,2393.9193393209275,0,null,-1187.6377575128304,"{""alpha[1]"": 0.07363452355020818, ""beta[1]"": 0.7752800319991199, ""omega"": 1.045301368868225}",2.623495848151931,True,2024-12-28,1.4325041517996224,1.7791434939013993,normal,BTC-USD,1256,0.25681394394531987,0.06924176206684785,,0.23437887343510533,2024-12-27,2023-08-16,4.080887787689727,5.868785115468112
1.7316317379201487,-1.7316317379201487,4.979408886621076,6.503875870596199,False,False,2380.605726129388,2393.249550424655,0,null,-1187.302863064694,"{""alpha[1]"": 0.07505297699591301, ""beta[1]"": 0.7706005414438264, ""omega"": 1.0625900760165803}",2.530229724762584,True,2024-12-29,1.3929808189096162,1.7405677109937199,normal,BTC-USD,1257,0.10952487146466604,0.0391483443053354,,0.23972837258269433,2024-12-28,2023-08-17,3.9221291672134675,5.646466168453685
0.9528989180985912,-0.9528989180985912,4.938903136738373,6.4548281340013975,False,False,2369.443191041888,2382.0870153371548,0,null,-1181.721595520944,"{""alpha[1]"": 0.07022552039020992, ""beta[1]"": 0.8141254531010534, ""omega"": 0.8011508977740032}",2.5160521867019545,True,2024-12-30,1.3842710029019138,1.7327403873745304,normal,BTC-USD,1258,0.14673243568342456,0.04649323804282501,,0.25098993312881257,2024-12-29,2023-08-18,3.8875476317670796,5.602222722381088
-0.844829004747529,0.844829004747529,4.820522114207856,6.302675470838301,False,False,2367.700055534575,2380.3438798298416,0,null,-1180.8500277672874,"{""alpha[1]"": 0.07098785717075141, ""beta[1]"": 0.8132496514099279, ""omega"": 0.8021443053982138}",2.459999802569807,True,2024-12-31,1.359641131480934,1.7087111609919479,normal,BTC-USD,1259,0.23187088086428814,0.0631389333057807,,0.2537509850186234,2024-12-30,2023-08-19,3.7925886125382293,5.469064325830535
-1.054638645165077,1.054638645165077,4.681884470776902,6.123931929874727,False,False,2368.3144779002596,2380.9583021955264,0,null,-1181.1572389501298,"{""alpha[1]"": 0.07286316131434349, ""beta[1]"": 0.8027801774589601, ""omega"": 0.8597694766717564}",2.3934341536301957,True,2025-01-01,1.3300861884799033,1.6797642412700609,normal,BTC-USD,1260,0.23682023408957192,0.0636751628827763,,0.25508281184179765,2024-12-31,2023-08-20,3.681766036626357,5.312877643112547
-2.5793710698841616,2.5793710698841616,4.575586532817885,5.986992679999745,False,False,2368.887083393581,2381.530907688848,0,null,-1181.4435416967906,"{""alpha[1]"": 0.07480026264852283, ""beta[1]"": 0.7927587847711011, ""omega"": 0.9141162932462403}",2.342577323649309,True,2025-01-02,1.3068022250456357,1.656998350862223,normal,BTC-USD,1261,0.3088045080926497,0.07772543131282009,,0.256477715250012,2025-01-01,2023-08-21,3.5967190919688266,5.19317206139784
-1.2519038758588825,1.2519038758588825,4.6531935890576746,6.088921104209046,False,False,2370.1633599130673,2382.807184208334,0,null,-1182.0816799565337,"{""alpha[1]"": 0.07571253980334668, ""beta[1]"": 0.7861073600728844, ""omega"": 0.9543555878913426}",2.3829446447065887,True,2025-01-03,1.3235641209689462,1.6738530378088132,normal,BTC-USD,1262,0.24546810841846342,0.0653332523486923,,0.262136849159838,2025-01-02,2023-08-22,3.657458292510382,5.281421359010341
-0.13119536931715858,0.13119536931715858,4.5661373759287125,5.977375009146143,False,False,2370.5923843696737,2383.2362086649405,0,null,-1182.2961921848369,"{""alpha[1]"": 0.07685271751646827, ""beta[1]"": 0.7805260250324719, ""omega"": 0.983730188411881}",2.342297633077903,True,2025-01-04,1.3043178483237678,1.655193147180726,normal,BTC-USD,1263,0.18592910878348964,0.05314844537583428,,0.2653499508154062,2025-01-03,2023-08-23,3.587386806352631,5.183649168266266
-0.08011590386483379,0.08011590386483379,4.465794599590943,5.846908787267561,False,False,2370.4676605600157,2383.1114848552825,0,null,-1182.2338302800079,"{""alpha[1]"": 0.07818537166677737, ""beta[1]"": 0.7757387307541699, ""omega"": 1.0061055635114209}",2.2923003303348275,True,2025-01-05,1.2819592979210737,1.6330594140051158,normal,BTC-USD,1264,0.1794025882916964,0.05150241253558172,,0.2625626504442083,2025-01-04,2023-08-24,3.5079358619690906,5.070125349693334
-3.7561856516630305,3.7561856516630305,4.377306839855995,5.733219463062533,False,False,2370.2723045583843,2382.916128853651,0,null,-1182.1361522791922,"{""alpha[1]"": 0.07957321091884814, ""beta[1]"": 0.772182333536314, ""omega"": 1.0196338741851592}",2.2504721056484214,True,2025-01-06,1.2616028357572566,1.613261349013142,normal,BTC-USD,1265,0.3596556030794376,0.08726795854823251,,0.26477079540320747,2025-01-05,2023-08-25,3.4369264099257153,4.970610203160212
5.1824282983593495,-5.1824282983593495,4.746736689236157,6.213007718625757,True,False,2372.6475577111864,2385.291382006453,0,null,-1183.3237788555932,"{""alpha[1]"": 0.07858222333259068, ""beta[1]"": 0.7718059201710524, ""omega"": 1.0320755530388248}",2.433639155271034,True,2025-01-07,7.463679858100933,1.6939109456630685,normal,BTC-USD,1266,1.3799795686979481,0.0020590101149501124,,0.2731619651929574,2025-01-06,2023-08-26,3.7298182260457198,5.3883293098543605
1.9578857691304887,-1.9578857691304887,5.610538748427533,7.326179745102156,False,False,2377.7450469299993,2390.388871225266,0,null,-1185.8725234649996,"{""alpha[1]"": 0.0816206157316205, ""beta[1]"": 0.7567337533905631, ""omega"": 1.1272378979066773}",2.847530246596848,True,2025-01-08,1.5125696719945791,1.8597440578172875,normal,BTC-USD,1267,0.1231393161922898,0.044033618053145214,,0.2630983609925637,2025-01-07,2023-08-27,4.420672092976282,6.361247574445006
2.7298849189702925,-2.7298849189702925,5.443524800635997,7.109056465133499,False,False,2378.6318333964537,2391.2756576917204,0,null,-1186.3159166982268,"{""alpha[1]"": 0.08167196671118777, ""beta[1]"": 0.7618891635325264, ""omega"": 1.0892952543788728}",2.7643614255627935,True,2025-01-09,1.48222718962622,1.829601121211403,normal,BTC-USD,1268,0.07792630408097745,0.03442422490016361,,0.2585589164518624,2025-01-08,2023-08-28,4.28841100058984,6.17230740898665
-2.3693265634565543,2.3693265634565543,5.458416838139306,7.126666752390081,False,False,2379.7864333523385,2392.4302576476052,0,null,-1186.8932166761692,"{""alpha[1]"": 0.08455033971510088, ""beta[1]"": 0.7582550044590382, ""omega"": 1.0950311076182524}",2.7688730328310114,True,2025-01-10,1.485192748631206,1.8321863029425973,normal,BTC-USD,1269,0.3335372192516811,0.0855771542782885,,0.25297302904315006,2025-01-09,2023-08-29,4.301417821577062,6.188388864372288
0.14250624978636736,-0.14250624978636736,5.2817853688635665,6.896307108615079,False,False,2375.116957004496,2387.7607812997626,0,null,-1184.558478502248,"{""alpha[1]"": 0.07217970621108777, ""beta[1]"": 0.8076383001983828, ""omega"": 0.8368167458478198}",2.6796978485834777,True,2025-01-11,1.452264585863313,1.7993127805520293,normal,BTC-USD,1270,0.20097713859652794,0.05845741439677958,,0.24566170365966747,2025-01-10,2023-08-30,4.162049021716923,5.988247689464321
0.08268095689983133,-0.08268095689983133,5.058861287308221,6.609098819506745,False,False,2375.2154979483494,2387.859322243616,0,null,-1184.6077489741747,"{""alpha[1]"": 0.06617546940612268, ""beta[1]"": 0.8286800183544705, ""omega"": 0.7289087900596923}",2.573002318609287,True,2025-01-12,1.4086128290974052,1.756522530609684,normal,BTC-USD,1271,0.1950513844992874,0.05654513967865586,,0.24850354903345767,2025-01-11,2023-08-31,3.983708646885576,5.737194924765412
-0.029719789435525154,0.029719789435525154,5.4502365439045475,7.117741826569347,False,False,2361.884454437717,2374.528278732984,0,null,-1177.9422272188585,"{""alpha[1]"": 3.576343261292398e-20, ""beta[1]"": 0.9863115400418119, ""omega"": 0.10493288676429477}",2.7676371326818847,True,2025-01-13,1.4834695805189932,1.8308269445738232,normal,BTC-USD,1272,0.21617368745006976,0.06209602532955018,,0.25860401621150403,2025-01-12,2023-09-01,4.2937539595658665,6.179882743519487
-2.1121093066269276,2.1121093066269276,5.4364856129425885,7.100287017722777,False,False,2363.0665051615683,2375.710329456835,0,null,-1178.5332525807842,"{""alpha[1]"": 9.244171633832417e-20, ""beta[1]"": 0.9860127673118976, ""omega"": 0.10673445272261024}",2.76148963193635,True,2025-01-14,1.4808791971070487,1.828341113234495,normal,BTC-USD,1273,0.3197340562427418,0.08276620422416399,,0.25967441865148844,2025-01-13,2023-09-02,4.282571818227903,6.164511115789463
-4.030666141120203,4.030666141120203,4.780390812623869,6.2536322607783505,False,False,2365.0305034821945,2377.6743277774613,0,null,-1179.5152517410972,"{""alpha[1]"": 0.04501120011016614, ""beta[1]"": 0.9000845983169989, ""omega"": 0.3846770612281413}",2.445208287917618,True,2025-01-15,1.3507839767976275,1.7006636521405052,normal,BTC-USD,1274,0.3894652111133098,0.09455699603417299,,0.2633716398871065,2025-01-14,2023-09-03,3.7586380811459867,5.425033462297088
0.746613592597455,-0.746613592597455,4.962709375142601,6.491332104846354,False,False,2368.285825290355,2380.929649585622,0,null,-1181.1429126451776,"{""alpha[1]"": 0.046622239562283826, ""beta[1]"": 0.8934831333436608, ""omega"": 0.42100189592480997}",2.537127211872286,True,2025-01-16,1.3883262104269267,1.738022372149839,normal,BTC-USD,1275,0.15779669424129925,0.04884971483850838,,0.27065541906196844,2025-01-15,2023-09-04,3.9025474774234374,5.631585076448289
-4.608745388217137,4.608745388217137,4.872723543232378,6.374980576226803,False,False,2368.9260326174244,2381.569856912691,0,null,-1181.4630163087122,"{""alpha[1]"": 0.048545696164507046, ""beta[1]"": 0.8864607128186911, ""omega"": 0.4554162704208702}",2.4933668220250347,True,2025-01-17,1.3698349858740855,1.719844467022396,normal,BTC-USD,1276,0.421979635718637,0.10138807859466305,,0.27037613437274943,2025-01-16,2023-09-05,3.830847326155595,5.530062471249158
0.051676854445834315,-0.051676854445834315,5.153596408627079,6.740659893583844,False,False,2372.706722549482,2385.350546844749,0,null,-1183.353361274741,"{""alpha[1]"": 0.05057233828509289, ""beta[1]"": 0.8785742748593721, ""omega"": 0.4994275639419437}",2.6341240885728707,True,2025-01-18,1.4261171676433722,1.7757351831625536,normal,BTC-USD,1277,0.20006133105237453,0.057963670335294294,,0.27984508543600545,2025-01-17,2023-09-06,4.052903475493322,5.848043887975259
3.229962927245754,-3.229962927245754,5.020736780265518,6.569023512926003,False,False,2373.585341932907,2386.2291662281737,0,null,-1183.7926709664534,"{""alpha[1]"": 0.051695855563514, ""beta[1]"": 0.8727658216438019, ""omega"": 0.5305141915526216}",2.5697644846449665,True,2025-01-19,1.3997037627435915,1.7498026137645213,normal,BTC-USD,1278,0.035848708562211395,0.024682538839043495,,0.279949334489373,2025-01-18,2023-09-07,3.946937098489981,5.698216811150101
-0.9128828069664908,0.9128828069664908,5.169101409119712,6.757743037400376,False,False,2375.1323409226457,2387.7761652179124,0,null,-1184.5661704613228,"{""alpha[1]"": 0.051806025653408624, ""beta[1]"": 0.8716093649269226, ""omega"": 0.5399634603969836}",2.636743407449592,True,2025-01-20,1.4295501271923525,1.778469730596158,normal,BTC-USD,1279,0.2490098388256504,0.06777122239740725,,0.26974298753733156,2025-01-19,2023-09-08,4.067313969546513,5.864239432774228
-3.9681834263664206,3.9681834263664206,5.031225344141484,6.580877375755865,False,False,2374.9643171153953,2387.608141410662,0,null,-1184.4821585576976,"{""alpha[1]"": 0.05080399140088567, ""beta[1]"": 0.8726657436753872, ""omega"": 0.53835406077571}",2.572030535686183,True,2025-01-21,1.4020482893065096,1.7517275914047366,normal,BTC-USD,1280,0.39623310992505967,0.09677486211909515,,0.2741349831185903,2025-01-20,2023-09-09,3.9564787721347656,5.709302785543086
2.376854699786613,-2.376854699786613,5.192335805935547,6.791387525037297,False,False,2377.8065989350434,2390.45042323031,0,null,-1185.9032994675217,"{""alpha[1]"": 0.05308534791198211, ""beta[1]"": 0.8643434967242457, ""omega"": 0.5827490385865786}",2.654021525972243,True,2025-01-22,1.4335982279206556,1.7832289313534555,normal,BTC-USD,1281,0.08532369230641562,0.03515174247729745,,0.28214838708780027,2025-01-21,2023-09-10,4.083328545914924,5.892028947516355
-0.2958402689039636,0.2958402689039636,5.203755093771672,6.8048970892735365,False,False,2379.5770307600887,2392.2208550553555,0,null,-1186.7885153800444,"{""alpha[1]"": 0.05439970820685645, ""beta[1]"": 0.8591600169068307, ""omega"": 0.6101242720770708}",2.6574908562602273,True,2025-01-23,1.4359851845233194,1.7853063139698842,normal,BTC-USD,1282,0.2194569205571901,0.06200203141377749,,0.27788533127017334,2025-01-22,2023-09-11,4.093298142239835,5.90436287247378
-0.8231811162781291,0.8231811162781291,5.043050796102449,6.59895939139034,False,False,2376.7107158065082,2389.354540101775,0,null,-1185.3553579032541,"{""alpha[1]"": 0.0455506505261986, ""beta[1]"": 0.8869878926986733, ""omega"": 0.47691503398282115}",2.5824148493827033,True,2025-01-24,1.4040364221177049,1.7543011382324623,normal,BTC-USD,1283,0.23935730797809998,0.06547047023014471,,0.2837293880166127,2025-01-23,2023-09-12,3.9639650432838662,5.723865906736337
0.10006574522288521,-0.10006574522288521,4.945497834909413,6.471856200760093,False,False,2374.5565504849183,2387.200374780185,0,null,-1184.2782752424591,"{""alpha[1]"": 0.04273809029463311, ""beta[1]"": 0.8953628153196138, ""omega"": 0.43794027381836564}",2.533368940431219,True,2025-01-25,1.3844260859422644,1.7348157804843174,normal,BTC-USD,1284,0.18934203100960192,0.055133169788508046,,0.280114724659579,2025-01-24,2023-09-13,3.8869063654149203,5.613382724073685
1.959731356869931,-1.959731356869931,4.848305589710501,6.345330013431614,False,False,2374.508500629596,2387.1523249248626,0,null,-1184.254250314798,"{""alpha[1]"": 0.04415696294839387, ""beta[1]"": 0.8899398572159831, ""omega"": 0.46501319067501573}",2.484682013721166,True,2025-01-26,1.3644828805369134,1.7150270191022097,normal,BTC-USD,1285,0.0925163521322464,0.03543623540842332,,0.2768798225754897,2025-01-25,2023-09-14,3.8100583995148574,5.50335489771226
0.5809577851448121,-0.5809577851448121,4.8541743628051455,6.351078778686756,False,False,2375.619983736347,2388.2638080316137,0,null,-1184.8099918681735,"{""alpha[1]"": 0.04606604271814267, ""beta[1]"": 0.882248813049691, ""omega"": 0.5055334272787966}",2.4844828310521363,True,2025-01-27,1.3659686801965725,1.7160633281821527,normal,BTC-USD,1286,0.16175263088857778,0.04928213374125895,,0.27060019283840386,2025-01-26,2023-09-15,3.8160104029163646,5.509171159270703
0.7425167620330358,-0.7425167620330358,4.7633200405386065,6.233195545065988,False,False,2376.476038749015,2389.119863044282,0,null,-1185.2380193745075,"{""alpha[1]"": 0.04918329883266629, ""beta[1]"": 0.8702212008417648, ""omega"": 0.5667138591230512}",2.439621672591286,True,2025-01-28,1.34693067374893,1.697259618004463,normal,BTC-USD,1287,0.15006924827650167,0.04663973100475539,,0.2689188289881271,2025-01-27,2023-09-16,3.743901727563067,5.406489862508571
-2.312612075628607,2.312612075628607,4.682736255771147,6.128728925438596,False,False,2377.216054923965,2389.859879219232,0,null,-1185.6080274619826,"{""alpha[1]"": 0.05255951536124038, ""beta[1]"": 0.8570212735762414, ""omega"": 0.6343551043658682}",2.39998220561075,True,2025-01-29,1.3297226515564469,1.6802888645853375,normal,BTC-USD,1288,0.29962468668071907,0.07628067799854962,,0.26773777753206623,2025-01-28,2023-09-17,3.6798816579857694,5.315455724226349
-0.9903181107679305,0.9903181107679305,4.687375807167308,6.1361496549214,False,False,2378.450159105443,2391.09398340071,0,null,-1186.2250795527216,"{""alpha[1]"": 0.055361638798885796, ""beta[1]"": 0.8445856124667432, ""omega"": 0.7015824770262722}",2.404598258000638,True,2025-01-30,1.3305134128338434,1.6814045015152868,normal,BTC-USD,1289,0.23364552301404115,0.06311630339669376,,0.27261981652065326,2025-01-29,2023-09-18,3.6825923495128885,5.321312228901441
2.250049117220034,-2.250049117220034,4.605126828904708,6.0299723899564945,False,False,2378.9642291924188,2391.6080534876855,0,null,-1186.4821145962094,"{""alpha[1]"": 0.05843152756291167, ""beta[1]"": 0.8316934129430653, ""omega"": 0.7690355923555802}",2.3648833524544766,True,2025-01-31,1.3125858451451067,1.6638430869336052,normal,BTC-USD,1290,0.06834447459588155,0.029785438916527778,,0.2729483504642388,2025-01-30,2023-09-19,3.6169386091376636,5.228593008872809
1.7227936976711378,-1.7227936976711378,4.70652656087155,6.158686619300293,False,False,2379.781459489156,2392.425283784423,0,null,-1186.890729744578,"{""alpha[1]"": 0.05892927059171946, ""beta[1]"": 0.8274909454587953, ""omega"": 0.796091607592211}",2.4102185115012866,True,2025-02-01,1.3349639333184227,1.685247290995255,normal,BTC-USD,1291,0.09883004655118482,0.03619150980840125,,0.26506203169363735,2025-01-31,2023-09-20,3.6993946286948325,5.34194467851126
2.991910821166705,-2.991910821166705,4.727552917387099,6.185018257398611,False,False,2380.860274223316,2393.504098518583,0,null,-1187.430137111658,"{""alpha[1]"": 0.06100373978445728, ""beta[1]"": 0.8169077852397058, ""omega"": 0.8555989260482586}",2.4190239374633205,True,2025-02-02,1.3395949078545177,1.689595861751814,normal,BTC-USD,1292,0.036241536798336756,0.02373381632919462,,0.2621987400855341,2025-02-01,2023-09-21,3.7167415571334397,5.365292454086165
-3.7337836669765228,3.7337836669765228,4.9101411617147965,6.420419179324743,False,False,2380.9440461853283,2393.587870480595,0,null,-1187.4720230926641,"{""alpha[1]"": 0.05934248800361427, ""beta[1]"": 0.8235854484612923, ""omega"": 0.8239832025705209}",2.5066796283431723,True,2025-02-03,1.37798110618741,1.7271821763573199,normal,BTC-USD,1293,0.3798242866637773,0.09304773479287536,,0.2604190119866186,2025-02-02,2023-09-22,3.8627020662990166,5.570989812311005
3.546789334572817,-3.546789334572817,5.11252015202982,6.6840663812081225,False,False,2383.368246920188,2396.012071215455,0,null,-1188.684123460094,"{""alpha[1]"": 0.062233658830469475, ""beta[1]"": 0.806928289991282, ""omega"": 0.9235593118154065}",2.6083693675916195,True,2025-02-04,1.4185038488299138,1.767488388350941,normal,BTC-USD,1294,0.023789986546395945,0.022533884492257433,,0.26779674921145824,2025-02-03,2023-09-23,4.0225890655007355,5.800177783798558
1.2920048753819853,-1.2920048753819853,5.36182070612097,7.004113987497632,False,False,2386.0535589665687,2398.6973832618355,0,null,-1190.0267794832844,"{""alpha[1]"": 0.06593717143835362, ""beta[1]"": 0.7872169719686669, ""omega"": 1.0404720800255403}",2.725791585516504,True,2025-02-05,1.4668763120853736,1.8146210465603492,normal,BTC-USD,1295,0.14654093962243744,0.04788430076742856,,0.26070450791989414,2025-02-04,2023-09-24,4.222823667830731,6.080434952124837
0.022926951282130143,-0.022926951282130143,5.216618667469162,6.81645815747,False,False,2386.2477888369376,2398.8916131322044,0,null,-1190.1238944184688,"{""alpha[1]"": 0.06549541440099885, ""beta[1]"": 0.7848243697046711, ""omega"": 1.0597052571750654}",2.655329026473156,True,2025-02-06,1.4391534871497575,1.7873357260558551,normal,BTC-USD,1296,0.20420690525392624,0.05893729560749396,,0.26056252358324117,2025-02-05,2023-09-25,4.107065056360652,5.916656512031521
0.06649766684819063,-0.06649766684819063,5.0394365904945895,6.587416659890778,False,False,2386.816011243315,2399.459835538582,0,null,-1190.4080056216576,"{""alpha[1]"": 0.06622982222001077, ""beta[1]"": 0.7748626868329263, ""omega"": 1.1226618824098564}",2.569255501167482,True,2025-02-07,1.4042571800024524,1.7529950023241754,normal,BTC-USD,1297,0.19496759626448415,0.05650284768638036,,0.2601996375224843,2025-02-06,2023-09-26,3.9658495921378702,5.716782435486222
0.04832127046265531,-0.04832127046265531,4.891158678308543,6.395969865868327,False,False,2387.197154223156,2399.8409785184226,0,null,-1190.598577111578,"{""alpha[1]"": 0.06747565387550246, ""beta[1]"": 0.7644582298847032, ""omega"": 1.18527485164429}",2.4976060727735554,True,2025-02-08,1.3740549100972084,1.7233418434193513,normal,BTC-USD,1298,0.18995948904625792,0.05501293951015809,,0.26068535610979415,2025-02-07,2023-09-27,3.847511051387811,5.54961522147846
-0.018282093727943365,0.018282093727943365,4.769344655825997,6.238245667263475,False,False,2387.570085414157,2400.2139097094237,0,null,-1190.7850427070784,"{""alpha[1]"": 0.06931000511871582, ""beta[1]"": 0.7532855291180853, ""omega"": 1.2491582348455514}",2.4380042604671983,True,2025-02-09,1.3486067169300253,1.6982647161615194,normal,BTC-USD,1299,0.18844421435415987,0.05430370164970965,,0.2595579569973622,2025-02-08,2023-09-28,3.7506021933552507,5.412088071243017
-0.9667728233126498,0.9667728233126498,4.676333036740751,6.116612649623584,False,False,2386.54246964501,2399.1862939402768,0,null,-1190.271234822505,"{""alpha[1]"": 0.06983767146730621, ""beta[1]"": 0.752939905565246, ""omega"": 1.246550145076138}",2.390499975921527,True,2025-02-10,1.3289083563641029,1.6785724089221987,normal,BTC-USD,1300,0.23221067494979047,0.06273325480253605,,0.25458187993877496,2025-02-09,2023-09-29,3.6774406756831555,5.30655265694095
1.7497924369292563,-1.7497924369292563,4.610111268925754,6.031850740830631,False,False,2386.767394245272,2399.411218540539,0,null,-1190.383697122636,"{""alpha[1]"": 0.07189951495360976, ""beta[1]"": 0.743199595179283, ""omega"": 1.2992706279016193}",2.3597280298598333,True,2025-02-11,1.3143669124215682,1.66448554983566,normal,BTC-USD,1301,0.09371424055521778,0.034824258881493625,,0.25732996050038864,2025-02-10,2023-09-30,3.6240772480336103,5.232218325078616
-2.2088315914125256,2.2088315914125256,4.683135564066451,6.1250607726702055,False,False,2387.656405193874,2400.3002294891407,0,null,-1190.828202596937,"{""alpha[1]"": 0.0734712964236255, ""beta[1]"": 0.7355623169500992, ""omega"": 1.3422496347513164}",2.3932312487216487,True,2025-02-12,1.3304285441012627,1.6799841915043836,normal,BTC-USD,1302,0.2945966753503626,0.07522906834965563,,0.2534131839986831,2025-02-11,2023-10-01,3.6831019155947216,5.314075243553031
1.2976316584345413,-1.2976316584345413,4.715161138683188,6.165571032692088,False,False,2385.499180044022,2398.143004339289,0,null,-1189.749590022011,"{""alpha[1]"": 0.07131956786733867, ""beta[1]"": 0.7551734624085381, ""omega"": 1.2207396225701206}",2.4073136811016407,True,2025-02-13,1.3374461357332583,1.6866722351101453,normal,BTC-USD,1303,0.12058056790611908,0.04052181782732681,,0.25043562301301275,2025-02-12,2023-10-02,3.7092430165569206,5.349813441167219
-0.9118577912054653,0.9118577912054653,4.703042857337056,6.150108383801266,False,False,2385.1805301468876,2397.8243544421543,0,null,-1189.5902650734438,"{""alpha[1]"": 0.07155605179566532, ""beta[1]"": 0.7543065545624251, ""omega"": 1.2253165781180742}",2.4017628766164942,True,2025-02-14,1.334816238749701,1.6841343769667514,normal,BTC-USD,1304,0.23056509905149242,0.06248089564316803,,0.25110418885566294,2025-02-13,2023-10-03,3.699444189824379,5.336231773111332
-0.0731796236425837,0.0731796236425837,4.63464752482575,6.0624823276187,False,False,2385.4340106706295,2398.0778349658963,0,null,-1189.7170053353148,"{""alpha[1]"": 0.07268550334559908, ""beta[1]"": 0.7468623018730072, ""omega"": 1.2687919933625138}",2.3698447379009955,True,2025-02-15,1.3198952755302087,1.669655346407298,normal,BTC-USD,1305,0.1858782884122094,0.053326013236187304,,0.2536615678467124,2025-02-14,2023-10-04,3.644386144601601,5.2594216999761425
1.4506383622331687,-1.4506383622331687,4.56973348909602,5.977868683008681,False,False,2385.3639013680604,2398.007725663327,0,null,-1189.6819506840302,"{""alpha[1]"": 0.07381716570073908, ""beta[1]"": 0.74161793108539, ""omega"": 1.2966861103635716}",2.337148368298333,True,2025-02-16,1.3057446323015052,1.6555785957505194,normal,BTC-USD,1306,0.10712481124240139,0.037352493924376486,,0.25113238323803383,2025-02-15,2023-10-05,3.5931345870811944,5.185887754670814
0.41849684058829945,-0.41849684058829945,4.616082206058721,6.037719508822321,False,False,2385.389800208065,2398.033624503332,0,null,-1189.6949001040325,"{""alpha[1]"": 0.07442357857281826, ""beta[1]"": 0.7384464975285017, ""omega"": 1.3152786919632224}",2.3595584549192616,True,2025-02-17,1.31595326957075,1.665596415974977,normal,BTC-USD,1307,0.16058111015119947,0.04819647715722548,,0.25100923896567306,2025-02-16,2023-10-06,3.630119043612286,5.238144556310843
0.24445399882640312,-0.24445399882640312,4.5697848212417105,5.976534570613948,False,False,2384.963138832118,2397.606963127385,0,null,-1189.481569416059,"{""alpha[1]"": 0.07514903521176262, ""beta[1]"": 0.736453574799252, ""omega"": 1.3236825102767984}",2.3348488806773897,True,2025-02-18,1.305968530076318,1.6554562012281901,normal,BTC-USD,1308,0.16748463912067355,0.049408788624181646,,0.24633786852591874,2025-02-17,2023-10-07,3.594146781239871,5.1853328612445635
-1.140703518992484,1.140703518992484,4.529037665432149,5.923696224771071,False,False,2385.179348546671,2397.823172841938,0,null,-1189.5896742733355,"{""alpha[1]"": 0.07597822586156092, ""beta[1]"": 0.7321093087555207, ""omega"": 1.3475800952667054}",2.314780562536267,True,2025-02-19,1.2969426307553489,1.646543084807278,normal,BTC-USD,1309,0.23512444376981917,0.06279998512039144,,0.24568984748065267,2025-02-18,2023-10-08,3.5617853564038953,5.139294993046654
-1.7421911358032411,1.7421911358032411,4.513017513671726,5.903733634887992,False,False,2385.4114111192994,2398.055235414566,0,null,-1189.7057055596497,"{""alpha[1]"": 0.07675331825679681, ""beta[1]"": 0.729218261649443, ""omega"": 1.3618264287902877}",2.308237112116653,True,2025-02-20,1.29324689559472,1.643095273893334,normal,BTC-USD,1310,0.26453452906385333,0.06863740894102745,,0.24821274025524798,2025-02-19,2023-10-09,3.5484994454738206,5.121549758299498
2.271409470424543,-2.271409470424543,4.5451425411900885,5.9469994181267944,False,False,2385.4060990983735,2398.0499233936403,0,null,-1189.7030495491867,"{""alpha[1]"": 0.07722968498510316, ""beta[1]"": 0.7281263494690164, ""omega"": 1.3661349140589918}",2.32672794962018,True,2025-02-21,1.3001505868863221,1.6503073618609818,normal,BTC-USD,1311,0.06507442181803122,0.028871401485688206,,0.2542290000769485,2025-02-20,2023-10-10,3.5728979067851663,5.158549618993361
-0.4693347297019459,0.4693347297019459,4.72506950066668,6.17856409434178,False,False,2386.447457475845,2399.091281771112,0,null,-1190.2237287379226,"{""alpha[1]"": 0.07701234227105291, ""beta[1]"": 0.7263054055298537, ""omega"": 1.3821660974605419}",2.412433502566736,True,2025-02-22,1.3395399082607629,1.6887748110401102,normal,BTC-USD,1312,0.2093173371920182,0.058304062973252524,,0.2510879823377241,2025-02-21,2023-10-11,3.717012014138415,5.361071567623301
0.31509830651644544,-0.31509830651644544,4.621236971222899,6.045791809789413,False,False,2385.631594918262,2398.275419213529,0,null,-1189.815797459131,"{""alpha[1]"": 0.07697445389576034, ""beta[1]"": 0.7296192330201751, ""omega"": 1.357502944845066}",2.364400826639469,True,2025-02-23,1.3168697416981554,1.6668379063748167,normal,BTC-USD,1313,0.16590760363905346,0.04929477633949216,,0.25584289596747817,2025-02-22,2023-10-12,3.6332503792975115,5.244575940465658
5.175320553649131,-5.175320553649131,4.546448192796669,5.94922762029392,True,True,2385.60821560895,2398.252039904217,0,null,-1189.804107804475,"{""alpha[1]"": 0.0763017918930345, ""beta[1]"": 0.7380918087336792, ""omega"": 1.300769861083763}",2.3282591502794427,True,2025-02-24,8.34654820861852,1.9038134879254303,normal,BTC-USD,1314,1.5216689804346244,0.014910988812894441,,0.256081775681094,2025-02-23,2023-10-13,3.573563732139,5.160258948787622
2.9776669354997205,-2.9776669354997205,5.445959305504906,7.1082251276283674,False,False,2390.824777491699,2403.468601786966,0,null,-1192.4123887458495,"{""alpha[1]"": 0.07362088418193875, ""beta[1]"": 0.7300110465666397, ""omega"": 1.3883182031625343}",2.758940953005468,True,2025-02-25,1.4831850822716364,1.8297271699507203,normal,BTC-USD,1315,0.06577217820900302,0.03195645951712548,,0.24494353341621528,2025-02-24,2023-10-14,4.29311049967978,6.173312887212266
5.072808621504297,-5.072808621504297,5.480684408100838,7.151355095254071,True,False,2392.1873342887857,2404.8311585840524,0,null,-1193.0936671443928,"{""alpha[1]"": 0.07385451072291546, ""beta[1]"": 0.7358100771665557, ""omega"": 1.3468421909642379}",2.7728909037452953,True,2025-02-26,4.22963040590448,1.835908665503426,normal,BTC-USD,1316,0.7132620275028495,0.011389070644953342,,0.2389931728754229,2025-02-25,2023-10-15,4.322006487290771,6.21171568599963
-0.4225980649120052,0.4225980649120052,6.053230102086052,7.887528818236796,False,False,2395.5587533161925,2408.202577611459,0,null,-1194.7793766580962,"{""alpha[1]"": 0.07895999034895287, ""beta[1]"": 0.725935674709054, ""omega"": 1.3924333999761755}",3.0444720577655997,True,2025-02-27,1.590429757402962,1.934485372386527,normal,BTC-USD,1317,0.2601833783857315,0.0727845776050622,,0.22664140356553783,2025-02-26,2023-10-16,4.78106950280262,6.855859695594209
0.391796299392022,-0.391796299392022,5.649007943204412,7.362629579279942,False,False,2392.817963268317,2405.4617875635836,0,null,-1193.4089816341584,"{""alpha[1]"": 0.08036912163439627, ""beta[1]"": 0.7020246052971927, ""omega"": 1.5483653884918605}",2.8441786186071685,True,2025-02-28,1.5210950133658518,1.8655133179200059,normal,BTC-USD,1318,0.20343727484432192,0.060070368631618125,,0.21771572023537306,2025-02-27,2023-10-17,4.460541796278457,6.398833162553829
-1.947078336253007,1.947078336253007,5.340496554184391,6.963988516331804,False,False,2392.899539951338,2405.5433642466046,0,null,-1193.449769975669,"{""alpha[1]"": 0.07743962911672257, ""beta[1]"": 0.7192062061505943, ""omega"": 1.4409740826336477}",2.694586149597814,True,2025-03-01,1.4644847655435447,1.8096343273752176,normal,BTC-USD,1319,0.30808086650145194,0.07997962289266643,,0.21766080752314068,2025-02-28,2023-10-18,4.214538993776026,6.050883953013629
-9.121501495737187,9.121501495737187,5.196084956189243,6.778712902261228,False,False,2392.9683642007576,2405.6121884960244,0,null,-1193.4841821003788,"{""alpha[1]"": 0.07634949900985497, ""beta[1]"": 0.7343433589841002, ""omega"": 1.336502792324695}",2.626762215570972,True,2025-03-02,1.4366662725297434,1.7824759891279958,normal,BTC-USD,1320,0.6609984872506307,0.15010093083395956,,0.2221711081455815,2025-03-01,2023-10-19,4.098468249275417,5.888591587658758
9.082270482415094,-9.082270482415094,7.110836407992899,9.257274358082908,True,True,2403.548159773228,2416.1919840684945,0,null,-1198.774079886614,"{""alpha[1]"": 0.07784500871920945, ""beta[1]"": 0.7519414028590701, ""omega"": 1.2363340587722524}",3.5625442602336084,True,2025-03-03,11.484110941401473,13.2453943582473,normal,BTC-USD,1321,3.2870721047128395,1.0219002565337996,,0.23766926490303236,2025-03-02,2023-10-20,5.622194582717368,8.050048001067822
-1.3348200628639828,1.3348200628639828,9.00324820264338,11.695211356133505,False,False,2409.4494459667503,2422.093270262017,0,null,-1201.7247229833752,"{""alpha[1]"": 0.097169979245511, ""beta[1]"": 0.7195784934116345, ""omega"": 1.3662265764327342}",4.467978159268215,True,2025-03-04,1.990217410400963,2.329720722988067,normal,BTC-USD,1322,0.42355412865668285,0.11515983984795897,,0.21290757014261885,2025-03-03,2023-10-21,7.136262510269667,10.181163921931903
-3.8255419058768814,3.8255419058768814,8.027533144788162,10.434816169434985,False,False,2409.185773687668,2421.829597982935,0,null,-1201.592886843834,"{""alpha[1]"": 0.09963783193833671, ""beta[1]"": 0.7156158218245465, ""omega"": 1.368351236275397}",3.99548112809583,True,2025-03-05,1.8748995023830992,2.215396323844693,normal,BTC-USD,1323,0.5091763290276077,0.12906423983703605,,0.21399695028932256,2025-03-04,2023-10-22,6.357984674675262,9.080882077826711
0.732993152088372,-0.732993152088372,7.534746666929227,9.800178436525892,False,False,2408.9926713445916,2421.6364956398584,0,null,-1201.4963356722958,"{""alpha[1]"": 0.10942696529492679, ""beta[1]"": 0.6894900196169171, ""omega"": 1.4870360263240086}",3.7600439124685705,True,2025-03-06,1.811002092695602,2.1523874154149727,normal,BTC-USD,1324,0.2615292323361171,0.07793032941873076,,0.2211440681100228,2025-03-05,2023-10-23,5.963577798810709,8.526026093961441
3.6438378263752256,-3.6438378263752256,7.23406757055813,9.405513043767483,False,False,2394.2342192383912,2406.878043533658,0,null,-1194.1171096191956,"{""alpha[1]"": 0.09882024391655321, ""beta[1]"": 0.7747546211081325, ""omega"": 0.9490225158991057}",3.6040504253420553,True,2025-03-07,1.7706218376550122,2.1114475497475853,normal,BTC-USD,1325,0.10421220933835694,0.04540383817857743,,0.20005340069751332,2025-03-06,2023-10-24,5.728082013142362,8.184221644232965
0.6802656950121628,-0.6802656950121628,7.124815258984748,9.260798298858996,False,False,2394.8593349383027,2407.5031592335695,0,null,-1194.4296674691514,"{""alpha[1]"": 0.09802116799599883, ""beta[1]"": 0.7797116750914733, ""omega"": 0.921623538109104}",3.5451917528485875,True,2025-03-08,1.7556638909962672,2.0960664294997287,normal,BTC-USD,1326,0.24815793216067777,0.07379186427608543,,0.18789717468573336,2025-03-07,2023-10-25,5.643424338225714,8.0594521226207
6.663174322773564,-6.663174322773564,6.528010743606665,8.488247649520972,True,False,2395.25400181458,2407.897826109847,0,null,-1194.62700090729,"{""alpha[1]"": 0.09739707941964393, ""beta[1]"": 0.7732443994112204, ""omega"": 0.9690053040615644}",3.2534976087103984,True,2025-03-09,6.247088426545514,2.008797011659321,normal,BTC-USD,1327,1.4199340526892115,0.0072257247937177445,,0.18302044307505674,2025-03-08,2023-10-26,5.168506898890183,7.385746802145338
2.6005355981073452,-2.6005355981073452,7.5775682686109125,9.841068841902326,False,False,2400.183321475687,2412.827145770954,0,null,-1197.0916607378435,"{""alpha[1]"": 0.09703126808851563, ""beta[1]"": 0.7882021196910637, ""omega"": 0.8802782514679874}",3.756838614913911,True,2025-03-10,1.8180243601398125,2.1572017351416415,normal,BTC-USD,1328,0.170360158269734,0.05967467068701703,,0.17171085811047015,2025-03-09,2023-10-27,6.007738763502022,8.568002666809043
-5.367293407115892,5.367293407115892,7.1432219893422575,9.278758121943632,False,False,2401.8221407473484,2414.465965042615,0,null,-1197.9110703736742,"{""alpha[1]"": 0.09636385324456866, ""beta[1]"": 0.7829998066259835, ""omega"": 0.9214435106379308}",3.5444499997782213,True,2025-03-11,1.758823188092153,2.0982820707259036,normal,BTC-USD,1329,0.5514717212014641,0.13444956707974054,,0.16796042076997203,2025-03-10,2023-10-28,5.66214101691338,8.07766330085815
-1.0326959809781286,1.0326959809781286,7.380666486604465,9.588384796580405,False,False,2405.129222076894,2417.773046372161,0,null,-1199.564611038447,"{""alpha[1]"": 0.09779491761806554, ""beta[1]"": 0.7805927827194918, ""omega"": 0.9356080244328426}",3.6642541626174676,True,2025-03-12,1.7914108309554972,2.1310528046677146,normal,BTC-USD,1330,0.3441110112921261,0.09379388357539602,,0.17763750458898256,2025-03-11,2023-10-29,5.849524244864388,8.346692376561464
3.223376776091148,-3.223376776091148,6.7493502577213516,8.772505326661944,False,False,2406.053014617315,2418.696838912582,0,null,-1200.0265073086575,"{""alpha[1]"": 0.09664968032777228, ""beta[1]"": 0.7746716900517853, ""omega"": 0.9833852673016886}",3.357925850181035,True,2025-03-13,1.701553616839325,2.0419117063403447,normal,BTC-USD,1331,0.10614166687529525,0.044112404865569596,,0.1770864001073304,2025-03-12,2023-10-30,5.346210113597051,7.634617262648104
-3.517658146996988,3.517658146996988,6.587001241323275,8.560913577398667,False,False,2408.1274495654015,2420.7712738606683,0,null,-1201.0637247827008,"{""alpha[1]"": 0.09685089082035324, ""beta[1]"": 0.7697564341462725, ""omega"": 1.0192785341551465}",3.276195364881059,True,2025-03-14,1.677266400245954,2.0175253828738815,normal,BTC-USD,1332,0.43678355389049295,0.10968379371317158,,0.17084889771334907,2025-03-13,2023-10-31,5.218012930812862,7.4507212243201595
-0.44442221572258533,0.44442221572258533,6.440028170300779,8.372786430005297,False,False,2410.0861608404557,2422.7299851357225,0,null,-1202.0430804202279,"{""alpha[1]"": 0.09716729988556695, ""beta[1]"": 0.7651713620760557, ""omega"": 1.0520910126072693}",3.2078900041068916,True,2025-03-15,1.6543899912433084,1.9951558875872748,normal,BTC-USD,1333,0.27720020487968144,0.07730162680687969,,0.1769276262455553,2025-03-14,2023-11-01,5.099581881871039,7.285740464965376
2.1129378542194646,-2.1129378542194646,5.954052781126171,7.7438388077607705,False,False,2409.862434140884,2422.506258436151,0,null,-1201.931217070442,"{""alpha[1]"": 0.09706458400376784, ""beta[1]"": 0.7596448762187205, ""omega"": 1.090679257264414}",2.970592248411385,True,2025-03-16,1.5755940892497504,1.9169059675969953,normal,BTC-USD,1334,0.12999128421098302,0.04624267211960293,,0.1734258955542735,2025-03-15,2023-11-02,4.712763538439122,6.737205066179754
-1.7953698574085317,1.7953698574085317,5.746472352176693,7.4752199708683955,False,False,2410.505255201543,2423.14907949681,0,null,-1202.2526276007716,"{""alpha[1]"": 0.09736032337236299, ""beta[1]"": 0.7544805748507731, ""omega"": 1.1267439995983688}",2.869283925074274,True,2025-03-17,1.5399439632800158,1.8815232924001069,normal,BTC-USD,1335,0.3171442789935662,0.08298286068075446,,0.1720363484491893,2025-03-16,2023-11-03,4.547515722462786,6.502916210666907
1.6274157682194461,-1.6274157682194461,5.47594330184934,7.127065762742677,False,False,2411.327324749599,2423.971149044866,0,null,-1202.6636623747995,"{""alpha[1]"": 0.09761239273923832, ""beta[1]"": 0.7468858826401775, ""omega"": 1.1796017245659671}",2.7404457910146798,True,2025-03-18,1.4912461660709386,1.8336012737123317,normal,BTC-USD,1336,0.13517035505192454,0.0457100514207527,,0.17680932955645798,2025-03-17,2023-11-04,4.3308228692579345,6.198420910294712
-4.878787944730416,4.878787944730416,5.308565282577715,6.909261769160863,False,False,2412.1432151580343,2424.787039453301,0,null,-1203.0716075790172,"{""alpha[1]"": 0.09780102058714486, ""beta[1]"": 0.7408915969477753, ""omega"": 1.2218425964220916}",2.6567514241041814,True,2025-03-19,1.4601976887326238,1.8025618070107985,normal,BTC-USD,1337,0.4538602627145551,0.1088776606576459,,0.17154990628557235,2025-03-18,2023-11-05,4.198417309560679,6.008978121034166
3.1425915618494367,-3.1425915618494367,5.888792194418731,7.661872998002738,False,False,2415.6466920477365,2428.290516343003,0,null,-1204.8233460238682,"{""alpha[1]"": 0.09495196455056726, ""beta[1]"": 0.7506982831379759, ""omega"": 1.1781901830815076}",2.9428658021415,True,2025-03-20,1.5642299132531998,1.9061005436485914,normal,BTC-USD,1338,0.07582485700001548,0.035220432541157844,,0.18149478643415498,2025-03-19,2023-11-06,4.659088701849745,6.664634815965218
0.1473786624400053,-0.1473786624400053,5.9199647736320165,7.700334958841405,False,False,2417.4719379985463,2430.115762293813,0,null,-1205.7359689992732,"{""alpha[1]"": 0.09453483312933834, ""beta[1]"": 0.7509708023953529, ""omega"": 1.181156686413715}",2.9549643324852584,True,2025-03-21,1.5697551062657338,1.9112255940806544,normal,BTC-USD,1339,0.22689135683238276,0.06551618329590636,,0.1752780007129573,2025-03-20,2023-11-07,4.685205799087656,6.698996992030636
0.2510880256987361,-0.2510880256987361,5.561357448052126,7.236221938855634,False,False,2417.773748751592,2430.4175730468587,0,null,-1205.886874375796,"{""alpha[1]"": 0.09333914115647657, ""beta[1]"": 0.7507164264519323, ""omega"": 1.1877776869462766}",2.7798515573818037,True,2025-03-22,1.5069747836647926,1.8489210670530012,normal,BTC-USD,1340,0.20743414642593214,0.060431357726367645,,0.1726779623287843,2025-03-21,2023-11-08,4.399770954217375,6.294223798335495
-2.615878981767563,2.615878981767563,5.282151101419769,6.874967125773915,False,False,2417.9914657259787,2430.6352900212455,0,null,-1205.9957328629894,"{""alpha[1]"": 0.09294796082417199, ""beta[1]"": 0.7499952826010516, ""omega"": 1.1921237078060973}",2.6436718494159193,True,2025-03-23,1.4551984426509375,1.7975805775942648,normal,BTC-USD,1341,0.3396673765265781,0.08594994687100622,,0.17098468121728938,2025-03-22,2023-11-09,4.177468548763992,5.979115705333052
-1.6647018668033704,1.6647018668033704,5.281066948438382,6.873418300667365,False,False,2417.783941905609,2430.427766200876,0,null,-1205.8919709528045,"{""alpha[1]"": 0.09336923328132213, ""beta[1]"": 0.74833917943868, ""omega"": 1.2018211834360826}",2.6429006111826796,True,2025-03-24,1.4550112632312286,1.7973639276644442,normal,BTC-USD,1342,0.2920704265781067,0.07642530093712109,,0.17047799121733365,2025-03-23,2023-11-10,4.176706664758759,5.9778282269087315
0.031103436287578466,-0.031103436287578466,5.141353580551334,6.692888137429746,False,False,2417.806208680839,2430.450032976106,0,null,-1205.9031043404195,"{""alpha[1]"": 0.09300192886212638, ""beta[1]"": 0.749832287216477, ""omega"": 1.1905230587414448}",2.575155051619121,True,2025-03-25,1.4280228301226012,1.7706633049847222,normal,BTC-USD,1343,0.20170989822948343,0.057891513176312276,,0.1704517257408736,2025-03-24,2023-11-11,4.065301400877243,5.8202547539188005
0.6547157042622869,-0.6547157042622869,4.942769761549946,6.436557517829284,False,False,2417.5728308491625,2430.2166551444293,0,null,-1205.7864154245813,"{""alpha[1]"": 0.09310191260361646, ""beta[1]"": 0.7515984770985897, ""omega"": 1.172027672066905}",2.479309964174381,True,2025-03-26,1.3883262818532076,1.7314652708915084,normal,BTC-USD,1344,0.16260258136567726,0.04941687104649735,,0.17133465533332634,2025-03-25,2023-11-12,3.9067673315758293,5.596402808912018
-0.31735085032545135,0.31735085032545135,4.8051684450576735,6.2585130596905225,False,False,2417.1750979203457,2429.8189222156125,0,null,-1205.5875489601729,"{""alpha[1]"": 0.0942891441955628, ""beta[1]"": 0.7510106977266389, ""omega"": 1.1634163957568553}",2.412184575279505,True,2025-03-27,1.359927657596549,1.7033352177009489,normal,BTC-USD,1345,0.2057282912703562,0.0575845573637782,,0.1704755724432212,2025-03-26,2023-11-13,3.797214975081669,5.441104886052363
3.292956548866608,-3.292956548866608,4.657902838753363,6.069294840584912,False,False,2416.2103587876572,2428.854183082924,0,null,-1205.1051793938286,"{""alpha[1]"": 0.09617126181561525, ""beta[1]"": 0.7474672521502956, ""omega"": 1.1713388970068856}",2.342553845944512,True,2025-03-28,1.3284154520209803,1.6724508469017327,normal,BTC-USD,1346,0.019304432970609214,0.01982525628920446,,0.1741129815521588,2025-03-27,2023-11-14,3.679045208278792,5.275482177787052
2.103168000800167,-2.103168000800167,5.062641021131494,6.591894717800213,False,False,2416.962952534745,2429.6067768300118,0,null,-1205.4814762673725,"{""alpha[1]"": 0.09439488872914265, ""beta[1]"": 0.7485853796014101, ""omega"": 1.1759838552811497}",2.53817445749117,True,2025-03-29,1.412392988188965,1.7553621134778412,normal,BTC-USD,1347,0.0949436760708008,0.03628624812305429,,0.1728839400237543,2025-03-28,2023-11-15,4.002041522216182,5.731792813105593
0.3189951599693388,-0.3189951599693388,5.086901694434703,6.618283308033453,False,False,2413.0410290864597,2425.6848533817265,0,null,-1203.5205145432299,"{""alpha[1]"": 0.09190551126965311, ""beta[1]"": 0.7581389317185623, ""omega"": 1.1227625371597143}",2.5417062615412336,True,2025-03-30,1.4178826580108086,1.7596967237405812,normal,BTC-USD,1348,0.18529156194019059,0.05437989433835189,,0.15590836416821824,2025-03-29,2023-11-16,4.024826398773147,5.756984593804524
-0.26005127994860766,0.26005127994860766,4.901715831547975,6.381543862451171,False,False,2408.891941693727,2421.5357659889937,0,null,-1201.4459708468635,"{""alpha[1]"": 0.09249970137045066, ""beta[1]"": 0.7592046748684556, ""omega"": 1.11004303807742}",2.456140349832104,True,2025-03-31,1.3802054087771518,1.7229865495942036,normal,BTC-USD,1349,0.20677231587926653,0.0580929183603998,,0.16459632508647565,2025-03-30,2023-11-17,3.8753950376367188,5.549240556091367
-3.124852053762556,3.124852053762556,4.75023276404063,6.185256047150181,False,False,2408.819505651907,2421.463329947174,0,null,-1201.4097528259535,"{""alpha[1]"": 0.09301466405938179, ""beta[1]"": 0.7586011097685652, ""omega"": 1.1083452446862412}",2.3817757975855454,True,2025-04-01,1.348678227086558,1.6916800843840019,normal,BTC-USD,1350,0.3439918967378047,0.08503004438667336,,0.16268667825028774,2025-03-31,2023-11-18,3.754985880993532,5.378152384904774
3.201445831692351,-3.201445831692351,4.982408627281232,6.4870915842877395,False,False,2410.308233529004,2422.952057824271,0,null,-1202.154116764502,"{""alpha[1]"": 0.0931415280041797, ""beta[1]"": 0.7575818031393511, ""omega"": 1.1165391184833373}",2.4973932424788123,True,2025-04-02,1.3964647976354407,1.73935790631523,normal,BTC-USD,1351,0.03687020508803548,0.024393632292298864,,0.16899639936231184,2025-04-01,2023-11-19,3.93884993345306,5.640809060922235
-0.7453656485979318,0.7453656485979318,5.263597566705402,6.847278308391314,False,False,2411.491352495555,2424.135176790822,0,null,-1202.7456762477775,"{""alpha[1]"": 0.0933651770393494, ""beta[1]"": 0.7564594319734642, ""omega"": 1.1258194541999043}",2.628509590085778,True,2025-04-03,1.4521462686400497,1.7937684013456767,normal,BTC-USD,1352,0.2455308175953314,0.06701930515969322,,0.15826282942062628,2025-04-02,2023-11-20,4.1652507033086925,5.956564867371385
-0.8876865812469575,0.8876865812469575,5.045764120504249,6.566111838128366,False,False,2411.4517269349835,2424.0955512302503,0,null,-1202.7258634674918,"{""alpha[1]"": 0.09437403097600787, ""beta[1]"": 0.7546539403046113, ""omega"": 1.1284959792785432}",2.5233927841957557,True,2025-04-04,1.4095772179919757,1.7516936568163453,normal,BTC-USD,1353,0.24395139303631835,0.065987055263026,,0.1592704938281574,2025-04-03,2023-11-21,3.991341279479405,5.7110189450556375
0.4051522075037158,-0.4051522075037158,4.862508542139345,6.3324991495097604,False,False,2407.79240035609,2420.436224651357,0,null,-1200.896200178045,"{""alpha[1]"": 0.09240954068603591, ""beta[1]"": 0.7667857474312482, ""omega"": 1.050795762691087}",2.439812714206427,True,2025-04-05,1.3718894064564822,1.7151350742064855,normal,BTC-USD,1354,0.17189290965836693,0.05100576521874517,,0.17012439137370683,2025-04-04,2023-11-22,3.843010400671051,5.505728729378228
6.544922522509501,-6.544922522509501,4.716077494469396,6.140477943947391,True,True,2403.3668599021685,2416.0106841974352,0,null,-1198.6834299510842,"{""alpha[1]"": 0.094238113910762, ""beta[1]"": 0.7730763374694708, ""omega"": 0.9935919508091097}",2.3641445797905325,True,2025-04-06,13.2867072549805,21.31765684498305,normal,BTC-USD,1355,2.675888317623817,1.1935178783078912,,0.16047380906379638,2025-04-05,2023-11-23,3.728197977642325,5.339348908057086
-1.2967507567108378,1.2967507567108378,6.213614484573367,8.07183287028273,False,False,2411.5464851731194,2424.190309468386,0,null,-1202.7732425865597,"{""alpha[1]"": 0.08922671214981773, ""beta[1]"": 0.7703887509134194, ""omega"": 1.067528905268285}",3.084172661032127,True,2025-04-07,1.6193353312501158,1.9589028821548995,normal,BTC-USD,1356,0.31108076902261256,0.08323461305975957,,0.14814796390185905,2025-04-06,2023-11-24,4.924864623741408,7.026710549265112
3.811707626806006,-3.811707626806006,5.856401873388902,7.610368128501699,False,False,2412.2277643659995,2424.8715886612663,0,null,-1203.1138821829998,"{""alpha[1]"": 0.08707537004629301, ""beta[1]"": 0.7711852535590052, ""omega"": 1.0744556474926807}",2.911140484882639,True,2025-04-08,1.5598230874777923,1.8998873897778537,normal,BTC-USD,1357,0.04141237345432881,0.02812172962003051,,0.14844488923189508,2025-04-07,2023-11-25,4.6399550958925815,6.623880588809055
-7.9389009442381075,7.9389009442381075,6.047981037163977,7.855560874877467,False,False,2414.730204605746,2427.374028901013,0,null,-1204.365102302873,"{""alpha[1]"": 0.08787801118660397, ""beta[1]"": 0.7671244198654091, ""omega"": 1.103437579636063}",3.0001254755536486,True,2025-04-09,1.592443765484989,1.931804871724042,normal,BTC-USD,1358,0.6366626004311103,0.1477782026075828,,0.14041620538984015,2025-04-08,2023-11-26,4.794351064384089,6.8389193165201565
3.6351854577404503,-3.6351854577404503,7.55814104265484,9.811957013741594,False,False,2421.79820733387,2434.4420316291366,0,null,-1207.899103666935,"{""alpha[1]"": 0.09615576789343373, ""beta[1]"": 0.7549540894333057, ""omega"": 1.1618913456525815}",3.7407646240513226,True,2025-04-10,1.8158134546450784,2.1544104700222877,normal,BTC-USD,1359,0.11799213722278035,0.04909152315462012,,0.15798205724652342,2025-04-09,2023-11-27,5.995028202196055,8.544337773202457
-4.636385380126949,4.636385380126949,7.3111109459226435,9.49099953483121,False,False,2423.743511165371,2436.3873354606376,0,null,-1208.8717555826854,"{""alpha[1]"": 0.09586220351448316, ""beta[1]"": 0.754408480562308, ""omega"": 1.1691648348708445}",3.6180638625212955,True,2025-04-11,1.7826084433467893,2.121164694766565,normal,BTC-USD,1360,0.5217827562628673,0.1290134483316755,,0.1519157216798188,2025-04-10,2023-11-28,5.7992697451303865,8.26495945304059
-2.2317029482572552,2.2317029482572552,7.287658384709793,9.462507440544803,False,False,2425.7952542646753,2438.439078559942,0,null,-1209.8976271323377,"{""alpha[1]"": 0.09685473112857011, ""beta[1]"": 0.7535470457457693, ""omega"": 1.1722091515723356}",3.609699511888794,True,2025-04-12,1.779209619834845,2.118068742147301,normal,BTC-USD,1361,0.4005507626437989,0.10471004703949495,,0.15811502971652477,2025-04-11,2023-11-29,5.779312304618717,8.239301755692232
1.8963852142846946,-1.8963852142846946,6.784927017092666,8.81419380228322,False,False,2426.896720746248,2439.5405450415146,0,null,-1210.448360373124,"{""alpha[1]"": 0.0950686424435896, ""beta[1]"": 0.7553868803492099, ""omega"": 1.1674629637507647}",3.368069753779816,True,2025-04-13,1.7072762698064223,2.04687612969512,normal,BTC-USD,1362,0.17405814677191242,0.057764830964349013,,0.16243360060734222,2025-04-12,2023-11-30,5.37754814972294,7.672868310719591
-1.0193602881419856,1.0193602881419856,6.39942307275591,8.315204826272428,False,False,2427.7096888035503,2440.353513098817,0,null,-1210.8548444017752,"{""alpha[1]"": 0.09428885640816681, ""beta[1]"": 0.755789473997569, ""omega"": 1.166569072176055}",3.1797132964241226,True,2025-04-14,1.6485840638797495,1.9885041118530888,normal,BTC-USD,1363,0.3045055484225624,0.08257067287357861,,0.15941226797978292,2025-04-13,2023-12-01,5.070750680309256,7.2377069992158685
1.038462761979903,-1.038462761979903,5.968071664827587,7.756962088671721,False,False,2427.3224811620803,2439.966305457347,0,null,-1210.6612405810401,"{""alpha[1]"": 0.09372995737191989, ""beta[1]"": 0.7530014371117932, ""omega"": 1.1869976940225384}",2.9691057742365845,True,2025-04-15,1.5785396203712718,1.9188840649787515,normal,BTC-USD,1364,0.1844470398520619,0.057123693011832975,,0.15634084253446703,2025-04-14,2023-12-02,4.727403559021138,6.7508320631631955
-0.4351453244199029,0.4351453244199029,5.648685607270222,7.342502070328415,False,False,2427.130780407807,2439.7746047030737,0,null,-1210.5653902039035,"{""alpha[1]"": 0.09409687591101301, ""beta[1]"": 0.7494130663442939, ""omega"": 1.2069128478496631}",2.8113070392293937,True,2025-04-16,1.5234576072132109,1.8639340649512484,normal,BTC-USD,1365,0.24545502379932752,0.06824990050023229,,0.15023342838402973,2025-04-15,2023-12-03,4.473955151566643,6.389844725603321
-1.0204134774203657,1.0204134774203657,5.329172663258819,6.929177955388736,False,False,2426.7718131900074,2439.415637485274,0,null,-1210.3859065950037,"{""alpha[1]"": 0.09586239721704705, ""beta[1]"": 0.7424438418768649, ""omega"": 1.2415482391876853}",2.655604216083583,True,2025-04-17,1.4649706987749065,1.805870816009263,normal,BTC-USD,1366,0.2619958769532784,0.07049696534872804,,0.148576164927505,2025-04-16,2023-12-04,4.219504061645198,6.029283057452432
0.5254861389965583,-0.5254861389965583,5.127048061957996,6.665756412320884,False,False,2424.1148277218117,2436.7586520170785,0,null,-1209.0574138609059,"{""alpha[1]"": 0.09545101198854225, ""beta[1]"": 0.7391958019544606, ""omega"": 1.264665024506397}",2.5538667919699027,True,2025-04-18,1.4263875507161328,1.767152784262732,normal,BTC-USD,1367,0.1767202619009918,0.05274850764579908,,0.14084567850622412,2025-04-17,2023-12-05,4.059891377016391,5.800336903576461
-0.7227854341703919,0.7227854341703919,4.948853394708064,6.432353281144619,False,False,2420.3499119395583,2432.993736234825,0,null,-1207.1749559697791,"{""alpha[1]"": 0.09803940193469735, ""beta[1]"": 0.7295654081064269, ""omega"": 1.3174019194197082}",2.462234701571564,True,2025-04-19,1.3912557599622533,1.7316261133454867,normal,BTC-USD,1368,0.23213857270716665,0.06320770238248165,,0.13002965931282542,2025-04-18,2023-12-06,3.9199860199729373,5.597984804077766
-0.13027740561616474,0.13027740561616474,4.808315817393727,6.251632668750907,False,False,2420.32895756271,2432.9727818579768,0,null,-1207.164478781355,"{""alpha[1]"": 0.09953287636930291, ""beta[1]"": 0.7256469207564594, ""omega"": 1.3335922511388523}",2.3955410238089287,True,2025-04-20,1.3621661275423484,1.7029936592328,normal,BTC-USD,1369,0.19687972069064635,0.055701418402052894,,0.13299733332640035,2025-04-19,2023-12-07,3.807317008196759,5.439864434589119
-2.7155041272672675,2.7155041272672675,4.681998530389074,6.089104386574446,False,False,2420.001737850903,2432.6455621461696,0,null,-1207.0008689254514,"{""alpha[1]"": 0.10141070930570471, ""beta[1]"": 0.7230061410240616, ""omega"": 1.3369325550979394}",2.335439927943913,True,2025-04-21,1.3352916248449898,1.6765308275800428,normal,BTC-USD,1370,0.32108088215640246,0.08013206518444636,,0.13534332014505396,2025-04-20,2023-12-08,3.706113515860776,5.297702391177362
-6.548491099549585,6.548491099549585,4.896251799898597,6.3663580925873555,False,False,2420.4854705903454,2433.129294885612,0,null,-1207.2427352951727,"{""alpha[1]"": 0.10136862016112877, ""beta[1]"": 0.7237661505200692, ""omega"": 1.3317796889790883}",2.4400047225833017,True,2025-04-22,1.3802334662524962,1.7211518354179116,normal,BTC-USD,1371,0.5212582262758437,0.12088013706828289,,0.1367771917525827,2025-04-21,2023-12-09,3.8766734259672817,5.539522607278692
-0.274893168226587,0.274893168226587,6.308446719401809,8.195454753943046,False,False,2426.818130770521,2439.4619550657876,0,null,-1210.4090653852604,"{""alpha[1]"": 0.09923732082038003, ""beta[1]"": 0.7217431588996595, ""omega"": 1.3812124661638399}",3.1319561984951294,True,2025-04-23,1.6344348274655145,1.9740793163283015,normal,BTC-USD,1372,0.26373116184940437,0.07409033368398409,,0.15187944378636334,2025-04-22,2023-12-10,4.999730068761496,7.134140200171815
-0.2608013738239919,0.2608013738239919,5.842928340013766,7.5940511606742325,False,False,2426.7285353293123,2439.372359624579,0,null,-1210.3642676646562,"{""alpha[1]"": 0.0999203748285187, ""beta[1]"": 0.7205487970265301, ""omega"": 1.3792280509581873}",2.906421102667524,True,2025-04-24,1.5573783194963386,1.8976731175577832,normal,BTC-USD,1373,0.24446274867632903,0.06869964234613639,,0.1521836924683899,2025-04-23,2023-12-11,4.628453599702584,6.609162860789641
-0.8233751969906926,0.8233751969906926,5.467408804676948,7.112483563478545,False,False,2420.6277791647763,2433.271603460043,0,null,-1207.3138895823881,"{""alpha[1]"": 0.09725032583238377, ""beta[1]"": 0.7375875820542258, ""omega"": 1.2675284469945065}",2.730408134732267,True,2025-04-25,1.4901271283884912,1.8317642383613557,normal,BTC-USD,1374,0.25749289479525556,0.07010615331931165,,0.1646390245577597,2025-04-24,2023-12-12,4.326482698914414,6.187240134940467
0.07770112930475831,-0.07770112930475831,5.210196619152303,6.780331214783554,False,False,2420.986837554761,2433.630661850028,0,null,-1207.4934187773806,"{""alpha[1]"": 0.09783440795687634, ""beta[1]"": 0.7335125037085581, ""omega"": 1.2909373468753533}",2.6060264128416857,True,2025-04-26,1.4416135694426693,1.783782366908163,normal,BTC-USD,1375,0.20217717142351752,0.05819535436584904,,0.16528743931887657,2025-04-25,2023-12-13,4.121244557775105,5.897236565889657
0.9470108362421255,-0.9470108362421255,5.007867943202562,6.516862876677484,False,False,2419.0417932146993,2431.685617509966,0,null,-1206.5208966073496,"{""alpha[1]"": 0.09791848496376368, ""beta[1]"": 0.7353599591388376, ""omega"": 1.274506851676874}",2.50455003311288,True,2025-04-27,1.4020292695011896,1.7441605488317458,normal,BTC-USD,1376,0.15071539412312532,0.04721144321576422,,0.15829948714252193,2025-04-26,2023-12-14,3.961318718704629,5.668155157818544
-1.2969852186459676,1.2969852186459676,4.892339369587795,6.366854948377557,False,False,2419.428856823194,2432.072681118461,0,null,-1206.714428411597,"{""alpha[1]"": 0.09930742346721887, ""beta[1]"": 0.7297264419521471, ""omega"": 1.305106463997485}",2.447323022602269,True,2025-04-28,1.3786424898641791,1.720850505968536,normal,BTC-USD,1377,0.25833440977267313,0.06834524756126276,,0.15578517324169053,2025-04-27,2023-12-15,3.8697029768074906,5.537539537480303
0.7333309430747814,-0.7333309430747814,4.798846799004655,6.248316600579011,False,False,2418.2222858884543,2430.866110183721,0,null,-1206.1111429442271,"{""alpha[1]"": 0.10001903668745564, ""beta[1]"": 0.7292726806731233, ""omega"": 1.3023300081323945}",2.405753365367085,True,2025-04-29,1.3588948673196435,1.701840325302947,normal,BTC-USD,1378,0.15301248630289294,0.04699756804471416,,0.16353147944212215,2025-04-28,2023-12-16,3.7935806691326373,5.433087747546193
0.082206698021976,-0.082206698021976,4.715218085983664,6.139401416147848,False,False,2418.3891385536754,2431.032962848942,0,null,-1206.1945692768377,"{""alpha[1]"": 0.10151554810305599, ""beta[1]"": 0.7246215989693925, ""omega"": 1.3248437524856091}",2.3637842166292455,True,2025-04-30,1.3413183390183665,1.6842573755249717,normal,BTC-USD,1379,0.18226412260949487,0.05256187797183381,,0.16058989184138855,2025-04-29,2023-12-17,3.7274891502118703,5.3383944952053515
-2.3965778901370007,2.3965778901370007,4.608421696945891,6.002586138373698,False,False,2417.443047573065,2430.086871868332,0,null,-1205.7215237865325,"{""alpha[1]"": 0.10252653822127371, ""beta[1]"": 0.7241353385651458, ""omega"": 1.3193602089717553}",2.3139604517438532,True,2025-05-01,1.3180718177529158,1.6615594837344538,normal,BTC-USD,1380,0.3019044984439163,0.07615040704734079,,0.164614162931824,2025-04-30,2023-12-18,3.64151207874132,5.218462814597072
-0.4319853425982961,0.4319853425982961,4.763116395472684,6.202114561967057,False,False,2416.7368824544133,2429.38070674968,0,null,-1205.3684412272066,"{""alpha[1]"": 0.10246697106921095, ""beta[1]"": 0.7260029982666211, ""omega"": 1.3073448253601434}",2.3883730989364196,True,2025-05-02,1.3513747102952034,1.694396207153333,normal,BTC-USD,1381,0.20985490560437642,0.058247606389157075,,0.16341138480966866,2025-05-01,2023-12-19,3.7651127694892286,5.392775296317406
1.056299837574167,-1.056299837574167,4.646555936834315,6.052245952973144,False,False,2416.641612251856,2429.2854365471226,0,null,-1205.320806125928,"{""alpha[1]"": 0.10337125525845128, ""beta[1]"": 0.723907494413193, ""omega"": 1.3147985060850769}",2.333089991468456,True,2025-05-03,1.3263143127342767,1.669799304160577,normal,BTC-USD,1382,0.13076765136309224,0.04205340434389383,,0.16593866963505935,2025-05-02,2023-12-20,3.6716528648360094,5.261640271963547
1.6569841905869114,-1.6569841905869114,4.626842251375272,6.024277978553277,False,False,2414.9372213474035,2427.5810456426702,0,null,-1204.4686106737017,"{""alpha[1]"": 0.10454790024899636, ""beta[1]"": 0.7255992421280281, ""omega"": 1.2946608706055953}",2.3193899589292157,True,2025-05-04,1.3224059689841323,1.665331676061907,normal,BTC-USD,1383,0.10003398365802467,0.03581330586927602,,0.15739312251214374,2025-05-03,2023-12-21,3.657663863747403,5.2383147775145105
-0.45707147506657597,0.45707147506657597,4.708883980049267,6.129025882839642,False,False,2415.684362789887,2428.328187085154,0,null,-1204.8421813949435,"{""alpha[1]"": 0.10450818006250198, ""beta[1]"": 0.7236581296486944, ""omega"": 1.3098674957776144}",2.3570764690826134,True,2025-05-05,1.3402875631105453,1.6827159518349704,normal,BTC-USD,1384,0.20905147066186328,0.057873634668667906,,0.15308784100182043,2025-05-04,2023-12-22,3.723957938170686,5.330291991800209
-2.145126551902964,2.145126551902964,4.607570687019164,5.998215626608968,False,False,2415.796789935764,2428.440614231031,0,null,-1204.898394967882,"{""alpha[1]"": 0.10459601256179359, ""beta[1]"": 0.7243100260611925, ""omega"": 1.3025630083853663}",2.3081189686153354,True,2025-05-06,1.3183781467564595,1.6610659432589983,normal,BTC-USD,1385,0.2894114269035438,0.07361198336780075,,0.15341587079451793,2025-05-05,2023-12-23,3.6431019861679075,5.216071784877105
-0.23715438242361345,0.23715438242361345,4.712588727106492,6.13550576695599,False,False,2416.39402420102,2429.0378484962866,0,null,-1205.19701210051,"{""alpha[1]"": 0.10461339830588072, ""beta[1]"": 0.7239216360384122, ""omega"": 1.3054672808307}",2.36168249489432,True,2025-05-07,1.3408300316769397,1.6836558806847095,normal,BTC-USD,1386,0.19814461987401139,0.05572365431202375,,0.15888400237811268,2025-05-06,2023-12-24,3.725738015056611,5.335211048778757
-6.202640354374137,6.202640354374137,4.5920149270989485,5.980826179160586,False,False,2415.766142118954,2428.409966414221,0,null,-1204.883071059477,"{""alpha[1]"": 0.10475368359372787, ""beta[1]"": 0.7265911150632504, ""omega"": 1.282319103400537}",2.305075510975081,True,2025-05-08,1.3145641550906584,1.657955937030649,normal,BTC-USD,1387,0.4915729158668726,0.11402354017173558,,0.1626938516610745,2025-05-07,2023-12-25,3.6288179629633053,5.19971366279941
0.2624572005983363,-0.2624572005983363,6.036202388109913,7.849667159615136,False,False,2422.075762448099,2434.7195867433657,0,null,-1208.0378812240494,"{""alpha[1]"": 0.10153416094756122, ""beta[1]"": 0.7128633188563154, ""omega"": 1.425665856144414}",3.009892977614779,True,2025-05-09,1.5894136981942086,1.9305355023218094,normal,BTC-USD,1388,0.2258016887162175,0.06567258522923514,,0.17234240604275286,2025-05-08,2023-12-26,4.778490974922683,6.829715723521844
-1.6618093186724157,1.6618093186724157,5.603996320311748,7.292546273204114,False,False,2421.2743423835773,2433.918166678844,0,null,-1207.6371711917886,"{""alpha[1]"": 0.09912361958723107, ""beta[1]"": 0.7191657144860091, ""omega"": 1.3912475074269612}",2.8025659640159497,True,2025-05-10,1.5145080435677798,1.8566245524312337,normal,BTC-USD,1389,0.3047363860903229,0.080046603033718,,0.17689238754834646,2025-05-09,2023-12-27,4.432918403134037,6.3428509846993775
0.5650983970075977,-0.5650983970075977,5.376013353113887,6.997688364125015,False,False,2421.1586117758166,2433.8024360710833,0,null,-1207.5793058879083,"{""alpha[1]"": 0.09786603835646879, ""beta[1]"": 0.7229019365354383, ""omega"": 1.3694689399621323}",2.691570470136206,True,2025-05-11,1.472740495258987,1.815239296396578,normal,BTC-USD,1390,0.18431087625232875,0.05520507316080029,,0.17592352794484825,2025-05-10,2023-12-28,4.25131592205417,6.085605713087621
1.2501714607270615,-1.2501714607270615,5.139489326431551,6.692853852185551,False,False,2420.667129648303,2433.31095394357,0,null,-1207.3335648241516,"{""alpha[1]"": 0.09687659181193194, ""beta[1]"": 0.7265109722498189, ""omega"": 1.3458234715088027}",2.578192337236372,True,2025-05-12,1.4273373047870308,1.7705037334110942,normal,BTC-USD,1391,0.14059982641756313,0.04569019774067745,,0.17858102780341775,2025-05-11,2023-12-29,4.062167989078322,5.819191234794803
-1.3111031807523907,1.3111031807523907,5.022539760618318,6.541742685066098,False,False,2420.577645125069,2433.221469420336,0,null,-1207.2888225625345,"{""alpha[1]"": 0.0961601525048038, ""beta[1]"": 0.7312432037409506, ""omega"": 1.3122823621010402}",2.521492716989369,True,2025-05-13,1.4041556367111019,1.7475887020605598,normal,BTC-USD,1392,0.2640007030435865,0.0699839684157773,,0.17857556075235073,2025-05-12,2023-12-30,3.968910880119335,5.687293660825332
0.6070027644235592,-0.6070027644235592,4.895370925724113,6.378115072101972,False,False,2420.3904535654783,2433.034277860745,0,null,-1207.1952267827392,"{""alpha[1]"": 0.09592251563748712, ""beta[1]"": 0.7362490790897145, ""omega"": 1.2722057532714963}",2.4609803641665513,True,2025-05-14,1.378225632802101,1.7221218455549225,normal,BTC-USD,1393,0.1630012461482815,0.04937168883345035,,0.18092479046652044,2025-05-13,2023-12-31,3.8670276873891862,5.54417164776859
-0.19801487419520594,0.19801487419520594,4.7678174166241885,6.212799770826755,False,False,2419.821156120568,2432.464980415835,0,null,-1206.910578060284,"{""alpha[1]"": 0.09667222867844458, ""beta[1]"": 0.7383381141737638, ""omega"": 1.2463757095777075}",2.3983053374020553,True,2025-05-15,1.3516973015489349,1.6958002542032156,normal,BTC-USD,1394,0.19818391939048033,0.05598109678012835,,0.17919771914844837,2025-05-14,2024-01-01,3.7656635136143968,5.400094803817624
0.2464381123482543,-0.2464381123482543,4.6590552011425554,6.069813012402176,False,False,2417.5516090784663,2430.195433373733,0,null,-1205.7758045392331,"{""alpha[1]"": 0.0975348647015136, ""beta[1]"": 0.7337791544065466, ""omega"": 1.2704028722995346}",2.341501249953175,True,2025-05-16,1.3288092036591403,1.6726061491825313,normal,BTC-USD,1395,0.17170996476090644,0.05029918926613785,,0.1707894159305055,2025-05-15,2024-01-02,3.68063740756638,5.276357038962035
0.2885647279545516,-0.2885647279545516,4.563364982923983,5.944992011230036,False,False,2416.5576320243067,2429.2014563195735,0,null,-1205.2788160121534,"{""alpha[1]"": 0.09883136920921289, ""beta[1]"": 0.7349826798048446, ""omega"": 1.2474674525882257}",2.293151516105526,True,2025-05-17,1.3080804978589997,1.65183885499111,normal,BTC-USD,1396,0.16582929207794683,0.04879355407489117,,0.16674801890195592,2025-05-16,2024-01-03,3.6051505695134853,5.167920135443665
-3.1055414948863795,3.1055414948863795,4.503490473654413,5.870267951824125,False,False,2413.3874658734294,2426.031290168696,0,null,-1203.6937329367147,"{""alpha[1]"": 0.10165946231299333, ""beta[1]"": 0.7210387222012433, ""omega"": 1.3287625444950721}",2.2685050176576906,True,2025-05-18,1.2943680998933185,1.6389488463572324,normal,BTC-USD,1397,0.33305581603876433,0.0820708943980237,,0.1757838801629648,2025-05-17,2024-01-04,3.5555748258889013,5.101547944915984
0.7920998363214709,-0.7920998363214709,4.847572178708072,6.314879262208269,False,False,2413.5709023021773,2426.214726597444,0,null,-1203.7854511510886,"{""alpha[1]"": 0.10084699677646967, ""beta[1]"": 0.7203643688836667, ""omega"": 1.3404599994919795}",2.435358743123478,True,2025-05-19,1.3685508485533981,1.7122234586037473,normal,BTC-USD,1398,0.15189176668126247,0.04697518306662697,,0.17587349160791343,2025-05-18,2024-01-05,3.829935169946718,5.489618142984164
-1.1157568710024277,1.1157568710024277,4.719278039524847,6.14867151853324,False,False,2413.0437508585737,2425.6875751538405,0,null,-1203.5218754292869,"{""alpha[1]"": 0.10058410731798732, ""beta[1]"": 0.7305766521217413, ""omega"": 1.261227877693316}",2.37243174630003,True,2025-05-20,1.3415935331133206,1.6854862929856669,normal,BTC-USD,1399,0.24218462625467088,0.06460491111809075,,0.17436730850543322,2025-05-19,2024-01-06,3.727935654090986,5.344734240806641
-2.6675054492193824,2.6675054492193824,4.612830667474596,6.012013505484518,False,False,2412.1157013811653,2424.759525676432,0,null,-1203.0578506905827,"{""alpha[1]"": 0.10252596628610951, ""beta[1]"": 0.7324373037312165, ""omega"": 1.2283360857139485}",2.3222897211450184,True,2025-05-21,1.3184741042071222,1.662864165239235,normal,BTC-USD,1400,0.3154973018401407,0.07892573121837917,,0.17738608307408116,2025-05-20,2024-01-07,3.642440587583425,5.225067672618529
-1.802796394236439,1.802796394236439,4.786530294663852,6.238068925605229,False,False,2411.834480095511,2424.478304390778,0,null,-1202.9172400477555,"{""alpha[1]"": 0.10625853985739166, ""beta[1]"": 0.7243492666064189, ""omega"": 1.2595169717474204}",2.409187099003118,True,2025-05-22,1.3554862242610444,1.699798046511165,normal,BTC-USD,1401,0.27913128709524393,0.0722447289003743,,0.1829307901315397,2025-05-21,2024-01-08,3.7798293476684344,5.421676495800984
4.006256233899459,-4.006256233899459,4.815553014877871,6.2727300273323765,True,False,2408.2868192549995,2420.9306435502663,0,null,-1201.1434096274998,"{""alpha[1]"": 0.1046536641694651, ""beta[1]"": 0.7105342499978432, ""omega"": 1.370083551493324}",2.4185453866236664,True,2025-05-23,2.1980885933778334,1.7055566555041843,normal,BTC-USD,1402,0.19124888179285907,0.014469101548950269,,0.17321152964876452,2025-05-22,2024-01-09,3.8049416214859235,5.453166388794485
-0.4680702474076876,0.4680702474076876,5.439457050698251,7.07757340159061,False,False,2410.259796540565,2422.9036208358316,0,null,-1202.1298982702824,"{""alpha[1]"": 0.10565458899904798, ""beta[1]"": 0.7064806165267219, ""omega"": 1.3974668928708869}",2.7188589370690504,True,2025-05-24,1.4848164605379504,1.8267551657267145,normal,BTC-USD,1403,0.23857135653075193,0.06624313854875113,,0.16876810060010508,2025-05-23,2024-01-10,4.303356883207347,6.15624360746742
-1.1476897551184373,1.1476897551184373,5.127842472271364,6.674597531845612,False,False,2409.3621979707723,2422.006022266039,0,null,-1201.6810989853861,"{""alpha[1]"": 0.10794392445088882, ""beta[1]"": 0.7063402930449999, ""omega"": 1.3751245210653946}",2.5672222946125487,True,2025-05-25,1.4254864120796773,1.7679721742037962,normal,BTC-USD,1404,0.26013974115290156,0.06952342047836053,,0.16759983454454208,2025-05-24,2024-01-11,4.055105067939589,5.80465229271761
-0.3707294858598121,0.3707294858598121,4.923156760869681,6.4111209103204585,False,False,2408.123666304662,2420.767490599929,0,null,-1201.061833152331,"{""alpha[1]"": 0.11499245799505389, ""beta[1]"": 0.689858656153106, ""omega"": 1.4412530697177384}",2.4696442493653064,True,2025-05-26,1.3843357516743557,1.7274985544798405,normal,BTC-USD,1405,0.21309613622124934,0.05944971072724787,,0.1710100622831992,2025-05-25,2024-01-12,3.891193238565171,5.57424158686497
0.40810965797726856,-0.40810965797726856,4.697182839796879,6.123964299577871,False,False,2398.032929356241,2410.6767536515076,0,null,-1196.0164646781204,"{""alpha[1]"": 0.11642637387131861, ""beta[1]"": 0.6959504787272007, ""omega"": 1.3859723894071734}",2.3680964548438728,True,2025-05-27,1.3362981841876467,1.6811722753188865,normal,BTC-USD,1406,0.1649771168860547,0.049133864482499234,,0.18752004702250738,2025-05-26,2024-01-13,3.70765199569836,5.321496106227188
1.0999457493792042,-1.0999457493792042,4.5683400738191775,5.957263916885358,False,False,2398.1748714373907,2410.8186957326575,0,null,-1196.0874357186954,"{""alpha[1]"": 0.11777270980649125, ""beta[1]"": 0.6929043068274319, ""omega"": 1.3968046792797422}",2.3052623835734587,True,2025-05-28,1.3082910411316595,1.653481330903869,normal,BTC-USD,1407,0.1252559636936753,0.04076142326310345,,0.18675416944289108,2025-05-27,2024-01-14,3.6050650232527084,5.176088075689545
2.024552801398748,-2.024552801398748,4.542316957195432,5.92444123911942,False,False,2397.0437112343125,2409.6875355295792,0,null,-1195.5218556171562,"{""alpha[1]"": 0.11874861506375968, ""beta[1]"": 0.6916919435460986, ""omega"": 1.3980973923548183}",2.293976831378386,True,2025-05-29,1.302408516829575,1.6478754296150702,normal,BTC-USD,1408,0.07796024384112854,0.031225368903632405,,0.1894984330140665,2025-05-28,2024-01-15,3.5837576782213176,5.147089691761986
1.5676574887686565,-1.5676574887686565,4.707752528618418,6.136024607539301,False,False,2397.5530167216366,2410.1968410169034,0,null,-1195.7765083608183,"{""alpha[1]"": 0.11905180008831158, ""beta[1]"": 0.6906033259025864, ""omega"": 1.4049761646613785}",2.3705705057060413,True,2025-05-30,1.3387992561690174,1.683260623239459,normal,BTC-USD,1409,0.10747651954426624,0.03765060552843728,,0.18205361460078873,2025-05-29,2024-01-16,3.717187879653979,5.332718041612381
-0.6130518275123142,0.6130518275123142,4.720996105476257,6.151343785220172,False,False,2397.8012060826504,2410.445030377917,0,null,-1195.9006030413252,"{""alpha[1]"": 0.11944811649000014, ""beta[1]"": 0.6907980485764024, ""omega"": 1.4000698099155757}",2.37401547824686,True,2025-05-31,1.3418937880937962,1.6858903627521804,normal,BTC-USD,1410,0.21710218853105961,0.059599216615475445,,0.17591602672440734,2025-05-30,2024-01-17,3.728991943108874,5.346869834035225
-0.9643965279089796,0.9643965279089796,4.565196842591881,5.95095577571928,False,False,2397.507797874157,2410.1516221694237,0,null,-1195.7538989370785,"{""alpha[1]"": 0.120322263574473, ""beta[1]"": 0.6915125316538949, ""omega"": 1.3856613566585492}",2.3000094333374226,True,2025-06-01,1.3079383872570305,1.652581989914518,normal,BTC-USD,1411,0.22842566567077632,0.061359565104862596,,0.17906207294111726,2025-05-31,2024-01-18,3.604116785506543,5.171559982577275
-0.21692037801663375,0.21692037801663375,4.474767604650693,5.836735762219548,False,False,2394.9798684298285,2407.623692725095,0,null,-1194.4899342149142,"{""alpha[1]"": 0.12117414839578694, ""beta[1]"": 0.6895131374453329, ""omega"": 1.392263322783043}",2.2605227615195655,True,2025-06-02,1.2873640843407932,1.6329313723637329,normal,BTC-USD,1412,0.18735538969553414,0.05287641051300841,,0.18804164719776936,2025-06-01,2024-01-19,3.530187415894046,5.070720673284202
0.42501980559301383,-0.42501980559301383,4.368494397191424,5.69904540106913,False,False,2394.7871346807383,2407.430958976005,0,null,-1194.3935673403691,"{""alpha[1]"": 0.12237708776552146, ""beta[1]"": 0.6909844230911255, ""omega"": 1.371068058541979}",2.208378230367111,True,2025-06-03,1.2631806246347126,1.6089880888728514,normal,BTC-USD,1413,0.15103417369498026,0.04525680533292194,,0.18675566240739958,2025-06-02,2024-01-20,3.4457032794926166,4.950700338885203
0.6666084188030525,-0.6666084188030525,4.301446532220133,5.612098930670044,False,False,2394.497795510827,2407.141619806094,0,null,-1194.2488977554135,"{""alpha[1]"": 0.1251998597671133, ""beta[1]"": 0.6899783738169367, ""omega"": 1.3569702812797488}",2.1753515768128007,True,2025-06-04,1.2476292891774374,1.5935740338818971,normal,BTC-USD,1414,0.13629237430544924,0.04208337071103697,,0.18567902610310424,2025-06-03,2024-01-21,3.392455904912035,4.874945489906746
3.0597731847037197,-3.0597731847037197,4.267926440837368,5.568566687016014,False,False,2393.990881862716,2406.6347061579827,0,null,-1193.995440931358,"{""alpha[1]"": 0.12987967589817384, ""beta[1]"": 0.6839750115433213, ""omega"": 1.3666477258480525}",2.158733935662224,True,2025-06-05,1.2397732855778103,1.5857713433559484,normal,BTC-USD,1415,0.015305323136975116,0.017772712208899005,,0.18492169625401303,2025-06-04,2024-01-22,3.3658796474432218,4.837044405593619
-2.733035306445883,2.733035306445883,4.830640058458663,6.296795809736442,False,False,2390.755031149087,2403.3988554443536,0,null,-1192.3775155745434,"{""alpha[1]"": 0.1273408681671612, ""beta[1]"": 0.6898589621465941, ""omega"": 1.3464254835645186}",2.4334478227540237,True,2025-06-06,1.3644812986645545,1.709083253840189,normal,BTC-USD,1416,0.3273418425881443,0.08205217543561905,,0.18886393193712187,2025-06-05,2024-01-23,3.8138015453169976,5.472182237116014
-1.1669145986995246,1.1669145986995246,4.974900802791586,6.484292589115428,False,False,2391.926627343014,2404.5704516382807,0,null,-1192.963313671507,"{""alpha[1]"": 0.1282379729654067, ""beta[1]"": 0.6866297674136325, ""omega"": 1.3653010541036708}",2.505208708495983,True,2025-06-07,1.3939842591645228,1.7384615962905663,normal,BTC-USD,1417,0.25474954717186726,0.06802276266035545,,0.19262528570221518,2025-06-06,2024-01-24,3.928076344737816,5.6353616673360145
-0.16841596130920813,0.16841596130920813,4.7668018386000375,6.215752865904038,False,False,2392.1561323972664,2404.799956692533,0,null,-1193.0780661986332,"{""alpha[1]"": 0.1286865698931649, ""beta[1]"": 0.6865883426526523, ""omega"": 1.35998809005752}",2.4048923312528054,True,2025-06-08,1.3508620724915543,1.6959785085125993,normal,BTC-USD,1418,0.19651557305233278,0.05569231749664783,,0.19380037375151465,2025-06-07,2024-01-25,3.761895499737444,5.400815788355571
-4.165996455560834,4.165996455560834,4.558882150670614,5.947409141673393,False,False,2391.9694062333174,2404.613230528584,0,null,-1192.9847031166587,"{""alpha[1]"": 0.13138225613210355, ""beta[1]"": 0.6813052624665118, ""omega"": 1.3769834757027903}",2.304603709494119,True,2025-06-09,1.305841497672744,1.6516459647385928,normal,BTC-USD,1419,0.38809393943380166,0.09332452958517096,,0.19485343713202719,2025-06-08,2024-01-26,3.595882333115192,5.166456502956253
0.03343184223913254,-0.03343184223913254,5.273496903862009,6.870498964259918,False,False,2390.5759430814655,2403.2197673767323,0,null,-1192.2879715407328,"{""alpha[1]"": 0.12829850447983332, ""beta[1]"": 0.6952254278634363, ""omega"": 1.3072631917410988}",2.6506196107896947,True,2025-06-10,1.4526649841584662,1.7965030283062644,normal,BTC-USD,1420,0.2066239661546379,0.05938861339068198,,0.19397011514424184,2025-06-09,2024-01-27,4.165911165331887,5.972293181307325
1.434738860972619,-1.434738860972619,4.943576548845411,6.4437700412253625,False,False,2390.9927596059297,2403.6365839011964,0,null,-1192.4963798029648,"{""alpha[1]"": 0.127155274323028, ""beta[1]"": 0.694785497018608, ""omega"": 1.3151830417370969}",2.489941866380944,True,2025-06-11,1.3876250319583123,1.732172187720376,normal,BTC-USD,1421,0.12341963099774451,0.041652736774804716,,0.19245842888750572,2025-06-10,2024-01-28,3.9031314809275073,5.600012538453087
2.569916684061177,-2.569916684061177,4.849399358630934,6.321363579629858,False,False,2391.6699586160103,2404.313782911277,0,null,-1192.8349793080051,"{""alpha[1]"": 0.12833425996840667, ""beta[1]"": 0.6889380431254867, ""omega"": 1.3487302774413577}",2.443088413792277,True,2025-06-12,1.368340757598299,1.7129694565663303,normal,BTC-USD,1422,0.06293078759783867,0.029235664510869015,,0.18999040237139617,2025-06-11,2024-01-29,3.8285324360179493,5.493483135148076
-0.15273471896704055,0.15273471896704055,5.054301663175946,6.582899435048534,False,False,2391.414825192876,2404.0586494881427,0,null,-1192.707412596438,"{""alpha[1]"": 0.12851088446153272, ""beta[1]"": 0.6909886279283608, ""omega"": 1.3372248735490582}",2.53708578818326,True,2025-06-13,1.4104887426149073,1.7538743310707599,normal,BTC-USD,1423,0.20734458968462888,0.058759011627116664,,0.17897768585473586,2025-06-12,2024-01-30,3.9941570747255333,5.723166443744621
0.5847555254663668,-0.5847555254663668,4.783405281444498,6.233420391253469,False,False,2391.628754869226,2404.272579164493,0,null,-1192.814377434613,"{""alpha[1]"": 0.1278342568373376, ""beta[1]"": 0.6890399474402383, ""omega"": 1.3535005610660966}",2.406658439152799,True,2025-06-14,1.3549166257456764,1.6990924483357244,normal,BTC-USD,1424,0.1596502716357837,0.048331293137073884,,0.18083990429181215,2025-06-13,2024-01-31,3.7777609581820384,5.417884839173751
-0.07545779594851873,0.07545779594851873,4.622591536566779,6.025798081633083,False,False,2391.7932438767048,2404.4370681719715,0,null,-1192.8966219383524,"{""alpha[1]"": 0.12802696870157673, ""beta[1]"": 0.6859536845352268, ""omega"": 1.373090266665256}",2.328968057445389,True,2025-06-15,1.3204284095492747,1.6650782525857917,normal,BTC-USD,1425,0.18624343242450903,0.05312046981294116,,0.18140070380151463,2025-06-14,2024-02-01,3.649410852541658,5.236589185345593
-1.172362396757044,1.172362396757044,4.4760934905285605,5.835880563883794,False,False,2391.819616066039,2404.463440361306,0,null,-1192.9098080330195,"{""alpha[1]"": 0.12843652440079686, ""beta[1]"": 0.6835363173796589, ""omega"": 1.3862880829958228}",2.256902713222339,True,2025-06-16,1.2880608156322388,1.6329758113048785,normal,BTC-USD,1426,0.23526941844720073,0.06243454584245426,,0.17924864133341645,2025-06-15,2024-02-02,3.5330259721869663,5.071092187488377
2.0773336352351683,-2.0773336352351683,4.428784186877782,5.775288371776522,False,False,2392.1218817349672,2404.765706030234,0,null,-1193.0609408674836,"{""alpha[1]"": 0.1286775241741034, ""beta[1]"": 0.6820951032611021, ""omega"": 1.3940044285757094}",2.234856477025287,True,2025-06-17,1.2772646759286328,1.6224574823968405,normal,BTC-USD,1427,0.07087976277463312,0.02940637087655811,,0.18108289122320312,2025-06-16,2024-02-03,3.4949288907278295,5.0179707228909765
-0.2694339499081748,0.2694339499081748,4.645088530931648,6.053822376149299,False,False,2393.0748128388345,2405.7186371341013,0,null,-1193.5374064194173,"{""alpha[1]"": 0.12800924653736287, ""beta[1]"": 0.6823163281865534, ""omega"": 1.3982898295331352}",2.338141978092822,True,2025-06-18,1.3254777145801242,1.6698109676312871,normal,BTC-USD,1428,0.19687541949252418,0.055309386967989,,0.17782687305116293,2025-06-17,2024-02-04,3.668074439942305,5.26150474689072
0.18995217440472834,-0.18995217440472834,4.484258087634169,5.846730043312095,False,False,2392.8450844113295,2405.4889087065962,0,null,-1193.4225422056647,"{""alpha[1]"": 0.12737059802326733, ""beta[1]"": 0.6855604950261543, ""omega"": 1.376535808147875}",2.2613589389929065,True,2025-06-19,1.2898515604351846,1.634818090759338,normal,BTC-USD,1429,0.16746881600194935,0.04890479427566773,,0.1802759581979026,2025-06-18,2024-02-05,3.5393284944437124,5.0804316019714975
1.321872977100264,-1.321872977100264,4.374895517078624,5.7052096841426385,False,False,2392.6604332348697,2405.3042575301365,0,null,-1193.3302166174349,"{""alpha[1]"": 0.1279315390468052, ""beta[1]"": 0.6865874622837107, ""omega"": 1.362713589855181}",2.2079851411416835,True,2025-06-20,1.2649914614204594,1.6102343631423093,normal,BTC-USD,1430,0.10651978391105886,0.03635124849568044,,0.17954371234041727,2025-06-19,2024-02-06,3.4522686553214395,4.956997826668304
1.0237095068809738,-1.0237095068809738,4.429004901044219,5.773771265104093,False,False,2392.6168242304025,2405.2606485256692,0,null,-1193.3084121152012,"{""alpha[1]"": 0.12941316946905976, ""beta[1]"": 0.6843584868611324, ""omega"": 1.3675469057281424}",2.231972133848931,True,2025-06-21,1.2775971453787922,1.6223295868162055,normal,BTC-USD,1431,0.1236322673644705,0.0399372151617124,,0.17491260544564902,2025-06-20,2024-02-07,3.4963548541703817,5.01743102305221
1.2500036871865046,-1.2500036871865046,4.4148251209191365,5.753202582847915,False,False,2391.5730874521346,2404.2169117474014,0,null,-1192.7865437260673,"{""alpha[1]"": 0.1301320488232841, ""beta[1]"": 0.6851777841467436, ""omega"": 1.35515869912732}",2.221368171775217,True,2025-06-22,1.2747177468700683,1.6189170374012507,normal,BTC-USD,1432,0.11183011748807827,0.037504519794938046,,0.1672194571909591,2025-06-21,2024-02-08,3.486606036948068,5.000455666680306
-4.445468212081377,4.445468212081377,4.441751160092567,5.785981234675119,False,False,2390.986936480961,2403.630760776228,0,null,-1192.4934682404805,"{""alpha[1]"": 0.13167977084820423, ""beta[1]"": 0.6829810644187052, ""omega"": 1.359257563222865}",2.231082028919888,True,2025-06-23,1.2811589388479647,1.6247706512797255,normal,BTC-USD,1433,0.39774706319081865,0.09475410831309754,,0.16033031556013863,2025-06-22,2024-02-09,3.5094730517349886,5.029942619228368
-0.4421629389136383,0.4421629389136383,5.392242418684344,7.014367306655857,False,False,2392.2344051171735,2404.8782294124403,0,null,-1193.1172025585868,"{""alpha[1]"": 0.1313662015871497, ""beta[1]"": 0.6771548437677728, ""omega"": 1.4138812785065473}",2.6923171521369467,True,2025-06-24,1.4763265277682072,1.817893808257487,normal,BTC-USD,1434,0.23546979593046513,0.06544194569130665,,0.16123465290045483,2025-06-23,2024-02-10,4.2672329796956605,6.102031630217022
-1.232988928861035,1.232988928861035,5.025222689920592,6.53963424489695,False,False,2392.15646692452,2404.8002912197867,0,null,-1193.07823346226,"{""alpha[1]"": 0.13006772666307945, ""beta[1]"": 0.6795076453911987, ""omega"": 1.4015471785098903}",2.5135402551870807,True,2025-06-25,1.405462937999693,1.7476363083369364,normal,BTC-USD,1435,0.26039528737273776,0.06920868971192295,,0.15948898663928313,2025-06-24,2024-02-11,3.9749168185937154,5.687880042331255
0.374445619562926,-0.374445619562926,4.825959445035217,6.2822524862231495,False,False,2392.0792428374552,2404.723067132722,0,null,-1193.0396214187276,"{""alpha[1]"": 0.13162024317460236, ""beta[1]"": 0.6741254780702232, ""omega"": 1.427257253941953}",2.417078217837443,True,2025-06-26,1.3647251022827516,1.7073507594965922,normal,BTC-USD,1436,0.1720757751013548,0.05088740402248337,,0.15977875164529973,2025-06-25,2024-02-12,3.8159611215900187,5.463186021811259
-0.12000060322695369,0.12000060322695369,4.636435313638879,6.035171872767632,False,False,2390.562677240162,2403.2065015354287,0,null,-1192.281338620081,"{""alpha[1]"": 0.13206402822619961, ""beta[1]"": 0.6752225067973858, ""omega"": 1.4145801914750604}",2.3215490110459887,True,2025-06-27,1.3247159907114394,1.6672526471069613,normal,BTC-USD,1437,0.18931776747448376,0.0536847764485353,,0.15225356470187978,2025-06-26,2024-02-13,3.666354746262718,5.248477041626572
-0.22318613173680657,0.22318613173680657,4.477825156017493,5.830555966562472,False,False,2390.296453250387,2402.9402775456538,0,null,-1192.1482266251935,"{""alpha[1]"": 0.13537174787682318, ""beta[1]"": 0.6654101076192629, ""omega"": 1.4610841247951103}",2.2451911011665073,True,2025-06-28,1.2896219863224054,1.6326239955618687,normal,BTC-USD,1438,0.18814187870146737,0.05292922393090568,,0.15335928366036153,2025-06-27,2024-02-14,3.539651442292538,5.069736261353757
-0.9808164798653395,0.9808164798653395,4.360862170976461,5.677161549812635,False,False,2387.7675829203763,2400.411407215643,0,null,-1190.8837914601881,"{""alpha[1]"": 0.1381001285604973, ""beta[1]"": 0.6663786250981631, ""omega"": 1.438019584502186}",2.18472413638849,True,2025-06-29,1.263328831687344,1.6060465156300818,normal,BTC-USD,1439,0.2214385806734848,0.05917648543895743,,0.14559628602267768,2025-06-28,2024-02-15,3.447955133604353,4.936832064030398
1.1602107842924656,-1.1602107842924656,4.332654761767356,5.641162015138251,False,False,2388.0251431412516,2400.6689674365184,0,null,-1191.0125715706258,"{""alpha[1]"": 0.13761071227783003, ""beta[1]"": 0.6669736137028882, ""omega"": 1.4361012401418036}",2.1717911783916435,True,2025-06-30,1.2567239215404489,1.5996299078113445,normal,BTC-USD,1440,0.11324705476667557,0.03745004289286858,,0.14712671713273187,2025-06-29,2024-02-16,3.425151879625975,4.9052150735793205
1.350422499839808,-1.350422499839808,4.380697328298096,5.702310872815143,False,False,2388.400419571154,2401.044243866421,0,null,-1191.200209785577,"{""alpha[1]"": 0.13564442611681107, ""beta[1]"": 0.6725635993599266, ""omega"": 1.4084675768819188}",2.193544307706989,True,2025-07-01,1.2679735077076373,1.6105176293554155,normal,BTC-USD,1441,0.10568411007633355,0.03608570027964617,,0.14395460904411994,2025-06-30,2024-02-17,3.464104701366477,4.958992527804422
-2.9467777196763985,2.9467777196763985,4.43044633852746,5.766361797094447,False,False,2388.641000434406,2401.284824729673,0,null,-1191.320500217203,"{""alpha[1]"": 0.13105748024443303, ""beta[1]"": 0.687206927417323, ""omega"": 1.3327094007721298}",2.2172818687237563,True,2025-07-02,1.2793765753227908,1.6217404311019425,normal,BTC-USD,1442,0.3225356236738691,0.07961777311188188,,0.14316936994303014,2025-07-01,2024-02-18,3.503934753800978,5.014999591511783
-0.7218611789276013,0.7218611789276013,4.741365615898,6.169302148920836,False,False,2389.963169142738,2402.606993438005,0,null,-1191.981584571369,"{""alpha[1]"": 0.11971100660799046, ""beta[1]"": 0.7200349389274361, ""omega"": 1.1722343546751732}",2.370013584359639,True,2025-07-03,1.3474545876006516,1.689406037170209,normal,BTC-USD,1443,0.22364474302793041,0.06088045483823357,,0.147291758527208,2025-07-02,2024-02-19,3.751033681631003,5.366184304895751
1.482591913818017,-1.482591913818017,4.40630838942315,5.737185321977005,False,False,2389.34041260088,2401.9842368961467,0,null,-1191.67020630044,"{""alpha[1]"": 0.08784047878042849, ""beta[1]"": 0.8179107182536574, ""omega"": 0.6744396248153046}",2.208919189556923,True,2025-07-04,1.2735609425342016,1.6164991104416342,normal,BTC-USD,1444,0.10003496565712788,0.035060650331109125,,0.15005751362483818,2025-07-03,2024-02-20,3.483291226960573,4.988656946928926
-0.18203901235844305,0.18203901235844305,4.36140903564129,5.6777373235498265,False,False,2388.6505545084624,2401.294378803729,0,null,-1191.3252772542312,"{""alpha[1]"": 0.07917727161701475, ""beta[1]"": 0.8409792445398908, ""omega"": 0.5631470592613743}",2.184772118138816,True,2025-07-05,1.2634758783188116,1.6061582903025262,normal,BTC-USD,1445,0.1815260480506378,0.05119430590725614,,0.1451483939287726,2025-07-04,2024-02-21,3.4484819486543095,4.9373915783671665
-0.9205212297772458,0.9205212297772458,4.229199438407117,5.507516850576247,False,False,2387.128723707586,2399.7725480028525,0,null,-1190.564361853793,"{""alpha[1]"": 0.07481419056805641, ""beta[1]"": 0.852269783551258, ""omega"": 0.5071468860492817}",2.1216836756398374,True,2025-07-06,1.2323832080004267,1.5755709640329028,normal,BTC-USD,1446,0.21315778330412802,0.05709070885174537,,0.14722465281460642,2025-07-05,2024-02-22,3.342634436305311,4.788549655397286
0.8570920982519109,-0.8570920982519109,4.148235748389065,5.404047216515386,False,False,2385.4968330569027,2398.1406573521695,0,null,-1189.7484165284513,"{""alpha[1]"": 0.07295963499822197, ""beta[1]"": 0.8567775558973896, ""omega"": 0.4833560805909916}",2.0843294992624197,True,2025-07-07,1.2127248975112201,1.556448129498078,normal,BTC-USD,1447,0.12100937167833804,0.038406459963527664,,0.15113740480506738,2025-07-06,2024-02-23,3.2772795318186696,4.697738094604674
-0.5987787756894914,0.5987787756894914,4.102640062924644,5.34528885159137,False,False,2383.7870746019207,2396.4308988971875,0,null,-1188.8935373009604,"{""alpha[1]"": 0.07244854392158107, ""beta[1]"": 0.8576709880477715, ""omega"": 0.47647512256688085}",2.062482779604807,True,2025-07-08,1.2015641537005672,1.5454638097348736,normal,BTC-USD,1448,0.1919795737208855,0.05245161623439277,,0.1516695818297059,2025-07-07,2024-02-24,3.240812698728215,4.646382847749781
-2.157624527478394,2.157624527478394,4.034525873220308,5.256670477306791,False,False,2381.732669359273,2394.37649365454,0,null,-1187.8663346796366,"{""alpha[1]"": 0.0728498729575083, ""beta[1]"": 0.8566053103438425, ""omega"": 0.4771160559863209}",2.0284510177809674,True,2025-07-09,1.1848004421833958,1.5287356393592906,normal,BTC-USD,1449,0.2672271760305431,0.06726921219731166,,0.149586020557966,2025-07-08,2024-02-25,3.1869189931324637,4.569296692252767
-4.101205071393515,4.101205071393515,4.135633954312222,5.38838846838296,False,False,2380.530618469095,2393.1744427643616,0,null,-1187.2653092345474,"{""alpha[1]"": 0.07410012300957888, ""beta[1]"": 0.8513398169075584, ""omega"": 0.5023889788957316}",2.0792557284953417,True,2025-07-10,1.2095552838218433,1.5534855909633292,normal,BTC-USD,1450,0.36840014654152037,0.08785003748027599,,0.15327346693830285,2025-07-09,2024-02-26,3.2667978594368856,4.683798676634075
-1.3103070361553912,1.3103070361553912,4.681727934498922,6.093320239347179,False,False,2381.270158508803,2393.9139828040697,0,null,-1187.6350792544015,"{""alpha[1]"": 0.075140031418307, ""beta[1]"": 0.8418303632962548, ""omega"": 0.5638606576810535}",2.3428862983046863,True,2025-07-11,1.3345571687712363,1.6768987587932278,normal,BTC-USD,1451,0.25065192109544754,0.06609701955788103,,0.15097363954781728,2025-07-10,2024-02-27,3.702731385753555,5.2993949196327055
0.06960192139144106,-0.06960192139144106,4.596111903418608,5.980778412845693,False,False,2379.0926920050997,2391.7365163003665,0,null,-1186.5463460025499,"{""alpha[1]"": 0.07439817560717843, ""beta[1]"": 0.8419831578551193, ""omega"": 0.5642659283900863}",2.2981962862193637,True,2025-07-12,1.3162683587904898,1.658336678978202,normal,BTC-USD,1452,0.17830937825554058,0.05132395112851461,,0.1444070103320746,2025-07-11,2024-02-28,3.6357894865022495,5.201997034242897
-1.4211873761339522,1.4211873761339522,4.515073284948708,5.87073015190567,False,False,2374.0063923642106,2386.6502166594773,0,null,-1184.0031961821053,"{""alpha[1]"": 0.07717558390776107, ""beta[1]"": 0.8361905629958588, ""omega"": 0.5890830796763252}",2.250047614943293,True,2025-07-13,1.2991849193967462,1.6401032745944661,normal,BTC-USD,1453,0.24980288042452914,0.06529452113751594,,0.1261287478963589,2025-07-12,2024-02-29,3.574870232356626,5.1082647376176356
-0.6139691780727092,0.6139691780727092,4.441428616261331,5.777638653250477,False,False,2372.5541483152356,2385.1979726105023,0,null,-1183.2770741576178,"{""alpha[1]"": 0.07672735560581696, ""beta[1]"": 0.8374584330494631, ""omega"": 0.5797203222146958}",2.2177707944190033,True,2025-07-14,1.2823234269482113,1.6239197954725153,normal,BTC-USD,1454,0.20643409537585966,0.056400799452765646,,0.1331956055026649,2025-07-13,2024-03-01,3.51471272944448,5.02611076720385
1.7443885857792256,-1.7443885857792256,4.337598162245524,5.642664905937725,False,False,2370.795597246587,2383.439421541854,0,null,-1182.3977986232935,"{""alpha[1]"": 0.07671538458315155, ""beta[1]"": 0.8375966177439488, ""omega"": 0.5747396155718083}",2.166080802274038,True,2025-07-15,1.258653049104959,1.6002739674383415,normal,BTC-USD,1455,0.08440464137050445,0.031642644328905706,,0.13040445070109283,2025-07-14,2024-03-02,3.432481413189313,4.908653018669794
-0.8129063946738924,0.8129063946738924,4.383037836023074,5.7007436840034655,False,False,2369.6954369375317,2382.3392612327984,0,null,-1181.8477184687658,"{""alpha[1]"": 0.07805670546235402, ""beta[1]"": 0.8328140639563197, ""omega"": 0.5955738575498633}",2.187058519535561,True,2025-07-16,1.2692376979674362,1.6105924534115297,normal,BTC-USD,1456,0.2141030874947962,0.05772529549007202,,0.12823578299115718,2025-07-15,2024-03-03,3.4691553552220276,4.959623154333304
-0.46325315481966395,0.46325315481966395,4.299737602050214,5.592525434412529,False,False,2367.810026556338,2380.453850851605,0,null,-1180.905013278169,"{""alpha[1]"": 0.07886354091959397, ""beta[1]"": 0.8301012517563984, ""omega"": 0.6046957027043459}",2.145700914246825,True,2025-07-17,1.2500294533705438,1.5914171004987043,normal,BTC-USD,1457,0.19331949655622713,0.053286727601581534,,0.1262271548471048,2025-07-16,2024-03-04,3.403136776304875,4.865419605338485
1.0844225622222954,-1.0844225622222954,4.248250662357657,5.521680449410387,False,False,2363.3625139913634,2376.00633828663,0,null,-1178.6812569956817,"{""alpha[1]"": 0.08546839765603995, ""beta[1]"": 0.8128300022819699, ""omega"": 0.6800428592266617}",2.113571453805578,True,2025-07-18,1.2386157815395298,1.5789720503043885,normal,BTC-USD,1458,0.11403264322008547,0.03721039650982526,,0.11144024498919781,2025-07-17,2024-03-05,3.365075426624003,4.805462213204818
0.05361459934226067,-0.05361459934226067,4.255228298853553,5.534069199000359,False,False,2358.5767057070907,2371.2205300023575,0,null,-1176.2883528535453,"{""alpha[1]"": 0.09943767916410183, ""beta[1]"": 0.7724859425079258, ""omega"": 0.865778701764517}",2.122552533316387,True,2025-07-19,1.2397158702231286,1.5809536299262845,normal,BTC-USD,1459,0.1657342818626373,0.04761192977852831,,0.12298799622549011,2025-07-18,2024-03-06,3.368300236595004,4.814807577195087
0.5434339336096738,-0.5434339336096738,4.158279119046627,5.406696807960046,False,False,2356.701010559058,2369.3448348543247,0,null,-1175.350505279529,"{""alpha[1]"": 0.09678134185393934, ""beta[1]"": 0.7845103587671093, ""omega"": 0.7997356872120855}",2.0720576953207988,True,2025-07-20,1.2168833709272615,1.5577714964588725,normal,BTC-USD,1460,0.1374508427402775,0.0416111225380393,,0.11578082698590333,2025-07-19,2024-03-07,3.292450788415221,4.704546187413601
-0.11821574696382484,0.11821574696382484,4.06976380530176,5.291290414096755,False,False,2355.7123431828095,2368.3561674780763,0,null,-1174.8561715914047,"{""alpha[1]"": 0.0886763565154676, ""beta[1]"": 0.8117277440185542, ""omega"": 0.6642250710826613}",2.0274253018601085,True,2025-07-21,1.1954209738877424,1.5362211949980074,normal,BTC-USD,1461,0.16704006384959585,0.04722479956613009,,0.11223233110969362,2025-07-20,2024-03-08,3.2225855300280895,4.6042642096491795
-2.152988592407753,2.152988592407753,3.9765543070904013,5.169736527510095,False,False,2354.187196310526,2366.8310206057927,0,null,-1174.093598155263,"{""alpha[1]"": 0.08360686106652926, ""beta[1]"": 0.8280671325285562, ""omega"": 0.5829181703955113}",1.9803807841688206,True,2025-07-22,1.1723158582126216,1.5130115509502442,normal,BTC-USD,1462,0.2651011303918309,0.06651640719294005,,0.10840250015622367,2025-07-21,2024-03-09,3.149034015428861,4.498652126886245
1.039130753964578,-1.039130753964578,4.086043572450774,5.312294664404593,False,False,2353.6530288446015,2366.2968531398683,0,null,-1173.8265144223008,"{""alpha[1]"": 0.07931972081351918, ""beta[1]"": 0.8377068040678077, ""omega"": 0.542271280597261}",2.0352667492960026,True,2025-07-23,1.1994406386282215,1.5401961050895796,normal,BTC-USD,1463,0.10982289612062958,0.03583480503350099,,0.11212721801609524,2025-07-22,2024-03-10,3.2355886763771675,4.622611257314674
0.32638027121009466,-0.32638027121009466,4.056640963606309,5.273254185506319,False,False,2352.2447452012125,2364.8885694964792,0,null,-1173.1223726006062,"{""alpha[1]"": 0.07683167324438524, ""beta[1]"": 0.8434949103447258, ""omega"": 0.5151585829208527}",2.0192703219873853,True,2025-07-24,1.1923579146228742,1.5328866607251816,normal,BTC-USD,1464,0.14432450251648057,0.042626111580823134,,0.1085337913767137,2025-07-23,2024-03-11,3.212870321539704,4.588991429292404
0.620430077459231,-0.620430077459231,3.997065957657481,5.193517187707434,False,False,2349.7970952692867,2362.4409195645535,0,null,-1171.8985476346434,"{""alpha[1]"": 0.07678390139728941, ""beta[1]"": 0.8443123085441048, ""omega"": 0.5077689694716127}",1.985806513570615,True,2025-07-25,1.1779614345861797,1.5178413503699653,normal,BTC-USD,1465,0.127342419884748,0.03900164112525932,,0.09908257111629538,2025-07-24,2024-03-12,3.167278475154189,4.520594189985159
-0.26443693047738026,0.26443693047738026,3.9466369771026644,5.128518707149687,False,False,2347.929178556001,2360.5730028512676,0,null,-1170.9645892780004,"{""alpha[1]"": 0.07602629444088327, ""beta[1]"": 0.8458853223669226, ""omega"": 0.4976929624958096}",1.9616248275322465,True,2025-07-26,1.1651723207869438,1.5052027076412333,normal,BTC-USD,1466,0.1695695482294605,0.04728226999500112,,0.09963167817264547,2025-07-25,2024-03-13,3.1269540341118263,4.4637900690227275
-1.2646766556711952,1.2646766556711952,3.889966580444474,5.054154880619381,False,False,2345.7190157691834,2358.36284006445,0,null,-1169.8595078845917,"{""alpha[1]"": 0.07641238716348002, ""beta[1]"": 0.8447177661311942, ""omega"": 0.49881086088027}",1.932258207811371,True,2025-07-27,1.1508379011548597,1.4906583754845077,normal,BTC-USD,1467,0.2173615702388549,0.05664054257291762,,0.09572717221938618,2025-07-26,2024-03-14,3.082554749105899,4.399377601620562
1.2840860312947928,-1.2840860312947928,3.895997729993861,5.064050694819886,False,False,2343.6137615346306,2356.2575858298974,0,null,-1168.8068807673153,"{""alpha[1]"": 0.07733265569975244, ""beta[1]"": 0.841151641445957, ""omega"": 0.5124654046395344}",1.9386725739336206,True,2025-07-28,1.152020489702819,1.492438355321823,normal,BTC-USD,1468,0.09009097827944328,0.03123013771714568,,0.10292701782240501,2025-07-27,2024-03-15,3.0859055968836566,4.407099803009358
0.0019742695067717937,-0.0019742695067717937,3.9378741815631786,5.119062531545801,False,False,2341.563302253382,2354.207126548649,0,null,-1167.781651126691,"{""alpha[1]"": 0.07855062034502262, ""beta[1]"": 0.8359715990397765, ""omega"": 0.5348497990407995}",1.9604739919497474,True,2025-07-29,1.1626094834093745,1.5031939165529593,normal,BTC-USD,1469,0.15583489281395146,0.04452749603361113,,0.10602063041677469,2025-07-28,2024-03-16,3.1186721257857983,4.454723872867881
0.07716619758676382,-0.07716619758676382,3.8496348215748917,5.008595057759904,False,False,2338.238690928523,2350.8825152237896,0,null,-1166.1193454642614,"{""alpha[1]"": 0.07720548879667112, ""beta[1]"": 0.8412530138017507, ""omega"": 0.5073853169411496}",1.923580943528678,True,2025-07-30,1.139182914505347,1.4810117973848143,normal,BTC-USD,1470,0.14843413335960948,0.04279592014017724,,0.11816022691893033,2025-07-29,2024-03-17,3.0458488647789506,4.356758211604484
1.7749425967369021,-1.7749425967369021,3.8051672167619737,4.9484057935385675,False,False,2335.5306062727295,2348.1744305679963,0,null,-1164.7653031363648,"{""alpha[1]"": 0.0774741181575902, ""beta[1]"": 0.8409130933595597, ""omega"": 0.5050544465107285}",1.8974869642061158,True,2025-07-31,1.1279900275949997,1.46912574047961,normal,BTC-USD,1471,0.061867113602315046,0.025304687220798407,,0.10880344638436577,2025-07-30,2024-03-18,3.012284868783202,4.30541131881674
2.128712645796635,-2.128712645796635,3.9652382503478885,5.1549190809165575,False,False,2334.0075257842173,2346.651350079484,0,null,-1164.0037628921086,"{""alpha[1]"": 0.08160202512711107, ""beta[1]"": 0.8257597000357123, ""omega"": 0.5732009023866214}",1.974569362358987,True,2025-08-01,1.1694846401880423,1.5101501381347555,normal,BTC-USD,1472,0.050571683442251804,0.0235709132977161,,0.10773126270176568,2025-07-31,2024-03-19,3.14014631464167,4.485803975568243
0.7024004188970958,-0.7024004188970958,4.069170508394767,5.293054985786205,False,False,2330.3009675422977,2342.9447918375645,0,null,-1162.1504837711489,"{""alpha[1]"": 0.07613455881764562, ""beta[1]"": 0.8414659205240771, ""omega"": 0.5091785800340121}",2.031338767532058,True,2025-08-02,1.1948429606870583,1.536347367454097,normal,BTC-USD,1473,0.1258978268332593,0.03902302220627894,,0.12089798377995889,2025-08-01,2024-03-20,3.22035695556228,4.604702639524986
-1.4913601076369134,1.4913601076369134,4.010414703616431,5.211322432315188,False,False,2322.3434814335774,2334.987305728844,0,null,-1158.1717407167887,"{""alpha[1]"": 0.07778650929754065, ""beta[1]"": 0.8441099589364129, ""omega"": 0.48888811398519544}",1.9932031744810186,True,2025-08-03,1.1812158204125018,1.5212255727017223,normal,BTC-USD,1474,0.2334448283041592,0.06027253062772268,,0.10099101235002503,2025-08-02,2024-03-21,3.177536458446266,4.535892955135348
-0.745097080497803,0.745097080497803,4.00025338475723,5.201185981038809,False,False,2320.394831399967,2333.038655695234,0,null,-1157.1974156999836,"{""alpha[1]"": 0.07760703637892663, ""beta[1]"": 0.8458128109818573, ""omega"": 0.4789742158186476}",1.9932444483806164,True,2025-08-04,1.1781470216942855,1.519023317467346,normal,BTC-USD,1475,0.19562274867035043,0.052708395980212215,,0.11123746741054152,2025-08-03,2024-03-22,3.167357892909202,4.525742517523414
0.8118573366856285,-0.8118573366856285,3.9070623304713754,5.082757856771356,False,False,2318.787858520929,2331.431682816196,0,null,-1156.3939292604646,"{""alpha[1]"": 0.07686898713624564, ""beta[1]"": 0.8507447273422252, ""omega"": 0.45142120816052395}",1.9513572935228263,True,2025-08-05,1.1540886741530922,1.4957574387029506,normal,BTC-USD,1476,0.11399062170712088,0.03609651203694105,,0.11802735090118505,2025-08-04,2024-03-23,3.091669770828044,4.4215085403797305
-0.7737149334859916,0.7737149334859916,3.846108459603339,5.00326654501565,False,False,2318.0247519416093,2330.668576236876,0,null,-1156.0123759708047,"{""alpha[1]"": 0.07668518138679063, ""beta[1]"": 0.854532020073132, ""omega"": 0.42740084340112316}",1.920589828928279,True,2025-08-06,1.1384000011330624,1.4800113387270653,normal,BTC-USD,1477,0.19086436504946322,0.051261582204222424,,0.11551677849551771,2025-08-05,2024-03-24,3.0435723675032693,4.352443286936246
-2.1236359975387322,2.1236359975387322,3.805239419172886,4.948088797046033,False,False,2314.657925362264,2327.3017496575308,0,null,-1154.328962681132,"{""alpha[1]"": 0.07799579297895085, ""beta[1]"": 0.8531518573044438, ""omega"": 0.42894795699830707}",1.8968409924371665,True,2025-08-07,1.1280838911080222,1.4690975925041725,normal,BTC-USD,1478,0.25681314969834435,0.06428949217956105,,0.10739878973235374,2025-08-06,2024-03-25,3.01262699642815,4.305313220417367
0.6902004205273947,-0.6902004205273947,3.964451165228451,5.152724903440769,False,False,2312.9472516938627,2325.5910759891294,0,null,-1153.4736258469313,"{""alpha[1]"": 0.08035109185336989, ""beta[1]"": 0.8450837336340903, ""omega"": 0.4661503015245063}",1.9722339448373554,True,2025-08-08,1.1694909691746451,1.5098227146617553,normal,BTC-USD,1479,0.12250673423233428,0.03794200771967716,,0.10370105218845534,2025-08-07,2024-03-26,3.140335105174078,4.484401192495107
0.16155749932656607,-0.16155749932656607,3.85475238046483,5.010556573251267,False,False,2312.494261312192,2325.138085607459,0,null,-1153.247130656096,"{""alpha[1]"": 0.07769749768897964, ""beta[1]"": 0.8566813472470365, ""omega"": 0.40855472128325837}",1.9183427095074377,True,2025-08-09,1.141356420069021,1.4818085630710023,normal,BTC-USD,1480,0.14457988842590005,0.04198937288993152,,0.10223769562465894,2025-08-08,2024-03-27,3.0531552678445646,4.3604947883197145
-2.380361526689844,2.380361526689844,3.727669228666534,4.846705267763708,False,False,2311.5619253024925,2324.205749597759,0,null,-1152.7809626512462,"{""alpha[1]"": 0.07596281679928481, ""beta[1]"": 0.8655235677612806, ""omega"": 0.36267334449036004}",1.8573168713835928,True,2025-08-10,1.1075841934517054,1.4484414100104694,normal,BTC-USD,1481,0.26659669247236434,0.06597684612317231,,0.10344206953602499,2025-08-09,2024-03-28,2.9515723227574386,4.217323085627382
0.4833792329607972,-0.4833792329607972,3.897667501598593,5.066674469766566,False,False,2311.7222083565966,2324.3660326518634,0,null,-1152.8611041782983,"{""alpha[1]"": 0.0759030236103029, ""beta[1]"": 0.8641878630694321, ""omega"": 0.37059659398076295}",1.9402559782570283,True,2025-08-11,1.1523683089572945,1.4929176184139048,normal,BTC-USD,1482,0.13017672477472633,0.03925807782557447,,0.10452335459502851,2025-08-10,2024-03-29,3.0869137284553214,4.409187015518241
-1.2067410417172963,1.2067410417172963,3.7926479392079906,4.931405099275762,False,False,2310.5883320238054,2323.232156319072,0,null,-1152.2941660119027,"{""alpha[1]"": 0.07511861233243294, ""beta[1]"": 0.8687930949785717, ""omega"": 0.3451642160229169}",1.8900489456167315,True,2025-08-12,1.1248262072691015,1.465747387246517,normal,BTC-USD,1483,0.21048073386496197,0.05497672160454369,,0.10598022773154779,2025-08-11,2024-03-30,3.002873635581939,4.290931118737068
-2.604611531030144,2.604611531030144,3.7461254911435646,4.872206039856989,False,False,2309.6611428478145,2322.3049671430813,0,null,-1151.8305714239073,"{""alpha[1]"": 0.07520452710048128, ""beta[1]"": 0.8702771488762419, ""omega"": 0.33388424961207186}",1.8690089761092292,True,2025-08-13,1.1122446883524209,1.4535555517412093,normal,BTC-USD,1484,0.2784877231482495,0.06843473327941821,,0.10910326122328294,2025-08-12,2024-03-31,2.9651429319348406,4.238861796911671
4.125044324166835,-4.125044324166835,3.9724703468710088,5.1647866472997075,True,False,2309.7322247274406,2322.3760490227073,0,null,-1151.8661123637203,"{""alpha[1]"": 0.07621568054403025, ""beta[1]"": 0.8648700795460271, ""omega"": 0.3604888120298156}",1.9789435759357064,True,2025-08-14,6.1026341419791805,1.512023507604762,normal,BTC-USD,1485,0.9305190323876494,0.0036914494401185873,,0.10952191254611672,2025-08-13,2024-04-01,3.1455506058640457,4.494189268178693
0.815439710216526,-0.815439710216526,4.694041069479965,6.09606407435758,False,False,2312.5466250870004,2325.190449382267,0,null,-1153.2733125435002,"{""alpha[1]"": 0.08047550878994475, ""beta[1]"": 0.8453845451901131, ""omega"": 0.4571603621947636}",2.3270036799958578,True,2025-08-15,1.3391461383055265,1.6782904836308874,normal,BTC-USD,1486,0.14531207541948424,0.04492081129262653,,0.10589922436440184,2025-08-14,2024-04-02,3.721681218606208,5.307520839479175
-0.07918610617895538,0.07918610617895538,4.559332780439858,5.9252120625586615,False,False,2307.2801965747203,2319.924020869987,0,null,-1150.6400982873602,"{""alpha[1]"": 0.08240991989015829, ""beta[1]"": 0.8425080628393381, ""omega"": 0.46612674802308884}",2.2670142393262704,True,2025-08-16,1.3094062619120734,1.6495646061384153,normal,BTC-USD,1487,0.18456130871326315,0.052361833364357985,,0.1168665258201446,2025-08-15,2024-04-03,3.612040068086304,5.156997230256838
0.03259414571896875,-0.03259414571896875,4.369332928505677,5.679286503146361,False,False,2306.7654320378406,2319.4092563331074,0,null,-1150.3827160189203,"{""alpha[1]"": 0.08008497153490086, ""beta[1]"": 0.8496282565269934, ""omega"": 0.43364832336171344}",2.174191705990368,True,2025-08-17,1.2666825080123778,1.6070979754259094,normal,BTC-USD,1488,0.17141164090750127,0.049099319578518826,,0.11540014941707452,2025-08-16,2024-04-04,3.4608269638689912,4.942526103570847
1.027584894774574,-1.027584894774574,4.234605145649395,5.50299034061739,False,False,2304.5680931134334,2317.2119174087,0,null,-1149.2840465567167,"{""alpha[1]"": 0.0799908682587464, ""beta[1]"": 0.8509180495045479, ""omega"": 0.4257110719129703}",2.1051987064937183,True,2025-08-18,1.2355548737203037,1.575656489936227,normal,BTC-USD,1489,0.1163671822235952,0.037620244519273545,,0.1078151885832643,2025-08-17,2024-04-05,3.354928539246476,4.789609346701925
2.98702202007878,-2.98702202007878,4.14686035489362,5.389590886904499,False,False,2304.100909663766,2316.7447339590326,0,null,-1149.050454831883,"{""alpha[1]"": 0.07841238850119123, ""beta[1]"": 0.856110768197806, ""omega"": 0.4013685159402416}",2.0626184528869156,True,2025-08-19,1.2145113621565367,1.5547839445453318,normal,BTC-USD,1490,0.014897713914596235,0.01703616887874733,,0.10772914487737285,2025-08-18,2024-04-06,3.2849762983707045,4.690638907953511
-1.2712851606813442,1.2712851606813442,4.431786967334458,5.755092783885605,False,False,2305.3912113720553,2318.035035667322,0,null,-1149.6956056860276,"{""alpha[1]"": 0.07873928550600082, ""beta[1]"": 0.8531247544735394, ""omega"": 0.4180458797431803}",2.1963530513846634,True,2025-08-20,1.2817156966508176,1.6207614224654985,normal,BTC-USD,1491,0.23926529208763214,0.06282107810848472,,0.0986586015647023,2025-08-19,2024-04-07,3.5140206810712944,5.010822650167123
1.6372327850882071,-1.6372327850882071,4.330013969378561,5.623941220525642,False,False,2304.8516156452447,2317.4954399405115,0,null,-1149.4258078226223,"{""alpha[1]"": 0.07791590286307377, ""beta[1]"": 0.8554045474383708, ""omega"": 0.4065817257891231}",2.1475920613221438,True,2025-08-21,1.258321769631766,1.5976311592896533,normal,BTC-USD,1492,0.08976950626889064,0.03258961760263654,,0.09985168081189802,2025-08-20,2024-04-08,3.4326229104660184,4.896194545351858
-3.8863926429056255,3.8863926429056255,4.321142499647214,5.609641782140032,False,False,2303.806101341982,2316.4499256372487,0,null,-1148.903050670991,"{""alpha[1]"": 0.07768420735685846, ""beta[1]"": 0.8558443111912997, ""omega"": 0.4044360574683488}",2.138583005843431,True,2025-08-22,1.2567165316368318,1.5952996828300021,normal,BTC-USD,1493,0.3656954300090111,0.08771340615585611,,0.09014005642375897,2025-08-21,2024-04-09,3.4275159572745904,4.884947972679978
1.2915297322821202,-1.2915297322821202,4.739991483453263,6.155172282590686,False,False,2304.7338071672198,2317.3776314624865,0,null,-1149.3669035836099,"{""alpha[1]"": 0.07907264210174693, ""beta[1]"": 0.8496210564452914, ""omega"": 0.43668758874251984}",2.3488422914570712,True,2025-08-23,1.3489705544422756,1.6879797804650645,normal,BTC-USD,1494,0.12334882180038621,0.0406769894495593,,0.1049955939503279,2025-08-22,2024-04-10,3.7585061682898426,5.359228677238047
1.6745357827095773,-1.6745357827095773,4.631016414710189,6.012400448120407,False,False,2304.085249903474,2316.729074198741,0,null,-1149.042624951737,"{""alpha[1]"": 0.07840874777832102, ""beta[1]"": 0.8508568362724291, ""omega"": 0.43095667636969226}",2.292748206020841,True,2025-08-24,1.3259004292910443,1.6646019452727958,normal,BTC-USD,1495,0.09992173727058062,0.035609294578392875,,0.09826467423867342,2025-08-23,2024-04-11,3.672970528121188,5.235465240548861
2.9826315537779093,-2.9826315537779093,4.584421987401073,5.95165594446108,False,False,2303.783368520686,2316.427192815953,0,null,-1148.891684260343,"{""alpha[1]"": 0.07895302522508611, ""beta[1]"": 0.8487243575103515, ""omega"": 0.43867050378207845}",2.2692626571927472,True,2025-08-25,1.3158261278783243,1.6544656603960313,normal,BTC-USD,1496,0.03267790996111884,0.02200047645233969,,0.09641515918874001,2025-08-24,2024-04-12,3.6361897530002856,5.182679199011877
-1.5125123344068259,1.5125123344068259,4.772040643571256,6.194772965819739,False,False,2303.201963446917,2315.845787742184,0,null,-1148.6009817234585,"{""alpha[1]"": 0.07906839304898995, ""beta[1]"": 0.8477461995529101, ""omega"": 0.4452309434353055}",2.361375910383348,True,2025-08-26,1.3560023953584972,1.694533928835801,normal,BTC-USD,1497,0.26489151875403655,0.06907094473222405,,0.09879969011598293,2025-08-25,2024-04-13,3.7853180406739013,5.394582138815574
0.520655346926939,-0.520655346926939,4.651695144674839,6.043168956435673,False,False,2299.7574119958163,2312.401236291083,0,null,-1146.8787059979081,"{""alpha[1]"": 0.07878691676297161, ""beta[1]"": 0.8490675343844953, ""omega"": 0.43952414186534494}",2.309494686835024,True,2025-08-27,1.3297710807165242,1.6694252849986464,normal,BTC-USD,1498,0.1582998120204346,0.04739903583170225,,0.11212912473011508,2025-08-26,2024-04-14,3.6866515873356285,5.26055893009716
-1.1822640337760353,1.1822640337760353,4.498513516248676,5.843210982725762,False,False,2298.440173635462,2311.083997930729,0,null,-1146.220086817731,"{""alpha[1]"": 0.07806131527977986, ""beta[1]"": 0.8508170741231885, ""omega"": 0.43152833322998724}",2.2318577812825793,True,2025-08-28,1.2964335832277243,1.6358479567822846,normal,BTC-USD,1499,0.23740876432102742,0.0626917352468627,,0.10516811373800719,2025-08-27,2024-04-15,3.5659112526445087,5.086909490910228
3.742335971449373,-3.742335971449373,4.384762312027277,5.699016667874022,True,False,2296.339642383015,2308.9834666782817,0,null,-1145.1698211915075,"{""alpha[1]"": 0.07798808410321599, ""beta[1]"": 0.8508828578429832, ""omega"": 0.43075378248815027}",2.1813299153197034,True,2025-08-29,2.497519996929403,1.610590691239254,normal,BTC-USD,1500,0.2556092708417855,0.012175013979345436,,0.11469484170176318,2025-08-28,2024-04-16,3.473273581089599,4.959837369383916
-0.3657460795427908,0.3657460795427908,4.802318464565124,6.235997193225077,False,False,2298.991342642205,2311.6351669374717,0,null,-1146.4956713211025,"{""alpha[1]"": 0.07849237766273429, ""beta[1]"": 0.848850054585692, ""omega"": 0.4426304915262788}",2.3795441771761205,True,2025-08-30,1.3620499929566892,1.701033208588517,normal,BTC-USD,1501,0.2086875082068207,0.057953958315769466,,0.10599778572577884,2025-08-29,2024-04-17,3.8080040845936196,5.429649752034151
0.5264910683545564,-0.5264910683545564,4.616752918868699,5.998811399416801,False,False,2296.1099222540865,2308.7537465493533,0,null,-1145.0549611270433,"{""alpha[1]"": 0.07875022043971365, ""beta[1]"": 0.847504766948771, ""omega"": 0.44850986339430987}",2.2938676177326016,True,2025-08-31,1.322075221738272,1.6619832569856623,normal,BTC-USD,1502,0.15658741037322818,0.046950057925339274,,0.11483719495488581,2025-08-30,2024-04-18,3.6582392758191173,5.22149686088848
-0.9323672094356937,0.9323672094356937,4.476384805424181,5.815041565409939,False,False,2293.923418662095,2306.567242957362,0,null,-1143.9617093310476,"{""alpha[1]"": 0.07975372977747028, ""beta[1]"": 0.844560600974596, ""omega"": 0.459933958085763}",2.2218317359279793,True,2025-09-01,1.2914133940981345,1.6309726766834736,normal,BTC-USD,1503,0.22401696131759008,0.05994504772387306,,0.10661597240091843,2025-08-31,2024-04-19,3.5479720169161038,5.062137562951607
-1.7691382285678674,1.7691382285678674,4.3470523734368784,5.648173377703946,False,False,2293.9255551205724,2306.569379415839,0,null,-1143.9627775602862,"{""alpha[1]"": 0.07837733638269226, ""beta[1]"": 0.8495576969280856, ""omega"": 0.4361806632147457}",2.1595318725270625,True,2025-09-02,1.261913609331418,1.6017694823008037,normal,BTC-USD,1504,0.26069051916830643,0.06685518930899455,,0.10744167824518645,2025-09-01,2024-04-20,3.4446721547982566,4.916380702331581
-0.468883057638444,0.468883057638444,4.317232920924197,5.60963371545088,False,False,2293.7916452573645,2306.4354695526313,0,null,-1143.8958226286823,"{""alpha[1]"": 0.07761342195108752, ""beta[1]"": 0.8525076301773259, ""omega"": 0.42205927988469705}",2.1450585293040088,True,2025-09-03,1.2549973331504072,1.5949068861014717,normal,BTC-USD,1505,0.19448917896315565,0.05351628626653778,,0.10740678032422432,2025-09-02,2024-04-21,3.4209005216246653,4.882745569015329
0.8987461706759587,-0.8987461706759587,4.182517567650349,5.435904000433158,False,False,2293.3819467312514,2306.025771026518,0,null,-1143.6909733656257,"{""alpha[1]"": 0.07648304609768053, ""beta[1]"": 0.8572133152856726, ""omega"": 0.39835513887568946}",2.0803045537737646,True,2025-09-04,1.2230781586948072,1.5633426770687864,normal,BTC-USD,1506,0.12072485204138343,0.03832212626418307,,0.10855327893481533,2025-09-03,2024-04-22,3.313243211503625,4.730958797094262
0.06560571467337305,-0.06560571467337305,4.112444727503698,5.343143776199301,False,False,2292.051208991199,2304.695033286466,0,null,-1143.0256044955995,"{""alpha[1]"": 0.07682334739793385, ""beta[1]"": 0.8569249963831185, ""omega"": 0.39717542876706236}",2.0426492328006125,True,2025-09-05,1.2064672305522142,1.5462677941272789,normal,BTC-USD,1507,0.15966496391245086,0.04585352979224149,,0.10095400623934195,2025-09-04,2024-04-23,3.2589049929223872,4.650958693897517
0.3859995748717209,-0.3859995748717209,3.993527375816246,5.18983072610318,False,False,2291.3163005886613,2303.960124883928,0,null,-1142.6581502943307,"{""alpha[1]"": 0.07610341382597868, ""beta[1]"": 0.8608763980044597, ""omega"": 0.37575649578913883}",1.985561070556096,True,2025-09-06,1.176917480057626,1.5170552679573563,normal,BTC-USD,1508,0.13889214395290778,0.041309913258867445,,0.10211487450796843,2025-09-05,2024-04-24,3.163842453929874,4.516990900758461
-0.8518160064413287,0.8518160064413287,3.9000641702312318,5.070747000163905,False,False,2289.2156659770544,2301.859490272321,0,null,-1141.6078329885272,"{""alpha[1]"": 0.0773159082445256, ""beta[1]"": 0.8584327458515998, ""omega"": 0.3825221963320634}",1.9430374850369143,True,2025-09-07,1.1528128293885276,1.493639422902254,normal,BTC-USD,1509,0.19699820626927692,0.052641329933171915,,0.1078641356214295,2025-09-06,2024-04-25,3.088148118944206,4.412316986875858
-0.8097306013001994,0.8097306013001994,3.8191493734671744,4.966509429637417,False,False,2288.5004187492304,2301.144243044497,0,null,-1141.2502093746152,"{""alpha[1]"": 0.07673326443178394, ""beta[1]"": 0.8623963991605433, ""omega"": 0.360468218704643}",1.9043275778641513,True,2025-09-08,1.1316722249316227,1.4727844548378055,normal,BTC-USD,1510,0.19165696067854796,0.05130927502459011,,0.10893151108280501,2025-09-07,2024-04-26,3.023408612270756,4.321196901158808
0.4837916697161184,-0.4837916697161184,3.740033979710973,4.865419930328447,False,False,2287.430387295948,2300.074211591215,0,null,-1140.715193647974,"{""alpha[1]"": 0.07689340065402772, ""beta[1]"": 0.8639261223122594, ""omega"": 0.34863078313635654}",1.8678561189023424,True,2025-09-09,1.1104065321427985,1.4520607471826001,normal,BTC-USD,1511,0.12378707413769503,0.037486746821765234,,0.11281675933000168,2025-09-08,2024-04-27,2.9595331524700166,4.232466351892638
-2.1508270891820573,2.1508270891820573,3.663172710796859,4.766134348069648,False,False,2286.2740454493187,2298.9178697445855,0,null,-1140.1370227246593,"{""alpha[1]"": 0.07767314047804917, ""beta[1]"": 0.8639254669747093, ""omega"": 0.3421954719489871}",1.8306374288431027,True,2025-09-10,1.0895082868310606,1.4313794759225749,normal,BTC-USD,1512,0.25245255720337423,0.06296620020330533,,0.11290655958027229,2025-09-09,2024-04-28,2.8982240548854223,4.1457929311484705
-1.3529013820243492,1.3529013820243492,3.774991474835928,4.912153399394187,False,False,2286.070430284741,2298.714254580008,0,null,-1140.0352151423706,"{""alpha[1]"": 0.07814376158853195, ""beta[1]"": 0.8619437711339285, ""omega"": 0.34979449846864463}",1.8874012580337303,True,2025-09-11,1.1194789921563975,1.461509489242304,normal,BTC-USD,1513,0.21696124568990155,0.05625478013097256,,0.11817527301587505,2025-09-10,2024-04-29,2.9863235317736776,4.272576631072902
-0.5129680323677965,0.5129680323677965,3.754547894154829,4.885858871352731,False,False,2284.9862378318076,2297.6300621270743,0,null,-1139.4931189159038,"{""alpha[1]"": 0.07922137654052434, ""beta[1]"": 0.8597259002412324, ""omega"": 0.3547595337020935}",1.8776901648550546,True,2025-09-12,1.1139919640655314,1.4561149643329054,normal,BTC-USD,1514,0.1741452926449161,0.04762540898063331,,0.1185876574224215,2025-09-11,2024-04-30,2.9699378205305225,4.249572865695531
0.1302038150034305,-0.1302038150034305,3.6581963205519874,4.7646716959741875,False,False,2281.499964076495,2294.1437883717617,0,null,-1137.7499820382475,"{""alpha[1]"": 0.07901250405260209, ""beta[1]"": 0.861813544277991, ""omega"": 0.34405674840813827}",1.8364693457059336,True,2025-09-13,1.0871986499799142,1.4306178198609745,normal,BTC-USD,1515,0.1380303464817875,0.040121502236903216,,0.12991251943042414,2025-09-12,2024-05-01,2.890810744639178,4.142354038693749
0.46927460754846456,-0.46927460754846456,3.570153859377739,4.653178681757036,False,False,2278.8081135293505,2291.4519378246173,0,null,-1136.4040567646753,"{""alpha[1]"": 0.07880064526995274, ""beta[1]"": 0.8634674739214492, ""omega"": 0.3349689719409821}",1.7975473572371787,True,2025-09-14,1.0622195343634444,1.4066447246691482,normal,BTC-USD,1516,0.11748787930618149,0.035747757689514666,,0.137670096496515,2025-09-13,2024-05-02,2.819032193672092,4.044050376499928
-0.0322446109825618,0.0322446109825618,3.5067641195823525,4.570133746456471,False,False,2277.454703960995,2290.098528256262,0,null,-1135.7273519804976,"{""alpha[1]"": 0.08002694834839116, ""beta[1]"": 0.8628119237995332, ""omega"": 0.330476944418232}",1.7649247026070727,True,2025-09-15,1.0443887199023627,1.3886768070597961,normal,BTC-USD,1517,0.14007593702952825,0.040043047719632005,,0.13376866877149116,2025-09-14,2024-05-03,2.769274129608001,3.9720601609806354
-1.2039614740681204,1.2039614740681204,3.479404792788742,4.5311940683181415,False,False,2271.544908577218,2284.1887328724847,0,null,-1132.772454288609,"{""alpha[1]"": 0.08782136918591857, ""beta[1]"": 0.8468559558421083, ""omega"": 0.3838872981094647}",1.7457042475210602,True,2025-09-16,1.0372108599070784,1.3804326193934187,normal,BTC-USD,1518,0.1976953860247334,0.05143595122299747,,0.12148171669306229,2025-09-15,2024-05-04,2.749946246426544,3.939633648231622
0.3211840791744945,-0.3211840791744945,3.461152348561208,4.507390481499496,False,False,2270.864542082882,2283.508366378149,0,null,-1132.432271041441,"{""alpha[1]"": 0.08643584533106044, ""beta[1]"": 0.8526036885838661, ""omega"": 0.35737119829279923}",1.7364907544522894,True,2025-09-17,1.0319579346092582,1.375168722731567,normal,BTC-USD,1519,0.12071798328441463,0.035977681249714066,,0.12072937076576165,2025-09-16,2024-05-05,2.735543744862785,3.918952204145898
-0.5725006779415424,0.5725006779415424,3.3728980236311537,4.393042607973918,False,False,2269.99183114921,2282.635655444477,0,null,-1131.995915574605,"{""alpha[1]"": 0.08490748915993665, ""beta[1]"": 0.8596565353208854, ""omega"": 0.3235835472329248}",1.6931820616600208,True,2025-09-18,1.0060085929395308,1.3494149950428205,normal,BTC-USD,1520,0.16189435163777013,0.04391780867051624,,0.11965030039679887,2025-09-17,2024-05-06,2.6653863548138577,3.8192801891100783
1.2441583362179642,-1.2441583362179642,3.290132238671099,4.287234489659974,False,False,2268.658271733995,2281.302096029262,0,null,-1131.3291358669976,"{""alpha[1]"": 0.08453608435312791, ""beta[1]"": 0.8635410614523081, ""omega"": 0.30206441209960894}",1.6549376146547652,True,2025-09-19,0.9807444507480851,1.3248343286061903,normal,BTC-USD,1521,0.06772215134611359,0.024822734906012976,,0.12352877470307343,2025-09-18,2024-05-07,2.5986013631402347,3.7264318268192596
-0.02860848354541151,0.02860848354541151,3.327257903722095,4.335247505360824,False,False,2267.834658251283,2280.47848254655,0,null,-1130.9173291256416,"{""alpha[1]"": 0.08454967831143467, ""beta[1]"": 0.8644396825948013, ""omega"": 0.29561608102943615}",1.6730078638157833,True,2025-09-20,0.9920410560035151,1.3360073778792922,normal,BTC-USD,1522,0.13283923461148894,0.0379692992675551,,0.12367684403136057,2025-09-19,2024-05-08,2.628176208684365,3.7683214432100955
0.3600148369297547,-0.3600148369297547,3.235973575692653,4.218401317958187,False,False,2266.1031677971996,2278.7469920924664,0,null,-1130.0515838985998,"{""alpha[1]"": 0.08482796597574202, ""beta[1]"": 0.8664119325078413, ""omega"": 0.2815638218821293}",1.6305816406924647,True,2025-09-21,0.9637738779292948,1.308470760281423,normal,BTC-USD,1523,0.10973026152767823,0.03305837238095024,,0.1274480582501652,2025-09-20,2024-05-09,2.5546200674833175,3.665852075024776
2.2430533324182895,-2.2430533324182895,3.1752246861552704,4.137946638704779,False,False,2264.1036234402172,2276.747447735484,0,null,-1129.0518117201086,"{""alpha[1]"": 0.08479633904840847, ""beta[1]"": 0.8687533939117751, ""omega"": 0.2677557472101433}",1.5978750124653365,True,2025-09-22,0.9450982408188857,1.2893458776573312,normal,BTC-USD,1524,0.013224230519869085,0.013534272389603624,,0.12073256685306669,2025-09-21,2024-05-10,2.507537942815671,3.5964805713786507
0.6531416610809438,-0.6531416610809438,3.473537734782738,4.524213841729121,False,False,2263.677383892952,2276.321208188219,0,null,-1128.838691946476,"{""alpha[1]"": 0.08344012569419645, ""beta[1]"": 0.8667630910711263, ""omega"": 0.2861623863578737}",1.743856669143157,True,2025-09-23,1.035391357000731,1.3788279087969086,normal,BTC-USD,1525,0.10458547774633009,0.032801378426960924,,0.12353775111609146,2025-09-22,2024-05-11,2.744851216007544,3.9332795037770336
-1.1663525692711139,1.1663525692711139,3.411987844903369,4.444303284514497,False,False,2262.407292639742,2275.051116935009,0,null,-1128.203646319871,"{""alpha[1]"": 0.08491691368341855, ""beta[1]"": 0.8657187445991174, ""omega"": 0.28252423717894}",1.7133826039475937,True,2025-09-24,1.0174606001625888,1.3609822328710837,normal,BTC-USD,1526,0.19311938816550595,0.05030048150963407,,0.12222839641975566,2025-09-23,2024-05-12,2.696035194039002,3.863695581692289
3.8491879643788627,-3.8491879643788627,3.395715501132395,4.423333546932399,True,True,2261.116224314975,2273.760048610242,0,null,-1127.5581121574876,"{""alpha[1]"": 0.08709815088426391, ""beta[1]"": 0.8622435741496844, ""omega"": 0.28891812462228383}",1.7055861179792127,True,2025-09-25,7.8810966925192485,1.4425943529860592,normal,BTC-USD,1527,1.1078589168292272,0.0037819520190033006,,0.12241882873019774,2025-09-24,2024-05-13,2.6830206835059918,3.845367810824314
-0.6066325435143898,0.6066325435143898,4.234297617601521,5.50324463276051,False,False,2264.4511267580424,2277.094951053309,0,null,-1129.2255633790212,"{""alpha[1]"": 0.08990815524446105, ""beta[1]"": 0.8448188767581921, ""omega"": 0.37239911005002413}",2.1061311859518947,True,2025-09-26,1.2353751399234087,1.5756512707083634,normal,BTC-USD,1528,0.19804319548053584,0.05396180196452444,,0.11004615395225616,2025-09-25,2024-05-14,3.3542313660963234,4.789547652938049
0.02815273374125426,-0.02815273374125426,4.080077328632238,5.305598414588214,False,False,2262.9095699070003,2275.553394202267,0,null,-1128.4547849535002,"{""alpha[1]"": 0.08990728442539739, ""beta[1]"": 0.8441412334412813, ""omega"": 0.3732940826547058}",2.034055123925028,True,2025-09-27,1.1977991525001004,1.5388483197367107,normal,BTC-USD,1529,0.16009879938010185,0.04588172852819597,,0.1155942266640203,2025-09-26,2024-05-15,3.2301287213432883,4.616325586560847
-2.200850644644761,2.200850644644761,3.8238200438314456,4.970162516847853,False,False,2256.4281768316396,2269.0720011269063,0,null,-1125.2140884158198,"{""alpha[1]"": 0.07587191394220655, ""beta[1]"": 0.8782294326872708, ""omega"": 0.2612652416085929}",1.9026386471294656,True,2025-09-28,1.1333335008817826,1.473730381262583,normal,BTC-USD,1530,0.2614817831246303,0.06526272954801236,,0.10077706166110448,2025-09-27,2024-05-16,3.0287850178478393,4.325422310156469
-2.011114740470715,2.011114740470715,3.9104397965342983,5.084289309631927,False,False,2256.4780179324307,2269.1218422276975,0,null,-1125.2390089662154,"{""alpha[1]"": 0.07720187164656118, ""beta[1]"": 0.8753922116831229, ""omega"": 0.26949121410950666}",1.9482933783800296,True,2025-09-29,1.1554604067911587,1.4963020926092891,normal,BTC-USD,1531,0.25537211312162744,0.06435192991440851,,0.10832990783209978,2025-09-28,2024-05-17,3.096327521961829,4.42407825097013
0.30141158754853176,-0.30141158754853176,3.9387602984539223,5.120449018212535,False,False,2256.017052673127,2268.660876968394,0,null,-1125.0085263365636,"{""alpha[1]"": 0.07541983572841118, ""beta[1]"": 0.8784863705910575, ""omega"": 0.26089233155132435}",1.9613044792570444,True,2025-09-30,1.162793178290186,1.5034449072088178,normal,BTC-USD,1532,0.14088998141911618,0.041544173477866105,,0.10684757033126516,2025-09-29,2024-05-18,3.119211215930853,4.455828935335139
-3.947865276762532,3.947865276762532,3.838604150741981,4.990958854692496,False,False,2255.0299534885826,2267.6737777838493,0,null,-1124.5149767442913,"{""alpha[1]"": 0.07887941622387591, ""beta[1]"": 0.8730100876561597, ""omega"": 0.271805844716885}",1.9126174302592587,True,2025-10-01,1.136906878673405,1.4777688953676646,normal,BTC-USD,1533,0.3493632337689676,0.0829070245098389,,0.10657631851573265,2025-09-30,2024-05-19,3.0393993986168137,4.34283717422135
-1.6983874850237706,1.6983874850237706,4.424936015361581,5.751440682830177,False,False,2257.6984786959297,2270.3423029911964,0,null,-1125.8492393479648,"{""alpha[1]"": 0.08571344501818397, ""beta[1]"": 0.854795620348745, ""omega"": 0.3384217203653294}",2.2016623350631512,True,2025-10-02,1.279346638395455,1.6197317008206662,normal,BTC-USD,1534,0.26016693405974806,0.06703758896573846,,0.11646108097988643,2025-10-01,2024-05-20,3.5049511961711852,5.005371411550069
-1.3050507220569623,1.3050507220569623,4.196921368009715,5.453429256790363,False,False,2242.316368427921,2254.960192723188,0,null,-1118.1581842139606,"{""alpha[1]"": 0.07419466398578757, ""beta[1]"": 0.8918085281388332, ""omega"": 0.2038993404465974}",2.0854853814553684,True,2025-10-03,1.2267135220567265,1.5666562983172825,normal,BTC-USD,1535,0.23152664387551602,0.060517791673611335,,0.10483603818778277,2025-10-02,2024-05-21,3.3254821554533542,4.746728445304166
-0.1298763226437925,0.1298763226437925,4.101975483742272,5.332595276571334,False,False,2241.405564883456,2254.049389178723,0,null,-1117.702782441728,"{""alpha[1]"": 0.07351272113629993, ""beta[1]"": 0.8930222545205838, ""omega"": 0.20059703171924073}",2.0425176881023757,True,2025-10-04,1.2034019183603508,1.5440437317658402,normal,BTC-USD,1536,0.16891835194822838,0.04770331092984616,,0.1111519110669561,2025-10-03,2024-05-22,3.2484907163207724,4.640454770340819
-0.8848164685952622,0.8848164685952622,3.9661344978372464,5.1580030438075655,False,False,2240.8473231027556,2253.4911473980223,0,null,-1117.4236615513778,"{""alpha[1]"": 0.07295578807022599, ""beta[1]"": 0.8938879944691445, ""omega"": 0.19803660537694043}",1.9782004167516134,True,2025-10-05,1.169375105753475,1.510587273473711,normal,BTC-USD,1537,0.20121708806566185,0.053724739649192534,,0.11432483761283398,2025-10-04,2024-05-23,3.139525292717971,4.487657496323987
-0.9981752932761249,0.9981752932761249,3.8651085076450498,5.029001954289339,False,False,2239.763741179903,2252.4075654751696,0,null,-1116.8818705899514,"{""alpha[1]"": 0.07286400602403396, ""beta[1]"": 0.8941043295353511, ""omega"": 0.1971226748552652}",1.9317688255056455,True,2025-10-06,1.1431450789130482,1.485054278062473,normal,BTC-USD,1538,0.2028038231235926,0.05372565803760537,,0.11957578986902276,2025-10-05,2024-05-24,3.057901169195724,4.374390510484408
2.6817983769315155,-2.6817983769315155,3.787143358427289,4.928336170323136,False,False,2240.302982019962,2252.946806315229,0,null,-1117.151491009981,"{""alpha[1]"": 0.07284109550687178, ""beta[1]"": 0.8938695533448798, ""omega"": 0.19780112129600674}",1.8940915117853354,True,2025-10-07,1.122625056958026,1.4647660326375953,normal,BTC-USD,1539,0.015694072724158317,0.016046939232256783,,0.11982346152342475,2025-10-06,2024-05-25,2.9956798314146815,4.286492300157192
-1.5551259313557715,1.5551259313557715,4.021301206188168,5.228695598650235,False,False,2242.65547342588,2255.2992977211466,0,null,-1118.32773671294,"{""alpha[1]"": 0.07351824404582344, ""beta[1]"": 0.891453009244804, ""omega"": 0.20847492043546662}",2.0039693961447167,True,2025-10-08,1.1833701969146433,1.5242866584247237,normal,BTC-USD,1540,0.23695250639058518,0.06104743742627485,,0.11231213309246041,2025-10-07,2024-05-26,3.1839241964559286,4.549617811271708
1.3460402366995659,-1.3460402366995659,3.9770563170564164,5.1730697827163095,False,False,2243.076872473491,2255.720696768758,0,null,-1118.5384362367456,"{""alpha[1]"": 0.07349458774022773, ""beta[1]"": 0.8911595488133911, ""omega"": 0.20980976166053045}",1.9850799353738977,True,2025-10-09,1.1719746325620761,1.513431927223309,normal,BTC-USD,1541,0.09007661026117249,0.03154352761193297,,0.11759348956533587,2025-10-08,2024-05-27,3.147572441923014,4.5003929978928605
7.232182184668233,-7.232182184668233,3.9513924902710666,5.1383808997698885,True,True,2243.567512403823,2256.2113366990898,0,null,-1118.7837562019115,"{""alpha[1]"": 0.07350100576455106, ""beta[1]"": 0.8909066482399864, ""omega"": 0.21086537813920447}",1.9701006241743526,True,2025-10-10,21.93822665693883,55.247517981615104,normal,BTC-USD,1542,3.898813610486062,2.733788064412783,,0.11235929929174383,2025-10-09,2024-05-28,3.128167857840799,4.470780099402795
2.1485160042335822,-2.1485160042335822,5.774777277150471,7.491068441591622,False,False,2256.25109270275,2268.894916998017,0,null,-1125.125546351375,"{""alpha[1]"": 0.07852585865056584, ""beta[1]"": 0.87489021524936, ""omega"": 0.28616061821957045}",2.848609360691313,True,2025-10-11,1.5473761423384844,1.884851601066214,normal,BTC-USD,1543,0.12179718498672003,0.04377254591250456,,0.10108573473303994,2025-10-10,2024-05-29,4.584459703967981,6.525770595484034
-3.8609346348411884,3.8609346348411884,5.64603255995124,7.324080838696271,False,False,2257.503170657974,2270.1469949532407,0,null,-1125.751585328987,"{""alpha[1]"": 0.07787427043316064, ""beta[1]"": 0.874979585180935, ""omega"": 0.28853808819028387}",2.7851358403289987,True,2025-10-12,1.5248270130292605,1.8623066061998643,normal,BTC-USD,1544,0.4171586307407772,0.10241226667362172,,0.09890280854334234,2025-10-11,2024-05-30,4.4822379799743475,6.380292032520974
-0.08792929662890046,0.08792929662890046,5.831458492984515,7.565247343267093,False,False,2259.977120463994,2272.620944759261,0,null,-1126.988560231997,"{""alpha[1]"": 0.0799155103072417, ""beta[1]"": 0.8709712951284225, ""omega"": 0.3019191880585906}",2.8776510948160454,True,2025-10-13,1.5570660784025714,1.894667853999679,normal,BTC-USD,1545,0.2358467430603822,0.06678037527455204,,0.10430927583030751,2025-10-12,2024-05-31,4.62900556457874,6.5901082308262975
1.884916345001439,-1.884916345001439,5.525901582996479,7.171242433518358,False,False,2260.3444065900053,2272.988230885272,0,null,-1127.1722032950026,"{""alpha[1]"": 0.07815266329630145, ""beta[1]"": 0.8725705738345401, ""omega"": 0.3004941509012881}",2.7308497797053946,True,2025-10-14,1.5029442495968603,1.84103669577128,normal,BTC-USD,1546,0.124993729341297,0.04360933001360437,,0.10705723298067088,2025-10-13,2024-06-01,4.384790931827377,6.245849346361872
2.08625782909916,-2.08625782909916,5.393130988522003,6.9984032526760815,False,False,2261.896155784215,2274.5399800794817,0,null,-1127.9480778921074,"{""alpha[1]"": 0.07770115550789879, ""beta[1]"": 0.8722539137182578, ""omega"": 0.30373089964163086}",2.6643460578650786,True,2025-10-15,1.4786928726981694,1.816672986453892,normal,BTC-USD,1547,0.10967758494829295,0.04009288209656149,,0.10264974866821532,2025-10-14,2024-06-02,4.279809528065017,6.095546038755305
2.3722484783288014,-2.3722484783288014,5.302957686314441,6.880633790567814,False,False,2263.4671342321026,2276.1109585273693,0,null,-1128.7335671160513,"{""alpha[1]"": 0.07767054534175524, ""beta[1]"": 0.871411358992155, ""omega"": 0.30796520114475806}",2.618543410248537,True,2025-10-16,1.4619303545233815,1.7997493580252875,normal,BTC-USD,1548,0.09182634021644977,0.036210490741671514,,0.09834534301938845,2025-10-15,2024-06-03,4.208775282657795,5.9932975524959495
1.6009839805423403,-1.6009839805423403,5.267726720239464,6.832825209989819,False,False,2264.474963101254,2277.118787396521,0,null,-1129.237481550627,"{""alpha[1]"": 0.07776245856922219, ""beta[1]"": 0.8708236815009053, ""omega"": 0.3108146303113941}",2.5976677504824206,True,2025-10-17,1.4555405112896698,1.792909800038431,normal,BTC-USD,1549,0.12906417110619575,0.04351579049927267,,0.09051581832962895,2025-10-16,2024-06-04,4.182267402666253,5.952563030469603
-0.6837580354402146,0.6837580354402146,5.134594065648098,6.658392338185422,False,False,2263.6072341098834,2276.25105840515,0,null,-1128.8036170549417,"{""alpha[1]"": 0.07763257844158519, ""beta[1]"": 0.870572007310599, ""omega"": 0.312879745817545}",2.5291198328626643,True,2025-10-18,1.4301781020398878,1.7671632709078966,normal,BTC-USD,1550,0.23807680801002573,0.06485116776496047,,0.08225380531875918,2025-10-17,2024-06-05,4.077778124760296,5.801358741055827
-1.3605430468869275,1.3605430468869275,4.924663102323785,6.387116879652156,False,False,2264.302895841328,2276.9467201365946,0,null,-1129.151447920664,"{""alpha[1]"": 0.07727774489048607, ""beta[1]"": 0.8697723555937983, ""omega"": 0.317558622902902}",2.4273034820595045,True,2025-10-19,1.3882984188353906,1.7255032009578772,normal,BTC-USD,1551,0.26354675526183596,0.06925128464200266,,0.08216687782772587,2025-10-18,2024-06-06,3.9103920583497875,5.5645854173133324
-1.7534490738259394,1.7534490738259394,4.775933327495148,6.196007420722092,False,False,2265.0943985900058,2277.7382228852725,0,null,-1129.5471992950029,"{""alpha[1]"": 0.07742221259579664, ""beta[1]"": 0.8683395118525716, ""omega"": 0.3235073298026665}",2.3569639223532843,True,2025-10-20,1.3573723385748449,1.695000214443688,normal,BTC-USD,1552,0.27722516940633013,0.0715076074180756,,0.08580634197590974,2025-10-19,2024-06-07,3.7910543143006583,5.397311667981614
1.928283017801732,-1.928283017801732,4.680692512973234,6.075151617920835,False,False,2264.7120888694035,2277.3559131646703,0,null,-1129.3560444347017,"{""alpha[1]"": 0.07782580617634614, ""beta[1]"": 0.8668098446634618, ""omega"": 0.3296356891575745}",2.314449518679654,True,2025-10-21,1.3368283594753754,1.6751090900455727,normal,BTC-USD,1553,0.08926477579289517,0.03362579548016847,,0.09335215153668464,2025-10-20,2024-06-08,3.713578533659634,5.290862565818576
0.729356226617567,-0.729356226617567,4.651461325057455,6.036286791034813,False,False,2265.943140990644,2278.586965285911,0,null,-1129.971570495322,"{""alpha[1]"": 0.0779894748604516, ""beta[1]"": 0.8660931959985694, ""omega"": 0.3323466653104425}",2.2984601138999077,True,2025-10-22,1.3307016647198036,1.6687576125353663,normal,BTC-USD,1554,0.14808362193525657,0.04528059783492294,,0.08960178942886138,2025-10-21,2024-06-09,3.691028665322696,5.257416010109858
-2.1870444415592094,2.1870444415592094,4.4973047951094,5.836388582274689,False,False,2266.392605781245,2279.036430076512,0,null,-1130.1963028906225,"{""alpha[1]"": 0.07850555951794312, ""beta[1]"": 0.8642202658924858, ""omega"": 0.3385926510292495}",2.2225404930701735,True,2025-10-23,1.296974834414144,1.6350693689570859,normal,BTC-USD,1555,0.28778201437409434,0.07270288847432381,,0.08715794515031552,2025-10-22,2024-06-10,3.5685958459226725,5.083244405873164
-0.8721714289804694,0.8721714289804694,4.496596621299385,5.836865132781619,False,False,2267.4340191092615,2280.0778434045283,0,null,-1130.7170095546307,"{""alpha[1]"": 0.07885902408818941, ""beta[1]"": 0.863256930018095, ""omega"": 0.341751098302689}",2.2245068358731954,True,2025-10-24,1.296602105232994,1.6350473944889345,normal,BTC-USD,1556,0.2219618723350384,0.05955226057959326,,0.09192211944407437,2025-10-23,2024-06-11,3.567066017720294,5.083054628978851
-0.5459116888140452,0.5459116888140452,4.343147661521717,5.640966144077363,False,False,2264.8335188048577,2277.4773431001245,0,null,-1129.4167594024289,"{""alpha[1]"": 0.08079655630074975, ""beta[1]"": 0.8589433886209172, ""omega"": 0.35576728737070246}",2.1540505215442276,True,2025-10-25,1.2613557001140645,1.6006563792325998,normal,BTC-USD,1557,0.19944847822635853,0.054569426028994165,,0.10003993728561122,2025-10-24,2024-06-12,3.443057875713122,4.911030914085367
-2.503926774491422,2.503926774491422,4.199744896461534,5.4552120050808695,False,False,2264.73292981419,2277.3767541094567,0,null,-1129.366464907095,"{""alpha[1]"": 0.08126346005066461, ""beta[1]"": 0.8574710115668971, ""omega"": 0.3601955920194585}",2.083757949553741,True,2025-10-26,1.2276975276166162,1.5671328025425861,normal,BTC-USD,1558,0.2916477140837741,0.07253023336623096,,0.09844931382837911,2025-10-25,2024-06-13,3.3290275071840543,4.749096562131667
0.30895028510147493,-0.30895028510147493,4.294652902200796,5.5805897059229554,False,False,2264.739116925398,2277.3829412206646,0,null,-1129.369558462699,"{""alpha[1]"": 0.08157176146663586, ""beta[1]"": 0.8566993641275067, ""omega"": 0.36401359059923605}",2.134329939018931,True,2025-10-27,1.2497056762125776,1.5896929902408852,normal,BTC-USD,1559,0.15469266288724173,0.04548386832576841,,0.10785679846009633,2025-10-26,2024-06-14,3.402803542846307,4.857337117678312
1.0244824091238423,-1.0244824091238423,4.1546738524853,5.400199328020966,False,False,2264.6235934039532,2277.26741769922,0,null,-1129.3117967019766,"{""alpha[1]"": 0.08124541023937917, ""beta[1]"": 0.8575231048642235, ""omega"": 0.35975095426315745}",2.067257352423463,True,2025-10-28,1.2163180998286864,1.5567139972105366,normal,BTC-USD,1560,0.11331844900397608,0.03675192973009312,,0.10948436477246894,2025-10-27,2024-06-15,3.290851389203362,4.699675382133151
2.6016805456796623,-2.6016805456796623,4.083190765054353,5.307079137615163,False,False,2265.037836772036,2277.6816610673027,0,null,-1129.518918386018,"{""alpha[1]"": 0.08026187516206569, ""beta[1]"": 0.8605810677787715, ""omega"": 0.34662153153458747}",2.0313452325283015,True,2025-10-29,1.1989981065491802,1.539336646287099,normal,BTC-USD,1561,0.03163469825420862,0.020170440549046268,,0.10689106255092405,2025-10-28,2024-06-16,3.234374510763834,4.6187246005842875
1.6026638959162762,-1.6026638959162762,4.271141794945405,5.548015154107158,False,False,2266.706204000878,2279.350028296145,0,null,-1130.353102000439,"{""alpha[1]"": 0.07809346987309872, ""beta[1]"": 0.8660422550766131, ""omega"": 0.32807419986847614}",2.119286912783176,True,2025-10-30,1.2445447137318668,1.5839966413822477,normal,BTC-USD,1562,0.08914572031452979,0.0322719624528412,,0.10033846283532483,2025-10-29,2024-06-17,3.3855783022068704,4.829860141200394
-1.1480961191721142,1.1480961191721142,4.245600856513616,5.514208213927907,False,False,2267.2312141947677,2279.8750384900345,0,null,-1130.6156070973839,"{""alpha[1]"": 0.07683333291978868, ""beta[1]"": 0.8698013126722356, ""omega"": 0.3126850746036968}",2.105567439979751,True,2025-10-31,1.2386498636999579,1.5779339844121947,normal,BTC-USD,1563,0.22569331453052494,0.059487983878153884,,0.097580069003239,2025-10-30,2024-06-18,3.3657701714383808,4.80070226864327
-0.4624825177056939,0.4624825177056939,4.1465322995711995,5.38807116012593,False,False,2266.403322951688,2279.047147246955,0,null,-1130.201661475844,"{""alpha[1]"": 0.07670841497662029, ""beta[1]"": 0.8704444232222287, ""omega"": 0.30869296488290254}",2.0606405795894314,True,2025-11-01,1.2146151228588726,1.5545897443671541,normal,BTC-USD,1564,0.18739786166346556,0.05152271933578412,,0.10397741561744606,2025-10-31,2024-06-19,3.285474715563614,4.689789415872713
-0.5216141233319792,0.5216141233319792,4.018571082401132,5.2231657523561985,False,False,2266.0686846080084,2278.712508903275,0,null,-1130.0343423040042,"{""alpha[1]"": 0.07597054767431029, ""beta[1]"": 0.8732232898457929, ""omega"": 0.2951948962572233}",1.9993225647060788,True,2025-11-02,1.183032767550821,1.5233924773265124,normal,BTC-USD,1565,0.1852374958589003,0.05067276743101161,,0.10545717815669037,2025-11-01,2024-06-20,3.183135793846023,4.545662619769177
3.7687182896317144,-3.7687182896317144,3.902104785147066,5.07310383144322,True,False,2265.5582576255465,2278.2020819208133,0,null,-1129.7791288127733,"{""alpha[1]"": 0.07587695851562488, ""beta[1]"": 0.8744875993082186, ""omega"": 0.28678915632839935}",1.9435623242434978,True,2025-11-03,4.632274477906572,1.494129371497011,normal,BTC-USD,1566,0.6448114214198374,0.006457776781791261,,0.10690611325889678,2025-11-02,2024-06-21,3.089969424979254,4.41449596781084
4.764085753737871,-4.764085753737871,4.389214853216469,5.7009569012558705,True,False,2268.6399733016738,2281.2837975969405,0,null,-1131.3199866508369,"{""alpha[1]"": 0.07318178552898204, ""beta[1]"": 0.8782864326006354, ""omega"": 0.2820271990610664}",2.1771601196083394,True,2025-11-04,7.125399034436292,1.6112230799983358,normal,BTC-USD,1567,1.2203863818380418,0.001991048524654408,,0.10164120949405148,2025-11-03,2024-06-22,3.479468509697827,4.9631906062033115
-2.2400061321639737,2.2400061321639737,5.079452285794812,6.589881546682426,False,False,2273.0786260821505,2285.7224503774173,0,null,-1133.5393130410753,"{""alpha[1]"": 0.07618187507899345, ""beta[1]"": 0.8712809340352451, ""omega"": 0.310016982722737}",2.5069306539415264,True,2025-11-05,1.4189717559757464,1.7566234311289048,normal,BTC-USD,1568,0.31359572145960923,0.07980373247705325,,0.09162568162334019,2025-11-04,2024-06-23,4.031908297028205,5.740367115541344
2.5251182501599345,-2.5251182501599345,5.00700111985454,6.498559247764736,False,False,2273.05674047118,2285.700564766447,0,null,-1133.52837023559,"{""alpha[1]"": 0.07578534716582161, ""beta[1]"": 0.8717908118618948, ""omega"": 0.3080581523588721}",2.4756093448536096,True,2025-11-06,1.4042352275362107,1.7424902395814699,normal,BTC-USD,1569,0.07237133887387082,0.031345403040358336,,0.09946998216006815,2025-11-05,2024-06-24,3.9725450276373495,5.659658554195765
-2.0238925973669994,2.0238925973669994,5.059161590863732,6.567228400722682,False,False,2270.713596660196,2283.3574209554627,0,null,-1132.356798330098,"{""alpha[1]"": 0.07936976822813584, ""beta[1]"": 0.8639433214099528, ""omega"": 0.3358174046119133}",2.503009582590782,True,2025-11-07,1.4144658231843978,1.7529375980973496,normal,BTC-USD,1570,0.3018574327562827,0.07742935286070834,,0.10382833246008981,2025-11-06,2024-06-25,4.013256057758649,5.719042688703828
1.0603212209311768,-1.0603212209311768,4.957832100219903,6.436022041256734,False,False,2270.388172464722,2283.031996759989,0,null,-1132.194086232361,"{""alpha[1]"": 0.07825204874205426, ""beta[1]"": 0.8663038137483757, ""omega"": 0.3275392766906822}",2.4534215348526547,True,2025-11-08,1.3941877234086073,1.7327342796222411,normal,BTC-USD,1571,0.14361630835884348,0.04544318828864124,,0.10287192193519333,2025-11-07,2024-06-26,3.9326473881080437,5.604640049795297
-2.3551839694791683,2.3551839694791683,4.785619335737545,6.213834489381403,False,False,2270.0358270792276,2282.6796513744944,0,null,-1132.0179135396138,"{""alpha[1]"": 0.07612962052009169, ""beta[1]"": 0.8707934504093712, ""omega"": 0.31151793716547516}",2.370476024140003,True,2025-11-09,1.3586359343084133,1.697506217792812,normal,BTC-USD,1572,0.3075139068121021,0.07765743909556735,,0.10399191914532084,2025-11-08,2024-06-27,3.7950941667628686,5.41055994007756
-1.212026933646231,1.212026933646231,4.764385107631741,6.187016410371065,False,False,2270.4181212021504,2283.061945497417,0,null,-1132.2090606010752,"{""alpha[1]"": 0.07504893760660064, ""beta[1]"": 0.8733040688717026, ""omega"": 0.30201369312635495}",2.3612082435414017,True,2025-11-10,1.3540793185622126,1.693128273921002,normal,BTC-USD,1573,0.2494879749754902,0.06598909333663262,,0.10610937751322147,2025-11-09,2024-06-28,3.777732565863568,5.386882400017026
2.870254647684184,-2.870254647684184,4.6131540211281035,5.9935511132755375,False,False,2269.6137951615956,2282.2576194568624,0,null,-1131.8068975807978,"{""alpha[1]"": 0.07415005372950717, ""beta[1]"": 0.87475488158318, ""omega"": 0.29683406654141553}",2.2911101330773533,True,2025-11-11,1.3213831909565799,1.661148163044634,normal,BTC-USD,1574,0.03927689853363877,0.023469163458131506,,0.11274819378059574,2025-11-10,2024-06-29,3.655792618356959,5.217170993497333
1.3039146642676998,-1.3039146642676998,4.751069170588276,6.16952659481071,False,False,2270.6909450203557,2283.3347693156225,0,null,-1132.3454725101778,"{""alpha[1]"": 0.07405928096394399, ""beta[1]"": 0.8752381090014811, ""omega"": 0.29459930354126374}",2.354280660588148,True,2025-11-12,1.3513093855041154,1.6903112973353762,normal,BTC-USD,1575,0.12316983593442432,0.04067825444913069,,0.10513570047393898,2025-11-11,2024-06-30,3.767311382956184,5.371740109180765
1.9524742971570288,-1.9524742971570288,4.6413397485348025,6.025290881833184,False,False,2269.718780901327,2282.362605196594,0,null,-1131.8593904506636,"{""alpha[1]"": 0.07344607677218244, ""beta[1]"": 0.8760521826866773, ""omega"": 0.291988628370423}",2.29700894273193,True,2025-11-13,1.3282036636102674,1.6667804544167164,normal,BTC-USD,1576,0.0864519588419057,0.03294437556822759,,0.09673001659743967,2025-11-12,2024-07-01,3.681513473995141,5.2469118539797845
5.4622871146903496,-5.4622871146903496,4.615554865870614,5.990672185207938,True,True,2269.8342055383764,2282.478029833643,0,null,-1131.9171027691882,"{""alpha[1]"": 0.073808572229198, ""beta[1]"": 0.8749115899129865, ""omega"": 0.2950959338006145}",2.28234704522792,True,2025-11-14,9.124388635438798,5.75121868715536,normal,BTC-USD,1577,1.7104103191388274,0.2425752783617424,,0.09227161549774698,2025-11-13,2024-07-02,3.6618551998073734,5.21726158099162
-1.2123106509276933,1.2123106509276933,5.462138803811335,7.0821153010182085,False,False,2274.810675641388,2287.454499936655,0,null,-1134.405337820694,"{""alpha[1]"": 0.07624905559016625, ""beta[1]"": 0.8710544562464467, ""omega"": 0.3101187816161432}",2.6887513666983374,True,2025-11-15,1.4921482178710228,1.8289207679816162,normal,BTC-USD,1578,0.2775465005965883,0.07383298600190362,,0.08398307648041996,2025-11-14,2024-07-03,4.338619361004068,6.170987949262662
1.446393846715543,-1.446393846715543,5.236578574952921,6.793152768237658,False,False,2273.6239943556884,2286.267818650955,0,null,-1133.8119971778442,"{""alpha[1]"": 0.07469878232645298, ""beta[1]"": 0.8730582901508654, ""omega"": 0.3050376985725256}",2.5835195737578873,True,2025-11-16,1.4495132428384983,1.7870401184597178,normal,BTC-USD,1579,0.13553186780983217,0.04471291082955423,,0.09248033828359865,2025-11-15,2024-07-04,4.157031202912184,5.917684929670962
2.236838271634354,-2.236838271634354,5.092614286136877,6.609481155666751,False,False,2270.055288492455,2282.699112787722,0,null,-1132.0276442462275,"{""alpha[1]"": 0.07568236257129368, ""beta[1]"": 0.8705091965823666, ""omega"": 0.31543687191941405}",2.5176154565081013,True,2025-11-17,1.4212159308655439,1.7594276800417186,normal,BTC-USD,1580,0.09018836414455235,0.035195077328845935,,0.1005033603810373,2025-11-16,2024-07-05,4.040605554525399,5.756346004518944
-0.9241173563305538,0.9241173563305538,5.051403771224199,6.555250863843835,False,False,2270.5612565344654,2283.205080829732,0,null,-1132.2806282672327,"{""alpha[1]"": 0.07527821286013806, ""beta[1]"": 0.8714554053127009, ""omega"": 0.31110708664050823}",2.4960059189488417,True,2025-11-18,1.4131930807513058,1.7512381586269825,normal,BTC-USD,1581,0.24662710697999918,0.06633555814064634,,0.097139605405919,2025-11-17,2024-07-06,4.008424783269426,5.709438457734074
1.6082377694342354,-1.6082377694342354,4.862258175442078,6.309729269048773,False,False,2269.4692143399066,2282.1130386351733,0,null,-1131.7346071699533,"{""alpha[1]"": 0.07447257742734616, ""beta[1]"": 0.8722515901955414, ""omega"": 0.30910612877930577}",2.402436015523463,True,2025-11-19,1.3750392481002125,1.7130690549549588,normal,BTC-USD,1582,0.11250702306115502,0.03887386784802647,,0.09327736299527778,2025-11-18,2024-07-07,3.8583782306573338,5.495624554236879
5.4299143131306185,-5.4299143131306185,4.7658218820537215,6.186697750649473,True,True,2267.086545683531,2279.7303699787976,0,null,-1130.5432728417654,"{""alpha[1]"": 0.07650625464138235, ""beta[1]"": 0.8665937911017335, ""omega"": 0.33062738563444855}",2.3582946667328373,True,2025-11-20,8.277019993509516,2.3779772179857366,normal,BTC-USD,1583,1.567051132625988,0.04193962711031321,,0.098662730892558,2025-11-19,2024-07-08,3.7803868051032627,5.387551053423231
1.795049047806109,-1.795049047806109,5.56276937422433,7.212366397099987,False,False,2272.042896144011,2284.686720439278,0,null,-1133.0214480720056,"{""alpha[1]"": 0.0755654732216525, ""beta[1]"": 0.8728860578874189, ""omega"": 0.30662156004812313}",2.7379139496194975,True,2025-11-21,1.510431879207247,1.8471587601255575,normal,BTC-USD,1584,0.13118289234987532,0.04489530452688926,,0.08476079550904773,2025-11-20,2024-07-09,4.418706894803613,6.284579500495031
0.521187239368071,-0.521187239368071,5.406776541798227,7.008432391358661,False,False,2271.8848097226955,2284.5286340179623,0,null,-1132.9424048613478,"{""alpha[1]"": 0.07406645412921103, ""beta[1]"": 0.8757034061885318, ""omega"": 0.29719700148844574}",2.6583437240670427,True,2025-11-22,1.4822047299646162,1.8185798550750807,normal,BTC-USD,1585,0.18873879861277218,0.05586421926993262,,0.07662310459184782,2025-11-21,2024-07-10,4.295963211623511,6.107609166361328
-2.515858657324031,2.515858657324031,5.173780856947805,6.707345349121592,False,False,2271.65465786141,2284.298482156677,0,null,-1132.827328930705,"{""alpha[1]"": 0.0722052886125729, ""beta[1]"": 0.8790282973983119, ""omega"": 0.28568439984888666}",2.5453292880246954,True,2025-11-23,1.4380308135457809,1.7746089382993833,normal,BTC-USD,1586,0.3313025151866387,0.08360677570469684,,0.07650246478449127,2025-11-22,2024-07-11,4.110191646408738,5.844818913145645
-1.6742357816599551,1.6742357816599551,5.138737225601275,6.663939111769452,False,False,2272.042494387391,2284.6863186826577,0,null,-1133.0212471936954,"{""alpha[1]"": 0.07181724412660323, ""beta[1]"": 0.8799250035896499, ""omega"": 0.2816205928791458}",2.5314494765795845,True,2025-11-24,1.4309611980033754,1.767984646551425,normal,BTC-USD,1587,0.28775918016794466,0.07480351858445274,,0.08291603129740283,2025-11-23,2024-07-12,4.080947821698933,5.806116076785313
1.057647695675446,-1.057647695675446,5.004034490374551,6.490306661263154,False,False,2271.819514971262,2284.4633392665287,0,null,-1132.909757485631,"{""alpha[1]"": 0.07107524511173577, ""beta[1]"": 0.8808694287265953, ""omega"": 0.27830481295837756}",2.4668359927768213,True,2025-11-25,1.4042526862262337,1.7415134476741945,normal,BTC-USD,1588,0.14577983640957262,0.04596731265781849,,0.08433970594649452,2025-11-24,2024-07-13,3.973244423866896,5.654378961457291
-3.5722587918860045,3.5722587918860045,4.850776179034381,6.29033580683782,False,False,2270.9976283478463,2283.641452643113,0,null,-1132.4988141739232,"{""alpha[1]"": 0.0703141593420878, ""beta[1]"": 0.8815143275566506, ""omega"": 0.27674624099306805}",2.389304982741341,True,2025-11-26,1.3733174366850154,1.7103003348215156,normal,BTC-USD,1589,0.371232097436692,0.09052939549014029,,0.07767380990749075,2025-11-25,2024-07-14,3.8523831568478286,5.480680757128015
-0.8437806102971583,0.8437806102971583,5.047583218885469,6.545200753628578,False,False,2271.853720532133,2284.4975448274,0,null,-1132.9268602660666,"{""alpha[1]"": 0.06978053772927348, ""beta[1]"": 0.8833371046234554, ""omega"": 0.2703578119841979}",2.48566642804677,True,2025-11-27,1.4131361233447857,1.7500410303990197,normal,BTC-USD,1590,0.24263526462117824,0.0654667266332062,,0.07963275743783907,2025-11-26,2024-07-15,4.008924682126402,5.702892053023455
0.4018666774419681,-0.4018666774419681,4.868732098391324,6.310804505149159,False,False,2266.282632500954,2278.926456796221,0,null,-1130.141316250477,"{""alpha[1]"": 0.08090003676354336, ""beta[1]"": 0.857890618281126, ""omega"": 0.35759817100313285}",2.3934755604376785,True,2025-11-28,1.3774133917957134,1.7137425753182933,normal,BTC-USD,1591,0.17333648422920847,0.05097869509571451,,0.0683205945794891,2025-11-27,2024-07-16,3.868596362026134,5.499736187013415
0.0742778632449995,-0.0742778632449995,4.681604412286728,6.068579537225331,False,False,2266.1935789017216,2278.8374031969884,0,null,-1130.0967894508608,"{""alpha[1]"": 0.078271387164826, ""beta[1]"": 0.8636594077797586, ""omega"": 0.33662229977178193}",2.3020280042242085,True,2025-11-29,1.3381720967893758,1.6745805095307231,normal,BTC-USD,1592,0.18227015067898733,0.052142218550971675,,0.06681823526730514,2025-11-28,2024-07-17,3.719680876824743,5.2884997183421625
0.5047792567629221,-0.5047792567629221,4.50858452386475,5.84586321656609,False,False,2265.528760732792,2278.1725850280586,0,null,-1129.764380366396,"{""alpha[1]"": 0.07612631638608408, ""beta[1]"": 0.8683234675780566, ""omega"": 0.31948907294870993}",2.219544492686631,True,2025-11-30,1.300274111916662,1.637074239338252,normal,BTC-USD,1593,0.15381741120901576,0.04588955027105147,,0.06969832803253614,2025-11-29,2024-07-18,3.5811274809432345,5.093734283868065
4.610183805986836,-4.610183805986836,4.382412794898312,5.682674890369249,True,False,2265.0520298575548,2277.6958541528215,0,null,-1129.5260149287774,"{""alpha[1]"": 0.07237339329667046, ""beta[1]"": 0.87669153863158, ""omega"": 0.28984353235767285}",2.158106301104609,True,2025-12-01,6.426774087200958,1.6087309683092479,normal,BTC-USD,1594,1.0730777645396992,0.0034118148718937243,,0.06914071235264216,2025-11-30,2024-07-19,3.4806282643660995,4.951365293176208
-5.662099387609612,5.662099387609612,4.996728616199186,6.471287580571925,False,False,2267.1467509163813,2279.790575211648,0,null,-1130.5733754581906,"{""alpha[1]"": 0.07182536645395275, ""beta[1]"": 0.8789459912651317, ""omega"": 0.28619463504057885}",2.447395031699764,True,2025-12-02,1.4041162160568206,1.739218249529649,normal,BTC-USD,1595,0.4818080760683016,0.11304047155824525,,0.05154446071795982,2025-12-01,2024-07-20,3.9740621337564104,5.641947768214902
-2.3558262017177616,2.3558262017177616,5.692957668317288,7.373791325329144,False,False,2271.930518778554,2284.5743430738207,0,null,-1132.965259389277,"{""alpha[1]"": 0.06943653071109727, ""beta[1]"": 0.8876274051819575, ""omega"": 0.25436752824490616}",2.7897588639559534,True,2025-12-03,1.5344635307546444,1.8697272073224993,normal,BTC-USD,1596,0.3441528758596857,0.08784262133746269,,0.06151367022202376,2025-12-02,2024-07-21,4.527231315475945,6.4284359320285
1.4931972871278192,-1.4931972871278192,5.544754097861777,7.182819389395616,False,False,2272.129375625374,2284.7731999206408,0,null,-1133.064687812687,"{""alpha[1]"": 0.0645940088057695, ""beta[1]"": 0.8965719127655634, ""omega"": 0.226926987569431}",2.7187741914445063,True,2025-12-04,1.5079622571887037,1.8434274313906593,normal,BTC-USD,1597,0.14577460274901416,0.04768321025584765,,0.0632962475514522,2025-12-03,2024-07-22,4.4086893421081,6.261518312712581
3.034305998126898,-3.034305998126898,5.357823961358818,6.940906198719798,False,False,2271.8840037523614,2284.527828047628,0,null,-1132.9420018761807,"{""alpha[1]"": 0.060104518294043514, ""beta[1]"": 0.903775474356425, ""omega"": 0.2070262370511822}",2.6275162242410195,True,2025-12-05,1.4736367039436997,1.8091527202859359,normal,BTC-USD,1598,0.06127930934365476,0.030162233778273307,,0.06198740631668638,2025-12-04,2024-07-23,4.259892184999992,6.050529375954226
0.12916460569631713,-0.12916460569631713,5.397087396547729,6.991316183725398,False,False,2272.127849797802,2284.7716740930687,0,null,-1133.063924898901,"{""alpha[1]"": 0.059265013936351, ""beta[1]"": 0.9051300916968978, ""omega"": 0.2033219458570595}",2.6460166784792554,True,2025-12-06,1.480996650924563,1.8164174458189217,normal,BTC-USD,1599,0.20811302149223435,0.0596550557393082,,0.06088509502968953,2025-12-05,2024-07-24,4.291425035541001,6.0946701796271325
-1.261457222601435,1.261457222601435,5.185080545917971,6.7178027708579515,False,False,2271.2667837446097,2283.9106080398765,0,null,-1132.6333918723049,"{""alpha[1]"": 0.05624631686167534, ""beta[1]"": 0.9087928953733317, ""omega"": 0.19546298598440323}",2.543931337387802,True,2025-12-07,1.4407731192439392,1.7764375202546283,normal,BTC-USD,1600,0.26917663522439667,0.07117207275908086,,0.0623192051313418,2025-12-06,2024-07-25,4.122075481886493,5.855750053306644
-0.2591195979813834,0.2591195979813834,5.035396820594857,6.524773699378551,False,False,2270.4446923339146,2283.0885166291814,0,null,-1132.2223461669573,"{""alpha[1]"": 0.05452733361477873, ""beta[1]"": 0.9101535722796598, ""omega"": 0.19409748032671878}",2.4719890228427,True,2025-12-08,1.4113559094652075,1.7472226779429638,normal,BTC-USD,1601,0.21307865555739414,0.05946219409083254,,0.06360659684054612,2025-12-07,2024-07-26,4.002453513166495,5.687099811101865
-2.238119270359191,2.238119270359191,4.879367420408581,6.321454888887949,False,False,2268.865805898493,2281.5096301937597,0,null,-1131.4329029492465,"{""alpha[1]"": 0.053713702870736686, ""beta[1]"": 0.9102375329708629, ""omega"": 0.19590490929862298}",2.3935005590869958,True,2025-12-09,1.3800410260951042,1.715643986990265,normal,BTC-USD,1602,0.3058670254243734,0.07748497369910445,,0.05773683759634922,2025-12-08,2024-07-27,3.879221238128272,5.5103780995512475
0.7262832857463607,-0.7262832857463607,4.834085977879762,6.2643395694917485,False,False,2268.3536945480537,2280.9975188433204,0,null,-1131.1768472740268,"{""alpha[1]"": 0.053408659685588444, ""beta[1]"": 0.9092272461247656, ""omega"": 0.20098715090312744}",2.3738593157384833,True,2025-12-10,1.3704952816752112,1.706460422987989,normal,BTC-USD,1603,0.15579318918519028,0.047336352507790884,,0.06250403591482062,2025-12-09,2024-07-28,3.8421470694501636,5.459918536525445
-0.5314970118986532,0.5314970118986532,4.6964501023190675,6.085697122505395,False,False,2267.0380156410256,2279.6818399362924,0,null,-1130.5190078205128,"{""alpha[1]"": 0.05339245839913248, ""beta[1]"": 0.907071127652232, ""omega"": 0.2100777995166203}",2.3057987758760494,True,2025-12-11,1.3416521460644342,1.6775488269081187,normal,BTC-USD,1604,0.21322239636016194,0.05835836527908476,,0.0597505642154033,2025-12-10,2024-07-29,3.7329509153045812,5.304339516009817
2.452142146309117,-2.452142146309117,4.54877614579048,5.896441417358082,False,False,2265.3012880520446,2277.9451123473114,0,null,-1129.6506440260223,"{""alpha[1]"": 0.05383112216859392, ""beta[1]"": 0.9041863044065866, ""omega"": 0.22094537736001815}",2.236783587309379,True,2025-12-12,1.3093830467295051,1.6458018791183173,normal,BTC-USD,1605,0.058098672130363065,0.026863285893425244,,0.0650660073749796,2025-12-11,2024-07-30,3.6141155889163774,5.138470735651639
-0.031341876670942806,0.031341876670942806,4.576099976526533,5.930857415846913,False,False,2264.8318910486773,2277.475715343944,0,null,-1129.4159455243387,"{""alpha[1]"": 0.05460706943566989, ""beta[1]"": 0.9006594962825453, ""omega"": 0.2345468207964696}",2.24855479249107,True,2025-12-13,1.3155239516090314,1.6516950329599251,normal,BTC-USD,1606,0.1833931295085999,0.052002397455198926,,0.06202279232699944,2025-12-12,2024-07-31,3.636520713501052,5.168897868848945
2.3797671017782873,-2.3797671017782873,4.426082398579084,5.7384520063662965,False,False,2262.8260610172656,2275.4698853125324,0,null,-1128.4130305086328,"{""alpha[1]"": 0.05557713446703895, ""beta[1]"": 0.8962894331286784, ""omega"": 0.25046649299744317}",2.178201710108278,True,2025-12-14,1.2818744071556658,1.6185625951679437,normal,BTC-USD,1607,0.05680668575646875,0.026205656495683925,,0.06692216619583867,2025-12-13,2024-08-01,3.5159008169076613,5.0003327513466775
2.010891471875895,-2.010891471875895,4.459980033918374,5.780197017441311,False,False,2262.1504944307517,2274.7943187260184,0,null,-1128.0752472153758,"{""alpha[1]"": 0.0569631128542115, ""beta[1]"": 0.8907374252288429, ""omega"": 0.27164628383238865}",2.1912263695837724,True,2025-12-15,1.2898464969006564,1.6259762517941354,normal,BTC-USD,1608,0.07667322534178043,0.03026772671777473,,0.059890662770073454,2025-12-14,2024-08-02,3.544355978711502,5.037664143653365
-1.6345736935078115,1.6345736935078115,4.457921489487614,5.77999707489837,False,False,2259.947740660524,2272.5915649557905,0,null,-1126.973870330262,"{""alpha[1]"": 0.05536230632969982, ""beta[1]"": 0.8947098291475392, ""omega"": 0.2589676014164494}",2.194311178761336,True,2025-12-16,1.289000878654818,1.6257563620596542,normal,BTC-USD,1609,0.2587791055976725,0.06670992556603193,,0.0683122826001101,2025-12-15,2024-08-03,3.5410084184456334,5.036418863095375
1.954483304665881,-1.954483304665881,4.380869579665039,5.682097155166659,False,False,2258.4535847145053,2271.097409009772,0,null,-1126.2267923572526,"{""alpha[1]"": 0.057546194448668986, ""beta[1]"": 0.8869806028499392, ""omega"": 0.28672653060740716}",2.1597087538293818,True,2025-12-17,1.271248380931512,1.6085206458753039,normal,BTC-USD,1610,0.07619660724422471,0.0299576123600777,,0.07398932734472866,2025-12-16,2024-08-04,3.478415449550374,4.950244540673648
0.7939728497814322,-0.7939728497814322,4.371628883587871,5.6715367633602884,False,False,2256.8494716206806,2269.4932959159473,0,null,-1125.4247358103403,"{""alpha[1]"": 0.05756457409423897, ""beta[1]"": 0.8851332495786621, ""omega"": 0.29536852527606067}",2.1575183926101693,True,2025-12-18,1.2689107502796877,1.6065514250593096,normal,BTC-USD,1611,0.13380585831179792,0.04146453538789291,,0.07871193728195941,2025-12-17,2024-08-05,3.470090016017388,4.940426388570719
-3.04331549685831,3.04331549685831,4.293093740103791,5.573899785052806,False,False,2253.444692942955,2266.088517238222,0,null,-1123.7223464714775,"{""alpha[1]"": 0.052261361349904306, ""beta[1]"": 0.8985794463647231, ""omega"": 0.25140046946421046}",2.125814176791961,True,2025-12-19,1.250096007054759,1.5888556541099756,normal,BTC-USD,1612,0.32240591335167945,0.07896848398898335,,0.09185038874584212,2025-12-18,2024-08-06,3.4048027701752734,4.853532902040017
-0.272735512782592,0.272735512782592,4.413639792683544,5.729264633038558,False,False,2253.1635536970407,2265.8073779923075,0,null,-1123.5817768485203,"{""alpha[1]"": 0.05250013003120957, ""beta[1]"": 0.8963627879542042, ""omega"": 0.2618950023202959}",2.1836045730699865,True,2025-12-20,1.2779680079152853,1.6164344675074585,normal,BTC-USD,1613,0.18869680439524408,0.05262050042370116,,0.09050932671970158,2025-12-19,2024-08-07,3.5012005751222866,4.989314529587519
-0.31390280669266873,0.31390280669266873,4.279722591451055,5.557449886869804,False,False,2251.149810272479,2263.793634567746,0,null,-1122.5749051362395,"{""alpha[1]"": 0.05600864428114356, ""beta[1]"": 0.885351608201869, ""omega"": 0.29960300843726984}",2.1207042310479998,True,2025-12-21,1.246829040036292,1.5858290887875164,normal,BTC-USD,1614,0.18537348329782327,0.05152717399193762,,0.09468118686684192,2025-12-20,2024-08-08,3.3935668592637933,4.838814592501088
0.14875849588890808,-0.14875849588890808,4.235512947925758,5.493814678148527,False,False,2237.1571487320616,2249.8009730273284,0,null,-1115.5785743660308,"{""alpha[1]"": 0.05545071721743093, ""beta[1]"": 0.8999391724398518, ""omega"": 0.2363655084888286}",2.0884627046680575,True,2025-12-22,1.2374648605822802,1.5748034889934872,normal,BTC-USD,1615,0.1607035568821294,0.04637346456134573,,0.07238582099464266,2025-12-21,2024-08-09,3.362829633531493,4.786104952023477
1.2234274952953526,-1.2234274952953526,4.124564443824618,5.351163207947301,False,False,2236.4598692413138,2249.1036935365805,0,null,-1115.2299346206569,"{""alpha[1]"": 0.05580326289135591, ""beta[1]"": 0.899267373707205, ""omega"": 0.23661085178518063}",2.035843797185775,True,2025-12-23,1.2107093085256966,1.5483926533564771,normal,BTC-USD,1616,0.10252204638486494,0.03437856763451981,,0.07479663071502983,2025-12-22,2024-08-10,3.2738684229926496,4.66128425874733
-0.2262076109769442,0.2262076109769442,4.073373957299017,5.284242687375834,False,False,2236.3223740025905,2248.9661982978573,0,null,-1115.1611870012953,"{""alpha[1]"": 0.05612621390369076, ""beta[1]"": 0.8987565455824437, ""omega"": 0.23632630976147426}",2.0097359180826184,True,2025-12-24,1.1983067702636605,1.5358495660113753,normal,BTC-USD,1617,0.17298974822060476,0.04829418430754271,,0.07213406063769401,2025-12-23,2024-08-11,3.233587353435148,4.603210819777322
0.43148578556018463,-0.43148578556018463,3.9609928844751328,5.141342130093559,False,False,2233.6032572511117,2246.2470815463785,0,null,-1113.8016286255558,"{""alpha[1]"": 0.058482600627368576, ""beta[1]"": 0.8930303644247514, ""omega"": 0.25426844533843185}",1.9590812908766606,True,2025-12-25,1.1698242921949262,1.5081909269227918,normal,BTC-USD,1618,0.13554434980333646,0.040459896253795896,,0.08002918516433534,2025-12-24,2024-08-12,3.1423727816269116,4.47747541093977
-0.07641682813185645,0.07641682813185645,3.876254906761075,5.0309724376839995,False,False,2232.972216571543,2245.6160408668097,0,null,-1113.4861082857715,"{""alpha[1]"": 0.05885947856038926, ""beta[1]"": 0.89296530452909, ""omega"": 0.25119473173610907}",1.916539125581561,True,2025-12-26,1.1482670826256913,1.486522820115772,normal,BTC-USD,1619,0.15759141331869997,0.04457938654779524,,0.07701489366509338,2025-12-25,2024-08-13,3.0754114382421402,4.381521826647663
-0.57192195601486,0.57192195601486,3.786914355151438,4.91435851153333,False,False,2231.7463092034805,2244.390133498747,0,null,-1112.8731546017402,"{""alpha[1]"": 0.05983999974120121, ""beta[1]"": 0.8913862291363458, ""omega"": 0.25321712537263974}",1.8712722200442833,True,2025-12-27,1.1250698958511576,1.4631288882401718,normal,BTC-USD,1620,0.17884540173507385,0.04852169287399808,,0.07298281946675902,2025-12-26,2024-08-14,3.004986078686614,4.280247331384944
-0.03835125646023561,0.03835125646023561,3.701329483472235,4.805942180149396,False,False,2229.6166277952543,2242.260452090521,0,null,-1111.8083138976272,"{""alpha[1]"": 0.061716088894769795, ""beta[1]"": 0.8875208787971153, ""omega"": 0.2634673977741375}",1.833377769976235,True,2025-12-28,1.1017140861037111,1.4405818828511383,normal,BTC-USD,1621,0.14867935036603513,0.04223023410301043,,0.08040232365714792,2025-12-27,2024-08-15,2.935235750860464,4.184672153840804
0.7974888888272252,-0.7974888888272252,3.6137890321482735,4.694036960039097,False,False,2228.248382695711,2240.8922069909777,0,null,-1111.1241913478555,"{""alpha[1]"": 0.0628323894576839, ""beta[1]"": 0.8862562101427557, ""omega"": 0.2633148681278012}",1.7929384145371252,True,2025-12-29,1.077440956509622,1.416859288754682,normal,BTC-USD,1622,0.10335521833176382,0.03288981581527862,,0.08452799858951299,2025-12-28,2024-08-16,2.8645932554624998,4.086470470355084
-1.4718097803136698,1.4718097803136698,3.573166504645737,4.639744599161077,False,False,2227.019198798379,2239.6630230936457,0,null,-1110.5095993991895,"{""alpha[1]"": 0.06365870759038672, ""beta[1]"": 0.8855145647853571, ""omega"": 0.2621448028790176}",1.7702499476153875,True,2025-12-30,1.0664326649598994,1.4053681246986538,normal,BTC-USD,1623,0.21526305462348125,0.05511676247679769,,0.07835073478987234,2025-12-29,2024-08-17,2.8334513121559515,4.039866467366094
1.047309934364561,-1.047309934364561,3.5751599765062156,4.642602873897638,False,False,2226.596050054325,2239.239874349592,0,null,-1110.2980250271626,"{""alpha[1]"": 0.06409984994818672, ""beta[1]"": 0.8854126601810604, ""omega"": 0.2593481222561416}",1.7716853017202183,True,2025-12-31,1.06693807997177,1.4059588087606416,normal,BTC-USD,1624,0.08937675368809092,0.029949284145369397,,0.07931798622473679,2025-12-30,2024-08-18,2.834845008126378,4.042238348901498
-1.3880733660550058,1.3880733660550058,3.549717589148435,4.610102685148301,False,False,2225.6266496570106,2238.2704739522774,0,null,-1109.8133248285053,"{""alpha[1]"": 0.06492926776808353, ""beta[1]"": 0.8843880175008426, ""omega"": 0.2594347175460032}",1.759971136008459,True,2026-01-01,1.0596909759286341,1.398883167119012,normal,BTC-USD,1625,0.21011854292544097,0.05401781062741926,,0.08059741393960648,2025-12-31,2024-08-19,2.8142974924538096,4.013707696686915
-1.3574570124635814,1.3574570124635814,3.5472709057164455,4.606752483212345,False,False,2224.786734315401,2237.430558610668,0,null,-1109.3933671577006,"{""alpha[1]"": 0.06587706867717723, ""beta[1]"": 0.8827969508717578, ""omega"": 0.2618903362829422}",1.758471523750772,True,2026-01-02,1.05903522956523,1.3981724231254407,normal,BTC-USD,1626,0.2084967224117277,0.05368322675341183,,0.07995082796137018,2026-01-01,2024-08-20,2.812477435770969,4.010865662877596
-0.7294409632707294,0.7294409632707294,3.5368599198579784,4.59456742929984,False,False,2223.996908153538,2236.6407324488046,0,null,-1108.998454076769,"{""alpha[1]"": 0.06751999124509823, ""beta[1]"": 0.8794820503615672, ""omega"": 0.26946424429328214}",1.7555270193625072,True,2026-01-03,1.0558341214141174,1.395397999389286,normal,BTC-USD,1627,0.17663689006870292,0.047291193656795544,,0.08428814690640153,2026-01-02,2024-08-21,2.803296838103326,3.999678402408821
-0.890368995307639,0.890368995307639,3.487136422921042,4.5286439063306805,False,False,2221.7981544983422,2234.441978793609,0,null,-1107.8990772491711,"{""alpha[1]"": 0.06699490621495177, ""beta[1]"": 0.8818636265723465, ""omega"": 0.2592035959026911}",1.7286390724016791,True,2026-01-04,1.0419402399373525,1.3810730844825132,normal,BTC-USD,1628,0.18275888559789577,0.04833235295093563,,0.07854953127965728,2026-01-03,2024-08-22,2.7648087166502733,3.94286629978592
-2.665149838122066,2.665149838122066,3.4367805636855753,4.464862137468001,False,False,2220.515576570058,2233.1594008653246,0,null,-1107.257788285029,"{""alpha[1]"": 0.06906779535378042, ""beta[1]"": 0.8783897355761985, ""omega"": 0.2654804076497429}",1.7063554572248054,True,2026-01-05,1.0270688081492256,1.3667323368429387,normal,BTC-USD,1629,0.2694457054357255,0.06551785536302765,,0.08294069209222003,2026-01-04,2024-08-23,2.7237642705924388,3.886635698180693
0.16366097168256194,-0.16366097168256194,3.6873751714697525,4.7867246727384325,False,False,2217.170813388491,2229.8146376837576,0,null,-1105.5854066942454,"{""alpha[1]"": 0.06673794400149645, ""beta[1]"": 0.8815599140771498, ""omega"": 0.26418619884184075}",1.8246421964218333,True,2026-01-06,1.0981435326192055,1.43667459474032,normal,BTC-USD,1630,0.13806353533912752,0.040047538666405404,,0.07633765620804292,2026-01-05,2024-08-24,2.92493167846511,4.168414838323099
2.6168967244675576,-2.6168967244675576,3.5944401718985337,4.666471426943907,False,False,2216.3919047153677,2229.0357290106344,0,null,-1105.1959523576838,"{""alpha[1]"": 0.06746912255201465, ""beta[1]"": 0.8820685519356707, ""omega"": 0.2567623729385233}",1.7793008152379952,True,2026-01-07,1.0725418073712607,1.4111952616828374,normal,BTC-USD,1631,0.011702313340654379,0.014466295362392051,,0.07574640810128275,2026-01-06,2024-08-25,2.850942991280645,4.0635262607067615
0.30814668982316024,-0.30814668982316024,3.838085507871535,4.979614300457988,False,False,2217.730933035218,2230.374757330485,0,null,-1105.865466517609,"{""alpha[1]"": 0.0688311911140535, ""beta[1]"": 0.8765747729314217, ""omega"": 0.2781248264446445}",1.894649154777445,True,2026-01-08,1.1386998607688419,1.4764201962183092,normal,BTC-USD,1632,0.13691211373960221,0.040294347740256094,,0.0700315694210198,2026-01-07,2024-08-26,3.046388964615202,4.337581463848766
0.5662930155031015,-0.5662930155031015,3.7335058698662813,4.845642219693591,False,False,2216.270219491609,2228.914043786876,0,null,-1105.1351097458046,"{""alpha[1]"": 0.06836785219602892, ""beta[1]"": 0.8785484009487903, ""omega"": 0.2690878643528336}",1.8458651318144526,True,2026-01-09,1.110755905467398,1.4489944084629576,normal,BTC-USD,1633,0.11979505814831938,0.03653847631200797,,0.07398377845877274,2026-01-08,2024-08-27,2.962194178469487,4.220140646703895
0.13980466484492665,-0.13980466484492665,3.661583347250777,4.755605178810568,False,False,2209.8053105485437,2222.4491348438105,0,null,-1101.9026552742719,"{""alpha[1]"": 0.07119191080573854, ""beta[1]"": 0.8750605338591416, ""omega"": 0.2762327278676496}",1.8157996118313853,True,2026-01-10,1.0906769633063331,1.4299369825328943,normal,BTC-USD,1634,0.1381515072276086,0.04000487133882371,,0.08388976794083353,2026-01-09,2024-08-28,2.902834809397096,4.140291798727294
-0.4865110901073429,0.4865110901073429,3.55895364674343,4.623386213026136,False,False,2209.319729506473,2221.9635538017396,0,null,-1101.6598647532364,"{""alpha[1]"": 0.07015894884627698, ""beta[1]"": 0.8794396281532892, ""omega"": 0.2579022052747512}",1.7666889132561066,True,2026-01-11,1.0620384291975382,1.4016397328752808,normal,BTC-USD,1635,0.1653618777630146,0.045112258860408976,,0.08521820151131651,2026-01-10,2024-08-29,2.8207264651529456,4.0247147959335505
-0.4016380962658518,0.4016380962658518,3.4726200406697796,4.511763736118939,False,False,2208.800018477542,2221.4438427728087,0,null,-1101.400009238771,"{""alpha[1]"": 0.06982423016948254, ""beta[1]"": 0.8821011824955939, ""omega"": 0.24491150072473417}",1.7247157820821704,True,2026-01-12,1.0373749044376472,1.3771494213592335,normal,BTC-USD,1636,0.1576784906771429,0.043289536968960984,,0.08497329234129956,2026-01-11,2024-08-30,2.7519317172770035,3.9273156006302434
-4.428028502599528,4.428028502599528,3.38858094501903,4.403677058405544,False,False,2208.0857644175003,2220.729588712767,0,null,-1101.0428822087501,"{""alpha[1]"": 0.0701679001248512, ""beta[1]"": 0.8832329254452439, ""omega"": 0.23641012425859725}",1.6848028764022358,True,2026-01-13,1.0126515958015867,1.3527930061500575,normal,BTC-USD,1637,0.3556299549143406,0.08260782566034557,,0.08668352626121209,2026-01-12,2024-08-31,2.684570595687278,3.8327540634350226
-1.6723797821879045,1.6723797821879045,4.153741940619698,5.3950700481208935,False,False,2213.6297334654255,2226.2735577606923,0,null,-1103.8148667327127,"{""alpha[1]"": 0.06971256317928938, ""beta[1]"": 0.8720411133568925, ""omega"": 0.2968703206111349}",2.0602907828104615,True,2026-01-14,1.216747948029246,1.556077955990995,normal,BTC-USD,1638,0.2482605152297722,0.06369286620412026,,0.0960462442729405,2026-01-13,2024-09-01,3.292830522407535,4.696906838224116
1.4320038274756288,-1.4320038274756288,4.092412769208455,5.318456282307571,False,False,2212.453203211824,2225.097027507091,0,null,-1103.226601605912,"{""alpha[1]"": 0.06880078127234313, ""beta[1]"": 0.8744898571648041, ""omega"": 0.28851820482779644}",2.0349222208844857,True,2026-01-15,1.2013573038066672,1.5415276734527272,normal,BTC-USD,1639,0.09050490050094678,0.03196885796826035,,0.10504735809142861,2026-01-14,2024-09-02,3.242101837494563,4.628889624301661
0.027287854665539495,-0.027287854665539495,4.056644416176667,5.269610482639848,False,False,2211.2369416682113,2223.880765963478,0,null,-1102.6184708341057,"{""alpha[1]"": 0.06770041996315787, ""beta[1]"": 0.8773528925549586, ""omega"": 0.27916512758280027}",2.013216966162628,True,2026-01-16,1.1929824754031628,1.5324949855351395,normal,BTC-USD,1640,0.15940576848745358,0.04560111150331616,,0.09604400421822948,2026-01-15,2024-09-03,3.2154032244146085,4.587399004997152
0.4461072063214649,-0.4461072063214649,3.9198081993020994,5.094475397543938,False,False,2209.346516083461,2221.990340378728,0,null,-1101.6732580417306,"{""alpha[1]"": 0.06615827634166721, ""beta[1]"": 0.8816526367714695, ""omega"": 0.26426354693042964}",1.94965052896389,True,2026-01-17,1.1582061841628217,1.498472892733684,normal,BTC-USD,1641,0.13295108102886521,0.03987697239900941,,0.10176091695534366,2026-01-16,2024-09-04,3.105128826898767,4.433804446222402
1.5529993652784666,-1.5529993652784666,3.825287911665676,4.97153866755594,False,False,2208.8135268429123,2221.457351138179,0,null,-1101.4067634214562,"{""alpha[1]"": 0.06645322048690085, ""beta[1]"": 0.8815966961873889, ""omega"": 0.2617527099691649}",1.9024864198911744,True,2026-01-18,1.1338137138679216,1.4740535092198161,normal,BTC-USD,1642,0.07386585649763275,0.027738506802741394,,0.0989951927527996,2026-01-17,2024-09-05,3.03031649523112,4.326850045552604
1.161028576694818,-1.161028576694818,3.821864090482934,4.968061664091799,False,False,2207.276802044549,2219.920626339816,0,null,-1100.6384010222746,"{""alpha[1]"": 0.06522929912711442, ""beta[1]"": 0.8848331039266033, ""omega"": 0.25160931460648245}",1.9023981507514414,True,2026-01-19,1.132741738803969,1.4732691471104031,normal,BTC-USD,1643,0.09329504907119796,0.03162374376834521,,0.10223694005050632,2026-01-18,2024-09-06,3.0269295581187756,4.323402953529336
4.692425505482115,-4.692425505482115,3.7786343501171182,4.913873801825302,True,True,2203.7565588146404,2216.400383109907,0,null,-1098.8782794073202,"{""alpha[1]"": 0.06422786463649846, ""beta[1]"": 0.887883234394516, ""omega"": 0.24221400925592204}",1.884210439208895,True,2026-01-20,10.124916292643205,9.949262478920346,normal,BTC-USD,1644,1.6160694962134086,0.41287673875259306,,0.10795065487826122,2026-01-19,2024-09-07,2.9912997199943163,4.27537829462091
-1.1999327765743164,1.1999327765743164,4.527793101232682,5.878908025654661,False,False,2209.8946195120334,2222.5384438073,0,null,-1101.9473097560167,"{""alpha[1]"": 0.06659003226579803, ""beta[1]"": 0.8771579406912104, ""omega"": 0.28850259190727123}",2.2425091387867213,True,2026-01-21,1.303278849399911,1.642110485826767,normal,BTC-USD,1645,0.23953364233421726,0.06318929923812833,,0.09785922029513602,2026-01-20,2024-09-08,3.5907400701100247,5.1189971472385105
-0.09560777635083637,0.09560777635083637,4.40111942151692,5.715182507664086,False,False,2209.847555314658,2222.491379609925,0,null,-1101.923777657329,"{""alpha[1]"": 0.06593398523250774, ""beta[1]"": 0.8787202543417764, ""omega"": 0.28259056299411744}",2.1810124559818442,True,2026-01-22,1.274785223710122,1.6138089751008757,normal,BTC-USD,1646,0.1792685560114429,0.05071718561810741,,0.09768290477005591,2026-01-21,2024-09-09,3.4897633438780185,4.9761107854599
-0.046290133092210695,0.046290133092210695,4.25325684663962,5.521911212925552,False,False,2206.518548868662,2219.162373163929,0,null,-1100.259274434331,"{""alpha[1]"": 0.06416122291539274, ""beta[1]"": 0.8830233101532309, ""omega"": 0.26966598970755956}",2.1056454628202608,True,2026-01-23,1.240816876942234,1.5795056612607494,normal,BTC-USD,1647,0.17098418460481987,0.04854668961418238,,0.09008501758963344,2026-01-22,2024-09-10,3.373393559004184,4.808378828326023
0.4402117623558332,-0.4402117623558332,4.1208796889309625,5.350253739891325,False,False,2206.3425230222524,2218.986347317519,0,null,-1100.1712615111262,"{""alpha[1]"": 0.06352505646267939, ""beta[1]"": 0.884953573576354, ""omega"": 0.261835242652668}",2.0404500715920135,True,2026-01-24,1.2091640395973529,1.5479090217233322,normal,BTC-USD,1648,0.1414023565847178,0.04218602116957405,,0.0879828068213275,2026-01-23,2024-09-11,3.268258894050187,4.658813879313235
2.8900838361794734,-2.8900838361794734,4.010985360189208,5.208313460449053,False,False,2206.2244265122968,2218.8682508075635,0,null,-1100.1122132561484,"{""alpha[1]"": 0.06362622090876852, ""beta[1]"": 0.8852337560256566, ""omega"": 0.25870982984070945}",1.9872618963982838,True,2026-01-25,1.1820066056606553,1.5209596918379122,normal,BTC-USD,1649,0.014525294821533898,0.01644813446286018,,0.08816520538302668,2026-01-24,2024-09-12,3.180589732610151,4.53489728246549
-1.938894055131375,1.938894055131375,4.215704290736575,5.470347635934553,False,False,2207.9235667874254,2220.567391082692,0,null,-1100.9617833937127,"{""alpha[1]"": 0.0645458294378233, ""beta[1]"": 0.882441544957763, ""omega"": 0.2690873636977177}",2.0823907105667394,True,2026-01-26,1.2324108075212208,1.5703463196900742,normal,BTC-USD,1650,0.26422261349766035,0.06703589559396783,,0.07966969818392741,2026-01-25,2024-09-13,3.345558214821827,4.7646955042654024
-0.942027655896957,0.942027655896957,4.212127691577846,5.464452717443032,False,False,2204.617265756282,2217.2610900515488,0,null,-1099.308632878141,"{""alpha[1]"": 0.06438826721619774, ""beta[1]"": 0.8837238665687311, ""omega"": 0.2649189012307775}",2.0785428866722335,True,2026-01-27,1.231768504099494,1.5693675824970632,normal,BTC-USD,1651,0.21428085600497704,0.05702132139695199,,0.07530934171442574,2026-01-26,2024-09-14,3.34358946420258,4.760104483798237
-0.09198645005471491,0.09198645005471491,4.10757826056091,5.330464199685336,False,False,2204.6432284567613,2217.287052752028,0,null,-1099.3216142283807,"{""alpha[1]"": 0.06404806427718669, ""beta[1]"": 0.8847229641354857, ""omega"": 0.2605553066247766}",2.029681446493907,True,2026-01-28,1.2063564803172029,1.5444081498669489,normal,BTC-USD,1652,0.16757218422970308,0.047346599138036884,,0.0790716542822692,2026-01-27,2024-09-15,3.2594572345393438,4.642673463748969
5.322794949256374,-5.322794949256374,3.98797111094601,5.176780600786457,True,True,2204.131570649242,2216.7753949445087,0,null,-1099.065785324621,"{""alpha[1]"": 0.06381258228854089, ""beta[1]"": 0.8855852266254494, ""omega"": 0.2563094599401698}",1.9731231570727346,True,2026-01-29,12.005661876421104,17.251434185154583,normal,BTC-USD,1653,2.0513458906677156,0.8064929896817035,,0.08201529593740595,2026-01-28,2024-09-16,3.163483485395621,4.508155565739502
0.5132847435462905,-0.5132847435462905,4.832907335743634,6.266392051748675,False,False,2210.759950295886,2223.403774591153,0,null,-1102.379975147943,"{""alpha[1]"": 0.06453427497027045, ""beta[1]"": 0.8807096831593252, ""omega"": 0.28332901203286304}",2.3792221652259773,True,2026-01-30,1.3697377111998237,1.7065400691585695,normal,BTC-USD,1654,0.16627213839377294,0.04946868986024475,,0.07474469637353748,2026-01-29,2024-09-17,3.8387275114217463,5.460153729570761
6.77069192656263,-6.77069192656263,4.668473087602497,6.051541528841584,True,True,2207.7120767817582,2220.355901077025,0,null,-1100.8560383908791,"{""alpha[1]"": 0.0637309658318602, ""beta[1]"": 0.8825707737916602, ""omega"": 0.277941591185812}",2.2955438971063327,True,2026-01-31,14.45071573598419,26.409813577174123,normal,BTC-USD,1655,2.9083612841984445,1.4820626412069684,,0.06657470915424307,2026-01-30,2024-09-18,3.7092589958274256,5.273658955646501
2.1166842160066897,-2.1166842160066897,5.9503376594551805,7.702587979472278,False,False,2215.4756332037805,2228.1194574990473,0,null,-1104.7378166018902,"{""alpha[1]"": 0.07273226585298821, ""beta[1]"": 0.866369229169904, ""omega"": 0.3280107900158391}",2.9082924665060252,True,2026-02-01,1.5792147328829147,1.9136094491922315,normal,BTC-USD,1656,0.1309198368288616,0.04600381321354441,,0.04863445918415865,2026-01-31,2024-09-19,4.735080952583919,6.717065537361126
-2.2026908164317214,2.2026908164317214,5.774765741059305,7.473285924895594,False,False,2215.6760988418455,2228.3199231371123,0,null,-1104.8380494209227,"{""alpha[1]"": 0.07193984335468008, ""beta[1]"": 0.8670831420969446, ""omega"": 0.32786646829298827}",2.819114026363144,True,2026-02-02,1.5495080006414788,1.8835057580535115,normal,BTC-USD,1657,0.3399731940270568,0.08720673871396566,,0.04025686694377847,2026-02-01,2024-09-20,4.596773064109407,6.517983054964836
3.960046937497693,-3.960046937497693,5.611138897279026,7.262917896360197,False,False,2217.1610434239765,2229.8048677192432,0,null,-1105.5805217119882,"{""alpha[1]"": 0.07072659565271328, ""beta[1]"": 0.8689944544199908, ""omega"": 0.3230291359897364}",2.74153547839772,True,2026-02-03,1.5205927037836133,1.8548696956654784,normal,BTC-USD,1658,0.02527580956564941,0.023738568480324358,,0.043861446247948854,2026-02-02,2024-09-21,4.465563128810681,6.333903785530127
3.5170615941758965,-3.5170615941758965,5.81384018485445,7.522326851652143,False,False,2220.0802171161467,2232.7240414114135,0,null,-1107.0401085580734,"{""alpha[1]"": 0.0721584207568288, ""beta[1]"": 0.8677330491080398, ""omega"": 0.32441847709214283}",2.835655868007054,True,2026-02-04,1.5564337099061936,1.890134672848668,normal,BTC-USD,1659,0.055593687666722305,0.030443569141064643,,0.03530349176728668,2026-02-03,2024-09-22,4.628935347510342,6.561418508282358
15.23344080344346,-15.23344080344346,5.890639726916423,7.619270822584991,True,True,2222.3802020832672,2235.024026378534,0,null,-1108.1901010416336,"{""alpha[1]"": 0.07289191184702717, ""beta[1]"": 0.8673169365230027, ""omega"": 0.32380539017339455}",2.8690905263192654,True,2026-02-05,37.361122769315216,114.59638442819612,normal,BTC-USD,1660,10.01459304815587,8.500544122683161,,0.027470047620546573,2026-02-04,2024-09-23,4.691763910647805,6.647032598712993
-11.800318143746404,11.800318143746404,12.1214885377357,15.661493538661967,False,False,2248.9896784608045,2261.6335027560713,0,null,-1121.4948392304022,"{""alpha[1]"": 0.11149594903181366, ""beta[1]"": 0.8410966742447447, ""omega"": 0.3332824488637321}",5.875513194648502,True,2026-02-06,2.292435595504975,2.624077101100828,normal,BTC-USD,1661,1.0733334776310304,0.2547079799347124,,-0.0019922204553637535,2026-02-05,2024-09-24,9.666351408874185,13.670479849724815
1.8213402812750956,-1.8213402812750956,14.314281879047305,18.500787336716,False,False,2254.10575386231,2266.7495781575767,0,null,-1124.052876931155,"{""alpha[1]"": 0.12212140733164599, ""beta[1]"": 0.8304671655445123, ""omega"": 0.35007599327636574}",6.948540482164341,True,2026-02-07,2.4584175973218496,2.790541596965147,normal,BTC-USD,1662,0.47947150829175794,0.14324820530097748,,0.018561566996902222,2026-02-06,2024-09-25,11.410770447110245,16.14616081137283
-1.4085235877630957,1.4085235877630957,13.057764357491921,16.87724979882349,False,False,2255.7564415637635,2268.4002658590302,0,null,-1124.8782207818817,"{""alpha[1]"": 0.11914159168658224, ""beta[1]"": 0.8331332568611731, ""omega"": 0.34643561159485964}",6.3393800577794535,True,2026-02-08,2.3665175599512542,2.6986826266291004,normal,BTC-USD,1663,0.5908659894539275,0.1613757082856832,,0.018556079346921616,2026-02-07,2024-09-26,10.408796201315445,14.729047240805212
0.2050715414853212,-0.2050715414853212,11.939330132327685,15.431097387136077,False,False,2255.7612844698265,2268.4051087650932,0,null,-1124.8806422349132,"{""alpha[1]"": 0.11663587618719304, ""beta[1]"": 0.8346299728622715, ""omega"": 0.3482250940188793}",5.795450733233472,True,2026-02-09,2.277005661428946,2.6091168935364073,normal,BTC-USD,1664,0.46562881482505164,0.13262142630489512,,0.01502032039129822,2026-02-08,2024-09-27,9.517647837986345,13.46721417197482
1.9103237582629151,-1.9103237582629151,10.911751224352464,14.102707495494375,False,False,2257.5678483533025,2270.211672648569,0,null,-1125.7839241766512,"{""alpha[1]"": 0.11496701242297895, ""beta[1]"": 0.8347576368778631, ""omega"": 0.3521422894357835}",5.296180561817004,True,2026-02-10,2.1870261414837247,2.5191077358641167,normal,BTC-USD,1665,0.3394184898226166,0.10397686380877164,,0.012748251379344811,2026-02-09,2024-09-28,8.698693554715241,12.30801013914007
2.654322121964269,-2.654322121964269,10.069229170843398,13.012889660312382,False,False,2259.3947747720267,2272.0385990672935,0,null,-1126.6973873860134,"{""alpha[1]"": 0.11452823591191916, ""beta[1]"": 0.8327479613686336, ""omega"": 0.3622091551266884}",4.885732094139696,True,2026-02-11,2.106732985335432,2.4387118976568907,normal,BTC-USD,1666,0.2686679519802999,0.08702957354582097,,0.00863299378862922,2026-02-10,2024-09-29,8.027681161570262,11.357279476546358
1.1562368274835069,-1.1562368274835069,9.378404083075543,12.118953812626918,False,False,2261.0947726684126,2273.7385969636794,0,null,-1127.5473863342063,"{""alpha[1]"": 0.11502704553403431, ""beta[1]"": 0.8290666660254518, ""omega"": 0.3773718998206678}",4.548619590185962,True,2026-02-12,2.0357437347432867,2.3675835981921614,normal,BTC-USD,1667,0.31607424004880896,0.09421342883885916,,0.0040918020802174476,2026-02-11,2024-09-30,7.4777216284596815,10.577579711369415
-3.9033769357155785,3.9033769357155785,8.597886479574454,11.111867179638427,False,False,2259.9525251872137,2272.5963494824805,0,null,-1126.9762625936069,"{""alpha[1]"": 0.11429042813111354, ""beta[1]"": 0.827218906635186, ""omega"": 0.3888555100559489}",4.172572290279997,True,2026-02-13,1.9487284806264937,2.2807673217263806,normal,BTC-USD,1668,0.5378857888631582,0.13601299788653498,,0.008931823836687617,2026-02-12,2024-10-01,6.854338841547577,9.697922852937905
-1.3125933067848305,1.3125933067848305,8.356842714439509,10.80504247590824,False,False,2257.489891926964,2270.1337162222308,0,null,-1125.744945963482,"{""alpha[1]"": 0.11633563842015035, ""beta[1]"": 0.8248178553701693, ""omega"": 0.39488115680604774}",4.063392565231138,True,2026-02-14,1.919902773963217,2.2525773283748283,normal,BTC-USD,1669,0.3985755066819855,0.10740688790510444,,0.024769171793212544,2026-02-13,2024-10-02,6.658916826854871,9.428095483725604
1.4138040068878805,-1.4138040068878805,7.632512717548784,9.87010488470139,False,False,2259.109013267417,2271.752837562684,0,null,-1126.5545066337086,"{""alpha[1]"": 0.11662468046676036, ""beta[1]"": 0.8201545854574014, ""omega"": 0.41583000873223963}",3.7138372117856533,True,2026-02-15,1.8290946895530085,2.162004798816229,normal,BTC-USD,1670,0.2333423868312974,0.07197806431084294,,0.028066864199150776,2026-02-14,2024-10-03,6.080651743513824,8.611610437972168
-0.07987824782500608,0.07987824782500608,6.9751157702269175,9.019739919820504,False,False,2260.5878302064957,2273.2316545017625,0,null,-1127.2939151032479,"{""alpha[1]"": 0.11775047747070029, ""beta[1]"": 0.8137622228395769, ""omega"": 0.44241657982536536}",3.3935590955071384,True,2026-02-16,1.7390505330623194,2.0719214721828227,normal,BTC-USD,1671,0.2818482097617556,0.0794965519598103,,0.02482203910897223,2026-02-15,2024-10-04,5.557085947410101,7.869776948156018
1.9788873300286218,-1.9788873300286218,6.230196390269512,8.056038063745042,False,False,2260.558569985881,2273.202394281148,0,null,-1127.2792849929406,"{""alpha[1]"": 0.12066899971361533, ""beta[1]"": 0.8025216780266886, ""omega"": 0.4872067229302123}",3.030435505327703,True,2026-02-17,1.626156590706414,1.958950709075899,normal,BTC-USD,1672,0.14925068816284962,0.05050238126313187,,0.020721738895178858,2026-02-16,2024-10-05,4.963901093285611,7.029125456341804
1.5963632267742163,-1.5963632267742163,5.836050861490801,7.545588693091993,False,False,2261.841812293956,2274.485636589223,0,null,-1127.920906146978,"{""alpha[1]"": 0.122282836789302, ""beta[1]"": 0.7962678299455976, ""omega"": 0.5115620092371146}",2.837400535788905,True,2026-02-18,1.5608974694777062,1.8935377273430753,normal,BTC-USD,1673,0.15270268859614058,0.049877259137512446,,0.016691563709405,2026-02-17,2024-10-06,4.650416998697025,6.584089140525457
-0.7980126009699652,0.7980126009699652,5.41805734138473,7.003888241243267,False,False,2262.488808621367,2275.1326329166336,0,null,-1128.2444043106834,"{""alpha[1]"": 0.12477165024967346, ""beta[1]"": 0.7877093011210693, ""omega"": 0.5442459998039967}",2.6320783089747426,True,2026-02-19,1.4867424128662048,1.8191186572106819,normal,BTC-USD,1674,0.2558115928503707,0.06909978082462416,,0.011164296899958393,2026-02-18,2024-10-07,4.318219256037445,6.111965481492445
-1.5528995649164754,1.5528995649164754,4.930144108639341,6.374469787198379,False,False,2262.6106162259985,2275.254440521265,0,null,-1128.3053081129992,"{""alpha[1]"": 0.12868783280599902, ""beta[1]"": 0.7755211903141459, ""omega"": 0.5891743230558567}",2.3972154218773167,True,2026-02-20,1.3921898834876272,1.7248651209645196,normal,BTC-USD,1675,0.2740672600877036,0.07115033720797379,,0.014622844421316117,2026-02-19,2024-10-08,3.928445636837592,5.562134155880897
0.0024354972344490843,-0.0024354972344490843,4.673111170828004,6.043365175902245,False,False,2262.87686380603,2275.520688101297,0,null,-1128.438431903015,"{""alpha[1]"": 0.13208697091215804, ""beta[1]"": 0.7664334587875486, ""omega"": 0.6205548116736554}",2.274275173263055,True,2026-02-21,1.3384644387696731,1.671436803621119,normal,BTC-USD,1676,0.18601744566675543,0.05270254360212058,,0.018065356857869527,2026-02-20,2024-10-09,3.7227844105695542,5.272689857446503
0.5076923598302017,-0.5076923598302017,4.32153284562944,5.590568011462605,False,False,2261.572835275986,2274.216659571253,0,null,-1127.786417637993,"{""alpha[1]"": 0.1355331053842411, ""beta[1]"": 0.7561900178488287, ""omega"": 0.6575635542852827}",2.106277493781714,True,2026-02-22,1.2599492371946819,1.5934111193457974,normal,BTC-USD,1677,0.1466856549112083,0.04369129093010218,,0.023112716958744114,2026-02-21,2024-10-10,3.441405458054365,4.876821452840416
4.601267313951165,-4.601267313951165,4.061591412389637,5.254700613016984,True,True,2261.055714519858,2273.699538815125,0,null,-1127.527857259929,"{""alpha[1]"": 0.14080348131826356, ""beta[1]"": 0.7437756450948976, ""omega"": 0.6979615678423354}",1.9802595897769233,True,2026-02-23,7.9299128243217645,1.8665487310359268,normal,BTC-USD,1678,1.2987882734820924,0.017433932528682493,,0.023115405632623612,2026-02-22,2024-10-11,3.234121762917383,4.58365728109391
0.8340510430974345,-0.8340510430974345,5.327050769814359,6.885035483466801,False,False,2263.9979561699674,2276.641780465234,0,null,-1128.9989780849837,"{""alpha[1]"": 0.1249756677441116, ""beta[1]"": 0.7831680966928788, ""omega"": 0.5664592727950414}",2.5858606809115803,True,2026-02-24,1.4699602651859855,1.8020798944719614,normal,BTC-USD,1679,0.17062370507796767,0.05174723279375194,,0.006837175131831126,2026-02-23,2024-10-12,4.246525144656785,6.008774322472624
-5.878816280697166,5.878816280697166,4.9803177118018835,6.435841771339703,False,False,2263.9245549398784,2276.568379235145,0,null,-1128.9622774699392,"{""alpha[1]"": 0.1266933928500555, ""beta[1]"": 0.7772278982454339, ""omega"": 0.5882696114369204}",2.4158019027388757,True,2026-02-25,1.4028028017775145,1.7346834377468188,normal,BTC-USD,1680,0.49248344945175393,0.11496024087859176,,0.0027878133784031175,2026-02-24,2024-10-13,3.9708527083379046,5.617207807161998
0.7478610804987917,-0.7478610804987917,6.378850451767733,8.246625398700276,False,False,2269.3254761560975,2281.9693004513642,0,null,-1131.6627380780487,"{""alpha[1]"": 0.12558236051994684, ""beta[1]"": 0.7906374205919701, ""omega"": 0.5322628665248248}",3.1000341362412205,True,2026-02-26,1.649914050513634,1.9824189692223513,normal,BTC-USD,1681,0.2167805823701853,0.0644826707703276,,0.01562966476725169,2026-02-25,2024-10-14,5.083472727902494,7.196128157531546
2.3580345407171106,-2.3580345407171106,5.91878168044824,7.648841028484398,False,False,2264.628258881757,2277.272083177024,0,null,-1129.3141294408786,"{""alpha[1]"": 0.1265404099983607, ""beta[1]"": 0.7914712920142953, ""omega"": 0.524857579064153}",2.8714610641091456,True,2026-02-27,1.5754087812993314,1.9073398940669857,normal,BTC-USD,1682,0.11804403862420787,0.04317764968415658,,0.004217832748596084,2026-02-26,2024-10-15,4.718915313201266,6.675799509132765
-1.6768637200983847,1.6768637200983847,5.74271843111481,7.419100121267174,False,False,2265.705992467575,2278.349816762842,0,null,-1129.8529962337875,"{""alpha[1]"": 0.1257290532111192, ""beta[1]"": 0.7918473798151939, ""omega"": 0.5263524602571372}",2.782369724669925,True,2026-02-28,1.5454782718024753,1.876973429622618,normal,BTC-USD,1683,0.31284717090294656,0.08153112378697118,,-0.0034887648172460942,2026-02-27,2024-10-16,4.580079697960541,6.476248658598726
1.8952127262849707,-1.8952127262849707,5.458342723499732,7.052144230917477,False,False,2266.631196214687,2279.2750205099537,0,null,-1130.3155981073435,"{""alpha[1]"": 0.12423968490787934, ""beta[1]"": 0.793055432767571, ""omega"": 0.525014898577415}",2.6453075021174755,True,2026-03-01,1.4946357554368706,1.826220634174728,normal,BTC-USD,1684,0.12288819860307194,0.042605258165368476,,-0.0018330590865391619,2026-02-28,2024-10-17,4.352976698346407,6.1557385428218145
-4.517399874259472,4.517399874259472,5.271226544977326,6.809450030535314,False,False,2267.701368133992,2280.345192429259,0,null,-1130.850684066996,"{""alpha[1]"": 0.12275546514849348, ""beta[1]"": 0.7949611063825102, ""omega"": 0.5200436793825748}",2.5530620389941125,True,2026-03-02,1.4598774642229868,1.7912604504350256,normal,BTC-USD,1685,0.4360903003857107,0.10461703099750956,,-0.0049927787831473705,2026-03-01,2024-10-18,4.204406133454734,5.944303225491475
0.7035921386662974,-0.7035921386662974,5.937428216922308,7.672006150074074,False,False,2270.6441441258594,2283.287968421126,0,null,-1132.3220720629297,"{""alpha[1]"": 0.12028586067762048, ""beta[1]"": 0.8058533351062115, ""omega"": 0.47658400602848444}",2.8789607728555855,True,2026-03-03,1.578663071744749,1.9104167554474887,normal,BTC-USD,1686,0.20154179444289225,0.059928310931548906,,0.001041041558383789,2026-03-02,2024-10-19,4.734428027524139,6.696423231821183
-6.267011053630145,6.267011053630145,5.5392489656924395,7.1571588749782045,False,False,2271.183656602853,2283.8274808981196,0,null,-1132.5918283014264,"{""alpha[1]"": 0.11716795037915245, ""beta[1]"": 0.8107558177177449, ""omega"": 0.46096977777900133}",2.685321353295759,True,2026-03-04,1.5092888324330533,1.8409725582533345,normal,BTC-USD,1687,0.5342086919552512,0.12514204892962322,,-0.00020221797610482826,2026-03-03,2024-10-20,4.417162785474869,6.247193839332167
2.6047184090688056,-2.6047184090688056,6.8385522531358784,8.839095544844083,False,False,2276.4482540841286,2289.0920783793954,0,null,-1135.2241270420643,"{""alpha[1]"": 0.11464056664263766, ""beta[1]"": 0.8261385904367518, ""omega"": 0.3964552946279504}",3.3203960174693345,True,2026-03-05,1.719688376506603,2.051889806451867,normal,BTC-USD,1688,0.1423187942543044,0.05109206669049892,,0.01047113809476762,2026-03-04,2024-10-21,5.451094294154891,7.713925078118693
3.892676222251549,-3.892676222251549,6.597287664177607,8.52723781840486,False,False,2276.725095642857,2289.368919938124,0,null,-1135.3625478214285,"{""alpha[1]"": 0.11299906131009352, ""beta[1]"": 0.8288243764332128, ""omega"": 0.3880044127521052}",3.2032292590572844,True,2026-03-06,1.6837723850642754,2.0159714443197094,normal,BTC-USD,1689,0.0683056344301764,0.0354909500075941,,0.010054353862374918,2026-03-05,2024-10-22,5.258788910855076,7.441771223010956
1.2760002823712053,-1.2760002823712053,6.722237262340319,8.686415716574588,False,False,2278.5766130972997,2291.2204373925665,0,null,-1136.2883065486499,"{""alpha[1]"": 0.11023649431447159, ""beta[1]"": 0.8359376343712631, ""omega"": 0.36093949995873603}",3.2600395822825345,True,2026-03-07,1.7027745823362181,2.034582770632869,normal,BTC-USD,1690,0.2041999755768282,0.06305697732145742,,0.0022881370150229746,2026-03-06,2024-10-23,5.3599997939077655,7.581698014516942
1.9556151272463178,-1.9556151272463178,6.320538967537981,8.167450698315655,False,False,2278.646385132586,2291.290209427853,0,null,-1136.323192566293,"{""alpha[1]"": 0.10675772447255061, ""beta[1]"": 0.8411244662890954, ""omega"": 0.34506932051719674}",3.065406472786321,True,2026-03-08,1.6411464128882178,1.9729735576604845,normal,BTC-USD,1691,0.15420078017511293,0.05173072479696651,,0.0025142240945256683,2026-03-07,2024-10-24,5.0396307307485735,7.1286876069429645
-3.6210883126364175,3.6210883126364175,6.065514352525031,7.835292198827596,False,False,2278.4341971277845,2291.0780214230513,0,null,-1136.2170985638923,"{""alpha[1]"": 0.10525743644355108, ""beta[1]"": 0.8426353036422906, ""omega"": 0.34170046412479116}",2.937383728222567,True,2026-03-09,1.6002601247601795,1.9316000873050148,normal,BTC-USD,1692,0.4229594953753991,0.10461000019785585,,-0.006535315756430025,2026-03-08,2024-10-25,4.838101594871557,6.839911707149159
-2.2043063060992716,2.2043063060992716,6.194354790723277,8.005197537499495,False,False,2279.087475421068,2291.731299716335,0,null,-1136.543737710534,"{""alpha[1]"": 0.10413049266007378, ""beta[1]"": 0.8459391500044751, ""omega"": 0.32840831608896365}",3.0055410795558983,True,2026-03-10,1.6208903778111243,1.9528640907152255,normal,BTC-USD,1693,0.3571384082096036,0.09191027119300188,,0.0052132875663694735,2026-03-09,2024-10-26,4.9384618580927935,6.986720813200908
-0.39671408239021777,0.39671408239021777,5.994434533005376,7.747844507954935,False,False,2279.133016867634,2291.776841162901,0,null,-1136.566508433817,"{""alpha[1]"": 0.10196933918813454, ""beta[1]"": 0.8493975873034961, ""omega"": 0.3162754129217048}",2.910217200469715,True,2026-03-11,1.5879664587453965,1.9201309310258674,normal,BTC-USD,1694,0.25875438203837414,0.07158383920668122,,0.008507759031909678,2026-03-10,2024-10-27,4.77837355837726,6.761669838277898
-0.4102088524573672,0.4102088524573672,5.63827477971092,7.287093290526073,False,False,2278.39803986509,2291.041864160357,0,null,-1136.199019932545,"{""alpha[1]"": 0.10061030231603033, ""beta[1]"": 0.8501581462573254, ""omega"": 0.3146031312610248}",2.736621816449493,True,2026-03-12,1.5267638645874264,1.8588456268780602,normal,BTC-USD,1695,0.24524805412275805,0.0676995310682475,,0.006590090383684519,2026-03-11,2024-10-28,4.49475222999779,6.359744254367377
-0.6712861231450629,0.6712861231450629,5.313599839392303,6.866145967916821,False,False,2277.195653353192,2289.839477648459,0,null,-1135.597826676596,"{""alpha[1]"": 0.10033859608257592, ""beta[1]"": 0.8485067873521487, ""omega"": 0.32190872759159156}",2.576834004771014,True,2026-03-13,1.46762843591019,1.799427923641442,normal,BTC-USD,1696,0.2454066108437519,0.06664229766830745,,0.0016686650695183064,2026-03-12,2024-10-29,4.236846093729971,5.992943643685677
-0.346539053271123,0.346539053271123,5.025300648783491,6.491724709004155,False,False,2275.603063669935,2288.246887965202,0,null,-1134.8015318349676,"{""alpha[1]"": 0.10097585231871782, ""beta[1]"": 0.844627156831549, ""omega"": 0.338335700017496}",2.4338931477560375,True,2026-03-14,1.4121044368432267,1.7434796529729288,normal,BTC-USD,1697,0.21774075528862646,0.06013499283998506,,-0.004878080802549621,2026-03-13,2024-10-30,4.008276052501403,5.666960230727377
-2.1879197872153098,2.1879197872153098,4.746938927435177,6.13256509956895,False,False,2274.260759721652,2286.9045840169188,0,null,-1134.130379860826,"{""alpha[1]"": 0.10185166083833117, ""beta[1]"": 0.8422135281548526, ""omega"": 0.34316142843714187}",2.2997890836572443,True,2026-03-15,1.3550562525324135,1.6865339684868221,normal,BTC-USD,1698,0.29869353663509746,0.07541163762733293,,-0.0031345300096124254,2026-03-14,2024-10-31,3.7859509454866336,5.353243975517976
-2.8056806122475906,2.8056806122475906,4.719033639218359,6.099528283602704,False,False,2273.2814104246518,2285.9252347199185,0,null,-1133.6407052123259,"{""alpha[1]"": 0.10201811863971974, ""beta[1]"": 0.8409952458419868, ""omega"": 0.3471522853017625}",2.291272045124084,True,2026-03-16,1.3487173630179137,1.6809171699083554,normal,BTC-USD,1699,0.3283642596129821,0.08128773909528399,,0.007202553742820795,2026-03-15,2024-11-01,3.7616045800120457,5.323093297280801
1.2617278576722024,-1.2617278576722024,4.8356059272694125,6.25240222665631,False,False,2272.9439462403607,2285.5877705356274,0,null,-1133.4719731201803,"{""alpha[1]"": 0.10291785406503912, ""beta[1]"": 0.839610189906268, ""omega"": 0.3488245831867244}",2.351523613384372,True,2026-03-17,1.372804248844905,1.7055183769434064,normal,BTC-USD,1700,0.12956361697252222,0.041938221538667,,0.014911947214671664,2026-03-16,2024-11-02,3.853000197122644,5.455550011538898
3.688417422665348,-3.688417422665348,4.640958778203766,6.000325826645964,False,False,2271.4411827348576,2284.0850070301244,0,null,-1132.7205913674288,"{""alpha[1]"": 0.10533399250528701, ""beta[1]"": 0.8337202964858365, ""omega"": 0.36581664297098726}",2.256205578071974,True,2026-03-18,1.3317784252452163,1.6643953347892766,normal,BTC-USD,1701,0.0004882570759745746,0.015473562632264857,,0.01294536405499008,2026-03-17,2024-11-03,3.6981825641848394,5.235773685891832
1.8884161054779092,-1.8884161054779092,5.06741567200911,6.549656544942983,False,False,2272.1761834841072,2284.820007779374,0,null,-1133.0880917420536,"{""alpha[1]"": 0.10664222932289447, ""beta[1]"": 0.8310704072165679, ""omega"": 0.3747270137330552}",2.460145057504589,True,2026-03-19,1.4199673559201988,1.7521295462744058,normal,BTC-USD,1702,0.10755026843767777,0.038275800724482785,,0.007157046431697632,2026-03-18,2024-11-04,4.039421474231463,5.7159961779261845
-0.8684431661690528,0.8684431661690528,4.939604294100123,6.384204736815447,False,False,2270.8524268508468,2283.4962511461135,0,null,-1132.4262134254234,"{""alpha[1]"": 0.10913822544253649, ""beta[1]"": 0.8238246801266822, ""omega"": 0.3992449186175203}",2.3976714609013468,True,2026-03-20,1.3944574336699178,1.7265612482909258,normal,BTC-USD,1703,0.2403079214187274,0.06440157735389178,,0.006103336496124373,2026-03-19,2024-11-05,3.937715262205491,5.57171456922012
2.601610563083089,-2.601610563083089,4.685728208266371,6.055362243005302,False,False,2268.931779425043,2281.5756037203096,0,null,-1131.4658897125214,"{""alpha[1]"": 0.11120924661609169, ""beta[1]"": 0.8162298122506053, ""omega"": 0.42666026601811025}",2.2732461792688476,True,2026-03-21,1.3418000649568436,1.6737302378667733,normal,BTC-USD,1704,0.056711042975602574,0.026834250529016588,,0.003325800328801414,2026-03-20,2024-11-06,3.7358314225951395,5.285035615984746
1.2688120085991916,-1.2688120085991916,4.824698824077013,6.2283421505002075,False,False,2266.006891714148,2278.6507160094147,0,null,-1130.003445857074,"{""alpha[1]"": 0.10961486201578129, ""beta[1]"": 0.8212918956435609, ""omega"": 0.4131263311245945}",2.32969300405561,True,2026-03-22,1.3719774573881853,1.702358232945906,normal,BTC-USD,1705,0.12912016029281045,0.04170075585604456,,-0.019211227051057565,2026-03-21,2024-11-07,3.851215214455398,5.438887594203645
-4.425119302732731,4.425119302732731,4.636313022566457,5.98398427862547,False,False,2264.643582127853,2277.2874064231196,0,null,-1129.3217910639264,"{""alpha[1]"": 0.1110195949217119, ""beta[1]"": 0.816462557409627, ""omega"": 0.4284593113487824}",2.2367935200519162,True,2026-03-23,1.3323228937490375,1.6624194946235447,normal,BTC-USD,1706,0.4063383808968718,0.09651129533779595,,-0.022450381005751727,2026-03-22,2024-11-08,3.701648315204697,5.226010231046856
0.5613991531695598,-0.5613991531695598,5.375624342043808,6.941336457112831,False,False,2266.5842848820794,2279.228109177346,0,null,-1130.2921424410397,"{""alpha[1]"": 0.11349415806233569, ""beta[1]"": 0.81152404514904, ""omega"": 0.44673379672855146}",2.598686213353367,True,2026-03-24,1.4798730916442255,1.8106300994086917,normal,BTC-USD,1707,0.18641701486201795,0.054993300016311364,,-0.015281007066843075,2026-03-23,2024-11-09,4.2897394504099156,6.060729154800691
-1.1168924473801447,1.1168924473801447,5.04210380718011,6.509891513127561,False,False,2264.9287613469796,2277.5725856422464,0,null,-1129.4643806734898,"{""alpha[1]"": 0.11640038979763202, ""beta[1]"": 0.8006194976369752, ""omega"": 0.4873614158631401}",2.4361564548582764,True,2026-03-25,1.415929449991776,1.7465109336270341,normal,BTC-USD,1708,0.25705129573135416,0.0680125252362263,,-0.01701268665205823,2026-03-24,2024-11-10,4.024133467246934,5.684360076242481
3.5952918800404485,-3.5952918800404485,4.804045077674285,6.200204186551825,False,False,2263.312658336621,2275.956482631888,0,null,-1128.6563291683105,"{""alpha[1]"": 0.11204263684668936, ""beta[1]"": 0.805495512887938, ""omega"": 0.4770346472251104}",2.3172710953493767,True,2026-03-26,1.3679004367309044,1.6979339458552163,normal,BTC-USD,1709,0.012023009830257425,0.018196671170322302,,-0.024180310830364083,2026-03-25,2024-11-11,3.835752076645597,5.414958997072677
3.6313469685207127,-3.6313469685207127,5.230266250259741,6.743134290289436,False,False,2255.7065389039144,2268.350363199181,0,null,-1124.8532694519572,"{""alpha[1]"": 0.1128895218383693, ""beta[1]"": 0.8128817709604037, ""omega"": 0.4457822841025023}",2.510978410660621,True,2026-03-27,1.4538537779718514,1.7823392994357397,normal,BTC-USD,1710,0.027484195033334526,0.02260901242097512,,-0.0508389232154375,2026-03-26,2024-11-12,4.181030869187403,5.892248210618223
0.02816215866781658,-0.02816215866781658,5.5273998695070965,7.125429989673089,False,False,2257.485169807869,2270.128994103136,0,null,-1125.7425849039346,"{""alpha[1]"": 0.11417344137026413, ""beta[1]"": 0.8113468345286081, ""omega"": 0.4493455287112655}",2.6523259300549737,True,2026-03-28,1.5092075562711678,1.8375325636842401,normal,BTC-USD,1711,0.21954694855696025,0.061984838338776306,,-0.05641320389865758,2026-03-27,2024-11-13,4.419101129807018,6.226645992545442
0.551540982616138,-0.551540982616138,5.168916738970633,6.660500319360536,False,False,2256.375748675295,2269.019572970562,0,null,-1125.1878743376476,"{""alpha[1]"": 0.11233894142737047, ""beta[1]"": 0.8129942554327474, ""omega"": 0.44650191679247025}",2.4756515895341424,True,2026-03-29,1.4425295713113044,1.7702408522400046,normal,BTC-USD,1712,0.1791451005904859,0.052700443278748885,,-0.062358498312441585,2026-03-28,2024-11-14,4.134442994425853,5.821585310491022
-1.1105181723711994,1.1105181723711994,4.870983599565596,6.2774116723673075,False,False,2254.290092209315,2266.9339165045817,0,null,-1124.1450461046575,"{""alpha[1]"": 0.11157625930899746, ""beta[1]"": 0.812765043870004, ""omega"": 0.4494059074734562}",2.3343149789077464,True,2026-03-30,1.3830457896434383,1.710947081423586,normal,BTC-USD,1713,0.25030434138454605,0.06596909056711094,,-0.05596219581616165,2026-03-29,2024-11-15,3.8955686553197175,5.486390884339888
-2.2856210170076743,2.2856210170076743,4.669821962458593,6.015640695985143,False,False,2251.0386345583684,2263.682458853635,0,null,-1122.5193172791842,"{""alpha[1]"": 0.11562958103504423, ""beta[1]"": 0.801198277735858, ""omega"": 0.49334961464766397}",2.233718801067049,True,2026-03-31,1.3412461093753993,1.6685355098843453,normal,BTC-USD,1714,0.3011031535829985,0.07544329584202525,,-0.06230158312746025,2026-03-30,2024-11-16,3.7364420546522896,5.258708567194844
0.22706442466755022,-0.22706442466755022,4.731099992724925,6.09647924524526,False,False,2251.938113190106,2264.5819374853727,0,null,-1122.969056595053,"{""alpha[1]"": 0.1141110441951404, ""beta[1]"": 0.806232878954041, ""omega"": 0.4728684987059868}",2.2661843166276463,True,2026-04-01,1.3540042956599945,1.6817479749405244,normal,BTC-USD,1715,0.17785448232612977,0.0510148122114849,,-0.05661257864461506,2026-03-31,2024-11-17,3.7841540711901427,5.328545645816035
1.7634149243695532,-1.7634149243695532,4.481979713869665,5.774921864023614,False,False,2251.6415039953126,2264.2853282905794,0,null,-1122.8207519976563,"{""alpha[1]"": 0.1136110214533567, ""beta[1]"": 0.8073170333308611, ""omega"": 0.4663922443668054}",2.1459570427609576,True,2026-04-02,1.2999952575272342,1.6276022221237696,normal,BTC-USD,1716,0.09109284690518714,0.0328431431724625,,-0.05548663740587778,2026-04-01,2024-11-18,3.585271862473294,5.047729241615801
-0.06356502125056691,0.06356502125056691,4.438071969569478,5.716707562552802,False,False,2251.803809205965,2264.447633501232,0,null,-1122.9019046029825,"{""alpha[1]"": 0.11385482082496956, ""beta[1]"": 0.8069499683861742, ""omega"": 0.46554656772916425}",2.1222117753378877,True,2026-04-03,1.2904067708943758,1.6175957782271349,normal,BTC-USD,1717,0.18074256587055812,0.05061126433409251,,-0.060558560336945004,2026-04-02,2024-11-19,3.5512862961605927,4.997561412158679
-0.5355544503000282,0.5355544503000282,4.231663717062122,5.448895596069925,False,False,2250.798525580383,2263.4423498756496,0,null,-1122.3992627901914,"{""alpha[1]"": 0.1145545456917442, ""beta[1]"": 0.8045777018037568, ""omega"": 0.4722410599607441}",2.0202971363559676,True,2026-04-04,1.2430992953935505,1.5697708408721862,normal,BTC-USD,1718,0.19615092307424545,0.05299839337322628,,-0.06437093893009127,2026-04-03,2024-11-20,3.3874640111848775,4.764284887022595
-2.482482880209676,2.482482880209676,4.076011015175441,5.246841815957582,False,False,2249.6547589711554,2262.298583266422,0,null,-1121.8273794855777,"{""alpha[1]"": 0.11569800895677256, ""beta[1]"": 0.8014674863115168, ""omega"": 0.4809336608680674}",1.9432830792319062,True,2026-04-05,1.205899857881641,1.5321197443838965,normal,BTC-USD,1719,0.2873237610154514,0.07070811459271686,,-0.06757611903132069,2026-04-04,2024-11-21,3.263992340099347,4.588328579062004
0.1771166800580493,-0.1771166800580493,4.340595462538087,5.587635481904962,False,False,2248.0353604504116,2260.6791847456784,0,null,-1121.0176802252058,"{""alpha[1]"": 0.11432656083032876, ""beta[1]"": 0.8017864912516179, ""omega"": 0.48810385109697335}",2.06977111222375,True,2026-04-06,1.2687594190742404,1.5950333848786902,normal,BTC-USD,1720,0.16493029607939202,0.04709143027360091,,-0.0712520807452686,2026-04-05,2024-11-22,3.4757226016458866,4.886259707418136
-4.376925008865013,4.376925008865013,4.147448712966188,5.337677081627932,False,False,2247.453989225934,2260.097813521201,0,null,-1120.726994612967,"{""alpha[1]"": 0.11536201107314674, ""beta[1]"": 0.8011100602116998, ""omega"": 0.4842033601270524}",1.9754781371459134,True,2026-04-07,1.2234621817407958,1.549375875751195,normal,BTC-USD,1721,0.38494510231186074,0.0904517903195298,,-0.07260465852440197,2026-04-06,2024-11-23,3.321977037372195,4.668254023087958
1.1426386592901714,-1.1426386592901714,5.079061833555775,6.544688266416823,False,False,2251.31732319407,2263.961147489337,0,null,-1122.658661597035,"{""alpha[1]"": 0.1154251842034288, ""beta[1]"": 0.7994030095132706, ""omega"": 0.49915410287926876}",2.432569288022898,True,2026-04-08,1.424996809337327,1.7527018774049976,normal,BTC-USD,1722,0.1459975882463389,0.04577733740360666,,-0.06137000800172328,2026-04-07,2024-11-24,4.062590424216947,5.7203723996508336
-0.9020473987913681,0.9020473987913681,4.843278811229291,6.239226302840471,False,False,2251.036343057045,2263.680167352312,0,null,-1122.5181715285225,"{""alpha[1]"": 0.11691543279726864, ""beta[1]"": 0.7950287073389608, ""omega"": 0.5128963366654922}",2.31691986419564,True,2026-04-09,1.3776971344827413,1.7050190807787544,normal,BTC-USD,1723,0.2388589987077031,0.06356147532570473,,-0.06413853338457913,2026-04-08,2024-11-25,3.8751325753626897,5.454100133779099
-1.6736071453528258,1.6736071453528258,4.605485549837575,5.935505816886692,False,False,2246.5102438074628,2259.1540681027295,0,null,-1120.2551219037314,"{""alpha[1]"": 0.11543509793334167, ""beta[1]"": 0.7996755825919372, ""omega"": 0.4950997611574213}",2.207497341430952,True,2026-04-10,1.3269602036549109,1.6549231332715064,normal,BTC-USD,1724,0.2678334832510311,0.06861066403670894,,-0.05205251112935856,2026-04-09,2024-11-26,3.6830625196677924,5.187459258318062
-0.10302658255370274,0.10302658255370274,4.529370655011687,5.838841183126931,False,False,2246.534737710179,2259.1785620054457,0,null,-1120.2673688550894,"{""alpha[1]"": 0.11641342858875531, ""beta[1]"": 0.7976650243801171, ""omega"": 0.4999314799018073}",2.1733899708987185,True,2026-04-11,1.3100759065781888,1.6383962387841944,normal,BTC-USD,1725,0.18621131426485638,0.05205379047146336,,-0.046291326330709565,2026-04-10,2024-11-27,3.6211997027434215,5.102352464592628
3.200195642285545,-3.200195642285545,4.318580851156926,5.5640688215473935,False,False,2242.350872936752,2254.9946972320186,0,null,-1118.175436468376,"{""alpha[1]"": 0.11963661886576635, ""beta[1]"": 0.790904884732347, ""omega"": 0.5217284036292537}",2.067195103365787,True,2026-04-12,1.2629082517731165,1.5904320536822611,normal,BTC-USD,1726,0.012729437846483694,0.016633703274847714,,-0.05455103582768069,2026-04-11,2024-11-28,3.4547843992152187,4.863565969770315
-5.139225778223328,5.139225778223328,4.713453948495869,6.072600654927282,False,False,2244.849679482336,2257.4935037776027,0,null,-1119.424839741168,"{""alpha[1]"": 0.11807746908011033, ""beta[1]"": 0.7944895395262753, ""omega"": 0.5125016409987192}",2.255839866048581,True,2026-04-13,1.3504352594314515,1.6779054352382121,normal,BTC-USD,1727,0.4455028164413347,0.10447398219893655,,-0.060304165111625216,2026-04-12,2024-11-29,3.7708305506033573,5.308172441670317
0.4076670658997154,-0.4076670658997154,5.857386352583732,7.552574002665234,False,False,2249.29802273072,2261.9418470259866,0,null,-1121.64901136536,"{""alpha[1]"": 0.12300690253961982, ""beta[1]"": 0.7854765263020352, ""omega"": 0.5476749955859792}",2.8135828629770088,True,2026-04-14,1.5669857357664037,1.8956495445088892,normal,BTC-USD,1728,0.2137018928567087,0.061914783919622435,,-0.05377294613764614,2026-04-13,2024-11-30,4.681704923033886,6.599145457861953
-0.836950468372944,0.836950468372944,5.3971033771717405,6.958218057919283,False,False,2249.627588671712,2262.271412966979,0,null,-1121.813794335856,"{""alpha[1]"": 0.118447769452123, ""beta[1]"": 0.7952119510660741, ""omega"": 0.5137298324186741}",2.591055634862568,True,2026-04-15,1.4852554596826497,1.8137385863654174,normal,BTC-USD,1729,0.2575678730593065,0.06917146970233463,,-0.05249973417643681,2026-04-14,2024-12-01,4.314406992813182,6.080196501860513
-0.4628724480417537,0.4628724480417537,5.073343123132335,6.539878020372135,False,False,2249.833545569309,2262.477369864576,0,null,-1121.9167727846545,"{""alpha[1]"": 0.11575854246670796, ""beta[1]"": 0.8007927148828969, ""omega"": 0.49365093696754236}",2.43407710918214,True,2026-04-16,1.4235204592038757,1.7517958532712874,normal,BTC-USD,1730,0.225955705246062,0.06177923651800791,,-0.05254109556168416,2026-04-15,2024-12-02,4.056241656879482,5.715051203759032
-2.5937296585056364,2.5937296585056364,4.776833818350954,6.157886854166476,False,False,2249.4547900773327,2262.0986143725995,0,null,-1121.7273950386664,"{""alpha[1]"": 0.11445886619587776, ""beta[1]"": 0.8030334717709153, ""omega"": 0.48487230778773394}",2.2921988337079413,True,2026-04-17,1.3632651454582714,1.6915947804625993,normal,BTC-USD,1731,0.32063735752660416,0.07974867468889008,,-0.04868592670799961,2026-04-16,2024-12-03,3.8190174920264415,5.381137810383364
1.8327445069901032,-1.8327445069901032,4.879729775731368,6.292269747056475,False,False,2250.373605223906,2263.0174295191728,0,null,-1122.186802611953,"{""alpha[1]"": 0.11436617288292907, ""beta[1]"": 0.8042948930636428, ""omega"": 0.47819674624725067}",2.344459185034339,True,2026-04-18,1.3843299994064036,1.7130624374031447,normal,BTC-USD,1732,0.10336657374179696,0.03665066921972673,,-0.04378378808261561,2026-04-17,2024-12-04,3.9000759818260406,5.497811428962772
2.500233650829619,-2.500233650829619,4.786528357070687,6.1691147362164225,False,False,2249.7251583181614,2262.368982613428,0,null,-1121.8625791590807,"{""alpha[1]"": 0.11406754212630055, ""beta[1]"": 0.8037239028012216, ""omega"": 0.4818358257523067}",2.2947437959230337,True,2026-04-19,1.3654765212302467,1.693506235025271,normal,BTC-USD,1733,0.0663707472045406,0.02891269639556381,,-0.05313093927203872,2026-04-18,2024-12-05,3.8276485949204297,5.391503290385997
-2.6932597285619098,2.6932597285619098,4.845069310800264,6.244595218392396,False,False,2249.9098896016594,2262.553713896926,0,null,-1121.9549448008297,"{""alpha[1]"": 0.11398202008516713, ""beta[1]"": 0.8039061919087083, ""omega"": 0.4809710264790372}",2.322859129904732,True,2026-04-20,1.377628397661979,1.7056651140707215,normal,BTC-USD,1734,0.32838505133966367,0.08150716160622366,,-0.053678033510218305,2026-04-19,2024-12-06,3.874441298231358,5.457456432060449
-0.6309747501903331,0.6309747501903331,4.974831679127332,6.411855137211542,False,False,2249.355221308296,2261.999045603563,0,null,-1121.677610654148,"{""alpha[1]"": 0.11491703646979427, ""beta[1]"": 0.800905215981134, ""omega"": 0.4940862976187925}",2.3850955822898428,True,2026-04-21,1.4040562992768058,1.73209641405785,normal,BTC-USD,1735,0.23045861718772057,0.06234601261843208,,-0.05506447440869237,2026-04-20,2024-12-07,3.978197593564074,5.60362651165287
-2.394495236040146,2.394495236040146,4.7071559077335365,6.066360549205427,False,False,2249.115375677362,2261.7591999726287,0,null,-1121.557687838681,"{""alpha[1]"": 0.11430884274081818, ""beta[1]"": 0.8023542064108565, ""omega"": 0.4860175590049135}",2.2559360235666293,True,2026-04-22,1.3488220709643208,1.676742464952631,normal,BTC-USD,1736,0.307949378278974,0.07696394987441806,,-0.053807779005276175,2026-04-21,2024-12-08,3.764492329539328,5.301899751401653
-0.08417038687136054,0.08417038687136054,4.7772369179565235,6.157548032588409,False,False,2249.4984284267575,2262.1422527220243,0,null,-1121.7492142133788,"{""alpha[1]"": 0.11493945250807969, ""beta[1]"": 0.8013385855284062, ""omega"": 0.48774577416361825}",2.290967432141359,True,2026-04-23,1.3634741565897315,1.6916005830504988,normal,BTC-USD,1737,0.1952052765476461,0.054653866562263634,,-0.05162905409614331,2026-04-22,2024-12-09,3.8199351440815583,5.381216269354998
1.0449855400701122,-1.0449855400701122,4.506065447977542,5.809455766769889,False,False,2247.150806032983,2259.7946303282497,0,null,-1120.5754030164915,"{""alpha[1]"": 0.11438252111476578, ""beta[1]"": 0.8001012180197946, ""omega"": 0.4947599686570412}",2.1632983608321923,True,2026-04-24,1.3048160773748259,1.633301406567802,normal,BTC-USD,1738,0.12785629137760268,0.04031401215197056,,-0.04380221262915794,2026-04-23,2024-12-10,3.6021113676221637,5.076386755267165
-0.20210985800430967,0.20210985800430967,4.336635596009256,5.590382214274649,False,False,2246.6591298760536,2259.3029541713204,0,null,-1120.3295649380268,"{""alpha[1]"": 0.11615580550453787, ""beta[1]"": 0.7963173637269806, ""omega"": 0.5039301713725092}",2.0809023706002607,True,2026-04-25,1.2665922159922118,1.5949117789022154,normal,BTC-USD,1739,0.18346106473088017,0.050873442889363116,,-0.044331624999534976,2026-04-24,2024-12-11,3.4671114366132905,4.885234430931997
-1.338122502178222,1.338122502178222,4.142161393536013,5.336565314346344,False,False,2242.9642165862942,2255.608040881561,0,null,-1118.4821082931471,"{""alpha[1]"": 0.12206305989223275, ""beta[1]"": 0.7770056993438595, ""omega"": 0.579029099641963}",1.9824084979045966,True,2026-04-26,1.221233344363271,1.5487013689768738,normal,BTC-USD,1740,0.23259581526263332,0.06002916291955726,,-0.05302199519664458,2026-04-25,2024-12-12,3.3137938030744403,4.664793789777499
1.6547994701576978,-1.6547994701576978,4.098233749571484,5.281244639685215,False,False,2242.734041325264,2255.377865620531,0,null,-1118.367020662632,"{""alpha[1]"": 0.12115463991943952, ""beta[1]"": 0.7816933919436317, ""omega"": 0.556537524119993}",1.9634989477295595,True,2026-04-27,1.2103561699312864,1.5381756405193285,normal,BTC-USD,1741,0.0811484109046518,0.029610814551367607,,-0.048099322562367236,2026-04-26,2024-12-13,3.2777676882507323,4.615880925294456
1.3218654490737212,-1.3218654490737212,4.114026784980957,5.2998627841882096,False,False,2242.632825003777,2255.2766492990436,0,null,-1118.3164125018884,"{""alpha[1]"": 0.12069463600762438, ""beta[1]"": 0.7841301582687585, ""omega"": 0.5443508321351257}",1.9681879144827026,True,2026-04-28,1.2144946610144904,1.5418375502350607,normal,BTC-USD,1742,0.09848679733906822,0.03311044687692149,,-0.05422036619615643,2026-04-27,2024-12-14,3.291601395855084,4.632910136765867
0.7553459048339298,-0.7553459048339298,4.0536640293464785,5.221146057831212,False,False,2242.269148813767,2254.912973109034,0,null,-1118.1345744068835,"{""alpha[1]"": 0.12209620682966715, ""beta[1]"": 0.7827069128614503, ""omega"": 0.5430413571290749}",1.9377249639710123,True,2026-04-29,1.1998768999348841,1.5269533953118621,normal,BTC-USD,1743,0.12443109794624045,0.03809170374312509,,-0.05669392873660607,2026-04-28,2024-12-15,3.2439678637587366,4.564516279146435
-0.6946186875180562,0.6946186875180562,3.9418017147734417,5.074506281357614,False,False,2240.8588587899485,2253.5026830852153,0,null,-1117.4294293949742,"{""alpha[1]"": 0.12116787744339584, ""beta[1]"": 0.7838738374029938, ""omega"": 0.5387627716597253}",1.8800031708606437,True,2026-04-30,1.1723441215551231,1.4986860261625692,normal,BTC-USD,1744,0.19254219089365393,0.05132055163324379,,-0.06389509608462092,2026-04-29,2024-12-16,3.156225130355019,4.437436475806319
-2.427150990058813,2.427150990058813,3.8450005791108466,4.948874517246846,False,False,2239.7346453373557,2252.3784696326225,0,null,-1116.8673226686778,"{""alpha[1]"": 0.12364396897877389, ""beta[1]"": 0.7791896707006103, ""omega"": 0.5491920827406135}",1.8321516175964754,True,2026-05-01,1.1476628931617512,1.473706499568674,normal,BTC-USD,1745,0.2753285097793268,0.06755170982774017,,-0.06579797219914961,2026-04-30,2024-12-17,3.079419205527719,4.328019992715197
-0.6098736514783506,0.6098736514783506,4.176200382155936,5.378171894742583,False,False,2240.0465545290917,2252.6903788243585,0,null,-1117.0232772645459,"{""alpha[1]"": 0.13074259258151752, ""beta[1]"": 0.7605418816972215, ""omega"": 0.6145484308366708}",1.9949687867521637,True,2026-05-02,1.2297907168129707,1.5566500861353125,normal,BTC-USD,1746,0.1976229005583663,0.053120177624617834,,-0.0611527151446971,2026-05-01,2024-12-18,3.3425843596889715,4.702144110983428
0.151433696883258,-0.151433696883258,4.003498130479825,5.158838165357179,False,False,2233.16102089125,2245.8048451865166,0,null,-1113.580510445625,"{""alpha[1]"": 0.13073122966719947, ""beta[1]"": 0.7642620300926007, ""omega"": 0.5965152805642024}",1.917572324742865,True,2026-05-03,1.1870247437441765,1.5147526577598645,normal,BTC-USD,1747,0.15253946166613708,0.04357603741012792,,-0.0480971369109289,2026-05-02,2024-12-19,3.202222930205997,4.509037437896046
-1.6287676871274681,1.6287676871274681,3.8421493863769136,4.951781024473749,False,False,2231.369386828394,2244.0132111236608,0,null,-1112.684693414197,"{""alpha[1]"": 0.13094420479396426, ""beta[1]"": 0.7652687922094946, ""omega"": 0.5889933744358798}",1.8417079436699872,True,2026-05-04,1.145734015176557,1.4737133002116876,normal,BTC-USD,1748,0.23506712506695274,0.05956455869768943,,-0.043234823280666475,2026-05-03,2024-12-20,3.0725748142115825,4.32768818264147
-1.3675043812700929,1.3675043812700929,3.917430640240293,5.0498442480696655,False,False,2231.762232924627,2244.4060572198937,0,null,-1112.8811164623135,"{""alpha[1]"": 0.1305349738814483, ""beta[1]"": 0.7680380998865152, ""omega"": 0.5757160682633756}",1.8795202528979622,True,2026-05-05,1.164953871768899,1.4932334790729662,normal,BTC-USD,1749,0.22497801143980645,0.057804424684340466,,-0.040520142618071145,2026-05-04,2024-12-21,3.1320558475260323,4.4129380871639485
-0.6165248051095347,0.6165248051095347,3.911418287643067,5.0431929197464775,False,False,2231.698207568738,2244.3420318640046,0,null,-1112.849103784369,"{""alpha[1]"": 0.13120936650062495, ""beta[1]"": 0.7682830380198593, ""omega"": 0.569972387407408}",1.8784597147608795,True,2026-05-06,1.1632230545724016,1.4918203947250461,normal,BTC-USD,1750,0.1871505727817627,0.050231709446339305,,-0.03669537561905552,2026-05-05,2024-12-22,3.126486650525716,4.406646139524391
1.7561908344653092,-1.7561908344653092,3.782738648852581,4.878574967193478,False,False,2230.3727342890957,2243.0165585843624,0,null,-1112.1863671445478,"{""alpha[1]"": 0.13045788301564615, ""beta[1]"": 0.771868306600574, ""omega"": 0.5527120414178404}",1.8188112010865154,True,2026-05-07,1.1295337803649286,1.4585183390226444,normal,BTC-USD,1751,0.0633270428157636,0.025060502263974372,,-0.031053489933461926,2026-05-06,2024-12-23,3.02273169078058,4.262241060862745
-0.22069548867707428,0.22069548867707428,3.897661421082291,5.026297548421912,False,False,2230.5376380019443,2243.181462297211,0,null,-1112.2688190009721,"{""alpha[1]"": 0.1338297055297903, ""beta[1]"": 0.7640610172349263, ""omega"": 0.5772672691610098}",1.8732505904386578,True,2026-05-08,1.1595499155933986,1.488391556974316,normal,BTC-USD,1752,0.16678009765313576,0.04612211453803424,,-0.03368343651362449,2026-05-07,2024-12-24,3.114906464385638,4.391515965126346
-0.593844703738723,0.593844703738723,3.7539095537048297,4.83827471316151,False,False,2226.8080028519407,2239.4518271472075,0,null,-1110.4040014259704,"{""alpha[1]"": 0.1313923890468058, ""beta[1]"": 0.7728396771507108, ""omega"": 0.5429699937017639}",1.7997719778751096,True,2026-05-09,1.1224597082523737,1.4505045497720874,normal,BTC-USD,1753,0.17978515067905473,0.04822237262575638,,-0.041496844348870104,2026-05-08,2024-12-25,3.0018583098423686,4.2283925588369105
-1.8115146956679873,1.8115146956679873,3.6612375739999776,4.7185131965615,False,False,2226.379846054341,2239.023670349608,0,null,-1110.1899230271706,"{""alpha[1]"": 0.1322620116220133, ""beta[1]"": 0.7729698291599936, ""omega"": 0.5369038670548297}",1.754810196345772,True,2026-05-10,1.0975237136368978,1.4254697041869369,normal,BTC-USD,1754,0.23697443594958462,0.05935381772535102,,-0.041568107252933015,2026-05-09,2024-12-26,2.927974023323701,4.12386707686711
0.5011785225575773,-0.5011785225575773,3.820055392491611,4.9268771283666934,False,False,2223.6893687209176,2236.3331930161844,0,null,-1108.8446843604588,"{""alpha[1]"": 0.13505964060623699, ""beta[1]"": 0.7682524079621937, ""omega"": 0.5506223397048725}",1.83704421647885,True,2026-05-11,1.139318677084543,1.4683550329684656,normal,BTC-USD,1755,0.1275625539495565,0.03803186144170264,,-0.030760759203243362,2026-05-10,2024-12-27,3.052429601548705,4.304364666727838
1.5422747699454493,-1.5422747699454493,3.6855867496127135,4.7538414960718525,False,False,2222.8464702291126,2235.4902945243794,0,null,-1108.4232351145563,"{""alpha[1]"": 0.13354846566465395, ""beta[1]"": 0.7738829047466393, ""omega"": 0.5273673546465185}",1.7730327658927767,True,2026-05-12,1.1034093676698244,1.4325665804281345,normal,BTC-USD,1756,0.0701216980506227,0.02610745590869333,,-0.028329355275367406,2026-05-11,2024-12-28,2.944708730957902,4.15302036081478
1.5028018231141398,-1.5028018231141398,3.7510750730408553,4.8369409055197226,False,False,2223.2042132012884,2235.848037496555,0,null,-1108.6021066006442,"{""alpha[1]"": 0.13177317821786882, ""beta[1]"": 0.7786872064406891, ""omega"": 0.5103535796078007}",1.80226271563972,True,2026-05-13,1.121275503084203,1.4500195774852207,normal,BTC-USD,1757,0.07475906142114781,0.02723412900875089,,-0.033524686997691636,2026-05-12,2024-12-29,2.9979830515370947,4.2262147239892265
-2.2132143692514794,2.2132143692514794,3.782471285836885,4.87764137201092,False,False,2222.9304961329162,2235.574320428183,0,null,-1108.4652480664581,"{""alpha[1]"": 0.1304621029277671, ""beta[1]"": 0.7828166434495241, ""omega"": 0.4946497157077197}",1.8177054241494583,True,2026-05-14,1.1295710545083972,1.4583795955628869,normal,BTC-USD,1758,0.2618070378030582,0.06474896545522163,,-0.03306702716807962,2026-05-13,2024-12-30,3.0229263868096803,4.261682176270677
2.4802775130643475,-2.4802775130643475,4.008419224776747,5.171436433142247,False,False,2223.771691434038,2236.415515729305,0,null,-1108.885845717019,"{""alpha[1]"": 0.1293144795187646, ""beta[1]"": 0.7855450463851655, ""omega"": 0.4860231014841116}",1.93031449152382,True,2026-05-15,1.1871705899023586,1.5166636565178861,normal,BTC-USD,1759,0.03607710400344873,0.020370403011156987,,-0.026734800593379474,2026-05-14,2024-12-31,3.2018195931333215,4.5173178141800445
1.1886390848897952,-1.1886390848897952,4.252368725358493,5.484699100099709,False,False,2225.0228113613475,2237.6666356566143,0,null,-1109.5114056806738,"{""alpha[1]"": 0.12863785307965808, ""beta[1]"": 0.7869526897102186, ""omega"": 0.4823123283096046}",2.045356821547879,True,2026-05-16,1.2464891060592622,1.5755920206284864,normal,BTC-USD,1760,0.11045292575360871,0.03602957422202051,,-0.03338501362900323,2026-05-15,2025-01-01,3.397697599961967,4.7915965070918425
0.9026576804311712,-0.9026576804311712,4.113422946410106,5.303857918256018,False,False,2224.825740321059,2237.469564616326,0,null,-1109.4128701605296,"{""alpha[1]"": 0.12605594863665387, ""beta[1]"": 0.793467678352308, ""omega"": 0.45822304709248746}",1.9758210461910466,True,2026-05-17,1.213543122500167,1.5421981913465808,normal,BTC-USD,1761,0.11925751513461696,0.03731660978949636,,-0.037871569089112975,2026-05-16,2025-01-02,3.2878079831235083,4.634318659380804
0.6155853642663646,-0.6155853642663646,3.9750228262786584,5.122998119743434,False,False,2223.6260630846436,2236.2698873799104,0,null,-1108.8130315423218,"{""alpha[1]"": 0.12475510067643329, ""beta[1]"": 0.7962748911629532, ""omega"": 0.44815918424909656}",1.9053487162074385,True,2026-05-18,1.1797379417965774,1.507708451077244,normal,BTC-USD,1762,0.1281635004392259,0.03861754197579003,,-0.04483562658974364,2026-05-17,2025-01-03,3.17885537305088,4.477339561845364
0.2644879999712329,-0.2644879999712329,3.824482334500614,4.927395034443584,False,False,2222.847406913752,2235.4912312090187,0,null,-1108.423703456876,"{""alpha[1]"": 0.12346361859586731, ""beta[1]"": 0.8001890347385342, ""omega"": 0.4314402959862651}",1.8305562052496378,True,2026-05-19,1.1414183491113081,1.4689196192319187,normal,BTC-USD,1763,0.1397539809321077,0.04042593141493528,,-0.04857060506999414,2026-05-18,2025-01-04,3.0595676186133844,4.307081141464757
-0.9167734790070149,0.9167734790070149,3.677598439202895,4.737376412055252,False,False,2221.866309918324,2234.510134213591,0,null,-1107.933154959162,"{""alpha[1]"": 0.12384147907168508, ""beta[1]"": 0.8008040127105351, ""omega"": 0.42388467921208745}",1.758963465097534,True,2026-05-20,1.102401516018527,1.4296641536252954,normal,BTC-USD,1764,0.19296864430281988,0.05058096368360749,,-0.049361971808570916,2026-05-19,2025-01-05,2.942599407049379,4.14132288935373
-0.10503232088697406,0.10503232088697406,3.6231475944644527,4.667509685848847,False,False,2220.876787136871,2233.5206114321377,0,null,-1107.4383935684355,"{""alpha[1]"": 0.12558668977262102, ""beta[1]"": 0.7978774726581868, ""omega"": 0.42875675479954417}",1.7333769998387403,True,2026-05-21,1.0874320294911013,1.4147805914098104,normal,BTC-USD,1765,0.1501936211302138,0.04185158876031409,,-0.04768865665828655,2026-05-20,2025-01-06,2.8988401017172998,4.080126555144431
2.680634069599855,-2.680634069599855,3.511785268401695,4.521486398449091,False,False,2218.46808164834,2231.111905943607,0,null,-1106.23404082417,"{""alpha[1]"": 0.1236091658532748, ""beta[1]"": 0.8029620728451862, ""omega"": 0.4103372004334629}",1.6758485682061737,True,2026-05-22,1.0567191990543514,1.3832430029565574,normal,BTC-USD,1766,0.006544124467767004,0.012729636475808038,,-0.05499096331983867,2026-05-21,2025-01-07,2.811516558955195,3.9535977171806578
-1.5577503022316157,1.5577503022316157,3.9557232865406218,5.096556560273666,False,False,2215.4512449398476,2228.0950692351144,0,null,-1104.7256224699238,"{""alpha[1]"": 0.12629865783529906, ""beta[1]"": 0.7954457088893857, ""omega"": 0.4411819307279161}",1.8934947693459947,True,2026-05-23,1.1751458901512284,1.5026680346293722,normal,BTC-USD,1767,0.23611297080331703,0.06012665208269448,,-0.049987374862319675,2026-05-22,2025-01-08,3.16450911383472,4.454914906037827
-0.4005847393874794,0.4005847393874794,3.961202883173427,5.105690478577262,False,False,2214.912422413622,2227.556246708889,0,null,-1104.456211206811,"{""alpha[1]"": 0.12584251499274504, ""beta[1]"": 0.7970354629493712, ""omega"": 0.4343969634495312}",1.8995600193071114,True,2026-05-24,1.1761670409232545,1.5042812783046289,normal,BTC-USD,1768,0.17840195147381943,0.04862578254635157,,-0.04295610271959547,2026-05-23,2025-01-09,3.167454290088906,4.461993515247673
-0.38740181351635267,0.38740181351635267,3.7938938772336805,4.891340659528628,False,False,2213.039227906226,2225.683052201493,0,null,-1103.519613953113,"{""alpha[1]"": 0.12523022080087332, ""beta[1]"": 0.7993468175401204, ""omega"": 0.4242274561159718}",1.8214841640368662,True,2026-05-25,1.1327747738372445,1.4612761420295066,normal,BTC-USD,1769,0.17100859052849726,0.046615027895254575,,-0.03669516340287993,2026-05-24,2025-01-10,3.0327699970535895,4.274100976009101
1.8996541411501866,-1.8996541411501866,3.66237544555866,4.7202489699936905,False,False,2211.613610239353,2224.2574345346197,0,null,-1102.8068051196765,"{""alpha[1]"": 0.1247016369855949, ""beta[1]"": 0.8015112774684201, ""omega"": 0.41461879359629816}",1.7558025622734985,True,2026-05-26,1.0977834546831886,1.42581260186906,normal,BTC-USD,1770,0.05145215422594134,0.0222561242973299,,-0.04065901290276033,2026-05-25,2025-01-11,2.9286972256690125,4.125266570883174
1.9725310724108713,-1.9725310724108713,3.792188633882889,4.886953024035736,False,False,2212.203563955356,2224.8473882506228,0,null,-1103.101781977678,"{""alpha[1]"": 0.12376211672981434, ""beta[1]"": 0.8039141268455133, ""omega"": 0.40594798314417935}",1.8170320713364303,True,2026-05-27,1.132725563473239,1.4605741341355007,normal,BTC-USD,1771,0.05301970145497456,0.022986909324921482,,-0.044173308685487966,2026-05-26,2025-01-12,3.0329251015103615,4.271222004903017
1.0929802655088023,-1.0929802655088023,3.915149300389845,5.044725468655161,False,False,2212.6792470004475,2225.3230712957143,0,null,-1103.3396235002238,"{""alpha[1]"": 0.12404852551079612, ""beta[1]"": 0.8033743730768361, ""omega"": 0.4065892356294604}",1.8748108206815473,True,2026-05-28,1.1647571579924962,1.4924076825689432,normal,BTC-USD,1772,0.10193810608268093,0.03316434910328992,,-0.047953008916510054,2026-05-27,2025-01-13,3.131742387162419,4.4094151758377915
0.2233099822794256,-0.2233099822794256,3.827462211851206,4.930769841290563,False,False,2212.188678308748,2224.8325026040147,0,null,-1103.094339154374,"{""alpha[1]"": 0.1245984736154089, ""beta[1]"": 0.8025569287439919, ""omega"": 0.40610259410567723}",1.8312116883538618,True,2026-05-29,1.1422813564568295,1.4696454082085135,normal,BTC-USD,1773,0.1419481807025877,0.04086923844867722,,-0.0501984090263987,2026-05-28,2025-01-14,3.062273596331177,4.310233827147144
-0.5197039654867752,0.5197039654867752,3.6753753331046215,4.732895325109663,False,False,2210.838474363184,2223.482298658451,0,null,-1102.419237181592,"{""alpha[1]"": 0.12408488532055229, ""beta[1]"": 0.8040093702985108, ""omega"": 0.3988688360991906}",1.755215787832052,True,2026-05-30,1.1021020257454621,1.4288670067757598,normal,BTC-USD,1774,0.1730823133894513,0.046578157295970035,,-0.054869247604211406,2026-05-29,2025-01-15,2.9419423023022477,4.138111764110224
0.23775625212557883,-0.23775625212557883,3.5681624937134444,4.59231545260579,False,False,2207.966381740424,2220.6102060356907,0,null,-1100.983190870212,"{""alpha[1]"": 0.12082146956985423, ""beta[1]"": 0.8119292397944461, ""omega"": 0.373200463414258}",1.6998349498759988,True,2026-05-31,1.0729870525479726,1.39895375797047,normal,BTC-USD,1775,0.13100573011761563,0.037785423416942514,,-0.06189117195547826,2026-05-30,2025-01-16,2.857870854477889,4.016298593819827
3.1195386296283893,-3.1195386296283893,3.4536401988157834,4.444639405186063,True,False,2206.8290527479066,2219.4728770431734,0,null,-1100.4145263739533,"{""alpha[1]"": 0.12343164873762656, ""beta[1]"": 0.808211510349724, ""omega"": 0.37851106364799836}",1.64480810377139,True,2026-06-01,3.085780309673746,1.366295967609508,normal,BTC-USD,1776,0.3355367673649947,0.0076773066305986576,,-0.06087345727453452,2026-05-31,2025-01-17,2.766342032402079,3.8872692926882544
6.691384853226888,-6.691384853226888,4.0598855121841195,5.223449242542623,True,True,2205.7578326957,2218.401656990967,0,null,-1099.87891634785,"{""alpha[1]"": 0.12074057309142394, ""beta[1]"": 0.8105759047329981, ""omega"": 0.3835430065113997}",1.931221579841552,True,2026-06-02,18.141178916937235,42.15929199137635,normal,BTC-USD,1777,3.2665541074739664,2.1011379952369693,,-0.07633002531022556,2026-06-01,2025-01-18,3.252906845359554,4.569023241876414
4.115222228238098,-4.115222228238098,6.646008400036837,8.56107850644675,False,False,2216.8314004777685,2229.4752247730353,0,null,-1105.4157002388843,"{""alpha[1]"": 0.14660707972223092, ""beta[1]"": 0.746670589164156, ""omega"": 0.6114164113228113}",3.1785321421704733,True,2026-06-03,1.6941703373184973,2.0214128718521662,normal,BTC-USD,1778,0.06013036677503131,0.033687587045784534,,-0.08960944130778768,2026-06-02,2025-01-19,5.317829563738723,7.483980932816548
0.3329681153329279,-0.3329681153329279,6.803955602718914,8.764643631540613,False,False,2217.253881409103,2229.89770570437,0,null,-1105.6269407045515,"{""alpha[1]"": 0.14806794047472835, ""beta[1]"": 0.7452566349987287, ""omega"": 0.6147391371202489}",3.2542463586681234,True,2026-06-04,1.7176473607058353,2.044907329896546,normal,BTC-USD,1779,0.2555585385312866,0.07328920942669587,,-0.09137995990977237,2026-06-03,2025-01-20,5.444138885958656,7.661889058002508
4.617254262502727,-4.617254262502727,6.092170092130487,7.844223633357571,False,False,2217.731586465152,2230.3754107604186,0,null,-1105.865793232576,"{""alpha[1]"": 0.14633221314417258, ""beta[1]"": 0.7457876103244422, ""omega"": 0.6159177533913371}",2.9079658634710452,True,2026-06-05,1.6075482969612125,1.9341548181045667,normal,BTC-USD,1780,0.012989779841653138,0.0224155760352085,,-0.0938716617543712,2026-06-04,2025-01-21,4.87704985933579,6.858811866023575
0.0907363060595499,-0.0907363060595499,6.629857484910947,8.533949611441539,False,False,2216.9171050197556,2229.5609293150223,0,null,-1105.4585525098778,"{""alpha[1]"": 0.14804679590347955, ""beta[1]"": 0.7504652500703016, ""omega"": 0.5927222387957264}",3.160311471404567,True,2026-06-06,1.692398761186161,2.018562530505749,normal,BTC-USD,1781,0.26092780085543554,0.07372290103881463,,-0.11104253713210949,2026-06-05,2025-01-22,5.309292323168256,7.463026409941006
-3.823145612367666,3.823145612367666,5.967146737632869,7.679002028783012,False,False,2216.2820488195516,2228.9258731148184,0,null,-1105.1410244097758,"{""alpha[1]"": 0.14578582276505286, ""beta[1]"": 0.7532580975303174, ""omega"": 0.5864303985077722}",2.841246932659633,True,2026-06-07,1.58730593025984,1.9131083323191787,normal,BTC-USD,1782,0.43015256174811367,0.10539344674130129,,-0.10647030034465538,2026-06-06,2025-01-23,4.779905622594598,6.7161990617624525
0.2357787177268626,-0.2357787177268626,6.274722569604458,8.078478820274405,False,False,2218.9250409294173,2231.568865224684,0,null,-1106.4625204647086,"{""alpha[1]"": 0.1464830779923715, ""beta[1]"": 0.7539706640997261, ""omega"": 0.5828863641842325}",2.993779287873307,True,2026-06-08,1.637161388247237,1.9636241249095856,normal,BTC-USD,1783,0.23939828459407367,0.0682820905362244,,-0.09941568965772797,2026-06-07,2025-01-24,5.023744409608332,7.063987771349297
2.31992749209349,-2.31992749209349,5.67465698638996,7.302520398292351,False,False,2219.733816984138,2232.3776412794045,0,null,-1106.866908492069,"{""alpha[1]"": 0.14452165165898412, ""beta[1]"": 0.7541429186350689, ""omega"": 0.587526143167458}",2.7018416508494765,True,2026-06-09,1.5370572407705332,1.8628432184374395,normal,BTC-USD,1784,0.11128700780402825,0.04067029697680928,,-0.10153360932573795,2026-06-08,2025-01-25,4.545667648174053,6.386957189774414
0.31600860935428493,-0.31600860935428493,5.476591238545192,7.045304471060084,False,False,2221.1742256372218,2233.8180499324885,0,null,-1107.5871128186109,"{""alpha[1]"": 0.14418865490628707, ""beta[1]"": 0.753056106864327, ""omega"": 0.5935648304091113}",2.6036673094668696,True,2026-06-10,1.5018253041147043,1.8271296947824176,normal,BTC-USD,1785,0.20363081704083794,0.058470006335530865,,-0.10597333281947915,2026-06-09,2025-01-26,4.388624950171041,6.163009242907367
-3.378866854006788,3.378866854006788,5.005999958166976,6.438217591431609,False,False,2220.7816037813755,2233.425428076642,0,null,-1107.3908018906877,"{""alpha[1]"": 0.14523533167150193, ""beta[1]"": 0.7478349239231011, ""omega"": 0.6129554501542894}",2.3771191282647215,True,2026-06-11,1.412215079315176,1.737135475320379,normal,BTC-USD,1786,0.3695782880576596,0.09011558771711696,,-0.10268588732444786,2026-06-10,2025-01-27,4.012698907146397,5.632691917704899
0.028095785260682186,-0.028095785260682186,5.414867505807961,6.968825244666967,False,False,2222.874812061243,2235.51863635651,0,null,-1108.4374060306216,"{""alpha[1]"": 0.14257162333259984, ""beta[1]"": 0.7571860971198876, ""omega"": 0.5796356673120998}",2.5791769209939637,True,2026-06-12,1.490116256051647,1.8160315165729424,normal,BTC-USD,1787,0.2154519482915959,0.06066733199714977,,-0.09476623804614466,2026-06-11,2025-01-28,4.337134751092596,6.094828984975654
-1.372472245564992,1.372472245564992,4.960461598950808,6.382108470007717,False,False,2222.9926564613706,2235.6364807566374,0,null,-1108.4963282306853,"{""alpha[1]"": 0.14338399430587276, ""beta[1]"": 0.7521759705995454, ""omega"": 0.5981655725516197}",2.3595743358667667,True,2026-06-13,1.4027330651484884,1.7282138570137748,normal,BTC-USD,1788,0.26734820230348294,0.0695500038154258,,-0.09333739609259996,2026-06-12,2025-01-29,3.9744918005046626,5.582528135977581
-1.9812484759045679,1.9812484759045679,4.739745337963694,6.09637359385286,False,False,2222.397060856897,2235.040885152164,0,null,-1108.1985304284485,"{""alpha[1]"": 0.14435190842042492, ""beta[1]"": 0.7487191052875983, ""omega"": 0.61024008054488}",2.2516598749505006,True,2026-06-14,1.357475538337063,1.6825358016243377,normal,BTC-USD,1789,0.2890058531815365,0.07314610314811465,,-0.09521767575272719,2026-06-13,2025-01-30,3.7988685877261563,5.33336183890689
-0.8774329135274774,0.8774329135274774,4.707246196085125,6.054960605635182,False,False,2222.8542051359173,2235.498029431184,0,null,-1108.4271025679586,"{""alpha[1]"": 0.14600863854492765, ""beta[1]"": 0.7440980561541151, ""omega"": 0.6255935363109166}",2.2368651439354874,True,2026-06-15,1.3505380025993365,1.675691537264112,normal,BTC-USD,1790,0.23249922367767745,0.061743952006603174,,-0.0932358150224539,2026-06-14,2025-01-31,3.7725515600260673,5.296962287132835
1.0446052081715382,-1.0446052081715382,4.436653695726596,5.707157289255381,False,False,2221.9066842841407,2234.5505085794075,0,null,-1107.9533421420704,"{""alpha[1]"": 0.14792014408259388, ""beta[1]"": 0.7383385484693901, ""omega"": 0.6440312606158194}",2.1087147124576036,True,2026-06-16,1.2912944747294448,1.6165146814432454,normal,BTC-USD,1791,0.12554513428906214,0.03947979631073813,,-0.0869808509609589,2026-06-15,2025-02-01,3.555507893952779,4.992584839245348
1.8185451538626087,-1.8185451538626087,4.2211696163280505,5.429128272546095,False,False,2221.2644107751785,2233.9082350704452,0,null,-1107.6322053875892,"{""alpha[1]"": 0.15150880825135782, ""beta[1]"": 0.7284070959665961, ""omega"": 0.6764999314152484}",2.0049059313028983,True,2026-06-17,1.2416439518603397,1.5666396805248035,normal,BTC-USD,1792,0.07824280564597219,0.02931187971057723,,-0.0856244739819597,2026-06-16,2025-02-02,3.383401266782051,4.749733124920329
2.3909926455756505,-2.3909926455756505,4.23880779413666,5.452603877625438,False,False,2220.1559090138385,2232.7997333091052,0,null,-1107.0779545069192,"{""alpha[1]"": 0.15132682354926844, ""beta[1]"": 0.7293063968203274, ""omega"": 0.6721950364935405}",2.014594584551417,True,2026-06-18,1.2456844992146516,1.570891014361191,normal,BTC-USD,1793,0.050299915315394704,0.02378932925897083,,-0.08327774264735151,2026-06-17,2025-02-03,3.3969909518835437,4.769925571472731
-1.0192701312503658,1.0192701312503658,4.441358733798576,5.710740284220742,False,False,2218.5771845003746,2231.2210087956414,0,null,-1106.2885922501873,"{""alpha[1]"": 0.14764301882613487, ""beta[1]"": 0.7414689487115959, ""omega"": 0.629389452143478}",2.106852404614487,True,2026-06-19,1.2927400150174528,1.6173313543197434,normal,BTC-USD,1794,0.2290130622852198,0.06016069038915573,,-0.09552729527245585,2026-06-18,2025-02-04,3.560991114454026,4.996798907665202
-1.0938237784647813,1.0938237784647813,4.265143669403797,5.485721668339619,False,False,2215.542197997529,2228.1860222927958,0,null,-1104.7710989987645,"{""alpha[1]"": 0.1481356612733584, ""beta[1]"": 0.7458032368169688, ""omega"": 0.6067241815549722}",2.0258508493543377,True,2026-06-20,1.2520018071555947,1.577006930775536,normal,BTC-USD,1795,0.22562235360143987,0.0589305277132489,,-0.08639517634080947,2026-06-19,2025-02-05,3.4186232935640124,4.799228992860104
1.5722925309161626,-1.5722925309161626,4.140411468407421,5.325949981092787,False,False,2215.7852774616,2228.4291017568667,0,null,-1104.8926387308,"{""alpha[1]"": 0.1486078363812192, ""beta[1]"": 0.7432341169228083, ""omega"": 0.617017068715563}",1.967694162077235,True,2026-06-21,1.222211268226888,1.5473955282035514,normal,BTC-USD,1796,0.08729499336704666,0.030868721188279047,,-0.08162351903311595,2026-06-20,2025-02-06,3.3181923982570942,4.659164649744064
-1.123635383665816,1.123635383665816,4.120788917226876,5.299690730580464,False,False,2216.8192221883464,2229.463046483613,0,null,-1105.4096110941732,"{""alpha[1]"": 0.1485262121902282, ""beta[1]"": 0.7410887275796888, ""omega"": 0.6278675949290434}",1.9566789193070748,True,2026-06-22,1.2176320766993243,1.5425368945384719,normal,BTC-USD,1797,0.22134040255299664,0.057602734779687484,,-0.08472225019238401,2026-06-21,2025-02-07,3.303172667394113,4.636638094302928
2.0283188968170656,-2.0283188968170656,4.04061956392148,5.196799825940602,False,False,2217.3857202738814,2230.029544569148,0,null,-1105.6928601369407,"{""alpha[1]"": 0.14867696557711566, ""beta[1]"": 0.7392934162529637, ""omega"": 0.6353342687751306}",1.918966889342822,True,2026-06-23,1.197948785171386,1.5229134536558537,normal,BTC-USD,1798,0.06052213676048083,0.025182076306517327,,-0.082341984091356,2026-06-22,2025-02-08,3.238761632026681,4.546526527468796
2.705719116674525,-2.705719116674525,4.174320759303073,5.3683973567192,False,False,2218.62433428898,2231.268158584247,0,null,-1106.31216714449,"{""alpha[1]"": 0.14870369213900206, ""beta[1]"": 0.7374641826620021, ""omega"": 0.6451023569167121}",1.9818652238354761,True,2026-06-24,1.230562351488925,1.5554292491732231,normal,BTC-USD,1799,0.03202305321121573,0.019910908127746773,,-0.08630197934406482,2026-06-23,2025-02-09,3.346180180898839,4.6968099294492
2.109903811245825,-2.109903811245825,4.504539973936042,5.793479566091372,False,False,2220.5765652638584,2233.220389559125,0,null,-1107.2882826319292,"{""alpha[1]"": 0.1493166462183878, ""beta[1]"": 0.7340092927233856, ""omega"": 0.6623312980609104}",2.139313808548836,True,2026-06-25,1.3066344488125199,1.6316024931713535,normal,BTC-USD,1800,0.07503521238489833,0.029586343009428463,,-0.09174998176486976,2026-06-24,2025-02-10,3.61060805894379,5.068538112188668
-0.4923319961102051,0.4923319961102051,4.533392802258986,5.8289627240175665,False,False,2221.552001470958,2234.195825766225,0,null,-1107.776000735479,"{""alpha[1]"": 0.1488461051568038, ""beta[1]"": 0.7339768081172708, ""omega"": 0.665016498739777}",2.150318479180254,True,2026-06-26,1.3132680050564796,1.6378304475086898,normal,BTC-USD,1801,0.20635972403623054,0.05592624153695915,,-0.09790333503398671,2026-06-25,2025-02-11,3.6348624846144015,5.100292157585705
0.1272661754934124,-0.1272661754934124,4.271426295146989,5.491787771110613,False,False,2221.1191746560235,2233.7629989512902,0,null,-1107.5595873280117,"{""alpha[1]"": 0.1458881010462121, ""beta[1]"": 0.7411273089932988, ""omega"": 0.6396294651213468}",2.0254914759693423,True,2026-06-27,1.2538008213130718,1.5782725218513085,normal,BTC-USD,1802,0.1648894955640981,0.04678150699683623,,-0.09341908616790778,2026-06-26,2025-02-12,3.4250560867753714,4.805416875177031
0.6825999432103453,-0.6825999432103453,4.049830285850007,5.204100683795022,False,False,2220.260267107127,2232.904091402394,0,null,-1107.1301335535636,"{""alpha[1]"": 0.1420482107254577, ""beta[1]"": 0.7517974436418443, ""omega"": 0.6008883502843139}",1.9157969978979057,True,2026-06-28,1.2010041332423604,1.5246992966118817,normal,BTC-USD,1803,0.12833484894932445,0.03872301611644996,,-0.09809128170171966,2026-06-27,2025-02-13,3.249296922196832,4.554901554855338
-1.012853017521998,1.012853017521998,3.899756805594887,5.010551268062038,False,False,2219.933575440251,2232.5773997355177,0,null,-1106.9667877201255,"{""alpha[1]"": 0.13193682182213315, ""beta[1]"": 0.7781728163776722, ""omega"": 0.5083466966585788}",1.8436379380991095,True,2026-06-29,1.1633682756725499,1.4868596918014125,normal,BTC-USD,1804,0.20711143925304634,0.05398657433591176,,-0.09686121827127127,2026-06-28,2025-02-14,3.1293757675389253,4.385804416069173
2.6615830282104933,-2.6615830282104933,3.8421538669926183,4.936181985530287,False,False,2219.659169349257,2232.3029936445237,0,null,-1106.8295846746284,"{""alpha[1]"": 0.1214682302567583, ""beta[1]"": 0.8038117891652197, ""omega"": 0.4211998870042204}",1.8158100466249694,True,2026-06-30,1.1485519793936434,1.4719377321851637,normal,BTC-USD,1805,0.021090897032707386,0.016592820412361438,,-0.0966592278186382,2026-06-29,2025-02-15,3.0834009688646407,4.3208650694466355
-2.437479888348089,2.437479888348089,4.136006236725254,5.31426860763892,False,False,2220.958133349329,2233.6019576445956,0,null,-1107.4790666746644,"{""alpha[1]"": 0.11251034165374074, ""beta[1]"": 0.8219125930815507, ""omega"": 0.3677592311881282}",1.9556176065428283,True,2026-07-01,1.222155321537071,1.5456946974149863,normal,BTC-USD,1806,0.2878156677261284,0.07089055502888185,,-0.10212875312234435,2026-06-30,2025-02-16,3.318833466174473,4.65157561454009
-2.4390944092657305,2.4390944092657305,4.320701602571232,5.5551833424263,False,False,2221.3108850571907,2233.9547093524575,0,null,-1107.6554425285954,"{""alpha[1]"": 0.10800718301609502, ""beta[1]"": 0.8307542619468398, ""omega"": 0.3415041205726097}",2.0489275436541035,True,2026-07-02,1.26526405650799,1.5897467874167512,normal,BTC-USD,1807,0.29518164137135705,0.07299965161130365,,-0.09435251662118184,2026-07-01,2025-02-17,3.464538418161405,4.860870751864628
-1.7075359753533113,1.7075359753533113,4.4527682833121,5.727494969998262,False,False,2221.578573177335,2234.2223974726016,0,null,-1107.7892865886674,"{""alpha[1]"": 0.10420852599471518, ""beta[1]"": 0.8375507802052837, ""omega"": 0.3218938929480204}",2.1157239792699136,True,2026-07-03,1.2949810316939079,1.6201017779842126,normal,BTC-USD,1808,0.26381147852025544,0.06718083290706582,,-0.08863733412147377,2026-07-02,2025-02-18,3.568693595051793,5.010547315353265
-0.8661912387899323,0.8661912387899323,4.394671966739307,5.653569518481236,False,False,2220.917287618541,2233.561111913808,0,null,-1107.4586438092706,"{""alpha[1]"": 0.10072428641900472, ""beta[1]"": 0.842884019425855, ""omega"": 0.30706442751771923}",2.089451617733593,True,2026-07-04,1.2817212837661303,1.6070485712151426,normal,BTC-USD,1809,0.2193883332365886,0.058117159217887925,,-0.08473335417311435,2026-07-03,2025-02-19,3.521575425941836,4.945524682998855
-0.7258275074715617,0.7258275074715617,4.238238056759501,5.4512821869743275,False,False,2219.56152760682,2232.205351902087,0,null,-1106.78076380341,"{""alpha[1]"": 0.09787435671153757, ""beta[1]"": 0.846460311129327, ""omega"": 0.2979227316830876}",2.013346532251573,True,2026-07-05,1.2456464321169571,1.5706958151138282,normal,BTC-USD,1810,0.2061385116044627,0.05494854311216031,,-0.08528237873351945,2026-07-04,2025-02-20,3.396942724617688,4.769026803744465
-0.701151769770838,0.701151769770838,4.097769008665054,5.269189544616764,False,False,2217.9062494075906,2230.5500737028574,0,null,-1105.9531247037953,"{""alpha[1]"": 0.09614637986654952, ""beta[1]"": 0.847956341818273, ""omega"": 0.29455452277244565}",1.9442618904960831,True,2026-07-06,1.2121817060486406,1.5368393231024742,normal,BTC-USD,1811,0.19932465490435164,0.053114963912952146,,-0.08731510599018281,2026-07-05,2025-02-21,3.285341328316191,4.610344621524372
1.096103181212677,-1.096103181212677,3.9632600847797077,5.097128193799062,False,False,2215.806333743527,2228.4501580387937,0,null,-1104.9031668717635,"{""alpha[1]"": 0.09560460631523426, ""beta[1]"": 0.8475440143651662, ""omega"": 0.29556227125881374}",1.8819343570958755,True,2026-07-07,1.1786485848425952,1.5035628654180377,normal,BTC-USD,1812,0.10403866776254271,0.03363300793011525,,-0.08136998350979205,2026-07-06,2025-02-22,3.1768765364635296,4.459403974224199
1.6563965511383376,-1.6563965511383376,3.880492857925359,4.989270839015041,False,False,2213.9924079162874,2226.636232211554,0,null,-1103.9962039581437,"{""alpha[1]"": 0.0955390744922743, ""beta[1]"": 0.8457651906312431, ""omega"": 0.3011108446309824}",1.8402910888892963,True,2026-07-08,1.1577959701352198,1.4822990219730268,normal,BTC-USD,1813,0.07275568901996589,0.027092615704472044,,-0.0845008593316213,2026-07-07,2025-02-23,3.111510331537654,4.36565812158554
-1.4915682340882805,1.4915682340882805,3.8895790425006163,5.000227458900059,False,False,2212.430438113965,2225.074262409232,0,null,-1103.2152190569825,"{""alpha[1]"": 0.09624591170902592, ""beta[1]"": 0.842259414811307, ""omega"": 0.3123588588915342}",1.8433955385551475,True,2026-07-09,1.1602641461827377,1.4845561441537667,normal,BTC-USD,1814,0.23054337637038733,0.058671309820432886,,-0.08718345582086508,2026-07-08,2025-02-24,3.119299293319462,4.375562747955003
-1.467180051524376,1.467180051524376,3.8809075746348234,4.992917813279685,False,False,2209.9045189969165,2222.5483432921833,0,null,-1101.9522594984583,"{""alpha[1]"": 0.09604707246404988, ""beta[1]"": 0.841953392748461, ""omega"": 0.3135155091867135}",1.8456558191393921,True,2026-07-10,1.1573463897088705,1.482756914221075,normal,BTC-USD,1815,0.2288431698992645,0.058346672208358034,,-0.07384967824539025,2026-07-09,2025-02-25,3.1096833464609097,4.367487169311422
0.508271860243716,-0.508271860243716,3.8700568690394417,4.981494312349855,False,False,2207.784603364622,2220.4284276598887,0,null,-1100.892301682311,"{""alpha[1]"": 0.097319268278388, ""beta[1]"": 0.8378053852534739, ""omega"": 0.32563929107472445}",1.844705123718199,True,2026-07-11,1.1540920326932755,1.480243770233963,normal,BTC-USD,1816,0.1295479018715736,0.038481139668217076,,-0.06495998427134207,2026-07-10,2025-02-26,3.099229897675186,4.35638582706542
0.06868691001127171,-0.06868691001127171,3.7370656778957243,4.8123240173617665,False,False,2204.8043927381127,2217.4482170333795,0,null,-1099.4021963690564,"{""alpha[1]"": 0.09619034662492391, ""beta[1]"": 0.8388261278085922, ""omega"": 0.3230206220796826}",1.7846569593928556,True,2026-07-12,1.1187496982113374,1.445511082021393,normal,BTC-USD,1817,0.14613217366295383,0.041388769241133126,,-0.0558309107488209,2026-07-11,2025-02-27,2.9913303832703457,4.207563834124581
2.4114338767421106,-2.4114338767421106,3.6182895009744986,4.658567297377561,False,False,2202.0569260542898,2214.7007503495565,0,null,-1098.0284630271449,"{""alpha[1]"": 0.10074170695821699, ""beta[1]"": 0.8284168827769397, ""omega"": 0.35017079394146394}",1.7265981029028976,True,2026-07-13,1.0866047331571038,1.413114406983159,normal,BTC-USD,1818,0.02426903779019598,0.016620474299676634,,-0.05681348069866746,2026-07-12,2025-02-28,2.8968146325460298,4.073481306709772
-4.272810303639534,4.272810303639534,3.879087543292592,4.9943624597074905,False,False,2201.08317662035,2213.727000915617,0,null,-1097.541588310175,"{""alpha[1]"": 0.10564954987604296, ""beta[1]"": 0.8139217768098091, ""omega"": 0.39753240432683606}",1.8510743587485476,True,2026-07-14,1.1562003798745453,1.4827147979815107,normal,BTC-USD,1819,0.36892047161186636,0.08639905958659107,,-0.060852755853367635,2026-07-13,2025-03-01,3.105599128597787,4.367095655019565
0.37594109609416276,-0.37594109609416276,4.9011745283150185,6.3163512846083085,False,False,2203.45211821872,2216.0959425139868,0,null,-1098.72605910936,"{""alpha[1]"": 0.11809704966748165, ""beta[1]"": 0.7773070938505352, ""omega"": 0.5252459408329685}",2.3488355813580615,True,2026-07-15,1.3892203236728102,1.7171288781671765,normal,BTC-USD,1820,0.1771875460466956,0.05144468856988245,,-0.056201291918594576,2026-07-14,2025-03-02,3.919692017028072,5.520409953082403
1.4367279855176223,-1.4367279855176223,4.516793280212162,5.814147192081418,False,False,2199.6625872504937,2212.3064115457605,0,null,-1096.8312936252469,"{""alpha[1]"": 0.10225279909262575, ""beta[1]"": 0.8159639600483748, ""omega"": 0.40698845725946975}",2.1532794516736984,True,2026-07-16,1.3085973390926737,1.6347943821888742,normal,BTC-USD,1821,0.10901488537550984,0.03647745266201574,,-0.07519617710225728,2026-07-15,2025-03-03,3.6170256930278173,5.084473251719193
-0.17257545725182585,0.17257545725182585,4.373165122914399,5.633032833553286,False,False,2193.0011700755995,2205.6449943708662,0,null,-1093.5005850377997,"{""alpha[1]"": 0.10187187984157434, ""beta[1]"": 0.8235330418526765, ""omega"": 0.3777533529699676}",2.0910618361933104,True,2026-07-17,1.2756845174357743,1.602855985463342,normal,BTC-USD,1822,0.18359855974013314,0.05097017806476537,,-0.059905092108462336,2026-07-16,2025-03-04,3.499395737550834,4.924442349224707
-1.3942231629209632,1.3942231629209632,4.17315853905779,5.373927010606877,False,False,2191.6646963638063,2204.308520659073,0,null,-1092.8323481819032,"{""alpha[1]"": 0.10148518222993967, ""beta[1]"": 0.8225168658251408, ""omega"": 0.3808144528451544}",1.9929720428243884,True,2026-07-18,1.2291165121507155,1.555887114391651,normal,BTC-USD,1823,0.23673000186466173,0.06092799019088003,,-0.062229581319686644,2026-07-17,2025-03-05,3.3403768743722666,4.698575856167034
0.16340878330313455,-0.16340878330313455,4.120478110471464,5.30443872661703,False,False,2190.0235487954533,2202.66737309072,0,null,-1092.0117743977266,"{""alpha[1]"": 0.10043884855763134, ""beta[1]"": 0.8235051528858678, ""omega"": 0.379367863305414}",1.9650752527997157,True,2026-07-19,1.2166902083227238,1.5430079937046157,normal,BTC-USD,1824,0.15679722961513304,0.044751320721833535,,-0.06709221880559847,2026-07-18,2025-03-06,3.2993533756057922,4.638540855486484
