actual_loss_percent,actual_return_percent,es_0.95_percent,es_0.99_percent,exceedance_0.95,exceedance_0.99,fit_aic,fit_bic,fit_convergence_flag,fit_error_json,fit_log_likelihood,fit_parameters_json,fit_sigma_percent,fit_success,forecast_date,fz0_0.95,fz0_0.99,innovation,instrument,origin_index,quantile_loss_0.95,quantile_loss_0.99,risk_error,training_mean_percent,training_window_end,training_window_start,var_0.95_percent,var_0.99_percent
4.017543689263801,-4.017543689263801,9.559430404772137,14.866781211155434,False,False,2889.0379521798386,2905.8963845735275,0,null,-1440.5189760899193,"{""alpha[1]"": 0.12506024087231132, ""beta[1]"": 0.5683810865762298, ""nu"": 4.742129616047747, ""omega"": 6.636731874809792}",4.227735704068799,True,2022-12-03,1.9501790225781828,2.447966166825911,student_t,ETH-USD,500,0.13019020887102867,0.07115250542651938,,-0.0645702824413963,2022-12-02,2021-07-21,6.6213478666843715,11.132794231915732
-2.926336436276523,2.926336436276523,9.78094246308778,15.163045855643881,False,False,2884.0212953331456,2900.8797277268345,0,null,-1438.0106476665728,"{""alpha[1]"": 0.12260350958664798, ""beta[1]"": 0.5882356903462825, ""nu"": 4.786597347887084, ""omega"": 6.249505472928893}",4.315574562624958,True,2022-12-04,1.975172228593956,2.469614098556494,student_t,ETH-USD,501,0.4860756511832581,0.1431003594136578,,-0.09416504311107517,2022-12-03,2021-07-22,6.79517658738863,11.383699505089245
1.620537356039885,-1.620537356039885,9.681711447005958,14.981699663687085,False,False,2884.6040187575477,2901.4624511512366,0,null,-1438.3020093787738,"{""alpha[1]"": 0.12413703666153458, ""beta[1]"": 0.5820310209330066, ""nu"": 4.826639280390322, ""omega"": 6.327523784451512}",4.274581226274695,True,2022-12-05,1.9659831648292796,2.4588346859561105,student_t,ETH-USD,502,0.2557729954553442,0.09645779476557255,,-0.0917218606211339,2022-12-04,2021-07-23,6.735997265146765,11.26631683259713
-0.9463118357877781,0.9463118357877781,9.44617075104604,14.669128587416719,False,False,2882.651058451564,2899.509490845253,0,null,-1437.325529225782,"{""alpha[1]"": 0.12336297217441614, ""beta[1]"": 0.592165431913261, ""nu"": 4.74035118443286, ""omega"": 6.1665417985101}",4.159406066550597,True,2022-12-06,1.939547118491121,2.4352261678581746,student_t,ETH-USD,503,0.37506827815962995,0.11940544682665105,,-0.10456230516678823,2022-12-05,2021-07-24,6.555053727404815,10.994232846877317
3.1324349429314946,-3.1324349429314946,9.262425077182323,14.422240139072404,False,False,2881.781226563161,2898.63965895685,0,null,-1436.8906132815805,"{""alpha[1]"": 0.12417655687585225, ""beta[1]"": 0.5922934589497795, ""nu"": 4.681513840198536, ""omega"": 6.17638196915971}",4.072798378203798,True,2022-12-07,1.918485544429434,2.4163937895404244,student_t,ETH-USD,504,0.16409881809028676,0.07649953693749198,,-0.10864529597687707,2022-12-06,2021-07-25,6.414411304737227,10.782388636680686
-3.8737917289119226,3.8737917289119226,9.409350531347455,14.603355132742081,False,False,2882.935524433151,2899.79395682684,0,null,-1437.4677622165755,"{""alpha[1]"": 0.12377803995543449, ""beta[1]"": 0.5860005993347427, ""nu"": 4.743830258078021, ""omega"": 6.286473711345603}",4.138495496558016,True,2022-12-08,1.9360962409583418,2.4310366892590123,student_t,ETH-USD,505,0.5203786184004385,0.14823173955063706,,-0.11510694555951237,2022-12-07,2021-07-26,6.533780639096838,10.949382226151771
1.3225254108075721,-1.3225254108075721,9.714790644868147,15.047955806033384,False,False,2884.0876705300607,2900.9461029237495,0,null,-1438.0438352650303,"{""alpha[1]"": 0.12337090446368139, ""beta[1]"": 0.5815173493129842, ""nu"": 4.790430399166026, ""omega"": 6.37559357165841}",4.278737485660133,True,2022-12-09,1.9690469325009698,2.4624130062668015,student_t,ETH-USD,506,0.27165573705625357,0.09981060359910385,,-0.11115566889381431,2022-12-08,2021-07-27,6.755640151932639,11.303585770717948
-0.16591387709813746,0.16591387709813746,9.436729426888565,14.641194230646628,False,False,2883.456372335294,2900.314804728983,0,null,-1437.728186167647,"{""alpha[1]"": 0.12250065081368725, ""beta[1]"": 0.5872864804732699, ""nu"": 4.7471582952238185, ""omega"": 6.283256908364627}",4.148886280035899,True,2022-12-10,1.9392260971638287,2.433804553015124,student_t,ETH-USD,507,0.33604115634741044,0.11146304058127086,,-0.11953554289245324,2022-12-09,2021-07-28,6.5549092498500645,10.98039018102894
0.1988438422603472,-0.1988438422603472,9.175466447542794,14.224123386594005,False,False,2883.312555051219,2900.170987444908,0,null,-1437.6562775256095,"{""alpha[1]"": 0.12424110979805841, ""beta[1]"": 0.5884873130823487, ""nu"": 4.7619114132593126, ""omega"": 6.200504627367548}",4.033504174276592,True,2022-12-11,1.9116425521362985,2.405437222933774,student_t,ETH-USD,508,0.30895542027665346,0.10476330457220258,,-0.11904805609897957,2022-12-10,2021-07-29,6.37795224779341,10.675174299480595
-0.8470046091556039,0.8470046091556039,9.038655155740216,14.053037005190468,False,False,2881.9043730371404,2898.7628054308293,0,null,-1436.9521865185702,"{""alpha[1]"": 0.12587853073761665, ""beta[1]"": 0.5921219602973584, ""nu"": 4.694541265417727, ""omega"": 6.1155297809184646}",3.965859418538229,True,2022-12-12,1.8951031844339408,2.391275756816702,student_t,ETH-USD,509,0.35580753149252187,0.1136482066246634,,-0.12666502780076433,2022-12-11,2021-07-30,6.269146020694827,10.517816053310726
-3.5400380800816573,3.5400380800816573,8.981664684139528,14.003362870929323,False,False,2880.6008702238796,2897.4593026175685,0,null,-1436.3004351119398,"{""alpha[1]"": 0.12723272077803305, ""beta[1]"": 0.5980269753820344, ""nu"": 4.634450229392069, ""omega"": 5.990306611452977}",3.935164825697477,True,2022-12-13,1.887301575544321,2.3857947236556933,student_t,ETH-USD,510,0.4878197455255258,0.13993509503335708,,-0.13206797521981903,2022-12-12,2021-07-31,6.216356830428851,10.453471423254038
0.8533116278995941,-0.8533116278995941,9.38077513962324,14.608648240912236,False,False,2881.124464167465,2897.9828965611537,0,null,-1436.5622320837324,"{""alpha[1]"": 0.12446769655038138, ""beta[1]"": 0.6051830776267825, ""nu"": 4.662895595230179, ""omega"": 5.8800449590121735}",4.11477181889178,True,2022-12-14,1.9313393698185228,2.428960665774218,student_t,ETH-USD,511,0.28222676488292603,0.10064417329241407,,-0.13052462384175245,2022-12-13,2021-08-01,6.49784692555811,10.91772895714099
3.3372777545025647,-3.3372777545025647,9.089738234872499,14.129336418081694,False,False,2880.7352380179664,2897.5936704116552,0,null,-1436.3676190089832,"{""alpha[1]"": 0.121898469752746, ""beta[1]"": 0.6294914779861944, ""nu"": 4.693491061578897, ""omega"": 5.3762131102811335}",3.985167308586634,True,2022-12-15,1.90094439302774,2.3967790288872184,student_t,ETH-USD,512,0.1484583509689421,0.07238895033670206,,-0.13424317289832163,2022-12-14,2021-08-02,6.306444773881404,10.576172788172764
8.062686437450383,-8.062686437450383,9.247279521999852,14.317649595714498,True,False,2881.057322691221,2897.91575508491,0,null,-1436.5286613456105,"{""alpha[1]"": 0.12108907161106436, ""beta[1]"": 0.6351176012268488, ""nu"": 4.767800281397046, ""omega"": 5.224994928328086}",4.054380711367495,True,2022-12-16,5.4365649460732985,2.41261765651939,student_t,ETH-USD,513,1.5444516523066312,0.026916530013801024,,-0.14465343011935225,2022-12-15,2021-08-03,6.4369478560749815,10.754339438830483
-1.6882137140066298,1.6882137140066298,11.05695982741236,17.12471912793693,False,False,2884.2708252810953,2901.129257674784,0,null,-1438.1354126405477,"{""alpha[1]"": 0.1216016247424913, ""beta[1]"": 0.6131819670614654, ""nu"": 4.775556615523882, ""omega"": 5.700612131049625}",4.857469759877936,True,2022-12-17,2.0987824058987585,2.5915945989921725,student_t,ETH-USD,514,0.46903937705009013,0.14550104187540194,,-0.15234303723293016,2022-12-16,2021-08-04,7.692573826995164,12.861890473533553
0.2894668483601644,-0.2894668483601644,10.377480284776093,16.12749126107105,False,False,2880.5653232313134,2897.4237556250023,0,null,-1436.2826616156567,"{""alpha[1]"": 0.11934185419300217, ""beta[1]"": 0.6027233682143629, ""nu"": 4.688987408889581, ""omega"": 5.975199810263154}",4.543829029622095,True,2022-12-18,2.0336926092577254,2.5291008421426735,student_t,ETH-USD,515,0.3456535063103582,0.11783177898789318,,-0.1659863674329647,2022-12-17,2021-08-05,7.202536974567321,12.072644747149473
1.4543609385150207,-1.4543609385150207,9.825990383318558,15.30030206507565,False,False,2879.2498536013627,2896.1082859950516,0,null,-1435.6249268006814,"{""alpha[1]"": 0.11730125834403093, ""beta[1]"": 0.6094301791939771, ""nu"": 4.6379321404681235, ""omega"": 5.867375446812609}",4.292166347227546,True,2022-12-19,1.9781839738565248,2.4749860245184263,student_t,ETH-USD,516,0.26782769792304467,0.0997670057690951,,-0.17396599651168979,2022-12-18,2021-08-06,6.81091489697591,11.431061515424522
-4.200799339113636,4.200799339113636,9.481286340306045,14.737586216341631,False,False,2878.5087869245754,2895.3672193182642,0,null,-1435.2543934622877,"{""alpha[1]"": 0.12038984136911753, ""beta[1]"": 0.60192950782913, ""nu"": 4.662448484507595, ""omega"": 5.921975043346567}",4.136861824727106,True,2022-12-20,1.943608312116003,2.4385917020802053,student_t,ETH-USD,517,0.5391772828882202,0.15227322608023233,,-0.18132469445972077,2022-12-19,2021-08-07,6.582746318650758,11.026523268909584
0.33756713191757215,-0.33756713191757215,9.88821984078339,15.37104130316628,False,False,2875.6702660735154,2892.5286984672043,0,null,-1433.8351330367577,"{""alpha[1]"": 0.11826728375978705, ""beta[1]"": 0.5973982479790148, ""nu"": 4.66020776803995, ""omega"": 6.057556354263859}",4.31365465170659,True,2022-12-21,1.985614948076424,2.4806233868629946,student_t,ETH-USD,518,0.3263767655544537,0.11162094235275358,,-0.19054620760989277,2022-12-20,2021-08-08,6.8651024430066405,11.49966136719292
-0.37685600314046297,0.37685600314046297,9.51492827519313,14.855571041457834,False,False,2873.676787130019,2890.535219523708,0,null,-1432.8383935650095,"{""alpha[1]"": 0.11812785776819136, ""beta[1]"": 0.603301793896321, ""nu"": 4.576458457089262, ""omega"": 5.959645166627906}",4.14716158855623,True,2022-12-22,1.944683700240334,2.4435634567344153,student_t,ETH-USD,519,0.34797451078028196,0.11447056816053561,,-0.18191765391641346,2022-12-21,2021-08-09,6.5826342124651696,11.070200812913088
-0.16218363099971495,0.16218363099971495,9.33265334643079,14.650072563397993,False,False,2871.2419045850743,2888.100336978763,0,null,-1431.6209522925371,"{""alpha[1]"": 0.12054639318824918, ""beta[1]"": 0.600609488781548, ""nu"": 4.467265052395469, ""omega"": 6.029416781704301}",4.056677037306168,True,2022-12-23,1.9224812604866166,2.4258540901336514,student_t,ETH-USD,520,0.3296013094041459,0.11023876372847308,,-0.1911390785031543,2022-12-22,2021-08-10,6.429842557083197,10.861692741847582
-0.08103328712381122,0.08103328712381122,9.124051016344293,14.299460726976667,False,False,2871.0102481600206,2887.8686805537095,0,null,-1431.5051240800103,"{""alpha[1]"": 0.12177653353147833, ""beta[1]"": 0.6072066254606929, ""nu"": 4.494842936495519, ""omega"": 5.833629222967426}",3.9663068318689767,True,2022-12-24,1.9008033898741967,2.402706290514986,student_t,ETH-USD,521,0.3187810113113327,0.10698160739935848,,-0.18915594318818654,2022-12-23,2021-08-11,6.294586939102836,10.617127452812028
0.1792152035083411,-0.1792152035083411,8.939921663549242,13.980645312703809,False,False,2870.485908095477,2887.344340489166,0,null,-1431.2429540477385,"{""alpha[1]"": 0.1258349445056815, ""beta[1]"": 0.6085208094987191, ""nu"": 4.530723739556953, ""omega"": 5.688453450783888}",3.885700027525308,True,2022-12-25,1.8816808212197405,2.3815759193959702,student_t,ETH-USD,522,0.2999823682560788,0.10221015140720044,,-0.1904245318045181,2022-12-24,2021-08-12,6.178862568629912,10.400230344228376
-0.6551566636118497,0.6551566636118497,8.818256518105828,13.822867453460178,False,False,2868.670926473925,2885.529358867614,0,null,-1430.3354632369626,"{""alpha[1]"": 0.12959359712309212, ""beta[1]"": 0.6091453398662832, ""nu"": 4.491208495475244, ""omega"": 5.6032263064445695}",3.833126842833543,True,2022-12-26,1.866609084345468,2.3686768279586112,student_t,ETH-USD,523,0.33689284603569447,0.1091659750189911,,-0.18299606120625417,2022-12-25,2021-08-13,6.082700257102034,10.26144083828725
1.162644189123146,-1.162644189123146,8.818189121476788,13.878451206900994,False,False,2863.1573418761423,2880.015774269831,0,null,-1427.5786709380711,"{""alpha[1]"": 0.1355220347992512, ""beta[1]"": 0.6032202283419545, ""nu"": 4.407520944055054, ""omega"": 5.672215878348026}",3.822065256409414,True,2022-12-27,1.8645722099622821,2.369811744870108,student_t,ETH-USD,524,0.24510577158226132,0.09100114919880821,,-0.199215890742242,2022-12-26,2021-08-14,6.064759620768368,10.262759109003959
1.898321826134127,-1.898321826134127,8.755137341068377,13.774864059367982,False,False,2862.770294731239,2879.628727124928,0,null,-1427.3851473656196,"{""alpha[1]"": 0.13729376453877976, ""beta[1]"": 0.6097720769912052, ""nu"": 4.412805443209926, ""omega"": 5.49034405497344}",3.7948400305527965,True,2022-12-28,1.857575771916177,2.362531203106767,student_t,ETH-USD,525,0.20623223118552644,0.08290748368958636,,-0.1980941427470029,2022-12-27,2021-08-15,6.0229664498446525,10.189070195092757
-0.9708508423668103,0.9708508423668103,8.782168341610866,13.79364471181607,False,False,2862.609040504865,2879.4674728985538,0,null,-1427.3045202524324,"{""alpha[1]"": 0.13984705928438687, ""beta[1]"": 0.6103876665001426, ""nu"": 4.438635782605123, ""omega"": 5.404351097896565}",3.8050977130786987,True,2022-12-29,1.8616896468700181,2.3650037269824815,student_t,ETH-USD,526,0.3510734461575179,0.11189124484303747,,-0.20463177520632714,2022-12-28,2021-08-16,6.050618080783542,10.218273641936928
0.19681123675642856,-0.19681123675642856,8.728378756038635,13.772716409679113,False,False,2860.382916306228,2877.2413486999167,0,null,-1426.191458153114,"{""alpha[1]"": 0.1410572098166649, ""beta[1]"": 0.6202413974708723, ""nu"": 4.365922074990141, ""omega"": 5.212645216269764}",3.78307304065254,True,2022-12-30,1.85284489080483,2.3604474895073793,student_t,ETH-USD,527,0.2896585886148764,0.09964119458312812,,-0.19316334275509034,2022-12-29,2021-08-17,5.989983009053952,10.160930695069231
0.20547117928483316,-0.20547117928483316,8.617359838536123,13.67513855899102,False,False,2858.0410437528453,2874.899476146534,0,null,-1425.0205218764227,"{""alpha[1]"": 0.1430441925184879, ""beta[1]"": 0.6318716806092923, ""nu"": 4.276050363677685, ""omega"": 4.989255427676564}",3.733918703144089,True,2022-12-31,1.8367981139301341,2.349542816707856,student_t,ETH-USD,528,0.2840176208681257,0.0983157914001283,,-0.18437334487156448,2022-12-30,2021-08-18,5.8858235966473424,10.037050319297656
-0.3497973195629962,0.3497973195629962,8.485279320577725,13.449539661517314,False,False,2857.5570287110736,2874.4154611047625,0,null,-1424.7785143555368,"{""alpha[1]"": 0.14766684006285008, ""beta[1]"": 0.6323210875149496, ""nu"": 4.2927928249055975, ""omega"": 4.874261528402826}",3.6757932898647923,True,2023-01-01,1.822060851558295,2.3336778914088008,student_t,ETH-USD,529,0.3075710334005998,0.10231618103148572,,-0.18513185668249413,2022-12-31,2021-08-19,5.801623348448995,9.881820783585567
-1.1336145875359283,1.1336145875359283,8.440721883882683,13.457320817722932,False,False,2854.675224796912,2871.533657190601,0,null,-1423.337612398456,"{""alpha[1]"": 0.1495553311920992, ""beta[1]"": 0.6457697983999173, ""nu"": 4.192196975319871, ""omega"": 4.633106544407898}",3.6476936222525227,True,2023-01-02,1.8136950409194963,2.3301876966515516,student_t,ETH-USD,530,0.3439299764521332,0.1096640036624761,,-0.1949210595306685,2023-01-01,2021-08-20,5.74498494150673,9.83278577871167
-0.010059374194146157,0.010059374194146157,8.460384952719048,13.533574688816735,False,False,2853.479614656254,2870.338047049943,0,null,-1422.739807328127,"{""alpha[1]"": 0.14986516979212236, ""beta[1]"": 0.6575912616979911, ""nu"": 4.138999771998049, ""omega"": 4.421400493235947}",3.652521603201713,True,2023-01-03,1.8142266741418012,2.3335478120113375,student_t,ETH-USD,531,0.28766197014435074,0.09867566012407888,,-0.19909883910546697,2023-01-02,2021-08-21,5.743180028692864,9.857506638213733
-3.378924643455595,3.378924643455595,8.278876096353377,13.25604944812886,False,False,2852.7660569028653,2869.624489296554,0,null,-1422.3830284514327,"{""alpha[1]"": 0.14845880781048282, ""beta[1]"": 0.6792898480960728, ""nu"": 4.12418000240384, ""omega"": 3.9938114810472993}",3.5733982095338463,True,2023-01-04,1.7920088833196237,2.312166940164873,student_t,ETH-USD,532,0.4497250026617082,0.1302552322496004,,-0.19534140056570867,2023-01-03,2021-08-22,5.61557540977856,9.646598581504435
0.4856887477656985,-0.4856887477656985,8.826070806595485,14.0743031079638,False,False,2854.026770095067,2870.885202488756,0,null,-1423.0133850475336,"{""alpha[1]"": 0.1472616213972507, ""beta[1]"": 0.6728985077820332, ""nu"": 4.198858267369063, ""omega"": 4.095501605815001}",3.8207964018845106,True,2023-01-05,1.8580487044412846,2.375027734434082,student_t,ETH-USD,533,0.27595147093275096,0.09798081871236645,,-0.18957495718203463,2023-01-04,2021-08-23,6.004718166420713,10.283770619002334
-1.5033457592143231,1.5033457592143231,8.529634273443968,13.617934387713856,False,False,2852.984701234105,2869.843133627794,0,null,-1422.4923506170526,"{""alpha[1]"": 0.14510196781653162, ""beta[1]"": 0.6922976752577708, ""nu"": 4.172078379102603, ""omega"": 3.7332839884712894}",3.686098488330461,True,2023-01-06,1.8233806578354237,2.3411303280399243,student_t,ETH-USD,534,0.3651041308955429,0.11440933954745813,,-0.1952493382686998,2023-01-05,2021-08-24,5.798736858696528,9.93758819553148
0.4032640739411385,-0.4032640739411385,8.459995832880093,13.56285735111792,False,False,2851.0947642323695,2867.9531966260583,0,null,-1421.5473821161847,"{""alpha[1]"": 0.14545014463408185, ""beta[1]"": 0.7020670017764725, ""nu"": 4.116861429432072, ""omega"": 3.5549633476458706}",3.658565254477855,True,2023-01-07,1.8127366285349362,2.334375895202993,student_t,ETH-USD,535,0.2663717569509582,0.09457488155207867,,-0.183195663801598,2023-01-06,2021-08-25,5.730699212960299,9.860752229148996
-1.8098033233880984,1.8098033233880984,8.177532866148832,13.103842508183616,False,False,2850.146273682656,2867.004706076345,0,null,-1421.073136841328,"{""alpha[1]"": 0.1435332509519359, ""beta[1]"": 0.7219685695595107, ""nu"": 4.116733291405488, ""omega"": 3.1615167129478183}",3.531898220724262,True,2023-01-08,1.7791850762390986,2.3001578054219256,student_t,ETH-USD,536,0.3676245375514187,0.11339602886855814,,-0.18728229904845275,2023-01-07,2021-08-26,5.54268742764027,9.529799563467705
-2.620370208628907,2.620370208628907,8.186943289670058,13.142863335238875,False,False,2848.7165444542434,2865.5749768479322,0,null,-1420.3582722271217,"{""alpha[1]"": 0.14352586407477808, ""beta[1]"": 0.7290609122036774, ""nu"": 4.098000618879823, ""omega"": 3.0200841365875384}",3.540486599440982,True,2023-01-09,1.7791558017864912,2.3020199681933162,student_t,ETH-USD,537,0.4079890232985954,0.12163943041128798,,-0.17578277344930424,2023-01-08,2021-08-27,5.539410257342994,9.54357283249988
-1.1321725449191993,1.1321725449191993,8.505267477758032,13.705614621942052,False,False,2847.1220511268257,2863.9804835205146,0,null,-1419.5610255634128,"{""alpha[1]"": 0.14560093322697742, ""beta[1]"": 0.7233111108611934, ""nu"": 4.044414355194107, ""omega"": 3.146720753519953}",3.676890966507506,True,2023-01-10,1.8151798050273555,2.341399913482955,student_t,ETH-USD,538,0.3434462767233382,0.11049477686711039,,-0.18123535738975713,2023-01-09,2021-08-28,5.736752989547559,9.91730514179183
-3.76967553841302,3.76967553841302,8.173998960516164,13.106021632243436,False,False,2846.584550761027,2863.442983154716,0,null,-1419.2922753805135,"{""alpha[1]"": 0.13931576341162308, ""beta[1]"": 0.7481639542387791, ""nu"": 4.1147290205613425, ""omega"": 2.6774822581172564}",3.5346504366489944,True,2023-01-11,1.77828059912079,2.300022718615026,student_t,ETH-USD,539,0.46530538254466164,0.13297110119005007,,-0.17736256198452505,2023-01-10,2021-08-29,5.536432112480205,9.527434580591974
-2.1388638026941047,2.1388638026941047,8.679846790311483,13.820157826452183,False,False,2847.659946735099,2864.5183791287877,0,null,-1419.8299733675494,"{""alpha[1]"": 0.1392481685877725, ""beta[1]"": 0.7395029401241806, ""nu"": 4.23472282930536, ""omega"": 2.787512401592634}",3.76678081311554,True,2023-01-12,1.841952201316995,2.358006269225051,student_t,ETH-USD,540,0.40246954622052655,0.12253533698094145,,-0.16874766868895702,2023-01-11,2021-08-30,5.910527121716419,10.114669895400029
-2.34725987917043,2.34725987917043,8.566928099263714,13.57034322462811,False,False,2847.1028376103095,2863.9612700039984,0,null,-1419.5514188051548,"{""alpha[1]"": 0.1419315424422557, ""beta[1]"": 0.7338408242126421, ""nu"": 4.319584361462871, ""omega"": 2.8017022487321235}",3.7223088178427095,True,2023-01-13,1.8316906560746626,2.343272454897587,student_t,ETH-USD,541,0.41025831379976935,0.12326696074221753,,-0.16430697319846943,2023-01-12,2021-08-31,5.85790639682495,9.979436195051312
-6.603425848990777,6.603425848990777,8.621050392184847,13.690155022407033,False,False,2845.015262684515,2861.873695078204,0,null,-1418.5076313422576,"{""alpha[1]"": 0.14076006509767475, ""beta[1]"": 0.732976157385076, ""nu"": 4.273915268463413, ""omega"": 2.849727973798369}",3.7408559592516797,True,2023-01-14,1.8366922860521067,2.350307399851677,student_t,ETH-USD,542,0.624358323697288,0.16646940258565227,,-0.17219425429880178,2023-01-13,2021-09-01,5.8837406249549735,10.043514409574435
-0.11424277911362732,0.11424277911362732,10.568884664354938,16.888933979657534,False,False,2842.907544636041,2859.76597702973,0,null,-1417.4537723180206,"{""alpha[1]"": 0.15585773305841508, ""beta[1]"": 0.6819292840323691, ""nu"": 4.191927975127572, ""omega"": 3.7312946369730353}",4.595237179529054,True,2023-01-15,2.036583508327052,2.5562830429516,student_t,ETH-USD,543,0.36435098139416294,0.12436821600522041,,-0.18108274381178915,2023-01-14,2021-09-02,7.172776848769626,12.322578821408403
-1.5565394578176748,1.5565394578176748,9.714016937708902,15.489962362480455,False,False,2842.6303877391515,2859.4888201328404,0,null,-1417.3151938695758,"{""alpha[1]"": 0.14794198354997778, ""beta[1]"": 0.7047310288393743, ""nu"": 4.217499879474568, ""omega"": 3.3596837321882305}",4.219345464383105,True,2023-01-16,1.9535634254111387,2.4711463586850066,student_t,ETH-USD,544,0.4081004101013278,0.12878991483011445,,-0.17855477419800841,2023-01-15,2021-09-03,6.605468744208873,11.322452025193758
0.5715972826002903,-0.5715972826002903,9.3162988558871,14.878399411604226,False,False,2841.4468028912424,2858.3052352849313,0,null,-1416.7234014456212,"{""alpha[1]"": 0.14515037645352669, ""beta[1]"": 0.7148807829542588, ""nu"": 4.186319686508578, ""omega"": 3.2088523520397474}",4.039963020895172,True,2023-01-17,1.9110590182015552,2.4297241592297727,student_t,ETH-USD,545,0.28784523916607463,0.10286862472337326,,-0.18318360367757505,2023-01-16,2021-09-04,6.328502065921778,10.858459754937607
3.3952738099386877,-3.3952738099386877,8.823368459696928,14.037825160063585,False,False,2840.7003455216263,2857.558777915315,0,null,-1416.3501727608132,"{""alpha[1]"": 0.1418940942958207, ""beta[1]"": 0.7277900198101077, ""nu"": 4.240086294442663, ""omega"": 2.950280776750575}",3.8248231575935647,True,2023-01-18,1.8589124668351573,2.374059410040744,student_t,ETH-USD,546,0.13089645360668506,0.0688468067529561,,-0.18162959900390419,2023-01-17,2021-09-05,6.013202882072386,10.279954485234292
-2.4152930586624843,2.4152930586624843,8.900093504088915,14.062057695615213,False,False,2841.0945491153734,2857.9529815090623,0,null,-1416.5472745576867,"{""alpha[1]"": 0.1415588229969368, ""beta[1]"": 0.7255235848962681, ""nu"": 4.3475217640130825, ""omega"": 2.940455079672006}",3.859004900268992,True,2023-01-19,1.871533127701953,2.3804009732031988,student_t,ETH-USD,547,0.4258026061508342,0.1277791511289311,,-0.19170111246730115,2023-01-18,2021-09-06,6.100759064354191,10.362622054230615
-6.676654967474424,6.676654967474424,8.781780246023722,13.788848236578113,False,False,2840.5607472664465,2857.4191796601353,0,null,-1416.2803736332232,"{""alpha[1]"": 0.14811087161911385, ""beta[1]"": 0.7081726612601491, ""nu"": 4.458304370360113, ""omega"": 3.1106309862827817}",3.814237758402824,True,2023-01-20,1.8615729921403874,2.365041227806948,student_t,ETH-USD,548,0.6363184657143226,0.16896688135226348,,-0.18566480676678648,2023-01-19,2021-09-07,6.049714346812016,10.220033167751911
1.9859036470161882,-1.9859036470161882,10.552039122609456,16.584007441355883,False,False,2836.4918541080106,2853.3502865016994,0,null,-1414.2459270540053,"{""alpha[1]"": 0.16505166691778483, ""beta[1]"": 0.6555842373404679, ""nu"": 4.4906683397043645, ""omega"": 3.906781384524051}",4.619590109449599,True,2023-01-21,2.043865563391865,2.549597000050591,student_t,ETH-USD,549,0.2634556645254744,0.1030546906247676,,-0.14496779819588243,2023-01-20,2021-09-08,7.255016937525672,12.29137270949294
-0.07764803985704101,0.07764803985704101,9.79285794273717,15.371884593466081,False,False,2836.365550486332,2853.2239828800207,0,null,-1414.182775243166,"{""alpha[1]"": 0.15978554162169, ""beta[1]"": 0.6696725587420739, ""nu"": 4.5004028099525675, ""omega"": 3.690170773457933}",4.279520062560669,True,2023-01-22,1.9700968119768607,2.474376773919512,student_t,ETH-USD,550,0.34097385879592595,0.1148107477793883,,-0.15303702637936312,2023-01-21,2021-09-09,6.7418291360614715,11.403426738081778
0.008043951705412913,-0.008043951705412913,9.12196608260565,14.318381560359471,False,False,2835.438800527788,2852.2972329214767,0,null,-1413.719400263894,"{""alpha[1]"": 0.15899988543919538, ""beta[1]"": 0.6746150703358315, ""nu"": 4.496288674838077, ""omega"": 3.5813924398982255}",3.983347982346135,True,2023-01-23,1.8992210516992816,2.4033428743693506,student_t,ETH-USD,551,0.31363776369296853,0.1061331343073928,,-0.14883950857341624,2023-01-22,2021-09-10,6.280799225564778,10.621357382444682
4.499980883769818,-4.499980883769818,8.67418054195473,13.698945285192373,False,False,2831.952691063464,2848.811123457153,0,null,-1411.976345531732,"{""alpha[1]"": 0.16345231896386606, ""beta[1]"": 0.6660085303511236, ""nu"": 4.392586342398311, ""omega"": 3.7144389777416738}",3.7856383549634423,True,2023-01-24,1.8454106112774857,2.3550370165706416,student_t,ETH-USD,552,0.07211755432440478,0.05605980006549084,,-0.13584668973865066,2023-01-23,2021-09-11,5.9423319702579125,10.105960890318897
-3.4789700278055427,3.4789700278055427,9.237503064541723,14.530173498235232,False,False,2833.495170881308,2850.3536032749967,0,null,-1412.747585440654,"{""alpha[1]"": 0.15912171236668982, ""beta[1]"": 0.6728468268386849, ""nu"": 4.46015665329317, ""omega"": 3.619590350193942}",4.033041487711706,True,2023-01-25,1.9106122499450553,2.416626811716834,student_t,ETH-USD,553,0.4914140610778399,0.1423710167357066,,-0.14847366705229528,2023-01-24,2021-09-12,6.349311193751247,10.758131645765104
0.535341421029867,-0.535341421029867,9.35218160018163,14.715641854425884,False,False,2833.1131299638387,2849.9715623575275,0,null,-1412.5565649819193,"{""alpha[1]"": 0.15865560566329387, ""beta[1]"": 0.672373296371127, ""nu"": 4.454304920007785, ""omega"": 3.6367680785329655}",4.083011666702075,True,2023-01-26,1.9227527294302944,2.4290802703299073,student_t,ETH-USD,554,0.2945472757528774,0.10356724475867989,,-0.1498910709297324,2023-01-25,2021-09-13,6.42628693608741,10.892065896897847
0.309219691888684,-0.309219691888684,8.82590040213518,13.923004025723193,False,False,2831.4209789433708,2848.2794113370596,0,null,-1411.7104894716854,"{""alpha[1]"": 0.15688922708056283, ""beta[1]"": 0.6808797381644325, ""nu"": 4.408003794503832, ""omega"": 3.4978246239030146}",3.8502068569227768,True,2023-01-27,1.8634393916833538,2.371966017966964,student_t,ETH-USD,555,0.28715653066418906,0.09971854783718996,,-0.1435158887204479,2023-01-26,2021-09-14,6.052350305172459,10.28107447560767
1.62253629066465,-1.62253629066465,8.474703089697384,13.408913092828687,False,False,2829.469224637787,2846.327657031476,0,null,-1410.7346123188936,"{""alpha[1]"": 0.15687314171340783, ""beta[1]"": 0.6839760680529291, ""nu"": 4.345922018795078, ""omega"": 3.4498258834096958}",3.68771634745297,True,2023-01-28,1.8213719096490046,2.3321774010441088,student_t,ETH-USD,556,0.2088293425515497,0.08249880014013324,,-0.15269347635493935,2023-01-27,2021-09-15,5.79912314169564,9.872416304677966
-4.581724347885349,4.581724347885349,8.35686995446208,13.27151907682366,False,False,2827.291694982478,2844.150127376167,0,null,-1409.645847491239,"{""alpha[1]"": 0.15897394517184515, ""beta[1]"": 0.6806811314385929, ""nu"": 4.273142176299623, ""omega"": 3.511418630650649}",3.6263720602693708,True,2023-01-29,1.8055268433469038,2.3192099671831246,student_t,ETH-USD,557,0.5142405431021853,0.1431757339403322,,-0.16650892956641944,2023-01-28,2021-09-16,5.703086514158347,9.735849046147857
4.907132844680366,-4.907132844680366,9.116143438897709,14.395287185885142,False,False,2828.904040563247,2845.7624729569357,0,null,-1410.4520202816234,"{""alpha[1]"": 0.15214786240964487, ""beta[1]"": 0.6924127140603886, ""nu"": 4.386025462273849, ""omega"": 3.3320071695913174}",3.9728382720679996,True,2023-01-30,1.8953196350290775,2.404585072314773,student_t,ETH-USD,558,0.06699560969387656,0.0571204303885644,,-0.15489711979747423,2023-01-29,2021-09-17,6.247045038557896,10.619175883536801
-1.218131922187863,1.218131922187863,9.668099072067648,15.262170347288022,False,False,2829.1548470887465,2846.0132794824353,0,null,-1410.5774235443732,"{""alpha[1]"": 0.1529474604642922, ""beta[1]"": 0.6855260546482306, ""nu"": 4.397616022931782, ""omega"": 3.453283962440436}",4.218160723509754,True,2023-01-31,1.9541660716332325,2.4633521263087443,student_t,ETH-USD,559,0.3922006212960535,0.12481230343920131,,-0.1547948507997621,2023-01-30,2021-09-18,6.6258805037332,11.263098421732257
-3.4236124749641066,3.4236124749641066,9.072760383853362,14.253901419840869,False,False,2828.216399759404,2845.0748321530928,0,null,-1410.108199879702,"{""alpha[1]"": 0.14871512232291492, ""beta[1]"": 0.6963971709764519, ""nu"": 4.475474738401553, ""omega"": 3.2417944778266325}",3.9580765137402483,True,2023-02-01,1.893390751963929,2.3981660486499696,student_t,ETH-USD,560,0.4833353827530707,0.1398768334201383,,-0.1543191743848133,2023-01-31,2021-09-19,6.243095180097297,10.56407086704971
-0.08820925206547796,0.08820925206547796,9.135698892756054,14.296360404017022,False,False,2827.6002490632563,2844.458681456945,0,null,-1409.8001245316282,"{""alpha[1]"": 0.15222779970115208, ""beta[1]"": 0.6831512057072158, ""nu"": 4.558194220099667, ""omega"": 3.385463683847328}",3.9957571738485265,True,2023-02-02,1.9023277691064777,2.4039328066429944,student_t,ETH-USD,561,0.3196551450117722,0.10723669466688394,,-0.14140355081504113,2023-02-01,2021-09-20,6.304893648169961,10.635460214622906
-1.30014596383962,1.30014596383962,8.653529588213111,13.598334069862476,False,False,2822.393307066692,2839.251739460381,0,null,-1407.196653533346,"{""alpha[1]"": 0.15092032888112655, ""beta[1]"": 0.6793177271117008, ""nu"": 4.494162414408981, ""omega"": 3.479469496395079}",3.7891542352089274,True,2023-02-03,1.8455755375398204,2.351211880377389,student_t,ETH-USD,562,0.36251921715467256,0.11380109492840272,,-0.11763565666105265,2023-02-02,2021-09-21,5.9502383792538245,10.079963529000642
-0.13887964658758697,0.13887964658758697,8.41374928035331,13.293545153314097,False,False,2819.2260122357056,2836.0844446293945,0,null,-1405.6130061178528,"{""alpha[1]"": 0.14814630994057634, ""beta[1]"": 0.6837156301061982, ""nu"": 4.408075097419669, ""omega"": 3.449138723834705}",3.686103279501849,True,2023-02-04,1.8142749193032808,2.3249972531888474,student_t,ETH-USD,563,0.29486573566582086,0.09945775998154396,,-0.10143251203880037,2023-02-03,2021-09-22,5.758435066728825,9.8068963515668
2.1471874409130036,-2.1471874409130036,8.233307338664893,13.02752791787004,False,False,2813.533181719865,2830.3916141135537,0,null,-1402.7665908599324,"{""alpha[1]"": 0.15555638868343571, ""beta[1]"": 0.6516261354929054, ""nu"": 4.364896127347623, ""omega"": 3.9510010700728198}",3.5948592320481603,True,2023-02-05,1.7920978914127264,2.303555198428774,student_t,ETH-USD,564,0.17418272762632633,0.07447463729644571,,-0.12263520101597679,2023-02-04,2021-09-23,5.630841993439527,9.594651170557569
0.9482405761887756,-0.9482405761887756,8.228153623136869,12.996156738074705,False,False,2813.0800018469617,2829.9384342406506,0,null,-1402.5400009234809,"{""alpha[1]"": 0.15690260840098402, ""beta[1]"": 0.6517915888479158, ""nu"": 4.388081671454619, ""omega"": 3.9004786242271976}",3.5894373122762597,True,2023-02-06,1.7925939889140423,2.302256935771041,student_t,ETH-USD,565,0.23441554039085877,0.08637766969458752,,-0.13191304459589312,2023-02-05,2021-09-24,5.636551384005946,9.586007545647519
-3.39157936212224,3.39157936212224,8.109468382265552,12.892195109673132,False,False,2808.375837148133,2825.234269541822,0,null,-1400.1879185740665,"{""alpha[1]"": 0.1656780310023247, ""beta[1]"": 0.631178133747348, ""nu"": 4.288079290299032, ""omega"": 4.200534593040094}",3.5384197272048246,True,2023-02-07,1.7742926529597725,2.289941916231164,student_t,ETH-USD,566,0.4458119266097626,0.12845681536483175,,-0.11909302232646567,2023-02-06,2021-09-25,5.524659170073004,9.454102174360923
1.2813015882518926,-1.2813015882518926,8.550714641064673,13.522317386584243,False,False,2809.6227979458995,2826.4812303395884,0,null,-1400.8113989729497,"{""alpha[1]"": 0.16565917656848453, ""beta[1]"": 0.6299180441472296, ""nu"": 4.385742543168518, ""omega"": 4.164836202069697}",3.7412164292024914,True,2023-02-08,1.8300279490750349,2.3413554103151215,student_t,ETH-USD,567,0.22837495598841645,0.0868483496273459,,-0.11189304458424056,2023-02-07,2021-09-26,5.848800708020217,9.966136550986475
6.5255244168117,-6.5255244168117,8.32527263066921,13.204370946970393,True,False,2807.647723477703,2824.506155871392,0,null,-1399.8238617388515,"{""alpha[1]"": 0.16380359506252612, ""beta[1]"": 0.6371653082743362, ""nu"": 4.325429504485837, ""omega"": 4.072635208269781}",3.6335381327862004,True,2023-02-09,3.826679291689871,2.3154356676748815,student_t,ETH-USD,568,0.8007090701245096,0.03178206177859446,,-0.12358906932955664,2023-02-08,2021-09-27,5.682672764049058,9.703730594671143
2.062531218132331,-2.062531218132331,10.100003883372041,16.048649848630248,False,False,2810.1003778128097,2826.9588102064986,0,null,-1401.0501889064049,"{""alpha[1]"": 0.1634594528426703, ""beta[1]"": 0.621284310058476, ""nu"": 4.3085334983664, ""omega"": 4.412097569281388}",4.416937569318916,True,2023-02-10,1.9938478521375442,2.509452153301766,student_t,ETH-USD,569,0.24093615350084277,0.09714408236718976,,-0.12809193074640862,2023-02-09,2021-09-28,6.881254288149183,11.776939454851298
-1.6405795901088145,1.6405795901088145,9.477646733941418,15.112760692733422,False,False,2808.5717205909637,2825.4301529846525,0,null,-1400.2858602954818,"{""alpha[1]"": 0.16002189486494106, ""beta[1]"": 0.6311977549860772, ""nu"": 4.249808318057572, ""omega"": 4.2955414297660495}",4.140630818952456,True,2023-02-11,1.9283265460666676,2.4469623734211674,student_t,ETH-USD,570,0.4039801350102559,0.12694398956181285,,-0.12337858151950397,2023-02-10,2021-09-29,6.439023110096297,11.05381936607246
1.6297178556383871,-1.6297178556383871,9.002588646699346,14.315782787954435,False,False,2808.375882496683,2825.234314890372,0,null,-1400.1879412483415,"{""alpha[1]"": 0.16136512401344205, ""beta[1]"": 0.631372203293425, ""nu"": 4.289869065158223, ""omega"": 4.223773777801327}",3.9321247130477066,True,2023-02-12,1.8785151926273622,2.3945893154582603,student_t,ETH-USD,571,0.22505361418689696,0.08866996249274639,,-0.12333728942029212,2023-02-11,2021-09-30,6.130790139376322,10.49671410491302
0.5206681129464528,-0.5206681129464528,8.715475118866015,13.914066069243141,False,False,2806.3548080977603,2823.213240491449,0,null,-1399.1774040488801,"{""alpha[1]"": 0.15222339456706244, ""beta[1]"": 0.6569264036807371, ""nu"": 4.215065349017416, ""omega"": 3.9052675536966017}",3.7959005392867513,True,2023-02-13,1.8441295436073002,2.3632867836137255,student_t,ETH-USD,572,0.2698697640544567,0.0964197801159725,,-0.13674682135805863,2023-02-12,2021-10-01,5.918063394035581,10.162646124543695
-3.2449689527978958,3.2449689527978958,8.337132355044567,13.289389926311504,False,False,2798.400078064635,2815.258510458324,0,null,-1395.2000390323176,"{""alpha[1]"": 0.14383205348937447, ""beta[1]"": 0.7082417562252628, ""nu"": 4.220566041260693, ""omega"": 3.085105774426452}",3.6196603795317484,True,2023-02-14,1.800976144179753,2.318134072106913,student_t,ETH-USD,573,0.445818008686914,0.12961747003850224,,-0.1571932985564013,2023-02-13,2021-10-02,5.671391220940376,9.716778051052316
-7.238352605187235,7.238352605187235,8.648861389850213,13.796183412360216,False,False,2798.8682371181585,2815.7266695118474,0,null,-1395.4341185590793,"{""alpha[1]"": 0.14322698352149066, ""beta[1]"": 0.7061322656397987, ""nu"": 4.214384697238096, ""omega"": 3.1471589852701998}",3.757998251404778,True,2023-02-15,1.8371878838669344,2.3551466443839897,student_t,ETH-USD,574,0.6558752188850403,0.17319977852154614,,-0.15572978305305235,2023-02-14,2021-10-03,5.87915177251356,10.081625246967363
2.0326734486743425,-2.0326734486743425,10.58704196372913,16.877146711677156,False,False,2803.9238686271833,2820.782301020872,0,null,-1397.9619343135917,"{""alpha[1]"": 0.1471163894626083, ""beta[1]"": 0.6826792890733901, ""nu"": 4.2513231937533655, ""omega"": 3.541372196844021}",4.623172354789318,True,2023-02-16,2.0392278394512555,2.557528431565239,student_t,ETH-USD,575,0.25811244787904336,0.10314106854090924,,-0.14281925909522125,2023-02-15,2021-10-04,7.194922406255205,12.346780302765257
-3.2817423841280844,3.2817423841280844,9.874720138934393,15.706493144294308,False,False,2804.730288839196,2821.588721232885,0,null,-1398.365144419598,"{""alpha[1]"": 0.145106236093755, ""beta[1]"": 0.6833728544636999, ""nu"": 4.28011537666328, ""omega"": 3.531356004105707}",4.30843937606635,True,2023-02-17,1.9709516752626501,2.4870547302656676,student_t,ETH-USD,576,0.5003083572663936,0.14794296011706254,,-0.14463291927740873,2023-02-16,2021-10-05,6.724424761199779,11.512553627578155
0.1750348621682552,-0.1750348621682552,9.742407378077806,15.546250034197481,False,False,2803.6209770489595,2820.4794094426484,0,null,-1397.8104885244798,"{""alpha[1]"": 0.14546869508767338, ""beta[1]"": 0.6888250366828241, ""nu"": 4.226515115959017, ""omega"": 3.466869387546014}",4.246685493055592,True,2023-02-18,1.9556992820104817,2.4745822257731955,student_t,ETH-USD,577,0.32210578478936175,0.111855859006166,,-0.14609702703236288,2023-02-17,2021-10-06,6.617150557955484,11.360620762784846
0.6156268589563048,-0.6156268589563048,9.17954813905288,14.67568074022063,False,False,2803.449953531905,2820.308385925594,0,null,-1397.7249767659525,"{""alpha[1]"": 0.1446765595600101, ""beta[1]"": 0.6857161799247697, ""nu"": 4.1893859340991515, ""omega"": 3.548370645995712}",3.994305813792347,True,2023-02-19,1.8952939437111906,2.4155668714687692,student_t,ETH-USD,578,0.28055035866809996,0.10088449528539961,,-0.14994304450050927,2023-02-18,2021-10-07,6.226634032318299,10.704076387496256
-1.2552360612310962,1.2552360612310962,8.746075590468129,13.963314596635419,False,False,2803.808908075528,2820.667340469217,0,null,-1397.904454037764,"{""alpha[1]"": 0.14638264992643674, ""beta[1]"": 0.6758429644641597, ""nu"": 4.204921368574495, ""omega"": 3.6853545697627412}",3.8024586110596315,True,2023-02-20,1.8478070400785556,2.366660805081513,student_t,ETH-USD,579,0.35977938034763424,0.11451629587140437,,-0.15158793044384286,2023-02-19,2021-10-08,5.940351545721582,10.19639352590933
2.6566647441959517,-2.6566647441959517,8.488080599834815,13.522727577320046,False,False,2804.113596062519,2820.9720284562077,0,null,-1398.0567980312594,"{""alpha[1]"": 0.1491567356864979, ""beta[1]"": 0.668163898819595, ""nu"": 4.237694052959254, ""omega"": 3.7566607641042022}",3.6913353083097404,True,2023-02-21,1.8190529037794119,2.336027463908397,student_t,ETH-USD,580,0.1559270236310079,0.07237315558323135,,-0.147723064038852,2023-02-20,2021-10-09,5.775205216816107,9.893980302519081
0.8969151823878841,-0.8969151823878841,8.501422290252934,13.483929878096019,False,False,2805.05997782964,2821.918410223329,0,null,-1398.52998891482,"{""alpha[1]"": 0.15097772840168314, ""beta[1]"": 0.6626323823596896, ""nu"": 4.305169625083225, ""omega"": 3.787991350250084}",3.697378109198629,True,2023-02-22,1.8231738887361333,2.3361050972049044,student_t,ETH-USD,581,0.24545248251846433,0.09008467354641354,,-0.15370633238868364,2023-02-21,2021-10-10,5.805964832757167,9.905382537029231
-0.4761051282951814,0.4761051282951814,8.267979039820917,13.175120518661835,False,False,2802.7849517368254,2819.6433841305143,0,null,-1397.3924758684127,"{""alpha[1]"": 0.15191896661876095, ""beta[1]"": 0.6687989258110074, ""nu"": 4.231840995477879, ""omega"": 3.6887980556253233}",3.5940389265333024,True,2023-02-23,1.7926935236477384,2.3097980738528925,student_t,ETH-USD,582,0.3050419760087542,0.10113281969639379,,-0.14693711670421347,2023-02-22,2021-10-11,5.6247343918798975,9.63717684134419
2.6202682114730877,-2.6202682114730877,8.106919321009865,12.971557099777012,False,False,2801.0643153316423,2817.922747725331,0,null,-1396.5321576658212,"{""alpha[1]"": 0.15396408930079206, ""beta[1]"": 0.6717818523784416, ""nu"": 4.162085062723306, ""omega"": 3.6366158959794053}",3.5175310563513724,True,2023-02-24,1.7708635110351496,2.2913584462608587,student_t,ETH-USD,583,0.14387016339664996,0.06830800523860142,,-0.15284242377240673,2023-02-23,2021-10-12,5.497671479406084,9.451068735333223
0.8402822865944759,-0.8402822865944759,8.239055089438214,13.141246849126496,False,False,2801.670554201107,2818.5289865947957,0,null,-1396.8352771005534,"{""alpha[1]"": 0.1550335893468408, ""beta[1]"": 0.6686295020803824, ""nu"": 4.211008016509415, ""omega"": 3.645232173664972}",3.576825135130924,True,2023-02-25,1.7887919238637608,2.306504520532129,student_t,ETH-USD,584,0.23807514231343022,0.0876266574494354,,-0.15508311380937445,2023-02-24,2021-10-13,5.6017851328630766,9.60294803153801
-2.837398199554193,2.837398199554193,8.052238137730471,12.88051601944572,False,False,2800.2136003011033,2817.072032694792,0,null,-1396.1068001505516,"{""alpha[1]"": 0.15444404300764145, ""beta[1]"": 0.6794996865673336, ""nu"": 4.158087046855365, ""omega"": 3.47190882562159}",3.4886390861286616,True,2023-02-26,1.7644115939388985,2.2843804978578532,student_t,ETH-USD,585,0.41502659292004623,0.12222975725706622,,-0.16316693108760888,2023-02-25,2021-10-14,5.463133658846725,9.385577526152419
0.39636317545412275,-0.39636317545412275,8.418613451302747,13.516122847595305,False,False,2798.3450135466014,2815.2034459402903,0,null,-1395.1725067733007,"{""alpha[1]"": 0.15720984244288086, ""beta[1]"": 0.6732237865856768, ""nu"": 4.105613034395145, ""omega"": 3.593599815199486}",3.646926761001747,True,2023-02-27,1.8068179979790178,2.3300959180168683,student_t,ETH-USD,586,0.26488792262994987,0.09419216352699614,,-0.1672238839278722,2023-02-26,2021-10-15,5.694121628053115,9.815579528153728
1.7549419495551395,-1.7549419495551395,8.162373196519164,13.128405742716247,False,False,2797.673676495164,2814.5321088888527,0,null,-1394.836838247582,"{""alpha[1]"": 0.1556244656087924, ""beta[1]"": 0.684270054563246, ""nu"": 4.0725447690751535, ""omega"": 3.424510299421344}",3.5304233745448337,True,2023-02-28,1.7750450684544843,2.299663617662005,student_t,ETH-USD,587,0.18794118284719602,0.07761647143093257,,-0.1720237582015312,2023-02-27,2021-10-16,5.513765606499057,9.51658909264839
-3.5202647589142377,3.5202647589142377,8.04837425862236,12.90270524464897,False,False,2797.959980014952,2814.818412408641,0,null,-1394.979990007476,"{""alpha[1]"": 0.15308307275676636, ""beta[1]"": 0.6949311664041569, ""nu"": 4.117449826711867, ""omega"": 3.2257087361558163}",3.480766097795186,True,2023-03-01,1.762862719471113,2.2844956363406235,student_t,ETH-USD,588,0.44860869775098855,0.12901288061524344,,-0.17385664720444594,2023-02-28,2021-10-17,5.451909196105524,9.381023302610094
0.9734647677495023,-0.9734647677495023,8.513469997603512,13.575346914770105,False,False,2799.588113841278,2816.4465462349667,0,null,-1395.794056920639,"{""alpha[1]"": 0.15184583568674168, ""beta[1]"": 0.6927234815824206, ""nu"": 4.209950365883742, ""omega"": 3.232435613983287}",3.6926235418452547,True,2023-03-02,1.821803204950156,2.3391084904719905,student_t,ETH-USD,589,0.24085012079813456,0.08948119195288494,,-0.16768736315414767,2023-03-01,2021-10-18,5.790467183712189,9.921583963037989
4.860403230915301,-4.860403230915301,8.162223291442126,13.019160480865946,False,False,2798.5431827705092,2815.401615164198,0,null,-1395.2715913852546,"{""alpha[1]"": 0.14957974819928666, ""beta[1]"": 0.7075356287868981, ""nu"": 4.202613586295743, ""omega"": 2.9785137336136684}",3.538364529571325,True,2023-03-03,1.7795553122944043,2.29703364576391,student_t,ETH-USD,590,0.03451123171048132,0.04651545009925045,,-0.16445517289833866,2023-03-02,2021-10-19,5.550627865124927,9.511948240840342
0.1430859619293135,-0.1430859619293135,9.028100604511902,14.383292918784695,False,False,2800.049604403975,2816.908036797664,0,null,-1396.0248022019875,"{""alpha[1]"": 0.14937239183254442, ""beta[1]"": 0.6965285540052242, ""nu"": 4.221671001327356, ""omega"": 3.1823751933894235}",3.914957258592001,True,2023-03-04,1.8810248015615887,2.3974872394672793,student_t,ETH-USD,591,0.3001093413864882,0.10377141000219103,,-0.18093684742705096,2023-03-03,2021-10-20,6.145272789659072,10.520226962148408
0.15681204743895208,-0.15681204743895208,8.655331358935278,13.851102950781723,False,False,2795.6670930415235,2812.5255254352123,0,null,-1393.8335465207617,"{""alpha[1]"": 0.15058182201710363, ""beta[1]"": 0.6935044790941126, ""nu"": 4.138563023323089, ""omega"": 3.25912279280116}",3.7404692590148407,True,2023-03-05,1.8366645161271147,2.3565466295452735,student_t,ETH-USD,592,0.28578677214394577,0.09929308541570717,,-0.19508735271484623,2023-03-04,2021-10-21,5.872547490317862,10.08612058900966
-0.18710452587007564,0.18710452587007564,8.287824536942018,13.279927601557116,False,False,2794.7023557995735,2811.5607881932624,0,null,-1393.3511778997868,"{""alpha[1]"": 0.14911557953086613, ""beta[1]"": 0.7055175768771695, ""nu"": 4.11701699378035, ""omega"": 3.055680135973099}",3.579261030011363,True,2023-03-06,1.7926181663932317,2.313532403873891,student_t,ETH-USD,593,0.290242301702381,0.09845313161148068,,-0.19044746981621438,2023-03-05,2021-10-22,5.61774150817754,9.658208635277983
0.34931307573507436,-0.34931307573507436,7.98647234818822,12.796847809037708,False,False,2793.7903126083365,2810.6487450020254,0,null,-1392.8951563041683,"{""alpha[1]"": 0.14941103996900676, ""beta[1]"": 0.714555778287831, ""nu"": 4.115579448879722, ""omega"": 2.869015285911366}",3.4480252438001395,True,2023-03-07,1.7556231766754746,2.276463216034847,student_t,ETH-USD,594,0.25322545312673617,0.08957378004745847,,-0.18587891075156165,2023-03-06,2021-10-23,5.4138221382697935,9.306691080480913
1.7987988807573592,-1.7987988807573592,7.840050262201176,12.633839168056133,False,False,2790.747294929656,2807.605727323345,0,null,-1391.373647464828,"{""alpha[1]"": 0.15211033214877517, ""beta[1]"": 0.715544182730444, ""nu"": 4.023646512268793, ""omega"": 2.8580050208746877}",3.3756845933198365,True,2023-03-08,1.7341716132972125,2.2596358432428962,student_t,ETH-USD,595,0.17463288836685253,0.07338713493566607,,-0.19647813417380824,2023-03-07,2021-10-24,5.291456648094407,9.13751237432396
6.422357725675449,-6.422357725675449,7.764635740608414,12.491614862258874,True,False,2790.352802688588,2807.2112350822767,0,null,-1391.176401344294,"{""alpha[1]"": 0.1517039477216974, ""beta[1]"": 0.722761517696696, ""nu"": 4.0460435854704855, ""omega"": 2.7069039181467454}",3.343258830332388,True,2023-03-09,4.750693509240318,2.2494205434191064,student_t,ETH-USD,596,1.1157722020243226,0.026261050816446578,,-0.19601918160772522,2023-03-08,2021-10-25,5.2478606709130045,9.048462807320105
0.6627141589257012,-0.6627141589257012,9.596908218562255,15.467264387796007,False,False,2793.8116954312145,2810.6701278249034,0,null,-1392.9058477156073,"{""alpha[1]"": 0.15185268433934407, ""beta[1]"": 0.7025078424678526, ""nu"": 4.035998331810177, ""omega"": 3.1088463419556627}",4.143803352840989,True,2023-03-10,1.9359731569042227,2.462111773936794,student_t,ETH-USD,597,0.2905354587688252,0.10526087713397346,,-0.21512385036341247,2023-03-09,2021-10-26,6.4734233343022,11.188801872323037
-3.672305015589725,3.672305015589725,8.955432172929147,14.412949359678642,False,False,2793.1302700159154,2809.9887024096042,0,null,-1392.5651350079577,"{""alpha[1]"": 0.14741067473827077, ""beta[1]"": 0.718352753880961, ""nu"": 4.049016481466904, ""omega"": 2.849851226890883}",3.862182875508816,True,2023-03-11,1.8677312358796776,2.3923610353431055,student_t,ETH-USD,598,0.48607196063151675,0.14110652575202953,,-0.2122917390941705,2023-03-10,2021-10-27,6.0491341970406,10.438347559613215
-7.010968999332152,7.010968999332152,9.1850194862181,14.82718274742801,False,False,2792.3004254098714,2809.1588578035603,0,null,-1392.1502127049357,"{""alpha[1]"": 0.1441735422583754, ""beta[1]"": 0.7264522737829626, ""nu"": 4.01994991416398, ""omega"": 2.7643094515992335}",3.9702044204658216,True,2023-03-12,1.8910753953918729,2.4188661912807605,student_t,ETH-USD,599,0.6598546953925035,0.17722185465934254,,-0.19497926681683883,2023-03-11,2021-10-28,6.186124908517907,10.711216466602085
-5.505942477709902,5.505942477709902,10.74105671647781,17.355539899616662,False,False,2790.0872869431723,2806.945719336861,0,null,-1391.0436434715862,"{""alpha[1]"": 0.14326881182762818, ""beta[1]"": 0.7382037027924735, ""nu"": 4.021669146734649, ""omega"": 2.6076683564175798}",4.655968534389148,True,2023-03-13,2.04672234676128,2.575914408991456,student_t,ETH-USD,600,0.6365451079925037,0.18036688294652092,,-0.19834866078251,2023-03-12,2021-10-29,7.224959682140162,12.530745816942176
-1.3711432990687717,1.3711432990687717,11.240607544018015,18.18923200019268,False,False,2791.5662016592337,2808.4246340529226,0,null,-1391.7831008296168,"{""alpha[1]"": 0.15135990414299477, ""beta[1]"": 0.7229146143216755, ""nu"": 4.008291957526131, ""omega"": 2.805456343997625}",4.878287180394048,True,2023-03-14,2.091219464459157,2.6219576771364834,student_t,ETH-USD,601,0.44606542096775625,0.14487906091987554,,-0.1931945503638712,2023-03-13,2021-10-30,7.550165120286345,13.11676279291877
2.8175041291993974,-2.8175041291993974,10.393195238548605,16.83374749349935,False,False,2791.7359385668296,2808.5943709605185,0,null,-1391.8679692834148,"{""alpha[1]"": 0.1479407394437138, ""beta[1]"": 0.7271261713041569, ""nu"": 3.991372197032429, ""omega"": 2.7767180238950933}",4.506445726511617,True,2023-03-15,2.012403644899509,2.543814187431925,student_t,ETH-USD,602,0.20794763351376006,0.09310007942146846,,-0.1863746788481207,2023-03-14,2021-10-31,6.976456799474595,12.127512071346235
-1.2620877471129848,1.2620877471129848,9.904864897275232,15.969786953657401,False,False,2793.013994463072,2809.8724268567607,0,null,-1392.506997231536,"{""alpha[1]"": 0.14916332659153564, ""beta[1]"": 0.7188173200818558, ""nu"": 4.048114508122053, ""omega"": 2.872506648897192}",4.291278493970604,True,2023-03-16,1.966967087842268,2.4941018815623806,student_t,ETH-USD,603,0.3968691386337057,0.12814683688245226,,-0.19026473183735979,2023-03-15,2021-11-01,6.675295025561122,11.552595941132232
-6.646803451096352,6.646803451096352,9.312070507142373,14.976139938588354,False,False,2793.3599409153867,2810.2183733090756,0,null,-1392.6799704576933,"{""alpha[1]"": 0.15318231667169885, ""beta[1]"": 0.7057724473160686, ""nu"": 4.078019713453732, ""omega"": 3.0225532490850715}",4.030916822341505,True,2023-03-17,1.9067898750011252,2.431472547781489,student_t,ETH-USD,604,0.6468453026696827,0.17504718824257923,,-0.18943818651673527,2023-03-16,2021-11-02,6.29010260229729,10.857915373161557
1.734662705632657,-1.734662705632657,10.783997576981116,17.44890089248489,False,False,2792.771218307309,2809.629650700998,0,null,-1392.3856091536545,"{""alpha[1]"": 0.15047593058883332, ""beta[1]"": 0.7301289392373342, ""nu"": 4.0082099697891636, ""omega"": 2.7065640173557326}",4.6790246900749555,True,2023-03-18,2.0498234864746623,2.5804409248235487,student_t,ETH-USD,605,0.27547985998364816,0.108488610686914,,-0.1878286487357232,2023-03-17,2021-11-03,7.244259905305615,12.583523774324046
-1.3484995664472987,1.3484995664472987,10.0508192056373,16.230011151719047,False,False,2793.7569696934765,2810.6154020871654,0,null,-1392.8784848467383,"{""alpha[1]"": 0.14829764371730125, ""beta[1]"": 0.7262043003440796, ""nu"": 4.026885835202815, ""omega"": 2.789776797087349}",4.3540253110391784,True,2023-03-19,1.9807316828711126,2.5092332371170585,student_t,ETH-USD,606,0.405674010959438,0.13072591686647184,,-0.19227252080300825,2023-03-18,2021-11-04,6.764980652741455,11.724092120199874
2.854877632282972,-2.854877632282972,9.479735289345651,15.302440943600207,False,False,2794.1162253439315,2810.9746577376204,0,null,-1393.0581126719658,"{""alpha[1]"": 0.14854196255735166, ""beta[1]"": 0.7204040380994313, ""nu"": 4.028853191171474, ""omega"": 2.8832175454704423}",4.104419500731654,True,2023-03-20,1.9224937421846606,2.450574043943969,student_t,ETH-USD,607,0.17640911000984744,0.08202079948987763,,-0.18651922113372954,2023-03-19,2021-11-05,6.383059832479917,11.056957581270726
-4.034301941073007,4.034301941073007,9.235457105116836,14.856887631440088,False,False,2795.2870956970623,2812.145528090751,0,null,-1393.6435478485312,"{""alpha[1]"": 0.14910164286644914, ""beta[1]"": 0.7139674452051961, ""nu"": 4.072910994551237, ""omega"": 2.9662683722882988}",3.9966373736686407,True,2023-03-21,1.8984065648384192,2.423277704868942,student_t,ETH-USD,608,0.513576375768693,0.1480278407740281,,-0.18996461249533692,2023-03-20,2021-11-06,6.237225574300843,10.76848213632979
3.8963390306549313,-3.8963390306549313,9.488488173547033,15.199050595178816,False,False,2797.3435703515825,2814.2020027452713,0,null,-1394.6717851757912,"{""alpha[1]"": 0.14909805873752113, ""beta[1]"": 0.710345421967423, ""nu"": 4.142526056848733, ""omega"": 3.0028506811744777}",4.114131614304113,True,2023-03-22,1.9276616248008764,2.449037744258122,student_t,ETH-USD,609,0.12664464574592801,0.07165602631821102,,-0.18346522539305202,2023-03-21,2021-11-07,6.429231945573489,11.061941662476027
-4.428714972780144,4.428714972780144,9.538677197554396,15.24850244209058,False,False,2798.541532953595,2815.399965347284,0,null,-1395.2707664767975,"{""alpha[1]"": 0.14973124886028139, ""beta[1]"": 0.7061293325204909, ""nu"": 4.166388465176566, ""omega"": 3.065674924112651}",4.131978531436728,True,2023-03-23,1.9341995991666896,2.4535581681253573,student_t,ETH-USD,610,0.5451998107082747,0.15546045411738046,,-0.19558851077709102,2023-03-22,2021-11-08,6.475281241385341,11.11733043895789
3.6075793103221905,-3.6075793103221905,9.92015207911703,15.904011308764712,False,False,2798.559901332156,2815.418333725845,0,null,-1395.279950666078,"{""alpha[1]"": 0.15152153269898708, ""beta[1]"": 0.7065074863391443, ""nu"": 4.128081545520259, ""omega"": 3.078868274083795}",4.299322721976571,True,2023-03-24,1.971713586851921,2.4937746443421114,student_t,ETH-USD,611,0.15549026968490748,0.07957869932069168,,-0.19485432104447525,2023-03-23,2021-11-09,6.717384704020337,11.565449242391352
0.4737125587494293,-0.4737125587494293,9.751699018346065,15.58650187086582,False,False,2800.0117212191526,2816.8701536128415,0,null,-1396.0058606095763,"{""alpha[1]"": 0.15075997862584758, ""beta[1]"": 0.7031364514448063, ""nu"": 4.16953133631897, ""omega"": 3.133965428387566}",4.224886743577249,True,2023-03-25,1.9563636252050807,2.4756021599076194,student_t,ETH-USD,612,0.3073465694462123,0.10891916051939408,,-0.19884254076022345,2023-03-24,2021-11-10,6.6206439476736705,11.365628610688828
-1.8135184998278688,1.8135184998278688,9.165437130320068,14.668968512834303,False,False,2799.7036559027183,2816.562088296407,0,null,-1395.8518279513592,"{""alpha[1]"": 0.14838756913379528, ""beta[1]"": 0.7070710988214376, ""nu"": 4.14390262565831, ""omega"": 3.09783722779494}",3.966001860259467,True,2023-03-26,1.8937310703555408,2.4139483003790265,student_t,ETH-USD,613,0.40151782747402975,0.1249566707948767,,-0.19556861758245533,2023-03-25,2021-11-11,6.216838049652719,10.68214857965979
3.4499881055925017,-3.4499881055925017,8.90565947776856,14.250028262325412,False,False,2799.7191119296335,2816.5775443233224,0,null,-1395.8595559648168,"{""alpha[1]"": 0.14605392621547175, ""beta[1]"": 0.7126006040632297, ""nu"": 4.143407706809566, ""omega"": 3.0258720535724737}",3.8509471983327854,True,2023-03-27,1.8651794023723012,2.3850663632094995,student_t,ETH-USD,614,0.12962172231364996,0.06928413970824397,,-0.19596496386485007,2023-03-26,2021-11-12,6.042422551865498,10.378402076416892
-3.2870378859547413,3.2870378859547413,8.952482026317446,14.244935281310479,False,False,2801.052052200742,2817.9104845944307,0,null,-1396.526026100371,"{""alpha[1]"": 0.1388712338584539, ""beta[1]"": 0.728995504799373, ""nu"": 4.2275537587295595, ""omega"": 2.7840256930940788}",3.873231205268938,True,2023-03-28,1.8735765077680622,2.3884736657508685,student_t,ETH-USD,615,0.4694729348419436,0.13715359581210415,,-0.20017188331616143,2023-03-27,2021-11-13,6.102420810884122,10.428321695255663
-1.133909563806928,1.133909563806928,8.978034859296162,14.190119850849435,False,False,2802.2766943876723,2819.135126781361,0,null,-1397.1383471938361,"{""alpha[1]"": 0.13269424122026166, ""beta[1]"": 0.7455308267591912, ""nu"": 4.342014649348478, ""omega"": 2.5163156222784817}",3.892752780357762,True,2023-03-29,1.8800540859905377,2.3892361434935903,student_t,ETH-USD,616,0.3643157505294199,0.11587631882854678,,-0.19292582503276956,2023-03-28,2021-11-14,6.152405446781463,10.45372231904774
0.014761141256920645,-0.014761141256920645,8.576470777612514,13.499073717500725,False,False,2801.91871970805,2818.777152101739,0,null,-1396.959359854025,"{""alpha[1]"": 0.12988211921327647, ""beta[1]"": 0.7559716524185517, ""nu"": 4.409332302842018, ""omega"": 2.3230868757509118}",3.7192304066555706,True,2023-03-30,1.8366803057930126,2.3420834479282053,student_t,ETH-USD,617,0.29414579778565003,0.09967296015493211,,-0.18957578507981665,2023-03-29,2021-11-15,5.897677096969916,9.982057156750123
-1.6203321144556229,1.6203321144556229,8.18499526415802,12.855511391495119,False,False,2800.8094236038105,2817.6678559974994,0,null,-1396.4047118019053,"{""alpha[1]"": 0.1317173776582771, ""beta[1]"": 0.7552608596333257, ""nu"": 4.44220557772104, ""omega"": 2.2756978767688674}",3.5483322716554824,True,2023-03-31,1.7912209084398487,2.2946201155025703,student_t,ETH-USD,618,0.3629562471341995,0.11144305513597391,,-0.18660629604313975,2023-03-30,2021-11-16,5.63879282822836,9.523973399141758
0.44894257606700194,-0.44894257606700194,8.080628370925123,12.757366280572592,False,False,2796.9112011430407,2813.7696335367295,0,null,-1394.4556005715203,"{""alpha[1]"": 0.13645841962758193, ""beta[1]"": 0.7414308554711417, ""nu"": 4.365607591831769, ""omega"": 2.4753743835302404}",3.5071965211557807,True,2023-04-01,1.7752869422100606,2.2836225222418802,student_t,ETH-USD,619,0.2546446094042406,0.08959789448712815,,-0.1678053024788552,2023-03-31,2021-11-17,5.541834764151809,9.40873202477981
1.0058054249536905,-1.0058054249536905,7.7914150716861545,12.283096435233954,False,False,2795.752068604684,2812.610500998373,0,null,-1393.876034302342,"{""alpha[1]"": 0.13890727083045898, ""beta[1]"": 0.741252634160139, ""nu"": 4.381753876816332, ""omega"": 2.416800803195723}",3.3777636912868845,True,2023-04-02,1.7397871022494007,2.246601697378567,student_t,ETH-USD,620,0.21725313405284094,0.08063758501536539,,-0.1720536356709788,2023-04-01,2021-11-18,5.350868106010505,9.069563926490222
-0.8091540411778673,0.8091540411778673,7.6452255086731995,12.11506222270165,False,False,2791.9688597615987,2808.8272921552875,0,null,-1391.9844298807993,"{""alpha[1]"": 0.1397983338477246, ""beta[1]"": 0.7413933023504216, ""nu"": 4.3021160381911026, ""omega"": 2.418071702929529}",3.315154336448919,True,2023-04-03,1.717847014944545,2.2294206798966765,student_t,ETH-USD,621,0.30183484240523095,0.09713375735514558,,-0.1602115244189366,2023-04-02,2021-11-19,5.2275428069267456,8.904221694336682
-3.2984801584492165,3.2984801584492165,7.603530922188062,12.086666583945751,False,False,2787.783284398327,2804.641716792016,0,null,-1389.8916421991635,"{""alpha[1]"": 0.14649377320270135, ""beta[1]"": 0.7251700221577222, ""nu"": 4.240751786019935, ""omega"": 2.635939018942869}",3.2887919010284588,True,2023-04-04,1.7108473025454982,2.2248066812894205,student_t,ETH-USD,622,0.42429358966650493,0.12154426349064788,,-0.17294603095400501,2023-04-03,2021-11-20,5.187391634880875,8.855946190615562
-2.0163479889189717,2.0163479889189717,8.082302177987211,12.829362355079155,False,False,2788.389305305943,2805.2477376996317,0,null,-1390.1946526529714,"{""alpha[1]"": 0.14443132340189313, ""beta[1]"": 0.7247751563432072, ""nu"": 4.272956837094824, ""omega"": 2.657928371157084}",3.5025973923664653,True,2023-04-05,1.7725317429362155,2.2855395296228513,student_t,ETH-USD,623,0.376769417271047,0.11430573237166605,,-0.17147665800229006,2023-04-04,2021-11-21,5.519040356501962,9.414225248247623
1.9139165156700721,-1.9139165156700721,8.020480789334435,12.739104624084312,False,False,2787.4496096938337,2804.3080420875226,0,null,-1389.7248048469169,"{""alpha[1]"": 0.1437872335716399, ""beta[1]"": 0.7296770832383906, ""nu"": 4.269962687546224, ""omega"": 2.5702236354497288}",3.479755350476524,True,2023-04-06,1.7643792003423,2.2781576594109465,student_t,ETH-USD,624,0.17795529170561875,0.07429978408287753,,-0.16098240150192897,2023-04-05,2021-11-22,5.473022349782444,9.34389492395782
0.3898030648589275,-0.3898030648589275,7.91420776560172,12.605017297097236,False,False,2785.652475290528,2802.510907684217,0,null,-1388.826237645264,"{""alpha[1]"": 0.14264185674440508, ""beta[1]"": 0.7355890011652368, ""nu"": 4.22809966710877, ""omega"": 2.4886866303210957}",3.433264282773228,True,2023-04-07,1.749467788978095,2.265737937638448,student_t,ETH-USD,625,0.24991272132760609,0.08832569665422814,,-0.1561335443721909,2023-04-06,2021-11-23,5.388057491411045,9.222372730281734
0.8687729325370503,-0.8687729325370503,7.763736346590196,12.435471982941914,False,False,2781.8986609096846,2798.7570933033735,0,null,-1386.9493304548423,"{""alpha[1]"": 0.14628358408218373, ""beta[1]"": 0.7315458556178882, ""nu"": 4.129618537855106, ""omega"": 2.5523594771968794}",3.3575530062509857,True,2023-04-08,1.7273616875718583,2.24819293869111,student_t,ETH-USD,626,0.2197124132050708,0.08179772734055119,,-0.1688896444610617,2023-04-07,2021-11-24,5.263021196638462,9.048545666592162
-0.5332960611985406,0.5332960611985406,7.5369644348265075,12.075821992751727,False,False,2780.8545045161254,2797.7129369098143,0,null,-1386.4272522580627,"{""alpha[1]"": 0.145469417028367, ""beta[1]"": 0.7423894069767621, ""nu"": 4.123709347276105, ""omega"": 2.360122984837029}",3.2584162497483344,True,2023-04-09,1.6975830671538121,2.2186217742887555,student_t,ETH-USD,627,0.28207879580178663,0.0931744826762444,,-0.16592891015249212,2023-04-08,2021-11-25,5.108279854837187,8.78415220642589
-2.748794881786313,2.748794881786313,7.30738868055413,11.678699406313772,False,False,2780.1256569379902,2796.984089331679,0,null,-1386.0628284689951,"{""alpha[1]"": 0.14620333239813266, ""beta[1]"": 0.749795295365981, ""nu"": 4.15687531078702, ""omega"": 2.1882615528586373}",3.1577465697473968,True,2023-04-10,1.6681304441131823,2.1868140552188224,student_t,ETH-USD,628,0.3856149079380725,0.11263120742320307,,-0.16649534381657413,2023-04-09,2021-11-26,4.96350327697513,8.514325860533983
1.0000523433724464,-1.0000523433724464,7.699012877345981,12.352142302337278,False,False,2777.7779596565524,2794.6363920502413,0,null,-1384.8889798282762,"{""alpha[1]"": 0.1485328417924083, ""beta[1]"": 0.7399422309664498, ""nu"": 4.11864963476935, ""omega"": 2.3506989357939565}",3.3372543910032326,True,2023-04-11,1.7177992804559779,2.240557844214846,student_t,ETH-USD,629,0.21049623884434424,0.0797659940896728,,-0.1492513282474098,2023-04-10,2021-11-27,5.209977120259327,8.97665175233972
-1.4945670176410466,1.4945670176410466,7.452089307202862,11.94034593964016,False,False,2777.018993402797,2793.877425796486,0,null,-1384.5094967013986,"{""alpha[1]"": 0.14709286203709207, ""beta[1]"": 0.7505027470068324, ""nu"": 4.130405387648113, ""omega"": 2.1647274462592794}",3.226166262511619,True,2023-04-12,1.6860855124734608,2.2074212960795565,student_t,ETH-USD,630,0.327201811293781,0.1018114737957742,,-0.15449976350393546,2023-04-11,2021-11-28,5.049469208234568,8.686580361936365
-4.676423345843077,4.676423345843077,7.457487706726958,11.988063588091673,False,False,2774.7271457172005,2791.5855781108894,0,null,-1383.3635728586003,"{""alpha[1]"": 0.14720767917492267, ""beta[1]"": 0.7527699500241857, ""nu"": 4.07768081989362, ""omega"": 2.1431815743878535}",3.2240394918612596,True,2023-04-13,1.68509348502372,2.2091257370056416,student_t,ETH-USD,631,0.4858376037257526,0.13370338288476474,,-0.16092878684208156,2023-04-12,2021-11-29,5.040328728671967,8.693914942633386
-4.327121826322847,4.327121826322847,8.580567377292622,13.819466680358655,False,False,2776.2564821041606,2793.1149144978494,0,null,-1384.1282410520803,"{""alpha[1]"": 0.14872949655464385, ""beta[1]"": 0.7380336572947055, ""nu"": 4.067826760898138, ""omega"": 2.401992972545329}",3.7210181189953255,True,2023-04-14,1.82396349832092,2.3502865135872275,student_t,ETH-USD,632,0.5057200490402575,0.14335294110074676,,-0.15847177086224684,2023-04-13,2021-11-30,5.787279154482293,10.008172283751817
0.4372194553638608,-0.4372194553638608,9.241761205936275,14.926202875465721,False,False,2776.5412433956217,2793.3996757893105,0,null,-1384.2706216978108,"{""alpha[1]"": 0.15567183130794074, ""beta[1]"": 0.7189582287403026, ""nu"": 4.0354474214321705, ""omega"": 2.6806892256167907}",4.0121364837553,True,2023-04-15,1.8964729335152564,2.425546325488215,student_t,ETH-USD,633,0.28900436116298367,0.10345888551824925,,-0.1580320812420692,2023-04-14,2021-12-01,6.21730667862353,10.783108007188776
-1.3075196726207192,1.3075196726207192,8.599986428989144,13.8476821981061,False,False,2776.296734948675,2793.1551673423637,0,null,-1384.1483674743374,"{""alpha[1]"": 0.14876245414753397, ""beta[1]"": 0.7378503593865811, ""nu"": 4.07219894540996, ""omega"": 2.399425155557819}",3.7304129745838037,True,2023-04-16,1.8263218854660677,2.3524943875802746,student_t,ETH-USD,634,0.3554368678070456,0.11338455503225395,,-0.15697608618384806,2023-04-15,2021-12-02,5.8012176835201865,10.030935830604665
2.08588804137733,-2.08588804137733,8.234381694226037,13.22769067434733,False,False,2775.7603939178216,2792.6188263115105,0,null,-1383.8801969589108,"{""alpha[1]"": 0.1473143858318947, ""beta[1]"": 0.7445555898171842, ""nu"": 4.1060441037769255, ""omega"": 2.26811879123518}",3.5726715047471083,True,2023-04-17,1.784205009599741,2.308280334674711,student_t,ETH-USD,635,0.1739810643752649,0.0751699109662587,,-0.15103340116350025,2023-04-16,2021-12-03,5.565509328882625,9.602879138003194
-1.3535686709616523,1.3535686709616523,8.154176223760347,13.168218980511341,False,False,2772.0150517931374,2788.8734841868263,0,null,-1382.0075258965687,"{""alpha[1]"": 0.15500036546047882, ""beta[1]"": 0.7280738791267212, ""nu"": 4.03535046197807, ""omega"": 2.490516957184835}",3.5388950140514885,True,2023-04-18,1.7713670372748065,2.3002823142099214,student_t,ETH-USD,636,0.34199993403127055,0.10867291382627846,,-0.1418884907437388,2023-04-17,2021-12-04,5.486430009663752,9.513722711666185
8.32633020480634,-8.32633020480634,7.912262334422758,12.779231682418166,True,False,2771.20828436824,2788.066716761929,0,null,-1381.60414218412,"{""alpha[1]"": 0.1525778336398225, ""beta[1]"": 0.7379816056005636, ""nu"": 4.035806660990887, ""omega"": 2.3365036158530943}",3.4353976544814913,True,2023-04-19,9.333496174634421,2.270245309811056,student_t,ETH-USD,637,2.853458507609559,0.009056932266372105,,-0.1343314709091507,2023-04-18,2021-12-05,5.322689670480488,9.23202343144355
-0.34510729471908896,0.34510729471908896,10.679329749069856,17.284257244496583,False,False,2777.231993778353,2794.090426172042,0,null,-1384.6159968891766,"{""alpha[1]"": 0.15249920909506168, ""beta[1]"": 0.7278754378808628, ""nu"": 4.020193412887307, ""omega"": 2.560507617772467}",4.647892621638236,True,2023-04-20,2.0395745744650586,2.571031670363123,student_t,ETH-USD,638,0.3756881122095252,0.12811128403457445,,-0.15477054892746336,2023-04-19,2021-12-06,7.168654949471408,12.466021108738344
4.909785641003276,-4.909785641003276,9.811470704071985,15.933688171027237,False,False,2775.7883480599594,2792.6467804536483,0,null,-1383.8941740299797,"{""alpha[1]"": 0.1448980761539084, ""beta[1]"": 0.7438558288693532, ""nu"": 3.96311813146091, ""omega"": 2.393317990622173}",4.259558982750268,True,2023-04-21,1.9531564954322556,2.4872014660197324,student_t,ETH-USD,639,0.08300087356729059,0.06542805205836462,,-0.16157979538338033,2023-04-20,2021-12-07,6.569803112349086,11.452590846839731
-1.301160856607869,1.301160856607869,10.042274207100501,16.18847704012517,False,False,2777.937326774325,2794.795759168014,0,null,-1384.9686633871625,"{""alpha[1]"": 0.14746147539156773, ""beta[1]"": 0.7379574386343192, ""nu"": 4.063536135421448, ""omega"": 2.411995926588305}",4.361825881398765,True,2023-04-22,1.9805691046946956,2.5080261381551674,student_t,ETH-USD,640,0.40336493866274453,0.13017189759623715,,-0.16938520184537803,2023-04-21,2021-12-08,6.766137916647014,11.716028903015834
0.6512699435832479,-0.6512699435832479,9.41926597177491,15.182520014051745,False,False,2777.0016443367676,2793.8600767304565,0,null,-1384.5008221683838,"{""alpha[1]"": 0.14521306600647418, ""beta[1]"": 0.7413309893007967, ""nu"": 4.057124135359212, ""omega"": 2.3655984327628192}",4.08497728978157,True,2023-04-23,1.9167515733619238,2.443819201654817,student_t,ETH-USD,641,0.28486313344445696,0.10335931643912044,,-0.1724625138822333,2023-04-22,2021-12-09,6.348532612472383,10.987201587495283
1.042142049539337,-1.042142049539337,8.900038075140946,14.42515665618207,False,False,2772.8481519994543,2789.706584393143,0,null,-1382.4240759997272,"{""alpha[1]"": 0.13944243065172468, ""beta[1]"": 0.7530368360166021, ""nu"": 3.9824809867357343, ""omega"": 2.259201691255167}",3.8590723126658024,True,2023-04-24,1.856917008654626,2.3889473752532715,student_t,ETH-USD,642,0.24642752163013562,0.09343591402703363,,-0.15882479999832613,2023-04-23,2021-12-10,5.970692482142045,10.385733452242691
-1.2937850850750199,1.2937850850750199,8.544624390770162,13.93493399525055,False,False,2769.9656653672896,2786.8240977609785,0,null,-1380.9828326836448,"{""alpha[1]"": 0.13718101043906278, ""beta[1]"": 0.7601592155701499, ""nu"": 3.901498643354933, ""omega"": 2.193672799402858}",3.7035794182140775,True,2023-04-25,1.8126945202313705,2.350216458162175,student_t,ETH-USD,643,0.3498200212105992,0.11268655171999682,,-0.1503779215076484,2023-04-24,2021-12-11,5.702615339136958,9.974870086924652
0.010149309901230289,-0.010149309901230289,8.343683385063402,13.679311145553426,False,False,2767.8279179060755,2784.6863502997644,0,null,-1379.9139589530378,"{""alpha[1]"": 0.13585141257030167, ""beta[1]"": 0.7658629318323562, ""nu"": 3.8284711792669572, ""omega"": 2.145239143598953}",3.6105101708372738,True,2023-04-26,1.786095521314722,2.3280259398256304,student_t,ETH-USD,644,0.27674927425292495,0.097314542581259,,-0.156597350714996,2023-04-25,2021-12-12,5.545134794959725,9.741603568027122
-2.2368215860493113,2.2368215860493113,7.975334607688912,13.038446246131596,False,False,2767.1466073342076,2784.0050397278965,0,null,-1379.5733036671038,"{""alpha[1]"": 0.143721937826857, ""beta[1]"": 0.7504270956406823, ""nu"": 3.858153761860898, ""omega"": 2.276816465225709}",3.4475891778197285,True,2023-04-27,1.7426612302057687,2.2818528025349547,student_t,ETH-USD,645,0.37754239248874605,0.11545625577602267,,-0.1590511290118479,2023-04-26,2021-12-13,5.314026263725603,9.308803991552946
0.8562156561718175,-0.8562156561718175,8.015887462182432,13.168529891654586,False,False,2760.9219606088454,2777.7803930025343,0,null,-1376.4609803044227,"{""alpha[1]"": 0.12970658089045145, ""beta[1]"": 0.7894733892248091, ""nu"": 3.8117689931870613, ""omega"": 1.8120982491140913}",3.474336746689543,True,2023-04-28,1.7446844459201571,2.2887550903754494,student_t,ETH-USD,646,0.2230196685884237,0.08505624174900472,,-0.1368747904853948,2023-04-27,2021-12-14,5.316609027940288,9.361839831072283
-0.8630582517025143,0.8630582517025143,7.730773094222128,12.665156814926432,False,False,2760.742193747979,2777.600626141668,0,null,-1376.3710968739895,"{""alpha[1]"": 0.1350801608884934, ""beta[1]"": 0.7803287591714241, ""nu"": 3.843128233853731, ""omega"": 1.8720159330247774}",3.3493490769604093,True,2023-04-29,1.7100748929387315,2.251591577795957,student_t,ETH-USD,647,0.3001493307370897,0.09889983018378891,,-0.13652674720620744,2023-04-28,2021-12-15,5.1399283630392745,9.026924766676368
1.6901626345339993,-1.6901626345339993,7.560914967656067,12.433188330831822,False,False,2754.1501756818384,2771.0086080755273,0,null,-1373.0750878409192,"{""alpha[1]"": 0.13637395626436488, ""beta[1]"": 0.7914075921637063, ""nu"": 3.7871665697075882, ""omega"": 1.7038794243098048}",3.2680275485248793,True,2023-04-30,1.6860258083348914,2.230401450741586,student_t,ETH-USD,648,0.16614890103175572,0.07137799877701079,,-0.14886898661411951,2023-04-29,2021-12-16,5.013140655169111,8.827962512235072
2.425082298344165,-2.425082298344165,7.479829985750394,12.28823777326102,False,False,2754.4526600191252,2771.311092412814,0,null,-1373.2263300095626,"{""alpha[1]"": 0.13842779936573457, ""beta[1]"": 0.787112397581032, ""nu"": 3.797244081002628, ""omega"": 1.7437496451013128}",3.232176326611099,True,2023-05-01,1.67580463711518,2.21928705779735,student_t,ETH-USD,649,0.12692461494336787,0.06307486677508249,,-0.14944661285981234,2023-04-30,2021-12-17,4.963574597211521,8.73256897585241
-2.097681909878152,2.097681909878152,7.582839028205736,12.45907419760543,False,False,2754.786247571724,2771.6446799654127,0,null,-1373.393123785862,"{""alpha[1]"": 0.1388600070768864, ""beta[1]"": 0.7847276940042199, ""nu"": 3.7965950764654406, ""omega"": 1.7833409075039643}",3.277313487973985,True,2023-05-02,1.6893874083914189,2.2330236199387485,student_t,ETH-USD,650,0.3564446804951169,0.10950781223157242,,-0.15006384121143995,2023-05-01,2021-12-18,5.03121170002418,8.853099313279081
-1.7938807479732835,1.7938807479732835,7.671320342218705,12.62037553333756,False,False,2754.8561913497115,2771.7146237434004,0,null,-1373.4280956748557,"{""alpha[1]"": 0.13944878526866247, ""beta[1]"": 0.782813262495853, ""nu"": 3.782404686952887, ""omega"": 1.8216379531808018}",3.3161265401057745,True,2023-05-03,1.7002575399440367,2.2450547555860565,student_t,ETH-USD,651,0.3439096246210291,0.10751093110787482,,-0.1500201538605712,2023-05-02,2021-12-19,5.084311744447292,8.95721236281419
1.4249430394639253,-1.4249430394639253,7.633942130040149,12.526145543921322,False,False,2755.5241660655947,2772.3825984592836,0,null,-1373.7620830327974,"{""alpha[1]"": 0.13929087076311972, ""beta[1]"": 0.7809573507190923, ""nu"": 3.8173546740384867, ""omega"": 1.83383105241574}",3.3026526059609846,True,2023-05-04,1.696750045922693,2.239381425392108,student_t,ETH-USD,652,0.18225532939518263,0.07488202695761065,,-0.14449071120859233,2023-05-03,2021-12-20,5.070049627367575,8.913145735224983
-6.06247745060202,6.06247745060202,7.481814133694697,12.241602374875907,False,False,2755.9224004624316,2772.7808328561205,0,null,-1373.9612002312158,"{""alpha[1]"": 0.1389839321187032, ""beta[1]"": 0.781789934364441, ""nu"": 3.8487102114238807, ""omega"": 1.799601161632679}",3.23463426445534,True,2023-05-05,1.678308021789074,2.2182541494870565,student_t,ETH-USD,653,0.5522057082687379,0.14795807575432451,,-0.1479134758418842,2023-05-04,2021-12-21,4.981636714772729,8.733330124830417
4.87039654539957,-4.87039654539957,9.160638358184178,15.03763339285165,False,False,2759.8978706404932,2776.756303034182,0,null,-1375.9489353202466,"{""alpha[1]"": 0.1402217091923603, ""beta[1]"": 0.769248939525832, ""nu"": 3.829941657883257, ""omega"": 2.0397650663042897}",3.9780807283206405,True,2023-05-06,1.8783862180176896,2.4221571360126415,student_t,ETH-USD,654,0.06037077053329073,0.05830401182580964,,-0.14013439938720285,2023-05-05,2021-12-22,6.077811956065384,10.700797727980529
1.438839590545424,-1.438839590545424,9.668797601743767,15.784106419104168,False,False,2762.8916496532156,2779.7500820469045,0,null,-1377.4458248266078,"{""alpha[1]"": 0.1465912543929624, ""beta[1]"": 0.7510806064737919, ""nu"": 3.9002075507429295, ""omega"": 2.2471357985609197}",4.200595023272898,True,2023-05-07,1.9354634596137172,2.474346986497367,student_t,ETH-USD,655,0.25029946572132117,0.09852217954314016,,-0.147967720578404,2023-05-06,2021-12-23,6.444828904971843,11.29105754485943
1.2914162125405693,-1.2914162125405693,9.157021439867608,15.014205764986306,False,False,2761.8723997889565,2778.7308321826454,0,null,-1376.9361998944782,"{""alpha[1]"": 0.14245065155376763, ""beta[1]"": 0.761732961730884, ""nu"": 3.83526432843899, ""omega"": 2.1497452670241093}",3.9691360184726006,True,2023-05-08,1.8788636246712551,2.4212181781887123,student_t,ETH-USD,656,0.2395991926301203,0.09402022050779485,,-0.1570715748529558,2023-05-07,2021-12-24,6.083400065142971,10.693438263320047
0.023775992458422095,-0.023775992458422095,8.697413069115145,14.239244065594496,False,False,2761.9664114007373,2778.824843794426,0,null,-1376.9832057003687,"{""alpha[1]"": 0.13716880989490032, ""beta[1]"": 0.7723828883979118, ""nu"": 3.849758741073859, ""omega"": 2.0125509033094673}",3.766921050289865,True,2023-05-09,1.8283075741019,2.3691593026351008,student_t,ETH-USD,657,0.2881227928075996,0.1013104747004819,,-0.15671013018307467,2023-05-08,2021-12-25,5.7862318486104085,10.154823462506604
0.33604215893617656,-0.33604215893617656,8.280880381927261,13.536039102046848,False,False,2761.7118669621073,2778.570299355796,0,null,-1376.8559334810536,"{""alpha[1]"": 0.1330724854533253, ""beta[1]"": 0.7822211040600024, ""nu"": 3.8637001327064513, ""omega"": 1.8728140939124267}",3.582512926904172,True,2023-05-10,1.7802468862444334,2.319468913540473,student_t,ETH-USD,658,0.2590744271037613,0.09330222336480655,,-0.1589833102240675,2023-05-09,2021-12-26,5.517530701011397,9.666264495416824
2.5234781990926054,-2.5234781990926054,7.918540866732808,12.907047872106316,False,False,2761.3480059947224,2778.2064383884112,0,null,-1376.6740029973612,"{""alpha[1]"": 0.13151448507805036, ""beta[1]"": 0.7877668859693269, ""nu"": 3.896088931258849, ""omega"": 1.7648113180767135}",3.42368718565468,True,2023-05-11,1.737180845332821,2.2737358965365218,student_t,ETH-USD,659,0.138295017528412,0.06717482613410969,,-0.15838328516479205,2023-05-10,2021-12-27,5.289378549660843,9.240960812503568
-0.6397103692108694,0.6397103692108694,7.871308900613711,12.765013341069853,False,False,2761.850098249688,2778.708530643377,0,null,-1376.925049124844,"{""alpha[1]"": 0.13208224532012422, ""beta[1]"": 0.7857136398707917, ""nu"": 3.960333400579978, ""omega"": 1.7559093289822294}",3.4029078533744257,True,2023-05-12,1.734093816738227,2.2660587477617007,student_t,ETH-USD,660,0.2960165532639983,0.09822231038131553,,-0.1619604767937254,2023-05-11,2021-12-28,5.280620696069091,9.182520668920676
0.6606273891626702,-0.6606273891626702,7.668840708758348,12.51962754028264,False,False,2757.844782823639,2774.703215217328,0,null,-1374.9223914118195,"{""alpha[1]"": 0.13581595867349222, ""beta[1]"": 0.7832816636066646, ""nu"": 3.8790714092258303, ""omega"": 1.7829104128791784}",3.317455844870507,True,2023-05-13,1.7041935817592853,2.2422566504205284,student_t,ETH-USD,661,0.22273525209862427,0.08290393427707297,,-0.14860077141566688,2023-05-12,2021-12-29,5.115332431135151,8.95102081686996
-0.2439021215149708,0.2439021215149708,7.485726149188885,12.31093266481074,False,False,2754.820167957591,2771.67860035128,0,null,-1373.4100839787955,"{""alpha[1]"": 0.14039042969459725, ""beta[1]"": 0.7815047339274639, ""nu"": 3.7901716151719826, ""omega"": 1.7985566015032268}",3.238549570569512,True,2023-05-14,1.6758597200021121,2.2205251569295394,student_t,ETH-USD,662,0.2602951614737351,0.08985125416967846,,-0.1406404322088705,2023-05-13,2021-12-30,4.962001107959726,8.741223295452867
-0.9424453465852766,0.9424453465852766,7.284727168379312,12.006144998861643,False,False,2753.641237303529,2770.499669697218,0,null,-1372.8206186517646,"{""alpha[1]"": 0.13890078001905234, ""beta[1]"": 0.7899871155430166, ""nu"": 3.7590857286496844, ""omega"": 1.6784325708483054}",3.14767071246042,True,2023-05-15,1.6475777498484905,2.193904881272793,student_t,ETH-USD,663,0.2881730741887836,0.09448634345759574,,-0.14480093598320412,2023-05-14,2021-12-31,4.82101613719039,8.506188999174288
-0.36090791478640943,0.36090791478640943,7.0971160795240715,11.660310118379241,False,False,2753.21780221046,2770.076234604149,0,null,-1372.60890110523,"{""alpha[1]"": 0.1346288583836436, ""beta[1]"": 0.8007907603466884, ""nu"": 3.796785359577339, ""omega"": 1.5126138717358286}",3.067043903283518,True,2023-05-16,1.6232344841577455,2.1667953938394846,student_t,ETH-USD,664,0.25350853390519085,0.08646778114696962,,-0.1412277068441949,2023-05-15,2022-01-01,4.709262763317403,8.285870199910546
0.12407312276999488,-0.12407312276999488,6.907617304837684,11.359913289994164,False,False,2751.821965142977,2768.680397536666,0,null,-1371.9109825714886,"{""alpha[1]"": 0.13299342540940604, ""beta[1]"": 0.8089197478362764, ""nu"": 3.7796635669131025, ""omega"": 1.3908267135141232}",2.9815092031014316,True,2023-05-17,1.5957700136845157,2.139942666979234,student_t,ETH-USD,665,0.2228340253900198,0.079397827581811,,-0.14517923062010252,2023-05-16,2022-01-02,4.5807536305703875,8.063855880951088
1.1111257331202362,-1.1111257331202362,6.683943571349765,10.97926361421424,False,False,2750.5546203096146,2767.4130527033035,0,null,-1371.2773101548073,"{""alpha[1]"": 0.1318309608627356, ""beta[1]"": 0.815832602628433, ""nu"": 3.787908952176596, ""omega"": 1.269254562511646}",2.881502072425096,True,2023-05-18,1.5636488089881309,2.1065391345195583,student_t,ETH-USD,666,0.16633080218151602,0.06689978861454039,,-0.14857869123850734,2023-05-17,2022-01-03,4.437741776750554,7.801104594574269
-0.6009982912079552,0.6009982912079552,6.529407007637278,10.705252034059315,False,False,2749.301518324425,2766.159950718114,0,null,-1370.6507591622126,"{""alpha[1]"": 0.13230868772169177, ""beta[1]"": 0.8182906982869107, ""nu"": 3.8093804955418524, ""omega"": 1.1994591046262477}",2.8142656580938827,True,2023-05-19,1.541341277294031,2.0825098989362836,student_t,ETH-USD,667,0.24716090783601477,0.08220733699424436,,-0.14720790383761279,2023-05-18,2022-01-04,4.342219865512336,7.6197354082164725
-0.4342645098868514,0.4342645098868514,6.35506051442433,10.395943046270745,False,False,2747.9226479019417,2764.7810802956305,0,null,-1369.9613239509708,"{""alpha[1]"": 0.13537878225079963, ""beta[1]"": 0.8170194201361151, ""nu"": 3.833887181695588, ""omega"": 1.1588624383994106}",2.7375177043790155,True,2023-05-20,1.5156140812496806,2.054653382807519,student_t,ETH-USD,668,0.23345197513242885,0.07849043479852683,,-0.1477358653598746,2023-05-19,2022-01-05,4.2347749927617215,7.414778969965823
0.8798188424549355,-0.8798188424549355,6.222523593565864,10.237562324881992,False,False,2743.461379058608,2760.319811452297,0,null,-1367.730689529304,"{""alpha[1]"": 0.1368406124760962, ""beta[1]"": 0.8202929007773164, ""nu"": 3.772398212064871, ""omega"": 1.1066457480145293}",2.684480676686615,True,2023-05-21,1.491140941122263,2.0355891333074565,student_t,ETH-USD,669,0.16227494823859923,0.06383993670214996,,-0.13359149648187438,2023-05-20,2022-01-06,4.125317807226917,7.263812512669926
-0.718014154556005,0.718014154556005,6.094728146137797,10.06405752485737,False,False,2740.885674323923,2757.744106717612,0,null,-1366.4428371619615,"{""alpha[1]"": 0.1388410466970744, ""beta[1]"": 0.8226307105693655, ""nu"": 3.7313890019020257, ""omega"": 1.0530070848541238}",2.6303027330826394,True,2023-05-22,1.468292998617323,2.016068172078897,student_t,ETH-USD,670,0.23729150356146067,0.07834286648984477,,-0.1277748149261103,2023-05-21,2022-01-07,4.027815916673204,7.116272494428466
-2.006966811228278,2.006966811228278,6.0080966498605415,9.978574198942274,False,False,2736.037299687511,2752.8957320812,0,null,-1364.0186498437556,"{""alpha[1]"": 0.14277461158885907, ""beta[1]"": 0.8224781572098332, ""nu"": 3.6751253430491198, ""omega"": 1.0338552850183913}",2.598418243324364,True,2023-05-23,1.4504850131173486,2.003830000993933,student_t,ETH-USD,671,0.29782757171319946,0.09025793988735148,,-0.11270914982595015,2023-05-22,2022-01-08,3.9495846230357063,7.018827177506862
2.9708534450820734,-2.9708534450820734,6.228951947166989,10.358319262776655,False,False,2735.0354591227374,2751.8938915164263,0,null,-1363.5177295613687,"{""alpha[1]"": 0.142201501951714, ""beta[1]"": 0.8217945105055663, ""nu"": 3.671753460041511, ""omega"": 1.0528660730667525}",2.700357883571597,True,2023-05-24,1.4855995852755806,2.0405513205464247,student_t,ETH-USD,672,0.055888881293935905,0.043085727786533294,,-0.10225170943726196,2023-05-23,2022-01-09,4.0886310709607905,7.279426223735399
-0.3246631698244349,0.3246631698244349,6.68378988947742,11.08317901006194,False,False,2735.8325732308895,2752.6910056245783,0,null,-1363.9162866154447,"{""alpha[1]"": 0.14201196416441414, ""beta[1]"": 0.8169830442744113, ""nu"": 3.702134028310989, ""omega"": 1.1229901680220518}",2.8965132326129015,True,2023-05-25,1.5577085203976475,2.1100693051894535,student_t,ETH-USD,673,0.23613764751090577,0.08134322748246765,,-0.11240360140556817,2023-05-24,2022-01-10,4.3980897803936765,7.809659578422323
-1.251086054542517,1.251086054542517,6.426382318702435,10.672919051229744,False,False,2734.0394271748246,2750.8978595685135,0,null,-1363.0197135874123,"{""alpha[1]"": 0.14040017501572427, ""beta[1]"": 0.8234816383425992, ""nu"": 3.6852008635161475, ""omega"": 1.0312582735966225}",2.7853540445458047,True,2023-05-26,1.5175474383627425,2.0713166251636057,student_t,ETH-USD,674,0.27370455970881136,0.08760626841071371,,-0.10696921318079358,2023-05-25,2022-01-11,4.223005139633705,7.509540786528847
-0.13271676370737315,0.13271676370737315,6.4027256660514595,10.682758253509924,False,False,2731.327672732539,2748.186105126228,0,null,-1361.6638363662696,"{""alpha[1]"": 0.14056366898895717, ""beta[1]"": 0.8263219677507355, ""nu"": 3.6284194970102073, ""omega"": 1.0087202451420072}",2.7715803399071524,True,2023-05-27,1.5114389054256927,2.0690156399279163,student_t,ETH-USD,675,0.21623390345316215,0.07614755876837906,,-0.11427812278169597,2023-05-26,2022-01-12,4.191961305355866,7.482039113130527
-4.265489297869055,4.265489297869055,6.21836665186779,10.434957464304203,False,False,2728.5868102694517,2745.4452426631406,0,null,-1360.2934051347258,"{""alpha[1]"": 0.13997462079105383, ""beta[1]"": 0.8331976240284692, ""nu"": 3.5590896240392125, ""omega"": 0.9314754959717794}",2.6871594166541017,True,2023-05-28,1.4792438511709562,2.041499873786647,student_t,ETH-USD,676,0.41591131410341503,0.11531750981954628,,-0.12213115469264436,2023-05-27,2022-01-13,4.052736984199238,7.2662616840855625
0.937761659562622,-0.937761659562622,7.3373974953199745,12.364225187195967,False,False,2730.15402612046,2747.012458514149,0,null,-1361.07701306023,"{""alpha[1]"": 0.1420158311700386, ""beta[1]"": 0.8243151300044009, ""nu"": 3.5380046605233577, ""omega"": 1.0843636685779512}",3.187716010717272,True,2023-05-29,1.6417439567674341,2.2088191458912516,student_t,ETH-USD,677,0.1911223222067834,0.07643157861614513,,-0.10610930131726262,2023-05-28,2022-01-14,4.760208103698287,8.58091952117713
-0.41899199844616947,0.41899199844616947,7.012843427841863,11.802165044550021,False,False,2729.1999899025814,2746.0584222962702,0,null,-1360.5999949512907,"{""alpha[1]"": 0.13553604248775666, ""beta[1]"": 0.8345546370052086, ""nu"": 3.5449692829777177, ""omega"": 0.9730690668644821}",3.0420776128734817,True,2023-05-30,1.5974049273966808,2.1630218309458398,student_t,ETH-USD,678,0.2487483834982757,0.08618414426821865,,-0.11174889802826475,2023-05-29,2022-01-15,4.55597567151934,8.199422428375687
1.424924703377848,-1.424924703377848,6.6950002002553575,11.225846269687857,False,False,2728.176629229048,2745.035061622737,0,null,-1360.088314614524,"{""alpha[1]"": 0.13112289872881883, ""beta[1]"": 0.8412781954562576, ""nu"": 3.579977621490653, ""omega"": 0.8817284831792336}",2.9014987749515235,True,2023-05-31,1.5531792004118747,2.1153645987105856,student_t,ETH-USD,679,0.14694991091455453,0.0640112661022052,,-0.11214752348984515,2023-05-30,2022-01-16,4.363922921668936,7.826051313598363
0.6385469933481079,-0.6385469933481079,6.532232226506501,10.896341031200585,False,False,2727.4294512020497,2744.2878835957385,0,null,-1359.7147256010248,"{""alpha[1]"": 0.12995970271936322, ""beta[1]"": 0.8422538067857626, ""nu"": 3.6311800135062717, ""omega"": 0.8466239311952738}",2.8278029818350654,True,2023-06-01,1.5315843938348968,2.0889714404684057,student_t,ETH-USD,680,0.1819495827597681,0.0699482361808684,,-0.11621813595016808,2023-05-31,2022-01-17,4.277538648543467,7.633370611434942
-2.390652540451727,2.390652540451727,6.326369520318215,10.603297527638277,False,False,2724.5667764326085,2741.4252088262974,0,null,-1358.2833882163043,"{""alpha[1]"": 0.12967974569657217, ""beta[1]"": 0.8462285387050074, ""nu"": 3.5823081155888596, ""omega"": 0.7994776181306685}",2.740372628582382,True,2023-06-02,1.4968393600005108,2.0585484245732584,student_t,ETH-USD,681,0.3258079616607078,0.0978521605522673,,-0.10904587639167006,2023-06-01,2022-01-18,4.125506692762423,7.394563514774994
0.7813412827796246,-0.7813412827796246,6.502396053525002,10.824343955161687,False,False,2724.544840928602,2741.4032733222907,0,null,-1358.272420464301,"{""alpha[1]"": 0.1310327099448137, ""beta[1]"": 0.8402984530742416, ""nu"": 3.6638865182495937, ""omega"": 0.8415936813426835}",2.8213005303020013,True,2023-06-03,1.5278749527894138,2.083931504968369,student_t,ETH-USD,682,0.17411536254434198,0.0681879687709826,,-0.1012358254282271,2023-06-02,2022-01-19,4.263648533666461,7.600138159877879
0.10039457004677402,-0.10039457004677402,6.281044328607267,10.432106295249724,False,False,2722.6162684989663,2739.474700892655,0,null,-1357.3081342494831,"{""alpha[1]"": 0.1324147520743582, ""beta[1]"": 0.8394745255122501, ""nu"": 3.6890524629939385, ""omega"": 0.8179264982771002}",2.725072849570702,True,2023-06-04,1.4945220780870043,2.0485478252790497,student_t,ETH-USD,683,0.20130812351119826,0.0724025749414968,,-0.09844045438018904,2023-06-03,2022-01-20,4.126557040270735,7.340652064196447
4.251202769946404,-4.251202769946404,6.050528115284486,10.0529940198602,True,False,2719.9946012902747,2736.8530336839635,0,null,-1355.9973006451373,"{""alpha[1]"": 0.1348467583575929, ""beta[1]"": 0.8386619870745488, ""nu"": 3.6866386871089287, ""omega"": 0.7937159389575886}",2.6261081509590145,True,2023-06-05,2.374631498391897,2.011314726983994,student_t,ETH-USD,684,0.26376343336597197,0.028205178114742,,-0.09242741591522922,2023-06-04,2022-01-21,3.9735570506138016,7.0717205814206014
-3.932332906607625,3.932332906607625,6.93443607067993,11.3673975809819,False,False,2714.489103631352,2731.347536025041,0,null,-1353.244551815676,"{""alpha[1]"": 0.14149008711248381, ""beta[1]"": 0.8242473969943245, ""nu"": 3.8739997179156886, ""omega"": 0.9096492039533939}",3.028508913013768,True,2023-06-06,1.6001031743025096,2.143766857239947,student_t,ETH-USD,685,0.4267024269667811,0.12037485860858223,,-0.06897249902952865,2023-06-05,2022-01-22,4.60171563272799,8.105152954250586
2.8035415190162545,-2.8035415190162545,7.602931602951855,12.497764192809678,False,False,2713.164183129156,2730.0226155228447,0,null,-1352.582091564578,"{""alpha[1]"": 0.1469523852136326, ""beta[1]"": 0.814701808292173, ""nu"": 3.856616837974531, ""omega"": 1.0149197216948427}",3.3319311658867656,True,2023-06-07,1.690167987873882,2.2370159095499647,student_t,ETH-USD,686,0.11134085600680933,0.06088194602548152,,-0.048793082138440455,2023-06-06,2022-01-23,5.030358639152439,8.891736121564401
-0.7560256756121952,0.7560256756121952,7.71978295552958,12.731601776770036,False,False,2711.337300541968,2728.195732935657,0,null,-1351.668650270984,"{""alpha[1]"": 0.15035367827798576, ""beta[1]"": 0.8105520707426485, ""nu"": 3.8062445460068712, ""omega"": 1.0691018280292508}",3.37540100442892,True,2023-06-08,1.7038231505854498,2.253161185917639,student_t,ETH-USD,687,0.29256836489652255,0.09783672892519502,,-0.06491692961635279,2023-06-07,2022-01-24,5.095341622318251,9.027647216907297
0.3296688367491128,-0.3296688367491128,7.383521149943828,12.263535628349585,False,False,2709.0084998868633,2725.866932280552,0,null,-1350.5042499434317,"{""alpha[1]"": 0.14880258579484182, ""beta[1]"": 0.815758436814123, ""nu"": 3.7262138390999193, ""omega"": 1.0348858212257444}",3.2300974280806973,True,2023-06-09,1.655225214479369,2.211011145197886,student_t,ETH-USD,688,0.22568666338809595,0.08308531045684892,,-0.05579155148156341,2023-06-08,2022-01-25,4.843402104511028,8.638199882433996
4.8910382605178295,-4.8910382605178295,6.986191640223201,11.573720013913269,True,False,2708.5312686901866,2725.3897010838755,0,null,-1350.2656343450933,"{""alpha[1]"": 0.14361097364650557, ""beta[1]"": 0.8234569739542444, ""nu"": 3.7530239266688143, ""omega"": 0.9471140018990902}",3.054377391319528,True,2023-06-10,2.4533978663867972,2.1547909381575034,student_t,ETH-USD,689,0.2827177279756194,0.032806321966374744,,-0.057723920371157755,2023-06-09,2022-01-26,4.593440652122441,8.171670457155301
-0.05878926437772629,0.05878926437772629,7.926588515569061,13.04525869974073,False,False,2712.1096062043116,2728.9680385980005,0,null,-1352.0548031021558,"{""alpha[1]"": 0.14413118873388017, ""beta[1]"": 0.8185873748951001, ""nu"": 3.8308908163272983, ""omega"": 0.9954584258647133}",3.465474090758959,True,2023-06-11,1.7314608724562692,2.2788930650661,student_t,ETH-USD,690,0.2650075912572887,0.09327032235968923,,-0.06848855769525455,2023-06-10,2022-01-27,5.241362560768043,9.268242971591189
0.6228149698155212,-0.6228149698155212,7.473785251178652,12.304287651346016,False,False,2710.9948595965534,2727.8532919902423,0,null,-1351.4974297982767,"{""alpha[1]"": 0.14026287750861982, ""beta[1]"": 0.8245021569544263, ""nu"": 3.826564346042464, ""omega"": 0.9359882420770648}",3.267381871804007,True,2023-06-12,1.672449151460694,2.2201827038679713,student_t,ETH-USD,691,0.2158856243279124,0.08116119695981525,,-0.06468829388242985,2023-06-11,2022-01-28,4.940527456373765,8.738934665797037
0.20054710347539717,-0.20054710347539717,7.200114473718343,11.938248448754333,False,False,2707.9762528591873,2724.834685252876,0,null,-1349.9881264295936,"{""alpha[1]"": 0.139610678109064, ""beta[1]"": 0.8280407389023623, ""nu"": 3.7323757334079573, ""omega"": 0.9211475333058824}",3.1404366208013803,True,2023-06-13,1.6314036656639783,2.185022297172028,student_t,ETH-USD,692,0.22660683367425685,0.08219199830271387,,-0.0759230011447253,2023-06-12,2022-01-29,4.73268377696053,8.419746933746778
5.224189781729373,-5.224189781729373,6.876830225620676,11.40587728949455,True,False,2706.7313339238212,2723.58976631751,0,null,-1349.3656669619106,"{""alpha[1]"": 0.13744017043865148, ""beta[1]"": 0.8323921547072975, ""nu"": 3.7234335974478547, ""omega"": 0.87011857158939}",2.9959566071207115,True,2023-06-14,3.633728203251355,2.1390858794539893,student_t,ETH-USD,693,0.6690779194190388,0.028164644544777122,,-0.0802115395279726,2023-06-13,2022-01-30,4.51989723497249,8.040654236207082
-0.9047294099759375,0.9047294099759375,7.949530625923345,13.100630241045554,False,False,2710.525712685525,2727.384145079214,0,null,-1351.2628563427625,"{""alpha[1]"": 0.1378128206840607, ""beta[1]"": 0.8273789144482457, ""nu"": 3.8006294993288035, ""omega"": 0.9239619045862958}",3.465042636621152,True,2023-06-15,1.7339405677551794,2.281967911249414,student_t,ETH-USD,694,0.30789996516417156,0.10197105640490513,,-0.09115077776176186,2023-06-14,2022-01-31,5.253269893307488,9.292376230514567
-3.0248430230823,3.0248430230823,7.599000133535609,12.556209959379416,False,False,2708.9027616720755,2725.7611940657644,0,null,-1350.4513808360377,"{""alpha[1]"": 0.13513417427331503, ""beta[1]"": 0.8317791629838244, ""nu"": 3.7633040620973013, ""omega"": 0.8911412558913927}",3.3078978406746344,True,2023-06-16,1.6875018589998128,2.2376319744508617,student_t,ETH-USD,695,0.4018135503592298,0.11907314554387365,,-0.09575277779517301,2023-06-15,2022-02-01,5.011427984102288,8.882471531305054
-0.6118293034492065,0.6118293034492065,7.747613187844603,12.807804233132003,False,False,2708.5151431684103,2725.373575562099,0,null,-1350.2575715842052,"{""alpha[1]"": 0.13626244062151247, ""beta[1]"": 0.8297052952950396, ""nu"": 3.7579209783745826, ""omega"": 0.9150884351720592}",3.372669508233139,True,2023-06-17,1.7066015974860278,2.2571574094298725,student_t,ETH-USD,696,0.28595929505195383,0.09668262495812541,,-0.0972828949350824,2023-06-16,2022-02-02,5.107356597589865,9.056433192363325
0.38439761537946304,-0.38439761537946304,7.420693400195604,12.33486435326206,False,False,2706.127838958243,2722.986271351932,0,null,-1349.0639194791215,"{""alpha[1]"": 0.13479762957262703, ""beta[1]"": 0.8335191652945274, ""nu"": 3.6973628264466907, ""omega"": 0.8885693285343305}",3.232012243115945,True,2023-06-18,1.6603411818878469,2.2158939451513238,student_t,ETH-USD,697,0.22420434501549427,0.08292737771903412,,-0.08807543591966491,2023-06-17,2022-02-03,4.868484515689344,8.677135387282867
-0.9879050063789344,0.9879050063789344,7.050096172352462,11.656387464045647,False,False,2705.0951883186217,2721.9536207123106,0,null,-1348.5475941593108,"{""alpha[1]"": 0.13559058419612605, ""beta[1]"": 0.8317277167975508, ""nu"": 3.7561954538918503, ""omega"": 0.8713193953703077}",3.0689883913108207,True,2023-06-19,1.6121788739018585,2.1628598622572555,student_t,ETH-USD,698,0.28174442939475935,0.09229035663459594,,-0.08856885665182218,2023-06-18,2022-02-04,4.646983581516248,8.241130657080651
-3.086022473871571,3.086022473871571,6.905565635013384,11.419638524527436,False,False,2697.7875415244316,2714.6459739181205,0,null,-1344.8937707622158,"{""alpha[1]"": 0.15457888969362846, ""beta[1]"": 0.8083866887740014, ""nu"": 3.7392954292366416, ""omega"": 1.0472782759936476}",2.9964717766739692,True,2023-06-20,1.5917344788662615,2.141928704995231,student_t,ETH-USD,699,0.38197996319405175,0.11155072297372691,,-0.10811743800896842,2023-06-19,2022-02-05,4.5535767900094575,8.06904982350111
-5.371032442951005,5.371032442951005,7.189358675644705,11.821237949000038,False,False,2699.1886057037764,2716.0470380974652,0,null,-1345.5943028518882,"{""alpha[1]"": 0.15028133768041535, ""beta[1]"": 0.8111601576257165, ""nu"": 3.813561382931626, ""omega"": 1.0205767918027466}",3.1243881975723435,True,2023-06-21,1.635049094707338,2.1804552407341524,student_t,ETH-USD,700,0.5066801209310666,0.13770701736619667,,-0.10401677279845294,2023-06-20,2022-02-06,4.762569975670319,8.39966929366865
0.9598611435814588,-0.9598611435814588,8.418023585092637,13.803999449056299,False,False,2702.710093242648,2719.5685256363367,0,null,-1347.355046621324,"{""alpha[1]"": 0.15058037965113566, ""beta[1]"": 0.8079209573254618, ""nu"": 3.86242674285976, ""omega"": 1.0597308477467753}",3.6707155360835126,True,2023-06-22,1.7939682823159124,2.337619963758311,student_t,ETH-USD,701,0.23131410755044904,0.08877719168571177,,-0.09609603299302043,2023-06-21,2022-02-07,5.5861432945904355,9.837580312152628
-1.0579014837544243,1.0579014837544243,7.95321515813537,13.069325753279657,False,False,2701.545751106794,2718.4041835004828,0,null,-1346.772875553397,"{""alpha[1]"": 0.14586509823737528, ""beta[1]"": 0.8148913709893977, ""nu"": 3.8281380328440324, ""omega"": 1.0079742163025633}",3.461723116251167,True,2023-06-23,1.73618487593252,2.2813637678453578,student_t,ETH-USD,702,0.31638851489019354,0.10351444513370797,,-0.10349967036130364,2023-06-22,2022-02-08,5.269868814049441,9.293543029616364
0.8916332796540347,-0.8916332796540347,7.549130177294403,12.361030552654844,False,False,2700.927441120265,2717.785873513954,0,null,-1346.4637205601325,"{""alpha[1]"": 0.14355656551613155, ""beta[1]"": 0.8173764605384599, ""nu"": 3.8717888771347067, ""omega"": 0.9666368419433925}",3.285878998601286,True,2023-06-24,1.6860654695659356,2.2280360980258553,student_t,ETH-USD,703,0.20628843363919147,0.07927804681367635,,-0.10011575087389898,2023-06-23,2022-02-09,5.017401952437861,8.819437961021663
-1.2946552387227512,1.2946552387227512,7.253058461295952,11.921257857001882,False,False,2698.977651302779,2715.836083696468,0,null,-1345.4888256513896,"{""alpha[1]"": 0.14216409882919862, ""beta[1]"": 0.8204700686868905, ""nu"": 3.815524596420735, ""omega"": 0.9472185364867851}",3.1502040566103506,True,2023-06-25,1.6441628106499797,2.1890946124784327,student_t,ETH-USD,704,0.305077205681385,0.09767944750933125,,-0.10924641277895789,2023-06-24,2022-02-10,4.806888874904944,8.473289512210366
2.184869343968586,-2.184869343968586,7.065538095934858,11.690953079630994,False,False,2695.9584465455955,2712.8168789392844,0,null,-1343.9792232727978,"{""alpha[1]"": 0.1433065590211719, ""beta[1]"": 0.8210222583236305, ""nu"": 3.7419791532188937, ""omega"": 0.9510158421025514}",3.0721854710109087,True,2023-06-26,1.6140670830809576,2.1652012935481846,student_t,ETH-USD,705,0.12350874907744569,0.06073456143521449,,-0.09639831335342944,2023-06-25,2022-02-11,4.655044325517498,8.25832548749003
-1.6148341346242205,1.6148341346242205,7.066796497116413,11.765688303677937,False,False,2693.625325973107,2710.483758366796,0,null,-1342.8126629865535,"{""alpha[1]"": 0.14587740322318873, ""beta[1]"": 0.8195009165879258, ""nu"": 3.67453852969233, ""omega"": 0.9778437471628925}",3.0747132300596243,True,2023-06-27,1.6106896516000977,2.1674680711560086,student_t,ETH-USD,706,0.3122790704172544,0.09877648144573552,,-0.09076750164686347,2023-06-26,2022-02-12,4.630747273720862,8.262814009949322
3.3213156073993546,-3.3213156073993546,6.868847747708184,11.352492917575589,False,False,2693.426529300394,2710.284961694083,0,null,-1342.713264650197,"{""alpha[1]"": 0.14317814825379424, ""beta[1]"": 0.821064229553895, ""nu"": 3.760218448543635, ""omega"": 0.9371427012517058}",2.989888602901721,True,2023-06-28,1.586351605143574,2.1366865476137353,student_t,ETH-USD,707,0.06038475577292485,0.047077257845271676,,-0.08685203719491742,2023-06-27,2022-02-13,4.5290107228578504,8.029041391926517
-1.3182145114038801,1.3182145114038801,7.13650010618941,11.697021234677988,False,False,2694.624315276542,2711.4827476702308,0,null,-1343.312157638271,"{""alpha[1]"": 0.141855713163977, ""beta[1]"": 0.8189233303468065, ""nu"": 3.86161102504289, ""omega"": 0.9447359792405311}",3.107611477282818,True,2023-06-29,1.6292417564678692,2.1721930727552925,student_t,ETH-USD,708,0.3028494092171735,0.09656539718865882,,-0.09115708414819965,2023-06-28,2022-02-14,4.738773672939584,8.338325207461994
-4.278209464523168,4.278209464523168,6.901615152150699,11.272329760449848,False,False,2693.5631815152074,2710.4216139088962,0,null,-1342.7815907576037,"{""alpha[1]"": 0.14242263760547527, ""beta[1]"": 0.8173361169730965, ""nu"": 3.9038685804669226, ""omega"": 0.9376624988328288}",3.004500788549987,True,2023-06-30,1.5978022914416767,2.1375350163450766,student_t,ETH-USD,709,0.44375041696156187,0.12339999209281491,,-0.09196004677251493,2023-06-29,2022-02-15,4.59679887470806,8.061789744758311
0.4470507651627104,-0.4470507651627104,7.727862809878507,12.662284894319358,False,False,2692.2349570138313,2709.09338940752,0,null,-1342.1174785069156,"{""alpha[1]"": 0.14502801097886783, ""beta[1]"": 0.8118705701607717, ""nu"": 3.865080389966597, ""omega"": 1.0217255885211298}",3.3648326124320826,True,2023-07-01,1.7090408373039532,2.2516907076396695,student_t,ETH-USD,710,0.234293067254774,0.08581953882976924,,-0.0995343251861214,2023-06-30,2022-02-16,5.132912110258186,9.029004648139628
-0.6666219280274652,0.6666219280274652,7.300018128991906,11.939945658883536,False,False,2691.0200204111097,2707.8784528047986,0,null,-1341.5100102055549,"{""alpha[1]"": 0.14299699817263978, ""beta[1]"": 0.8145842791656491, ""nu"": 3.885676764283251, ""omega"": 0.9826329795120761}",3.1776013777258423,True,2023-07-02,1.6531308492754024,2.1941182656437612,student_t,ETH-USD,711,0.2761494158813247,0.0919447389997305,,-0.09712781062978212,2023-07-01,2022-02-17,4.856366389599023,8.527851971945577
-0.9222568002418025,0.9222568002418025,7.029760339703694,11.566047175957356,False,False,2685.266789856067,2702.125222249756,0,null,-1338.6333949280336,"{""alpha[1]"": 0.15011232968358706, ""beta[1]"": 0.8066421389123635, ""nu"": 3.821379466975597, ""omega"": 1.0490615959550047}",3.0649992804976605,True,2023-07-03,1.611867432486351,2.1584940825972145,student_t,ETH-USD,712,0.2786976693150136,0.09139010857348304,,-0.07938761155496896,2023-07-02,2022-02-18,4.651696586058464,8.216754057106494
0.963805281145595,-0.963805281145595,6.788242956846219,11.217174431385946,False,False,2683.241625360063,2700.100057753752,0,null,-1337.6208126800316,"{""alpha[1]"": 0.14984276940414817, ""beta[1]"": 0.8093088396106425, ""nu"": 3.772991943076442, ""omega"": 1.0243515448402047}",2.9615923044725547,True,2023-07-04,1.574382257697092,2.125021718501913,student_t,ETH-USD,713,0.1755468700197626,0.0697319458220193,,-0.07078396832830691,2023-07-03,2022-02-19,4.474742681540844,7.936999863347519
1.3540124751091487,-1.3540124751091487,6.519391727341107,10.734578651350262,False,False,2682.4730781412054,2699.3315105348943,0,null,-1337.2365390706027,"{""alpha[1]"": 0.1487393123246433, ""beta[1]"": 0.8112083292982445, ""nu"": 3.8138124101572997, ""omega"": 0.9801959961932495}",2.843464526979103,True,2023-07-05,1.5360208004566953,2.0834067786879498,student_t,ETH-USD,714,0.14784341498698192,0.06266857774862362,,-0.07112392121875251,2023-07-04,2022-02-20,4.310880774848784,7.620870249971506
3.2962728086952833,-3.2962728086952833,6.421624526104049,10.644180372275818,False,False,2679.3306879376523,2696.189120331341,0,null,-1335.6653439688262,"{""alpha[1]"": 0.15232395604268822, ""beta[1]"": 0.809172717436221, ""nu"": 3.73881485229792, ""omega"": 1.0012023218496409}",2.802665824067894,True,2023-07-06,1.5170759054304659,2.0705511685774973,student_t,ETH-USD,715,0.046266691957153355,0.042135995358065115,,-0.06381175146139229,2023-07-05,2022-02-21,4.22160664783835,7.509872344501791
-1.1812265534120492,1.1812265534120492,6.836364803417484,11.280277355640093,False,False,2680.512836244242,2697.371268637931,0,null,-1336.256418122121,"{""alpha[1]"": 0.14809869773514858, ""beta[1]"": 0.8111708318598934, ""nu"": 3.7940483676139247, ""omega"": 0.9958292938303831}",2.985119032726918,True,2023-07-07,1.582168293351733,2.131679250543883,student_t,ETH-USD,716,0.28463134240107624,0.09174695232349411,,-0.06618827173742478,2023-07-06,2022-02-22,4.51140029460947,7.993468678937354
0.27102775950500013,-0.27102775950500013,6.630893065389265,10.937192372614957,False,False,2679.2572352011366,2696.1156675948255,0,null,-1335.6286176005683,"{""alpha[1]"": 0.1457355040044946, ""beta[1]"": 0.8150220051943298, ""nu"": 3.7951500305247525, ""omega"": 0.9553505616788385}",2.893363476327994,True,2023-07-08,1.5519433876898279,2.10097901814793,student_t,ETH-USD,717,0.20533568245233186,0.07481362393574625,,-0.06885057579772723,2023-07-07,2022-02-23,4.377741408551634,7.752390153079619
0.13569810524757486,-0.13569810524757486,6.3330971185408735,10.427463860676779,False,False,2677.637917487822,2694.496349881511,0,null,-1334.818958743911,"{""alpha[1]"": 0.14437853304853973, ""beta[1]"": 0.8177296674814202, ""nu"": 3.816893730711296, ""omega"": 0.9091092088456639}",2.7637741371965934,True,2023-07-09,1.506983262501583,2.0544523080023342,student_t,ETH-USD,718,0.20258534430989666,0.07267897446809522,,-0.0656492800733421,2023-07-08,2022-02-24,4.187404991445504,7.403595552057091
-0.9374354686496262,0.9374354686496262,6.050703998517463,9.917710355086832,False,False,2676.1045227218856,2692.9629551155745,0,null,-1334.0522613609428,"{""alpha[1]"": 0.14620877497920734, ""beta[1]"": 0.8156946260191094, ""nu"": 3.8700585143525585, ""omega"": 0.8868601425252335}",2.6396917056122646,True,2023-07-10,1.4639605131300737,2.0073154217938023,student_t,ETH-USD,719,0.24769036869728506,0.08008696881201768,,-0.06651488535946579,2023-07-09,2022-02-25,4.0163719052960705,7.0712614125521345
0.11813779107677153,-0.11813779107677153,5.983705748817485,9.86995812386634,False,False,2672.5382837370175,2689.3967161307064,0,null,-1332.2691418685088,"{""alpha[1]"": 0.14597542176642267, ""beta[1]"": 0.8185727048618171, ""nu"": 3.782832798802577, ""omega"": 0.8755452652256531}",2.6042331412783812,True,2023-07-11,1.4495319328531417,1.998063316028603,student_t,ETH-USD,720,0.1917025593419381,0.06875395788766103,,-0.07706099843407499,2023-07-10,2022-02-26,3.9521889779155304,6.993533579842868
0.33181596827521487,-0.33181596827521487,5.73648626397505,9.420152089059766,False,False,2670.817200071697,2687.6756324653857,0,null,-1331.4086000358484,"{""alpha[1]"": 0.15005403211122928, ""beta[1]"": 0.8142210719078122, ""nu"": 3.8333719625401126, ""omega"": 0.8646117781794165}",2.495247548767278,True,2023-07-12,1.4099196048731302,1.9543510763302239,student_t,ETH-USD,721,0.17359458228903438,0.0637062075976404,,-0.07849289421983636,2023-07-11,2022-02-27,3.803707614055899,6.702436728039249
-6.932947884066216,6.932947884066216,5.591160655122564,9.259766285168993,False,False,2666.636351884305,2683.494784277994,0,null,-1329.3181759421525,"{""alpha[1]"": 0.1491947370533756, ""beta[1]"": 0.8196885566481672, ""nu"": 3.738865425342795, ""omega"": 0.8225152563078426}",2.4350156359854993,True,2023-07-13,1.3793243394512,1.9315985775172582,student_t,ETH-USD,722,0.5306350031142109,0.1346959995516322,,-0.06735872490633849,2023-07-12,2022-02-28,3.679752178217991,6.536652071096991
3.4046287427397313,-3.4046287427397313,8.611509695514679,14.364184520128328,False,False,2667.4468140041267,2684.3052463978156,0,null,-1329.7234070020634,"{""alpha[1]"": 0.15926909453480656, ""beta[1]"": 0.7996167974930117, ""nu"": 3.6724582185619643, ""omega"": 1.0835387942353774}",3.7624984456314334,True,2023-07-14,1.8068335124079944,2.3661452253137014,student_t,ETH-USD,723,0.11125033966207062,0.06670515181598531,,-0.07498247559957302,2023-07-13,2022-03-01,5.629635535981142,10.075143924338256
0.407175581367133,-0.407175581367133,8.625341276955462,14.32001927552597,False,False,2668.619740270872,2685.478172664561,0,null,-1330.309870135436,"{""alpha[1]"": 0.1610254868229542, ""beta[1]"": 0.7959564671710518, ""nu"": 3.720249123468238, ""omega"": 1.0957374408132148}",3.764376440898752,True,2023-07-15,1.811204241573852,2.3661130878827783,student_t,ETH-USD,724,0.26276792375317365,0.09680627587188428,,-0.08540939942298197,2023-07-14,2022-03-02,5.6625340564306015,10.087803168555553
0.403858824425631,-0.403858824425631,7.975401052678329,13.191895813355423,False,False,2668.0551186059374,2684.9135509996263,0,null,-1330.0275593029687,"{""alpha[1]"": 0.15485637225651566, ""beta[1]"": 0.8030987751911467, ""nu"": 3.7603243890195275, ""omega"": 1.0216214612039451}",3.478664495321758,True,2023-07-16,1.7350243754640196,2.2864953567920483,student_t,ETH-USD,725,0.2424619143745195,0.0892139561994151,,-0.08471314429406979,2023-07-15,2022-03-03,5.253097111916017,9.325254444367134
0.6276285365803503,-0.6276285365803503,7.510174105134264,12.492805227666269,False,False,2665.592490378588,2682.450922772277,0,null,-1328.796245189294,"{""alpha[1]"": 0.1496630603272565, ""beta[1]"": 0.81156065031307, ""nu"": 3.6960692862772175, ""omega"": 0.9685319852781988}",3.276095195631589,True,2023-07-17,1.6717255173775767,2.228261448271523,student_t,ETH-USD,726,0.21475208839891066,0.081561696507254,,-0.07752272355915893,2023-07-16,2022-03-04,4.92267030455856,8.783798187305743
0.7375181874652184,-0.7375181874652184,7.162369764503785,11.925378924614666,False,False,2660.0071907181655,2676.8656231118543,0,null,-1326.0035953590827,"{""alpha[1]"": 0.15448043534329758, ""beta[1]"": 0.80378895496391, ""nu"": 3.692562815991594, ""omega"": 1.033910998833126}",3.1292492724178746,True,2023-07-18,1.6235951477925425,2.1812897739089085,student_t,ETH-USD,727,0.19760369239584938,0.07641503024646513,,-0.06282470430676072,2023-07-17,2022-03-05,4.689592035382202,8.379021212111725
0.4537741750425181,-0.4537741750425181,6.83575355082023,11.383275228634002,False,False,2659.0739003539225,2675.9323327476113,0,null,-1325.5369501769612,"{""alpha[1]"": 0.15307798602345793, ""beta[1]"": 0.8071537782719898, ""nu"": 3.6855505838802656, ""omega"": 0.9914561623540418}",2.9830066586849404,True,2023-07-19,1.5769798757369298,2.134558472628201,student_t,ETH-USD,728,0.20111836138393638,0.07541989511557805,,-0.06791022614316881,2023-07-18,2022-03-06,4.476141402721242,7.995763686600316
-0.1037668297725398,0.1037668297725398,6.578256232318767,11.023964847008692,False,False,2656.0146412414124,2672.8730736351013,0,null,-1324.0073206207062,"{""alpha[1]"": 0.15373148224853136, ""beta[1]"": 0.8089757746034818, ""nu"": 3.6190298338196856, ""omega"": 0.9811834438899849}",2.872699384684826,True,2023-07-20,1.5349539995652495,2.09829424865141,student_t,ETH-USD,729,0.21937120036184787,0.07800949585208884,,-0.06040301087277031,2023-07-19,2022-03-07,4.283657177464414,7.697182755436337
-0.058733681481013,0.058733681481013,6.305373269607925,10.591914799260287,False,False,2654.359263116447,2671.217695510136,0,null,-1323.1796315582235,"{""alpha[1]"": 0.15506314055545176, ""beta[1]"": 0.8100493257482816, ""nu"": 3.59497355419649, ""omega"": 0.9525226453131203}",2.7545861518970436,True,2023-07-21,1.4912069775140666,2.0567392887577416,student_t,ETH-USD,730,0.20779977731801888,0.07437573474662319,,-0.05566187456091818,2023-07-20,2022-03-08,4.097261864879361,7.3788397931812995
1.4462737441133628,-1.4462737441133628,6.102049532031545,10.301916747557655,False,False,2652.099396596923,2668.9578289906117,0,null,-1322.0496982984614,"{""alpha[1]"": 0.15647762044406768, ""beta[1]"": 0.8122241280399257, ""nu"": 3.5370404274315352, ""omega"": 0.9269173293587195}",2.66270260807874,True,2023-07-22,1.455785586945204,2.025480609523251,student_t,ETH-USD,731,0.12513670106100727,0.056945064386110106,,-0.061770234671723365,2023-07-21,2022-03-09,3.9490077653335063,7.140780182724368
-1.293498235259073,1.293498235259073,6.102464726605037,10.326903100072187,False,False,2648.2345521207376,2665.0929845144265,0,null,-1320.1172760603688,"{""alpha[1]"": 0.15812654587313518, ""beta[1]"": 0.8108037696287531, ""nu"": 3.503268634687177, ""omega"": 0.9507635183614151}",2.656961975802363,True,2023-07-23,1.4548359722671953,2.026095829203149,student_t,ETH-USD,732,0.261828224975232,0.08432934409132005,,-0.07620164515803307,2023-07-22,2022-03-10,3.9430662642455623,7.139436173872924
2.0962278458572907,-2.0962278458572907,6.0947954146764864,10.382649058665615,False,False,2644.5651824044826,2661.4236147981715,0,null,-1318.2825912022413,"{""alpha[1]"": 0.16486315043757066, ""beta[1]"": 0.8048597773767747, ""nu"": 3.4457726570703593, ""omega"": 1.0064253045706157}",2.659860401063792,True,2023-07-24,1.4496212471125514,2.027190086333817,student_t,ETH-USD,733,0.09088823760659169,0.050372130651176565,,-0.06449064671108966,2023-07-23,2022-03-11,3.913992597989123,7.133440910974943
-0.4174980368050019,0.4174980368050019,6.214230825358833,10.569554559524127,False,False,2644.800629323618,2661.659061717307,0,null,-1318.400314661809,"{""alpha[1]"": 0.16256042498116063, ""beta[1]"": 0.8067690567544267, ""nu"": 3.461468241936223, ""omega"": 0.9914965518171583}",2.7119862173286498,True,2023-07-25,1.4698869176155003,2.0460972176659906,student_t,ETH-USD,734,0.2206763928753476,0.07690615276337703,,-0.06492995507910149,2023-07-24,2022-03-12,3.9960298207019465,7.273117239532695
-0.7731056404704153,0.7731056404704153,5.959266793313602,10.102961653263053,False,False,2644.282331317479,2661.140763711168,0,null,-1318.1411656587395,"{""alpha[1]"": 0.16117661279762396, ""beta[1]"": 0.8102175960193384, ""nu"": 3.4914235440294514, ""omega"": 0.9267231911864542}",2.598828422508058,True,2023-07-26,1.429877642001851,2.0030903367367436,student_t,ETH-USD,735,0.23082083521218547,0.07746793357417905,,-0.06527846255003403,2023-07-25,2022-03-13,3.84331106377329,6.973687716947484
0.6324297011702049,-0.6324297011702049,5.8028658940254285,9.859032760557923,False,False,2642.780495120792,2659.6389275144807,0,null,-1317.390247560396,"{""alpha[1]"": 0.1611885145682296, ""beta[1]"": 0.8133287620475751, ""nu"": 3.4731162311343846, ""omega"": 0.8844197473935179}",2.5327988496885445,True,2023-07-27,1.4019839894219768,1.9772683206026427,student_t,ETH-USD,736,0.1551240455389182,0.06159263292166784,,-0.05934943977010107,2023-07-26,2022-03-14,3.7349106119485658,6.791692993336984
-0.7704081958708818,0.7704081958708818,5.6675284263605015,9.677093549993701,False,False,2640.6647291395866,2657.5231615332755,0,null,-1316.3323645697933,"{""alpha[1]"": 0.16199169401489086, ""beta[1]"": 0.8171717520012844, ""nu"": 3.4193218269881376, ""omega"": 0.8459408637059573}",2.471271365386246,True,2023-07-28,1.3757897520230826,1.955157913113247,student_t,ETH-USD,737,0.22017507677469925,0.07403052406654005,,-0.0662316164754828,2023-07-27,2022-03-15,3.633093339623099,6.632644210783116
-0.3367569025625559,0.3367569025625559,5.511540096380335,9.381504359575757,False,False,2639.7848369694043,2656.643269363093,0,null,-1315.8924184847021,"{""alpha[1]"": 0.163774272842118, ""beta[1]"": 0.8163514023050015, ""nu"": 3.4472279174206144, ""omega"": 0.8156010961385534}",2.4014801346032124,True,2023-07-29,1.3496809365834412,1.9261866770919456,student_t,ETH-USD,738,0.1939888969504821,0.06786039684416949,,-0.06695177101694001,2023-07-28,2022-03-16,3.5430210364470827,6.449282781854387
1.0380291116780147,-1.0380291116780147,5.419276110677213,9.268964694332857,False,False,2634.7412181977206,2651.5996505914095,0,null,-1313.3706090988603,"{""alpha[1]"": 0.1673512358735316, ""beta[1]"": 0.8165836534633372, ""nu"": 3.3930033509304076, ""omega"": 0.8104669542134848}",2.3574624121919387,True,2023-07-30,1.3303860369936582,1.9106718768411217,student_t,ETH-USD,739,0.12163021154025129,0.053019444721681394,,-0.07754980209550158,2023-07-29,2022-03-17,3.4706333424830382,6.339973583846149
0.29487545860399744,-0.29487545860399744,5.331400990925928,9.110410375175405,False,False,2633.8657806211286,2650.7242130148175,0,null,-1312.9328903105643,"{""alpha[1]"": 0.16801575328184262, ""beta[1]"": 0.8180496320786274, ""nu"": 3.3967339670492644, ""omega"": 0.7750242452773622}",2.316306042664214,True,2023-07-31,1.3146990629582884,1.8939122786980294,student_t,ETH-USD,740,0.1561502897462026,0.059411505342751185,,-0.08269014193698576,2023-07-30,2022-03-18,3.417881253528047,6.236025992879111
-0.8385215921401031,0.8385215921401031,5.243053465356143,9.02893047024915,False,False,2629.349756260265,2646.208188653954,0,null,-1310.6748781301326,"{""alpha[1]"": 0.17581221688142815, ""beta[1]"": 0.8160465641812269, ""nu"": 3.3183972331337808, ""omega"": 0.7816083044747346}",2.2757355658946294,True,2023-08-01,1.2939468055341141,1.8795233155463809,student_t,ETH-USD,741,0.20892854069076164,0.06969972540421854,,-0.09234283585399837,2023-07-31,2022-03-19,3.3400492216751263,6.131450948281745
1.7625588771132734,-1.7625588771132734,5.1203275676646545,8.775784651839947,False,False,2629.0277649174104,2645.8861973110993,0,null,-1310.5138824587052,"{""alpha[1]"": 0.17429787597477286, ""beta[1]"": 0.8183696675447992, ""nu"": 3.360672109831107, ""omega"": 0.7273639141580986}",2.2206838704121488,True,2023-08-02,1.272928756625733,1.8542748367055406,student_t,ETH-USD,742,0.07564838100516706,0.042249716483539396,,-0.09072785132897061,2023-08-01,2022-03-20,3.2755264972166134,5.98753052546721
0.21518808660810676,-0.21518808660810676,5.322648413444488,9.152431301206704,False,False,2627.727272241036,2644.585704634725,0,null,-1309.863636120518,"{""alpha[1]"": 0.1747156260564536, ""beta[1]"": 0.8180286811323226, ""nu"": 3.3354287510498017, ""omega"": 0.7458743466026916}",2.31198388204167,True,2023-08-03,1.3097084048584255,1.8942049559363827,student_t,ETH-USD,743,0.15896319456334626,0.06010162022057688,,-0.08834228972364086,2023-08-02,2022-03-21,3.3944519778750295,6.225350108665789
0.4053453157712878,-0.4053453157712878,5.09337634299946,8.762725146043994,False,False,2626.440089785696,2643.2985221793847,0,null,-1309.220044892848,"{""alpha[1]"": 0.1726698846289892, ""beta[1]"": 0.8246292249241903, ""nu"": 3.325705920788609, ""omega"": 0.6684584694274063}",2.2097415894409425,True,2023-08-04,1.2655649823568922,1.8502131921153646,student_t,ETH-USD,744,0.14211569503273044,0.055507336963496516,,-0.09137878083623047,2023-08-03,2022-03-22,3.247659216425894,5.956079012120934
-0.3972496773517192,0.3972496773517192,,,,,,,,"{""error"": ""fit violated GARCH constraints: omega=0.6205182727319805, alpha=0.1702337780272645, beta=0.8297662219727356"", ""error_type"": ""GarchFitError"", ""forecast_date"": ""2023-08-05"", ""innovation"": ""student_t"", ""instrument"": ""ETH-USD"", ""origin_index"": 745}",,null,,False,2023-08-05,,,student_t,ETH-USD,745,,,,-0.09731004847613689,2023-08-04,2022-03-23,,
0.41097569623749053,-0.41097569623749053,,,,,,,,"{""error"": ""fit violated GARCH constraints: omega=0.5727869331529041, alpha=0.1657295891745222, beta=0.8342704108254778"", ""error_type"": ""GarchFitError"", ""forecast_date"": ""2023-08-06"", ""innovation"": ""student_t"", ""instrument"": ""ETH-USD"", ""origin_index"": 746}",,null,,False,2023-08-06,,,student_t,ETH-USD,746,,,,-0.10037537059037568,2023-08-05,2022-03-24,,
0.02863358569012338,-0.02863358569012338,,,,,,,,"{""error"": ""fit violated GARCH constraints: omega=0.5309775113738257, alpha=0.1612845521225469, beta=0.8387154478774531"", ""error_type"": ""GarchFitError"", ""forecast_date"": ""2023-08-07"", ""innovation"": ""student_t"", ""instrument"": ""ETH-USD"", ""origin_index"": 747}",,null,,False,2023-08-07,,,student_t,ETH-USD,747,,,,-0.1062142491991795,2023-08-06,2022-03-25,,
-1.5678040044213064,1.5678040044213064,,,,,,,,"{""error"": ""fit violated GARCH constraints: omega=0.459621479571157, alpha=0.15643240961871513, beta=0.8435675903812849"", ""error_type"": ""GarchFitError"", ""forecast_date"": ""2023-08-08"", ""innovation"": ""student_t"", ""instrument"": ""ETH-USD"", ""origin_index"": 748}",,null,,False,2023-08-08,,,student_t,ETH-USD,748,,,,-0.10618201132286562,2023-08-07,2022-03-26,,
0.08138670422940754,-0.08138670422940754,,,,,,,,"{""error"": ""fit violated GARCH constraints: omega=0.4734159682109686, alpha=0.15867883841322156, beta=0.8413211615867785"", ""error_type"": ""GarchFitError"", ""forecast_date"": ""2023-08-09"", ""innovation"": ""student_t"", ""instrument"": ""ETH-USD"", ""origin_index"": 749}",,null,,False,2023-08-09,,,student_t,ETH-USD,749,,,,-0.10538297019100426,2023-08-08,2022-03-27,,
0.19131666782044532,-0.19131666782044532,,,,,,,,"{""error"": ""fit violated GARCH constraints: omega=0.45413588578872827, alpha=0.15579898035849823, beta=0.8442010196415017"", ""error_type"": ""GarchFitError"", ""forecast_date"": ""2023-08-10"", ""innovation"": ""student_t"", ""instrument"": ""ETH-USD"", ""origin_index"": 750}",,null,,False,2023-08-10,,,student_t,ETH-USD,750,,,,-0.11477219978590604,2023-08-09,2022-03-28,,
0.19627631595612718,-0.19627631595612718,,,,,,,,"{""error"": ""fit violated GARCH constraints: omega=0.39153811411467243, alpha=0.14924368827629195, beta=0.850756311723708"", ""error_type"": ""GarchFitError"", ""forecast_date"": ""2023-08-11"", ""innovation"": ""student_t"", ""instrument"": ""ETH-USD"", ""origin_index"": 751}",,null,,False,2023-08-11,,,student_t,ETH-USD,751,,,,-0.11787397227769086,2023-08-10,2022-03-29,,
-0.09553551469766394,0.09553551469766394,4.05176039274178,6.849036923238259,False,False,2609.8673987981483,2626.725831191837,0,null,-1300.9336993990742,"{""alpha[1]"": 0.14320595828430108, ""beta[1]"": 0.8567940417156988, ""nu"": 3.4413368046239716, ""omega"": 0.3375268402422341}",1.7333530557440064,True,2023-08-12,1.0481600840955219,1.6145164009638346,student_t,ETH-USD,752,0.13625814932893654,0.048241678214505854,,-0.1221459719570298,2023-08-11,2022-03-30,2.6296274718810646,4.7286323067529175
0.5211128354755085,-0.5211128354755085,3.7888177270326,6.359247221124786,False,False,2607.9564982120282,2624.814930605717,0,null,-1299.9782491060141,"{""alpha[1]"": 0.13828960784912045, ""beta[1]"": 0.8617103921508794, ""nu"": 3.5044720008277377, ""omega"": 0.28080122988910855}",1.6171354393724766,True,2023-08-13,0.9852286702363435,1.544953222254836,student_t,ETH-USD,753,0.09768234195173837,0.03898838787686685,,-0.1209630337063246,2023-08-12,2022-03-31,2.474759674510274,4.41995162316219
-0.2663601606536599,0.2663601606536599,,,,,,,,"{""error"": ""fit violated GARCH constraints: omega=0.24075079478709596, alpha=0.133038148783619, beta=0.866961851216381"", ""error_type"": ""GarchFitError"", ""forecast_date"": ""2023-08-14"", ""innovation"": ""student_t"", ""instrument"": ""ETH-USD"", ""origin_index"": 754}",,null,,False,2023-08-14,,,student_t,ETH-USD,754,,,,-0.11579397691646716,2023-08-13,2022-04-01,,
0.9399412676501708,-0.9399412676501708,3.4772073923100977,5.816292790049633,False,False,2599.6627194426355,2616.5211518363244,0,null,-1295.8313597213178,"{""alpha[1]"": 0.12951273087389514, ""beta[1]"": 0.8704872691261032, ""nu"": 3.5220175294280383, ""omega"": 0.21581584633891882}",1.4777265799563861,True,2023-08-15,0.90181787427038,1.4576363824338405,student_t,ETH-USD,755,0.06698377400400524,0.031138595195677264,,-0.1252413128910181,2023-08-14,2022-04-02,2.2796167477302745,4.053800787217894
1.1712807493603876,-1.1712807493603876,3.3681330585233185,5.604353970060336,False,False,2598.4342510347856,2615.2926834284744,0,null,-1295.2171255173928,"{""alpha[1]"": 0.12697248985227302, ""beta[1]"": 0.8730275101476337, ""nu"": 3.5698307944631282, ""omega"": 0.18959160629911603}",1.4286773566510742,True,2023-08-16,0.8730578025698492,1.4239206106548994,student_t,ETH-USD,756,0.05236529013673094,0.027538788643207145,,-0.1268605326992561,2023-08-15,2022-04-03,2.2185865520950054,3.9251596136810996
6.919957369502465,-6.919957369502465,,,,,,,,"{""error"": ""fit violated GARCH constraints: omega=0.19406995826266304, alpha=0.12755990391655309, beta=0.8724400960835309"", ""error_type"": ""GarchFitError"", ""forecast_date"": ""2023-08-17"", ""innovation"": ""student_t"", ""instrument"": ""ETH-USD"", ""origin_index"": 757}",,null,,False,2023-08-17,,,student_t,ETH-USD,757,,,,-0.1336679964044566,2023-08-16,2022-04-04,,
1.4339322091598556,-1.4339322091598556,7.2877767159009075,12.464713718288968,False,False,2606.4609281040016,2623.3193604976905,0,null,-1299.2304640520008,"{""alpha[1]"": 0.1514175631758872, ""beta[1]"": 0.8485824368241127, ""nu"": 3.3699258364294584, ""omega"": 0.38252235360962134}",3.1522129303674626,True,2023-08-18,1.6273924096412653,2.2063351512877327,student_t,ETH-USD,758,0.16194728368271807,0.0708486948505691,,-0.14741749273688,2023-08-17,2022-04-05,4.672877882814214,8.51880169421676
-0.512060480839272,0.512060480839272,6.872400654154302,11.775583045584204,False,False,2604.7553728130547,2621.6138052067436,0,null,-1298.3776864065273,"{""alpha[1]"": 0.14541945020795363, ""beta[1]"": 0.8545805497920459, ""nu"": 3.350590601264732, ""omega"": 0.3593325291742079}",2.971209749459995,True,2023-08-19,1.567791021087824,2.1481707011737474,student_t,ETH-USD,759,0.24561521179998969,0.08544686691358463,,-0.1439702097412064,2023-08-18,2022-04-06,4.400243755160517,8.032626210519183
-0.9170393139452488,0.9170393139452488,,,,,,,,"{""error"": ""fit violated GARCH constraints: omega=0.3540088389130302, alpha=0.14230880033067794, beta=0.8576911996693223"", ""error_type"": ""GarchFitError"", ""forecast_date"": ""2023-08-20"", ""innovation"": ""student_t"", ""instrument"": ""ETH-USD"", ""origin_index"": 760}",,null,,False,2023-08-20,,,student_t,ETH-USD,760,,,,-0.1283515606163991,2023-08-19,2022-04-07,,
1.0490772121116492,-1.0490772121116492,,,,,,,,"{""error"": ""fit violated GARCH constraints: omega=0.3284805423600986, alpha=0.1370073722178027, beta=0.8629926277821973"", ""error_type"": ""GarchFitError"", ""forecast_date"": ""2023-08-21"", ""innovation"": ""student_t"", ""instrument"": ""ETH-USD"", ""origin_index"": 761}",,null,,False,2023-08-21,,,student_t,ETH-USD,761,,,,-0.1303635386555445,2023-08-20,2022-04-08,,
2.0221731728757213,-2.0221731728757213,5.87616263161829,10.081821015484019,False,False,2596.75990167294,2613.618334066629,0,null,-1294.37995083647,"{""alpha[1]"": 0.13220961954814572, ""beta[1]"": 0.8677903804518542, ""nu"": 3.3342800582211134, ""omega"": 0.2995366788071538}",2.5381645146136247,True,2023-08-22,1.41059913298555,1.991877254499467,student_t,ETH-USD,762,0.08683899220028626,0.04844992186610957,,-0.1298967740353833,2023-08-21,2022-04-09,3.758953016881445,6.867165359486674
-2.7396551153808226,2.7396551153808226,,,,,,,,"{""error"": ""fit violated GARCH constraints: omega=0.3026603526007574, alpha=0.13291636658254485, beta=0.8670836334174552"", ""error_type"": ""GarchFitError"", ""forecast_date"": ""2023-08-23"", ""innovation"": ""student_t"", ""instrument"": ""ETH-USD"", ""origin_index"": 763}",,null,,False,2023-08-23,,,student_t,ETH-USD,763,,,,-0.13826991599267693,2023-08-22,2022-04-10,,
1.1577587423496716,-1.1577587423496716,,,,,,,,"{""error"": ""fit violated GARCH constraints: omega=0.3287501736219974, alpha=0.13932603769430138, beta=0.8606739623056986"", ""error_type"": ""GarchFitError"", ""forecast_date"": ""2023-08-24"", ""innovation"": ""student_t"", ""instrument"": ""ETH-USD"", ""origin_index"": 764}",,null,,False,2023-08-24,,,student_t,ETH-USD,764,,,,-0.1296981133130279,2023-08-23,2022-04-11,,
0.42316849531922934,-0.42316849531922934,,,,,,,,"{""error"": ""fit violated GARCH constraints: omega=0.3630863718603357, alpha=0.14709215460617886, beta=0.8529078453938213"", ""error_type"": ""GarchFitError"", ""forecast_date"": ""2023-08-25"", ""innovation"": ""student_t"", ""instrument"": ""ETH-USD"", ""origin_index"": 765}",,null,,False,2023-08-25,,,student_t,ETH-USD,765,,,,-0.11709842492136416,2023-08-24,2022-04-12,,
0.4018077652622938,-0.4018077652622938,,,,,,,,"{""error"": ""fit violated GARCH constraints: omega=0.33221016254792174, alpha=0.1409747860601074, beta=0.8590252139398926"", ""error_type"": ""GarchFitError"", ""forecast_date"": ""2023-08-26"", ""innovation"": ""student_t"", ""instrument"": ""ETH-USD"", ""origin_index"": 766}",,null,,False,2023-08-26,,,student_t,ETH-USD,766,,,,-0.12122686527244073,2023-08-25,2022-04-13,,
-0.6783869926657364,0.6783869926657364,,,,,,,,"{""error"": ""fit violated GARCH constraints: omega=0.3106203818126899, alpha=0.13580497818166543, beta=0.8641950218183346"", ""error_type"": ""GarchFitError"", ""forecast_date"": ""2023-08-27"", ""innovation"": ""student_t"", ""instrument"": ""ETH-USD"", ""origin_index"": 767}",,null,,False,2023-08-27,,,student_t,ETH-USD,767,,,,-0.12775354286843413,2023-08-26,2022-04-14,,
0.3054812116418204,-0.3054812116418204,5.217014781562526,8.98128580749245,False,False,2585.2143988084704,2602.0728312021593,0,null,-1288.6071994042352,"{""alpha[1]"": 0.13223044715815904, ""beta[1]"": 0.8677695528418399, ""nu"": 3.3008510704459457, ""omega"": 0.2964371133422921}",2.2527667644446496,True,2023-08-28,1.2898493829406994,1.8739154762818355,student_t,ETH-USD,768,0.15112889296070414,0.05790767877403169,,-0.11998170305884219,2023-08-27,2022-04-15,3.3280590708559004,6.096249089044985
-4.569933417684706,4.569933417684706,4.935220188543246,8.475294065396929,False,False,2584.0530506487576,2600.9114830424464,0,null,-1288.0265253243788,"{""alpha[1]"": 0.12246662490954915, ""beta[1]"": 0.8775333750904507, ""nu"": 3.316046514606933, ""omega"": 0.2443190249527131}",2.1267228441825927,True,2023-08-29,1.235917136963685,1.81741775060567,student_t,ETH-USD,769,0.38630523396115773,0.10335357298971412,,-0.12197908801744801,2023-08-28,2022-04-16,3.156171261538442,5.765423881286696
1.4331940598319366,-1.4331940598319366,6.145060792983767,10.609099366915023,False,False,2589.0918800602312,2605.95031245392,0,null,-1290.5459400301156,"{""alpha[1]"": 0.12264469215368237, ""beta[1]"": 0.8773553078463167, ""nu"": 3.2925114625890166, ""omega"": 0.2693228378185337}",2.665924114922712,True,2023-08-30,1.4514050183758882,2.039000235354634,student_t,ETH-USD,770,0.12367837795433387,0.05752223453096981,,-0.11424135728491434,2023-08-29,2022-04-17,3.906761618918612,7.185417512928913
3.550204918700998,-3.550204918700998,,,,,,,,"{""error"": ""fit violated GARCH constraints: omega=0.24038891814383984, alpha=0.11584887254323431, beta=0.8841511274567753"", ""error_type"": ""GarchFitError"", ""forecast_date"": ""2023-08-31"", ""innovation"": ""student_t"", ""instrument"": ""ETH-USD"", ""origin_index"": 771}",,null,,False,2023-08-31,,,student_t,ETH-USD,771,,,,-0.11255601383341399,2023-08-30,2022-04-18,,
1.0474907136423774,-1.0474907136423774,,,,,,,,"{""error"": ""fit violated GARCH constraints: omega=0.2561765815548646, alpha=0.1183234056709526, beta=0.8816765943290505"", ""error_type"": ""GarchFitError"", ""forecast_date"": ""2023-09-01"", ""innovation"": ""student_t"", ""instrument"": ""ETH-USD"", ""origin_index"": 772}",,null,,False,2023-09-01,,,student_t,ETH-USD,772,,,,-0.1239007252600179,2023-08-31,2022-04-19,,
-0.522686023050414,0.522686023050414,,,,,,,,"{""error"": ""fit violated GARCH constraints: omega=0.2147682964356641, alpha=0.10881648559949018, beta=0.8911835144005125"", ""error_type"": ""GarchFitError"", ""forecast_date"": ""2023-09-02"", ""innovation"": ""student_t"", ""instrument"": ""ETH-USD"", ""origin_index"": 773}",,null,,False,2023-09-02,,,student_t,ETH-USD,773,,,,-0.12901438917048635,2023-09-01,2022-04-20,,
0.055464426985879,-0.055464426985879,,,,,,,,"{""error"": ""fit violated GARCH constraints: omega=0.17230958972453314, alpha=0.099091719070161, beta=0.9009082809298435"", ""error_type"": ""GarchFitError"", ""forecast_date"": ""2023-09-03"", ""innovation"": ""student_t"", ""instrument"": ""ETH-USD"", ""origin_index"": 774}",,null,,False,2023-09-03,,,student_t,ETH-USD,774,,,,-0.12626333063961218,2023-09-02,2022-04-21,,
0.39576611944638795,-0.39576611944638795,,,,,,,,"{""error"": ""fit violated GARCH constraints: omega=0.1386725223409141, alpha=0.0898455878484641, beta=0.910154412151592"", ""error_type"": ""GarchFitError"", ""forecast_date"": ""2023-09-04"", ""innovation"": ""student_t"", ""instrument"": ""ETH-USD"", ""origin_index"": 775}",,null,,False,2023-09-04,,,student_t,ETH-USD,775,,,,-0.12042085932961406,2023-09-03,2022-04-22,,
-0.2435658772680702,0.2435658772680702,4.286541378164373,7.238642347635864,False,False,2581.4333609646255,2598.2917933583144,0,null,-1286.7166804823128,"{""alpha[1]"": 0.013765501745694486, ""beta[1]"": 0.982694665459496, ""nu"": 3.4602807934901905, ""omega"": 1.4868091936468816e-07}",1.8376967079664142,True,2023-09-05,1.1047613351996155,1.6707332932117032,student_t,ETH-USD,776,0.15133681599118295,0.052476366209054374,,-0.11969062238103693,2023-09-04,2022-04-23,2.7831704425555865,5.004070743637363
0.08433104455120222,-0.08433104455120222,4.222799095784312,7.0724137641068285,False,False,2578.0298334139097,2594.8882658075986,0,null,-1285.0149167069549,"{""alpha[1]"": 0.01052977354311124, ""beta[1]"": 0.9853445258595318, ""nu"": 3.544254944896755, ""omega"": 1.4714467839266519e-07}",1.8097126084465736,True,2023-09-06,1.0943458060998323,1.653091975346837,student_t,ETH-USD,777,0.13383680155091804,0.04844364404455053,,-0.11739274428051531,2023-09-05,2022-04-24,2.761067075569561,4.928695449006251
-0.9357779924425148,0.9357779924425148,4.174387468628588,6.944517166273932,False,False,2574.3400189784857,2591.1984513721745,0,null,-1283.1700094892428,"{""alpha[1]"": 0.008142919712924242, ""beta[1]"": 0.9873843111628073, ""nu"": 3.6153687485184625, ""omega"": 1.4714137147475453e-07}",1.7884852698459488,True,2023-09-07,1.0865593852098514,1.6393784139081484,student_t,ETH-USD,778,0.184041038025557,0.05806842630681466,,-0.11651163426988533,2023-09-06,2022-04-25,2.745042768068622,4.871064638238947
0.6980156893670226,-0.6980156893670226,4.160848632054116,6.895974073679817,False,False,2571.1391859964024,2587.9976183900912,0,null,-1281.5695929982012,"{""alpha[1]"": 0.006723893952584364, ""beta[1]"": 0.9886832846099388, ""nu"": 3.652248156154267, ""omega"": 1.4697871430014102e-07}",1.7807662343934096,True,2023-09-08,1.0855304469695195,1.6348163316206863,student_t,ETH-USD,779,0.1023679826321688,0.04155912596817131,,-0.12048398999423296,2023-09-07,2022-04-26,2.7453753420103966,4.85392828618415
0.05963763506381026,-0.05963763506381026,4.117067749255004,6.896809820110036,False,False,2566.936649503148,2583.795081896837,0,null,-1279.468324751574,"{""alpha[1]"": 0.009021824232188603, ""beta[1]"": 0.9865855897299669, ""nu"": 3.5487376863134052, ""omega"": 1.460602617766533e-07}",1.7671955719785233,True,2023-09-09,1.0686740363593894,1.62795073097752,student_t,ETH-USD,780,0.13155006671179328,0.04746692376104019,,-0.10804805042119209,2023-09-08,2022-04-27,2.6906389692996737,4.806330011167825
1.1275363335257733,-1.1275363335257733,4.090048651163995,6.841985038601887,False,False,2562.883500392954,2579.741932786643,0,null,-1277.441750196477,"{""alpha[1]"": 0.007971205241391185, ""beta[1]"": 0.9874888024227484, ""nu"": 3.5564804846132123, ""omega"": 1.4588724548617574e-07}",1.752691981045026,True,2023-09-10,1.0630650262721897,1.620765150202046,student_t,ETH-USD,781,0.07747169440564808,0.03646029394982254,,-0.11382879697056175,2023-09-09,2022-04-28,2.6769702216387334,4.773565728508024
4.115578460125092,-4.115578460125092,4.078035992610127,6.770581222321483,True,False,2559.8069433104006,2576.6653757040895,0,null,-1275.9034716552003,"{""alpha[1]"": 0.005876132914248758, ""beta[1]"": 0.9893968045239186, ""nu"": 3.6313313654615853, ""omega"": 5.622280656187623e-07}",1.74474336650384,True,2023-09-11,8.071045963596948,1.6152491668376534,student_t,ETH-USD,782,1.3572161438392631,0.006418532464890202,,-0.11938036008041811,2023-09-10,2022-04-29,2.6869298876627097,4.757431706614112
-2.594985110872341,2.594985110872341,4.178586286385078,6.91699956107513,False,False,2561.955541120268,2578.813973513957,0,null,-1276.977770560134,"{""alpha[1]"": 0.004115234447426485, ""beta[1]"": 0.9912600372406452, ""nu"": 3.6678482773639525, ""omega"": 1.458286040030246e-07}",1.7891874453308807,True,2023-09-12,1.0904015009509602,1.6387201534287161,student_t,ETH-USD,783,0.2677321335133495,0.07469658012825793,,-0.11917301479353719,2023-09-11,2022-04-30,2.759657559394644,4.874672901953446
-0.9723232863109296,0.9723232863109296,4.2181689783015,6.892128095756744,False,False,2561.41858147457,2578.277013868259,0,null,-1276.709290737285,"{""alpha[1]"": 0.0007836011083922338, ""beta[1]"": 0.9947961155590449, ""nu"": 3.837198275100211, ""omega"": 1.4579924754983327e-07}",1.812755448640566,True,2023-09-13,1.106700914799089,1.6442122134794195,student_t,ETH-USD,784,0.18935532425420448,0.05892146997690637,,-0.10782184367388643,2023-09-12,2022-05-01,2.814783198773157,4.919823711379702
-1.1738037582867353,1.1738037582867353,4.196013130681036,6.845093710126922,False,False,2557.8708968266483,2574.729329220337,0,null,-1274.9354484133241,"{""alpha[1]"": 0.0, ""beta[1]"": 0.9955917851673761, ""nu"": 3.85038978478861, ""omega"": 1.455603561325096e-07}",1.8008849997564145,True,2023-09-14,1.1024741252630408,1.6383148778376673,student_t,ETH-USD,785,0.1989082129749667,0.060665585199022286,,-0.11289989329928128,2023-09-13,2022-05-02,2.804360501212595,4.892754761615488
-0.8973902134002408,0.8973902134002408,4.134819117989656,6.7670984806881975,False,False,2554.759427458558,2571.617859852247,0,null,-1273.379713729279,"{""alpha[1]"": 3.9072540106277234e-10, ""beta[1]"": 0.9954100836735936, ""nu"": 3.808314405592825, ""omega"": 1.4727845162765837e-07}",1.7735927631955093,True,2023-09-15,1.0860301954975493,1.624635534107791,student_t,ETH-USD,786,0.18268026404880167,0.05719375046431538,,-0.11263873759891521,2023-09-14,2022-05-03,2.7562150675757895,4.8219848330312916
0.3917594997768792,-0.3917594997768792,4.074974832126721,6.699425900991162,False,False,2551.158828269782,2568.017260663471,0,null,-1271.579414134891,"{""alpha[1]"": 4.861271235933826e-10, ""beta[1]"": 0.9952564810515867, ""nu"": 3.7597571843611273, ""omega"": 1.45881180097661e-07}",1.749922115814024,True,2023-09-16,1.0687766982504154,1.6116382606784674,student_t,ETH-USD,787,0.11568328557574997,0.0436226315343009,,-0.10560092927150917,2023-09-15,2022-05-04,2.705425211291877,4.754022653206965
0.756572244647394,-0.756572244647394,4.065029630274593,6.698876908782343,False,False,2546.6734178350944,2563.5318502287832,0,null,-1269.3367089175472,"{""alpha[1]"": 6.059508450562136e-16, ""beta[1]"": 0.9952211625760897, ""nu"": 3.717753158598479, ""omega"": 1.6473597275491648e-07}",1.7401044025446168,True,2023-09-17,1.0653838998640452,1.609686752727248,student_t,ETH-USD,788,0.09691957283055419,0.0398453689283392,,-0.11737009785470097,2023-09-16,2022-05-05,2.694963701258476,4.741109137481311
-0.8864620331752516,0.8864620331752516,4.049015011857531,6.688408286732033,False,False,2542.1432154052104,2559.0016477988993,0,null,-1267.0716077026052,"{""alpha[1]"": 1.0807444688673701e-10, ""beta[1]"": 0.9952554833833734, ""nu"": 3.703429109355716, ""omega"": 1.4410476082624656e-07}",1.738249360730539,True,2023-09-18,1.059765841903514,1.6067690085062214,student_t,ETH-USD,789,0.1782022033660793,0.05611107409487098,,-0.10542041623950354,2023-09-17,2022-05-06,2.6775820341463312,4.724645376311842
-0.37780212778485506,0.37780212778485506,3.988468208852332,6.619034767915883,False,False,2538.7340113452406,2555.5924437389294,0,null,-1265.3670056726203,"{""alpha[1]"": 1.6671976318202202e-10, ""beta[1]"": 0.995088523205605, ""nu"": 3.6555569570638413, ""omega"": 1.444950720338154e-07}",1.7139714845385314,True,2023-09-19,1.0419928064583668,1.5932993959346202,student_t,ETH-USD,790,0.15022748419928939,0.05033299186435302,,-0.0996626816163134,2023-09-18,2022-05-07,2.62674755620093,4.655497058650443
1.2646402792534084,-1.2646402792534084,3.923118355946604,6.545800387440473,False,False,2534.744304323025,2551.602736716714,0,null,-1263.3721521615125,"{""alpha[1]"": 7.154994605494285e-08, ""beta[1]"": 0.9949176757223479, ""nu"": 3.600384019690861, ""omega"": 1.4382940441545968e-07}",1.6874716343978833,True,2023-09-20,1.0223618535596541,1.5786091596254028,student_t,ETH-USD,791,0.06534328959664132,0.03316015772674135,,-0.09448852103101255,2023-09-19,2022-05-08,2.5715060711862336,4.580656051927541
2.4061803464431697,-2.4061803464431697,3.9000583046690083,6.53989460839321,False,False,2531.3020049049774,2548.1604372986662,0,null,-1261.6510024524887,"{""alpha[1]"": 5.914688343478729e-11, ""beta[1]"": 0.9948449525913909, ""nu"": 3.55426954394889, ""omega"": 1.434494947537346e-07}",1.6804270521097355,True,2023-09-21,1.0134927196455754,1.574479361348394,student_t,ETH-USD,792,0.006930622129000513,0.02149237595663744,,-0.08780830911740393,2023-09-20,2022-05-09,2.54479278902318,4.555417942106912
-0.5640355844185039,0.5640355844185039,3.98426640239783,6.597609583134158,False,False,2530.258175717354,2547.1166081110428,0,null,-1261.129087858677,"{""alpha[1]"": 0.0, ""beta[1]"": 0.9952862970753795, ""nu"": 3.7149301878048027, ""omega"": 1.409784096236036e-07}",1.7254818910989607,True,2023-09-22,1.041235267027993,1.5922232910063112,student_t,ETH-USD,793,0.15945986225369624,0.052187539942154255,,-0.06975002689714847,2023-09-21,2022-05-10,2.6251616606554182,4.654718409796916
-0.03699113172249491,0.03699113172249491,3.96009699691853,6.578889074440893,False,False,2526.1706647367555,2543.0290971304444,0,null,-1259.0853323683777,"{""alpha[1]"": 7.959275077346328e-11, ""beta[1]"": 0.9952045978603088, ""nu"": 3.6688128703557785, ""omega"": 1.4070030766890249e-07}",1.7114019292996367,True,2023-09-23,1.033587653905025,1.5870096366947641,student_t,ETH-USD,794,0.13200193316657194,0.04662895795853891,,-0.07717255564458875,2023-09-22,2022-05-11,2.6030475316089414,4.625904664131392
0.8192535314077576,-0.8192535314077576,3.928213772633318,6.613835431710663,False,False,2523.9313995841617,2540.7898319778506,0,null,-1257.9656997920808,"{""alpha[1]"": 0.0056953753260988, ""beta[1]"": 0.9897226534283351, ""nu"": 3.551403341403199, ""omega"": 1.37610435020094e-07}",1.708425938577455,True,2023-09-24,1.0172773318252641,1.583847598827579,student_t,ETH-USD,795,0.08652603227746204,0.03775271237941881,,-0.052481879515796456,2023-09-23,2022-05-12,2.549774176956997,4.594524769349635
-0.47138405660017213,0.47138405660017213,3.9014457402581657,6.609792689645235,False,False,2519.918449505477,2536.776881899166,0,null,-1255.9592247527385,"{""alpha[1]"": 0.006344625571400936, ""beta[1]"": 0.9891351251147071, ""nu"": 3.4977014135841995, ""omega"": 1.370331554350172e-07}",1.701158512426838,True,2023-09-25,1.0066696005659685,1.5792585874678648,student_t,ETH-USD,796,0.14945372189083897,0.050368094907626684,,-0.043169480851376646,2023-09-24,2022-05-13,2.5176903812166045,4.565425434162492
-0.32022504503681615,0.32022504503681615,3.881147440818408,6.555458755994414,False,False,2516.0075391172295,2532.8659715109184,0,null,-1254.0037695586147,"{""alpha[1]"": 0.0051446039301177365, ""beta[1]"": 0.990202373845297, ""nu"": 3.5233849475662407, ""omega"": 1.369194688850148e-07}",1.6900532216632689,True,2023-09-26,1.003301411747593,1.5729385447711035,student_t,ETH-USD,797,0.1415994722628403,0.04860800910676556,,-0.047530352218619835,2023-09-25,2022-05-14,2.5117644002199873,4.540575865639736
-0.25534905067319286,0.25534905067319286,3.856727648781836,6.482157368261887,False,False,2512.071854884678,2528.930287278367,0,null,-1252.035927442339,"{""alpha[1]"": 0.0036616858219180133, ""beta[1]"": 0.9915611284734721, ""nu"": 3.5701844431225527, ""omega"": 1.3680704429192307e-07}",1.677473202681249,True,2023-09-27,0.9998690302552462,1.564925554879494,student_t,ETH-USD,798,0.13812073632634467,0.04766101982453884,,-0.05100293123645668,2023-09-26,2022-05-15,2.5070656758536978,4.510752931780687
-3.4086442850481307,3.4086442850481307,3.8394432947872157,6.467217734910701,False,False,2507.6835956968307,2524.5420280905196,0,null,-1249.8417978484154,"{""alpha[1]"": 0.0035449112314524436, ""beta[1]"": 0.9916402772456003, ""nu"": 3.538314383716712, ""omega"": 1.3650655096663607e-07}",1.6665001160381616,True,2023-09-28,0.9944272399126415,1.5609454038788795,student_t,ETH-USD,799,0.2950413193432911,0.07898183042757127,,-0.05900691940024861,2023-09-27,2022-05-16,2.492182101817685,4.489538757708989
-0.9070790717855807,0.9070790717855807,3.9013156010495296,6.598983839559159,False,False,2508.8789043111688,2525.7373367048576,0,null,-1250.4394521555844,"{""alpha[1]"": 0.0032593147712182643, ""beta[1]"": 0.9920694050419773, ""nu"": 3.516775176912427, ""omega"": 1.3611247050835421e-07}",1.702149288453015,True,2023-09-29,1.0074426614687635,1.5787682431775818,student_t,ETH-USD,800,0.17139157814263614,0.05472602998606475,,-0.040385046897276886,2023-09-28,2022-05-17,2.5207524910671393,4.56552392682089
-0.19274729660440623,0.19274729660440623,3.8909394864839495,6.542528649585826,False,False,2505.413591070608,2522.272023464297,0,null,-1248.706795535304,"{""alpha[1]"": 0.0017193095801884483, ""beta[1]"": 0.9935738533811408, ""nu"": 3.5725537742442457, ""omega"": 1.3578690247395799e-07}",1.69512114939972,True,2023-09-30,1.0082524256888208,1.5740511936727142,student_t,ETH-USD,801,0.13601542641974196,0.04744564131139094,,-0.04515363752346495,2023-09-29,2022-05-18,2.527561231790431,4.551816834534683
-3.6802432171211574,3.6802432171211574,3.8431487474697317,6.611660837531533,False,False,2500.791624143469,2517.650056537158,0,null,-1246.3958120717346,"{""alpha[1]"": 0.006282648164171949, ""beta[1]"": 0.9892699796527619, ""nu"": 3.3671567483838163, ""omega"": 1.34294443620296e-07}",1.6845768754871877,True,2023-10-01,0.9825198360343455,1.5696040552954065,student_t,ETH-USD,802,0.30626806816379937,0.08181258088661678,,-0.027412591124777903,2023-09-30,2022-05-19,2.445118146154824,4.501014871540512
4.132104720355848,-4.132104720355848,3.9469254730743044,6.812339666262278,True,False,2502.6773980977064,2519.5358304913952,0,null,-1247.3386990488532,"{""alpha[1]"": 0.0059405158802550906, ""beta[1]"": 0.9897716852421696, ""nu"": 3.335684460176677, ""omega"": 1.3402920533657565e-07}",1.7299193164949576,True,2023-10-02,9.256243264339961,1.5972638403029018,student_t,ETH-USD,803,1.5464821698306148,0.004902599589396445,,-0.030390391098583686,2023-10-01,2022-05-20,2.5042287521130953,4.622364679295492
0.418147543903953,-0.418147543903953,4.032452460978216,6.916355604255308,False,False,2505.7491656317675,2522.6075980254564,0,null,-1248.8745828158837,"{""alpha[1]"": 0.003739061071451382, ""beta[1]"": 0.9918899566443881, ""nu"": 3.3909765466628197, ""omega"": 1.3421643616013704e-07}",1.7651556471236365,True,2023-10-03,1.0324341266307115,1.6165933218444364,student_t,ETH-USD,804,0.1077398295995222,0.04303678428375984,,-0.03292300265131612,2023-10-02,2022-05-21,2.572944135894395,4.721825972279933
0.5354813985898335,-0.5354813985898335,3.974890541545982,6.729922258465831,False,False,2502.17084099076,2519.029273384449,0,null,-1247.08542049538,"{""alpha[1]"": 0.0011224032447550202, ""beta[1]"": 0.9943427626221975, ""nu"": 3.513380350282867, ""omega"": 1.3419784485089958e-07}",1.7369456652790842,True,2023-10-04,1.0253938515562133,1.597909986854174,student_t,ETH-USD,805,0.1014949801733099,0.04117226091783415,,-0.035101090769155865,2023-10-03,2022-05-22,2.56538100205603,4.652707490373245
2.231340536292127,-2.231340536292127,3.9410645588771973,6.650573192161155,False,False,2498.059621148663,2514.918053542352,0,null,-1245.0298105743316,"{""alpha[1]"": 3.152925690236097e-11, ""beta[1]"": 0.9954267368445695, ""nu"": 3.5383508046518495, ""omega"": 1.3404075359815948e-07}",1.7183495902084598,True,2023-10-05,1.0189647397824166,1.5880847731473704,student_t,ETH-USD,806,0.016027669507642086,0.023800453951087527,,-0.04300767939482649,2023-10-04,2022-05-23,2.5518939264449685,4.611385931400878
-2.1094951513917115,2.1094951513917115,3.9454158575402927,6.689725509345177,False,False,2496.9705828996985,2513.8290152933873,0,null,-1244.4852914498492,"{""alpha[1]"": 0.0, ""beta[1]"": 0.9953618769672243, ""nu"": 3.4930054517146965, ""omega"": 1.3381543340935368e-07}",1.7218171519786734,True,2023-10-06,1.0173169206323966,1.590809605744533,student_t,ETH-USD,807,0.23266757861648774,0.06726989628570373,,-0.04039793669056712,2023-10-05,2022-05-24,2.543856420938039,4.617494477178656
0.6901935999914013,-0.6901935999914013,3.9232353801502655,6.684840497154411,False,False,2496.4579747168746,2513.3164071105634,0,null,-1244.2289873584373,"{""alpha[1]"": 0.0, ""beta[1]"": 0.9952212781941913, ""nu"": 3.448367400502702, ""omega"": 1.3390479051589668e-07}",1.7141684387463159,True,2023-10-07,1.0088252785745544,1.5868577313532435,student_t,ETH-USD,808,0.0914082490890049,0.03902394640392427,,-0.03686744309993107,2023-10-06,2022-05-25,2.5183585817714977,4.592588240383825
0.05891238732646649,-0.05891238732646649,3.8681226189089166,6.627190030351898,False,False,2493.0947777459405,2509.9532101396294,0,null,-1242.5473888729703,"{""alpha[1]"": 0.0, ""beta[1]"": 0.9950556960117332, ""nu"": 3.3980032466749828, ""omega"": 1.3385520518041186e-07}",1.6916708436227488,True,2023-10-08,0.9915528814903056,1.5745472224286452,student_t,ETH-USD,809,0.12059904590694852,0.04469886172171769,,-0.034765932466876835,2023-10-07,2022-05-26,2.4708933054654345,4.528798559498232
3.3452233451875424,-3.3452233451875424,3.852336809080881,6.605446829585373,True,False,2487.8107732254225,2504.6692056191114,0,null,-1239.9053866127113,"{""alpha[1]"": 0.0, ""beta[1]"": 0.9951364972482462, ""nu"": 3.4055279362766773, ""omega"": 1.327319624068443e-07}",1.6911411469402835,True,2023-10-09,5.596998208308032,1.5710887749008235,student_t,ETH-USD,810,0.8436533176736718,0.011675795446164303,,-0.019840736672235012,2023-10-08,2022-05-27,2.4571672213205193,4.512802889803972
0.7684582682832717,-0.7684582682832717,3.912073293055756,6.760612243397477,False,False,2489.077959706292,2505.936392099981,0,null,-1240.538979853146,"{""alpha[1]"": 4.5389542798126284e-10, ""beta[1]"": 0.9951524793807076, ""nu"": 3.336673457612025, ""omega"": 1.3276994872250893e-07}",1.72015696068036,True,2023-10-10,0.9974244241350472,1.589115143784344,student_t,ETH-USD,811,0.0854640244365018,0.038152482533115456,,-0.017575973113783984,2023-10-09,2022-05-28,2.4777387570133063,4.583706521594814
0.09306107850499913,-0.09306107850499913,3.8732720294019467,6.728717850322933,False,False,2485.9515052193146,2502.8099376130035,0,null,-1238.9757526096573,"{""alpha[1]"": 0.0, ""beta[1]"": 0.995001621549871, ""nu"": 3.285619029479199, ""omega"": 1.3249338791926815e-07}",1.7022985464500913,True,2023-10-11,0.9847012412512428,1.5807340510003667,student_t,ETH-USD,812,0.11747152414634318,0.04444446022829454,,-0.022905159846405166,2023-10-10,2022-05-29,2.4424915614318605,4.53750710133445
1.7156552996221823,-1.7156552996221823,3.8378662992091783,6.706466861970237,False,False,2481.931454737841,2498.7898871315297,0,null,-1236.9657273689204,"{""alpha[1]"": 9.781180250616133e-10, ""beta[1]"": 0.9948726648947437, ""nu"": 3.2301373066948953, ""omega"": 1.365971680173232e-07}",1.6861106072686376,True,2023-10-12,0.9724451825830269,1.5733192581240147,student_t,ETH-USD,813,0.03463578246224976,0.027793339546864314,,-0.029152210397056316,2023-10-11,2022-05-30,2.408370948867177,4.494989254308611
-0.8071359477739888,0.8071359477739888,3.9095775978335885,6.753644913292301,False,False,2478.364225476755,2495.222657870444,0,null,-1235.1821127383776,"{""alpha[1]"": 0.0, ""beta[1]"": 0.9951285919719977, ""nu"": 3.3071382477619333, ""omega"": 1.3046838039565455e-07}",1.7047635715119172,True,2023-10-13,0.9981591745022713,1.5874926157410907,student_t,ETH-USD,814,0.16443307507372093,0.053821243682085816,,-0.05196710473003849,2023-10-12,2022-05-31,2.481525553700427,4.574988420434588
-0.20386263884976846,0.20386263884976846,3.870833885273873,6.730953294119601,False,False,2475.2368312515755,2492.0952636452644,0,null,-1233.6184156257877,"{""alpha[1]"": 4.341337180878813e-11, ""beta[1]"": 0.9950020057711181, ""nu"": 3.256751807646719, ""omega"": 1.32106202826762e-07}",1.692613217551317,True,2023-10-14,0.9842826985219322,1.5798638268020415,student_t,ETH-USD,815,0.13228169849433827,0.047347839569280514,,-0.04485703634912083,2023-10-13,2022-06-01,2.4417713310369944,4.530921318078279
-0.18070630375026653,0.18070630375026653,3.8487492829265477,6.721759547980656,False,False,2470.1223976077795,2486.9808300014683,0,null,-1231.0611988038897,"{""alpha[1]"": 0.0, ""beta[1]"": 0.9950086369729375, ""nu"": 3.2323119163520326, ""omega"": 1.2955198823463787e-07}",1.6896448780700946,True,2023-10-15,0.9756777439107336,1.5759017830761861,student_t,ETH-USD,816,0.12987247774830782,0.04687994437993774,,-0.03183101085731892,2023-10-14,2022-06-02,2.4167432512158875,4.507288134243503
-2.6889749374948724,2.6889749374948724,3.7911122397864445,6.659370359420231,False,False,2466.758870251483,2483.617302645172,0,null,-1229.3794351257416,"{""alpha[1]"": 5.20102738341503e-16, ""beta[1]"": 0.9948314053691102, ""nu"": 3.184305201916565, ""omega"": 1.2954543382406564e-07}",1.6661128014621567,True,2023-10-16,0.9573985259270308,1.5626786052204347,student_t,ETH-USD,817,0.2528715460719709,0.07128468599289006,,-0.0326267351496493,2023-10-15,2022-06-03,2.3684559839445405,4.439493661794128
2.217084910324277,-2.217084910324277,3.8271921847346704,6.791146397019181,False,False,2467.6724372555973,2484.530869649286,0,null,-1229.8362186277986,"{""alpha[1]"": 0.0, ""beta[1]"": 0.9948011412876007, ""nu"": 3.1164553270519173, ""omega"": 1.2948206619409654e-07}",1.6915885048336028,True,2023-10-17,0.960747494042369,1.5758148318506984,student_t,ETH-USD,818,0.007523884048625458,0.02266396450082624,,-0.020701439742026397,2023-10-16,2022-06-04,2.367562591296786,4.483481360406899
0.10799583659634429,-0.10799583659634429,3.856252539830576,6.892666940927757,False,False,2468.0863419772486,2484.9447743709375,0,null,-1230.0431709886243,"{""alpha[1]"": 0.0, ""beta[1]"": 0.9947199640794481, ""nu"": 3.0564553864805446, ""omega"": 1.2953274363854383e-07}",1.7059448427471575,True,2023-10-18,0.9644774089130026,1.585595622699076,student_t,ETH-USD,819,0.11313785223479676,0.044076490161796794,,-0.02810275344547609,2023-10-17,2022-06-05,2.370752881292278,4.51564485277602
-0.23678759276244743,0.23678759276244743,3.80830690417311,6.856578417204164,False,False,2464.9453531335853,2481.803785527274,0,null,-1228.4726765667926,"{""alpha[1]"": 0.0, ""beta[1]"": 0.994553279027509, ""nu"": 3.0041314223274624, ""omega"": 1.2953183263697274e-07}",1.689289132978695,True,2023-10-19,0.9479144577968697,1.5754644931998198,student_t,ETH-USD,820,0.1281316957244625,0.04695318497600568,,-0.028717485917543206,2023-10-18,2022-06-06,2.3258463217268006,4.458530904838116
-2.3461596697494533,2.3461596697494533,3.786821032635332,6.866583821336336,False,False,2461.2391106713408,2478.0975430650296,0,null,-1226.6195553356704,"{""alpha[1]"": 0.0, ""beta[1]"": 0.994441572944835, ""nu"": 2.951132845445966, ""omega"": 1.3006404719016234e-07}",1.6832959979701283,True,2023-10-20,0.9384581449859897,1.5720132778225908,student_t,ETH-USD,821,0.2322249856779486,0.06777485887737775,,-0.03414798756771825,2023-10-19,2022-06-07,2.2983400438095147,4.431326217988316
-1.5237024254488953,1.5237024254488953,3.8603821225489203,7.064419297317591,False,False,2462.1715526095377,2479.0299850032266,0,null,-1227.0857763047688,"{""alpha[1]"": 0.0, ""beta[1]"": 0.9942920405394464, ""nu"": 2.8991927652920397, ""omega"": 0.0012657265683833896}",1.727871738919761,True,2023-10-21,0.9521515088765735,1.5945807965211887,student_t,ETH-USD,822,0.19226398103766587,0.06041469055256048,,-0.024528964444487975,2023-10-20,2022-06-08,2.3215771953044184,4.517766629807148
-2.0728493098708096,2.0728493098708096,4.577863940640905,8.476502469313498,False,False,2468.742909344482,2485.601341738171,0,null,-1230.371454672241,"{""alpha[1]"": 0.017216388307060595, ""beta[1]"": 0.9753908377551, ""nu"": 2.832271467759819, ""omega"": 0.05148254779175305}",2.0671566054844392,True,2023-10-22,1.1156622042592703,1.7692021761393621,student_t,ETH-USD,823,0.23970338072301078,0.07429187296823551,,-0.01921122175974744,2023-10-21,2022-06-09,2.721218304589402,5.356337986952735
-5.94857936529033,5.94857936529033,4.105609998602378,7.546304290498546,False,False,2462.156303575328,2479.014735969017,0,null,-1227.078151787664,"{""alpha[1]"": 0.0, ""beta[1]"": 0.9933128438162971, ""nu"": 2.8793947846447945, ""omega"": 0.010332983633058441}",1.846129069284893,True,2023-10-23,1.0108544138268094,1.6579320923541618,student_t,ETH-USD,824,0.42028936451783694,0.10754625472426188,,-0.0146473483199678,2023-10-22,2022-06-10,2.4572079250664003,4.806046107135849
-1.0735751105920457,1.0735751105920457,4.301538290610158,7.988410791807196,False,False,2466.313219300851,2483.17165169454,0,null,-1229.1566096504255,"{""alpha[1]"": 0.0, ""beta[1]"": 0.993170419925482, ""nu"": 2.833693524474109, ""omega"": 0.014338321317262126}",1.9555649461088054,True,2023-10-24,1.0507190641675948,1.7086764179908451,student_t,ETH-USD,825,0.1809497375629539,0.0611174259687359,,0.011703399666995476,2023-10-23,2022-06-11,2.545419640667029,5.038167486281539
-0.16574582022232173,0.16574582022232173,4.28115968536818,7.998594457206124,False,False,2461.2726775751325,2478.1311099688214,0,null,-1226.6363387875663,"{""alpha[1]"": 0.0, ""beta[1]"": 0.9933536605620367, ""nu"": 2.8100896962557793, ""omega"": 0.013185359541636393}",1.9603061490501876,True,2023-10-25,1.0418936936603678,1.7064347914484777,student_t,ETH-USD,826,0.13408269658856595,0.05182215971842176,,0.03081109886466708,2023-10-24,2022-06-12,2.5159081115489945,5.01647015161985
-0.9267512484962146,0.9267512484962146,4.231814836682592,8.005023859407311,False,False,2456.540902987456,2473.3993353811447,0,null,-1224.270451493728,"{""alpha[1]"": 1.5289010912613455e-10, ""beta[1]"": 0.9935414109889377, ""nu"": 2.746565022268986, ""omega"": 0.01116779547245916}",1.9597686949972237,True,2023-10-26,1.0228195074291264,1.699336174173891,student_t,ETH-USD,827,0.1691000917151889,0.05883997135404737,,0.04250030474339625,2023-10-25,2022-06-13,2.45525058580756,4.957245886908518
1.3389403528757016,-1.3389403528757016,3.8489096906148372,6.9719934929454,False,False,2447.8692291789766,2464.7276615726655,0,null,-1219.9346145894883,"{""alpha[1]"": 8.188942844764221e-12, ""beta[1]"": 0.994817969446768, ""nu"": 3.050199306440572, ""omega"": 0.0013877071306016618}",1.7517637136691717,True,2023-10-27,0.951098197822172,1.5910277253864913,student_t,ETH-USD,828,0.049156937944957076,0.031867655976447716,,0.08077899143294982,2023-10-26,2022-06-14,2.3220791117748423,4.525705950520471
0.19271573523490093,-0.19271573523490093,3.9252116483733213,7.121988458965552,False,False,2446.8311605863646,2463.6895929800535,0,null,-1219.4155802931823,"{""alpha[1]"": 7.057855775157464e-16, ""beta[1]"": 0.9943820587220128, ""nu"": 3.0342182548410226, ""omega"": 0.004656619048998389}",1.7856042246939836,True,2023-10-28,0.9699783073597181,1.61107418433226,student_t,ETH-USD,829,0.10862260401588754,0.044215295679930496,,0.07692902817965463,2023-10-27,2022-06-15,2.36516781555265,4.614245303227947
-1.0597516331383812,1.0597516331383812,3.903934838344488,7.1350970799616995,False,False,2443.741311109855,2460.599743503544,0,null,-1217.8706555549275,"{""alpha[1]"": 2.0852623510561287e-13, ""beta[1]"": 0.9942222526693452, ""nu"": 2.9815168775437826, ""omega"": 0.004965936483024719}",1.7800864125283007,True,2023-10-29,0.9605240841621527,1.6079966607673608,student_t,ETH-USD,830,0.16982046520425828,0.05647410737616259,,0.07301880510584015,2023-10-28,2022-06-16,2.3366576709467815,4.587659104477873
-0.8066641406514313,0.8066641406514313,3.7061797593529437,6.558055178592532,False,False,2437.18960328522,2454.048035678909,0,null,-1214.59480164261,"{""alpha[1]"": 0.0, ""beta[1]"": 0.9951696115323414, ""nu"": 3.2522322923433387, ""omega"": 1.1617813379882964e-07}",1.6857884073308094,True,2023-10-30,0.92569632952815,1.5460650037814112,student_t,ETH-USD,831,0.15442696839544431,0.05170203292225468,,0.10395471965934945,2023-10-29,2022-06-17,2.281875227257452,4.363539151574032
-0.3513185675472777,0.3513185675472777,3.674180884515978,6.547078413959307,False,False,2434.4439681793674,2451.3024005730563,0,null,-1213.2219840896837,"{""alpha[1]"": 0.0, ""beta[1]"": 0.9950273507149966, ""nu"": 3.1950030365106485, ""omega"": 1.1613415536107583e-07}",1.6734298133832206,True,2023-10-31,0.9130722812984811,1.5397194357860005,student_t,ETH-USD,832,0.12994847790820682,0.046769767411251474,,0.10207930700201873,2023-10-30,2022-06-18,2.2476509906168567,4.325658173577866
-1.6722284451424998,1.6722284451424998,3.6501550169603165,6.451989585141463,False,False,2428.5799501371775,2445.4383825308664,0,null,-1210.2899750685888,"{""alpha[1]"": 6.139809240394843e-16, ""beta[1]"": 0.9952047041374759, ""nu"": 3.2786205266995267, ""omega"": 1.1449810824900552e-07}",1.6673750760657933,True,2023-11-01,0.9104138096201808,1.5309556274942024,student_t,ETH-USD,833,0.19597125550781352,0.05972912312383549,,0.120654508863561,2023-10-31,2022-06-19,2.2471966650137674,4.300683867241045
2.5479687336297383,-2.5479687336297383,3.748365779795187,6.374033223903815,True,False,2425.6775900386983,2442.536022432387,0,null,-1208.8387950193492,"{""alpha[1]"": 5.7830387923372595e-18, ""beta[1]"": 0.995878342225726, ""nu"": 3.6162766005304214, ""omega"": 1.1140048312708317e-07}",1.6955682306604654,True,2023-11-02,1.7842520749157078,1.5439193567612808,student_t,ETH-USD,834,0.14678179852684317,0.018608667283363668,,0.09869393941738559,2023-11-01,2022-06-20,2.393461577285693,4.408835461966103
-1.7710624806014197,1.7710624806014197,3.7505303557444583,6.409582078369406,False,False,2426.397947754798,2443.256380148487,0,null,-1209.198973877399,"{""alpha[1]"": 0.0, ""beta[1]"": 0.9957523552158934, ""nu"": 3.558808380071163, ""omega"": 1.1154012036731217e-07}",1.6944557452743867,True,2023-11-03,0.9577755126934724,1.5460308371806555,student_t,ETH-USD,835,0.2077971588354469,0.06182372526474894,,0.09360049173091552,2023-11-02,2022-06-21,2.3848806961075146,4.411310045873469
-1.3496199442146435,1.3496199442146435,3.7193787536241705,6.390100765470914,False,False,2425.387292247093,2442.2457246407816,0,null,-1208.6936461235464,"{""alpha[1]"": 0.0, ""beta[1]"": 0.995602851325912, ""nu"": 3.5110025926457924, ""omega"": 1.1159387050142682e-07}",1.68284185509365,True,2023-11-04,0.9462649735519522,1.5395753487508235,student_t,ETH-USD,836,0.1851450915156191,0.05725722689792423,,0.09764302312093376,2023-11-03,2022-06-22,2.3532818860977347,4.376102745577775
-1.9435848051120739,1.9435848051120739,3.729121929305927,6.393228259895287,False,False,2422.032993750109,2438.891426143798,0,null,-1207.0164968750546,"{""alpha[1]"": 0.0, ""beta[1]"": 0.9957403966938498, ""nu"": 3.549519198009888, ""omega"": 1.1068523887337462e-07}",1.6939914255681983,True,2023-11-05,0.9495503028092254,1.541875833232138,student_t,ETH-USD,837,0.21527633734460966,0.06333408600788562,,0.11383899986439075,2023-11-04,2022-06-23,2.361941941780115,4.389823795676483
-0.299404246326716,0.299404246326716,3.8111958273516144,6.458034185468587,False,False,2419.7670834138426,2436.6255158075314,0,null,-1205.8835417069213,"{""alpha[1]"": 1.9974143461860007e-17, ""beta[1]"": 0.9960568169530164, ""nu"": 3.654752205255578, ""omega"": 1.0938225513767362e-07}",1.7242601714842203,True,2023-11-06,0.978461043072167,1.5593816850086286,student_t,ETH-USD,838,0.13702719595379323,0.047816462654420834,,0.10095591954596497,2023-11-05,2022-06-24,2.4411396727491463,4.482242019115363
0.6184419143133392,-0.6184419143133392,3.829521751372741,6.493097977086261,False,False,2415.507054178773,2432.365486572462,0,null,-1203.7535270893866,"{""alpha[1]"": 0.000890641555547541, ""beta[1]"": 0.9952608952006116, ""nu"": 3.6323645295569427, ""omega"": 1.0841680130873515e-07}",1.7263778146035564,True,2023-11-07,0.983359892325971,1.5640528871602295,student_t,ETH-USD,839,0.09174130899686414,0.03883308129264162,,0.08746453875137664,2023-11-06,2022-06-25,2.45326809425062,4.5017500435774975
-0.06343544458923944,0.06343544458923944,3.7959745370421,6.423926079304067,False,False,2412.343172250557,2429.201604644246,0,null,-1202.1715861252785,"{""alpha[1]"": 3.0273519617904444e-09, ""beta[1]"": 0.9960759535711186, ""nu"": 3.6493556109121896, ""omega"": 1.1617373847574965e-07}",1.7098692633710593,True,2023-11-08,0.9757470895283997,1.554543631794926,student_t,ETH-USD,840,0.12498571809435569,0.04524943083426867,,0.08353932099556889,2023-11-07,2022-06-26,2.436278917297872,4.461507638837624
-11.546245290568118,11.546245290568118,3.7556817713678234,6.387788591493139,False,False,2408.2977936518846,2425.1562260455735,0,null,-1200.1488968259423,"{""alpha[1]"": 0.0, ""beta[1]"": 0.995996139451539, ""nu"": 3.6049966823611554, ""omega"": 1.0812745225922751e-07}",1.6953337538855886,True,2023-11-09,0.9619557165013655,1.5457415754812476,student_t,ETH-USD,841,0.697247311165514,0.15962464909255525,,0.09080739442623514,2023-11-08,2022-06-27,2.39870093274215,4.416219618687393
2.0135351256461957,-2.0135351256461957,3.8668860745454876,6.724815634310299,False,False,2420.543006650728,2437.4014390444167,0,null,-1206.271503325364,"{""alpha[1]"": 0.0, ""beta[1]"": 0.996017649786679, ""nu"": 3.4088589076256954, ""omega"": 1.1073886024287739e-07}",1.7569628865768636,True,2023-11-10,0.9778000856157552,1.5828573501633096,student_t,ETH-USD,842,0.02023120736986503,0.02539520398199039,,0.11492783284224856,2023-11-09,2022-06-28,2.418159273043496,4.553055523845233
1.2382586356695704,-1.2382586356695704,3.8946967073557013,6.801100351459859,False,False,2419.4574351349665,2436.3158675286554,0,null,-1205.7287175674833,"{""alpha[1]"": 0.0, ""beta[1]"": 0.9960296186705838, ""nu"": 3.3749790119281484, ""omega"": 1.104568271979796e-07}",1.7719124772205879,True,2023-11-11,0.9825060358321789,1.5914882766685072,student_t,ETH-USD,843,0.059385493968200996,0.033484297016694475,,0.11930165241175014,2023-11-10,2022-06-29,2.4259685150335892,4.586688337339015
0.3673521486571377,-0.3673521486571377,3.8952888677190702,6.831314311825934,False,False,2416.8778145902193,2433.736246983908,0,null,-1204.4389072951096,"{""alpha[1]"": 0.0, ""beta[1]"": 0.9960089511253056, ""nu"": 3.342414187070558, ""omega"": 1.1014257060640551e-07}",1.7755340849015202,True,2023-11-12,0.9800299100852858,1.5932144926300964,student_t,ETH-USD,844,0.10243738934222842,0.04221223949895719,,0.12496263496327081,2023-11-11,2022-06-30,2.416099935501704,4.588576098552853
-0.491574505883015,0.491574505883015,3.8582126562964363,6.808767146191827,False,False,2413.396855766785,2430.255288160474,0,null,-1202.6984278833925,"{""alpha[1]"": 1.5234517317832388e-11, ""beta[1]"": 0.9959035434267043, ""nu"": 3.294483448296172, ""omega"": 1.1001337101624077e-07}",1.7629505583838936,True,2023-11-13,0.9666816184929936,1.585910755365295,student_t,ETH-USD,845,0.14350380626778694,0.050377862009360605,,0.13007164737703963,2023-11-12,2022-07-01,2.3785016194727215,4.546211695053041
3.7786727372140088,-3.7786727372140088,3.800465157286804,6.748853045066968,True,False,2410.4734467679373,2427.331879161626,0,null,-1201.2367233839686,"{""alpha[1]"": 3.7787322222453497e-19, ""beta[1]"": 0.9957327107008146, ""nu"": 3.246665264155354, ""omega"": 1.0994999813678652e-07}",1.7403607130879208,True,2023-11-14,8.57798935556028,1.5730433309701155,student_t,ETH-USD,846,1.3774025930322114,0.007003436908014128,,0.13247111819569302,2023-11-13,2022-07-02,2.3287752708643126,4.479016428015421
-4.028598697920784,4.028598697920784,3.924304385621429,7.008338125166778,False,False,2414.085946048291,2430.94437844198,0,null,-1203.0429730241456,"{""alpha[1]"": 0.0, ""beta[1]"": 0.9953923699828716, ""nu"": 3.1900248698471767, ""omega"": 0.002537986916641585}",1.79410472925308,True,2023-11-15,0.9771621216270137,1.6066919921292193,student_t,ETH-USD,847,0.3211159233370139,0.08651238191933779,,0.12364479494774497,2023-11-14,2022-07-03,2.393719768819488,4.622639494012988
4.951007443713502,-4.951007443713502,4.088441690701487,7.317121400175142,True,True,2417.9249094166817,2434.7833418103705,0,null,-1204.9624547083408,"{""alpha[1]"": 0.0, ""beta[1]"": 0.9947776871469698, ""nu"": 3.1745797398792073, ""omega"": 0.007752042804127729}",1.8707564991986723,True,2023-11-16,13.062413061175366,3.490874571884838,student_t,ETH-USD,848,2.339257621053034,0.1334660759524896,,0.13034624832753697,2023-11-15,2022-07-04,2.4886310004997823,4.816193225579674
-0.020354588380111963,0.020354588380111963,4.260675317144047,7.629496117141843,False,False,2420.2562424184052,2437.114674812094,0,null,-1206.1281212092026,"{""alpha[1]"": 2.0544884594383114e-18, ""beta[1]"": 0.9948213622653928, ""nu"": 3.1477414938339985, ""omega"": 0.00932748090332999}",1.9383989881044086,True,2023-11-17,1.0587480522274948,1.6891931380663583,student_t,ETH-USD,849,0.1308235444473533,0.05034240734341784,,0.10654234090285493,2023-11-16,2022-07-05,2.5961163005669516,5.013886145961668
-0.10213981767306364,0.10213981767306364,4.232597935525616,7.626662809163561,False,False,2417.3083097884296,2434.1667421821185,0,null,-1204.6541548942148,"{""alpha[1]"": 4.2849359581152066e-17, ""beta[1]"": 0.9945994063209026, ""nu"": 3.103744985111629, ""omega"": 0.010099973934473516}",1.9306390235213027,True,2023-11-18,1.0484610639493117,1.6847676106922709,student_t,ETH-USD,850,0.13327959881861232,0.050832447716354284,,0.1094739063762332,2023-11-17,2022-07-06,2.5634521586991803,4.98110495396236
-2.510860725621316,2.510860725621316,4.20761846205956,7.635943989106232,False,False,2412.875802564247,2429.7342349579358,0,null,-1202.4379012821234,"{""alpha[1]"": 0.0, ""beta[1]"": 0.9946720077979836, ""nu"": 3.046146237318435, ""omega"": 0.009088914645422478}",1.9209347162830248,True,2023-11-19,1.0387390873363875,1.6810577650440477,student_t,ETH-USD,851,0.25215917190364684,0.0746041237965504,,0.10064237948561447,2023-11-18,2022-07-07,2.5323227124516166,4.949551654033717
-0.44776653977165415,0.44776653977165415,4.318249941765956,7.86043551659032,False,False,2412.407926126822,2429.266358520511,0,null,-1202.203963063411,"{""alpha[1]"": 0.0, ""beta[1]"": 0.9943849665854774, ""nu"": 3.020753237859468, ""omega"": 0.012032546492408492}",1.9715688072281614,True,2023-11-20,1.0631609879648982,1.7078895842188695,student_t,ETH-USD,852,0.15200292520153275,0.05525981805014767,,0.09731180816761813,2023-11-19,2022-07-08,2.5922919642589983,5.078215265243108
4.303052497317202,-4.303052497317202,4.29737569276923,7.869963183861962,True,False,2409.7568787032665,2426.6153110969553,0,null,-1200.8784393516332,"{""alpha[1]"": 5.59814819595219e-19, ""beta[1]"": 0.9941618284231677, ""nu"": 2.982107818912858, ""omega"": 0.012953414127881294}",1.968485518373325,True,2023-11-21,9.146567432984405,1.7051792644952286,student_t,ETH-USD,853,1.6517483258416075,0.007504545385706762,,0.10066046909422804,2023-11-20,2022-07-09,2.564370049062878,5.053507035887877
-6.367702350900458,6.367702350900458,4.478554333803521,8.218384875773213,False,False,2414.0699419202583,2430.928374313947,0,null,-1203.0349709601292,"{""alpha[1]"": 0.0, ""beta[1]"": 0.9935482523443119, ""nu"": 2.9607037769402496, ""omega"": 0.0188875394985803}",2.049163989745059,True,2023-11-22,1.095250324320868,1.7468838397761508,student_t,ETH-USD,854,0.4518348455281036,0.1163166117480387,,0.09296077928176488,2023-11-21,2022-07-10,2.6689945596616056,5.263958823903402
0.10733198761012902,-0.10733198761012902,4.650608462399547,8.612762718833048,False,False,2419.703623752408,2436.562056146097,0,null,-1205.851811876204,"{""alpha[1]"": 5.360274024097758e-19, ""beta[1]"": 0.9932491730618388, ""nu"": 2.912037907015713, ""omega"": 0.023520633869486617}",2.1437759375319243,True,2023-11-23,1.127177416327084,1.7880711910111917,student_t,ETH-USD,855,0.13186805532629495,0.053602741554305854,,0.11384304177286093,2023-11-22,2022-07-11,2.744693094136026,5.46760614304071
-0.9143075273879462,0.9143075273879462,4.602477840288429,8.590788342868136,False,False,2414.761365359684,2431.619797753373,0,null,-1203.380682679842,"{""alpha[1]"": 0.0, ""beta[1]"": 0.9935440276834879, ""nu"": 2.8713143942555446, ""omega"": 0.02114997500988101}",2.1355645077922984,True,2023-11-24,1.111856619334628,1.7806403340982109,student_t,ETH-USD,856,0.18039809961735292,0.06326073164843114,,0.1261967495366803,2023-11-23,2022-07-12,2.693654464959109,5.411765637455163
-0.1565687497638453,0.1565687497638453,4.585221689490172,8.62454138033807,False,False,2410.72917097866,2427.587603372349,0,null,-1201.36458548933,"{""alpha[1]"": 0.0, ""beta[1]"": 0.9936953501648804, ""nu"": 2.832953837269086, ""omega"": 0.020113533909085848}",2.142113012745116,True,2023-11-25,1.1032706219456987,1.7798065670956889,student_t,ETH-USD,857,0.14089894541459447,0.05548586991038777,,0.13908824659777724,2023-11-24,2022-07-13,2.6614101585280414,5.3920182412749265
1.0187400099471922,-1.0187400099471922,4.546860698634883,8.602189202730273,False,False,2404.7670775365564,2421.6255099302452,0,null,-1198.3835387682782,"{""alpha[1]"": 0.0, ""beta[1]"": 0.9940725495911673, ""nu"": 2.7916918305060276, ""omega"": 0.016939968125019116}",2.128927387476153,True,2023-11-26,1.0919393659096035,1.7730912388889215,student_t,ETH-USD,858,0.08035413129848164,0.043238604303406945,,0.1253801687071426,2023-11-25,2022-07-14,2.6258226359168235,5.342600440287883
1.7537176365216702,-1.7537176365216702,4.570461345678204,8.675373939011191,False,False,2400.0147796852343,2416.873212078923,0,null,-1196.0073898426172,"{""alpha[1]"": 0.0, ""beta[1]"": 0.9942641979077843, ""nu"": 2.7636883422813296, ""omega"": 0.01583702347143696}",2.1405948792418665,True,2023-11-27,1.095751463913547,1.779009114605035,student_t,ETH-USD,859,0.043974784160432816,0.036121805891374786,,0.10981297556567993,2023-11-26,2022-07-15,2.633213319730326,5.365898225659145
-1.0754134409723857,1.0754134409723857,4.668683871506048,8.899437453667469,False,False,2398.8430967080194,2415.7015291017083,0,null,-1195.4215483540097,"{""alpha[1]"": 1.408335541595336e-19, ""beta[1]"": 0.9939977636222196, ""nu"": 2.733144130010771, ""omega"": 0.018900164229686992}",2.1906557382807392,True,2023-11-28,1.1149921753229166,1.8014192765029522,student_t,ETH-USD,860,0.18778873699496648,0.065524049944218,,0.09944155648234564,2023-11-27,2022-07-16,2.680361298926941,5.476991553449408
0.9515964938315388,-0.9515964938315388,4.630706517972194,8.792274772699775,False,False,2392.432581644727,2409.291014038416,0,null,-1192.2162908223636,"{""alpha[1]"": 7.873437514162184e-19, ""beta[1]"": 0.9944827467140372, ""nu"": 2.746313574212075, ""omega"": 0.01504369403612305}",2.1613530664920964,True,2023-11-29,1.109588159616377,1.7915417812095766,student_t,ETH-USD,861,0.08598797485003093,0.044791130237917275,,0.08309372961111897,2023-11-28,2022-07-17,2.6713559908321556,5.430709517623262
-1.1085004720933924,1.1085004720933924,4.655279452818003,8.875127895801937,False,False,2391.0012960199015,2407.8597284135903,0,null,-1191.5006480099507,"{""alpha[1]"": 0.0, ""beta[1]"": 0.9941699618218657, ""nu"": 2.723679502199754, ""omega"": 0.017467118374976703}",2.1803365464119606,True,2023-11-30,1.1125496144695788,1.7982178344491713,student_t,ETH-USD,862,0.18915902237708482,0.06566394283069404,,0.08326998454934001,2023-11-29,2022-07-18,2.674679975448301,5.457893810976006
-1.6708736688136887,1.6708736688136887,4.860254051112562,8.888819078694963,False,False,2384.0723745827127,2400.9308069764015,0,null,-1188.0361872913563,"{""alpha[1]"": 0.006697487539150194, ""beta[1]"": 0.9900122134519362, ""nu"": 2.953551445273884, ""omega"": 0.00891916107773313}",2.203265044544181,True,2023-12-01,1.180369064739577,1.8265072151973434,student_t,ETH-USD,863,0.22917593590268667,0.07374944528813587,,0.05249457208518295,2023-11-30,2022-07-19,2.9126450492400404,5.7040708599998915
-3.6950872390476017,3.6950872390476017,4.8155766235738655,8.81644533483735,False,False,2382.960416059246,2399.818848452935,0,null,-1187.480208029623,"{""alpha[1]"": 0.00597176012510871, ""beta[1]"": 0.9904432114900371, ""nu"": 2.951720899701866, ""omega"": 0.010002160068582679}",2.18707624756398,True,2023-12-02,1.1702846222337597,1.8178097173757588,student_t,ETH-USD,864,0.32884335581720575,0.09348112215259251,,0.0604164285773359,2023-12-01,2022-07-20,2.881779877296508,5.65302497621164
-1.2840280682587228,1.2840280682587228,5.013288920792766,9.221219971557431,False,False,2385.824080641712,2402.682513035401,0,null,-1188.912040320856,"{""alpha[1]"": 0.007248672777825088, ""beta[1]"": 0.9889435421134685, ""nu"": 2.925964585352692, ""omega"": 0.015415757287965898}",2.284954395968059,True,2023-12-03,1.2076507079550343,1.8597751074374775,student_t,ETH-USD,865,0.2134867541805134,0.07169635490112236,,0.07078063476292287,2023-12-02,2022-07-21,2.985707015351541,5.885607421853506
-2.2324660670672682,2.2324660670672682,5.012641461067863,9.26024420131243,False,False,2383.2518574075402,2400.110289801229,0,null,-1187.6259287037701,"{""alpha[1]"": 0.007076721428989205, ""beta[1]"": 0.9891334882812436, ""nu"": 2.895479885315461, ""omega"": 0.01576282057741888}",2.2884659030974106,True,2023-12-04,1.205179022783001,1.861012896135815,student_t,ETH-USD,866,0.2603022614297022,0.08115336933432986,,0.06604407050470175,2023-12-03,2022-07-22,2.9735791615267706,5.88287086636571
-2.23175822520356,2.23175822520356,5.072901579502235,9.40580205566872,False,False,2383.034808488222,2399.893240881911,0,null,-1187.517404244111,"{""alpha[1]"": 0.00743222369678548, ""beta[1]"": 0.9886213118160909, ""nu"": 2.8775474155561773, ""omega"": 0.018651804462033305}",2.323755530339727,True,2023-12-05,1.2148040938259967,1.8743738884334595,student_t,ETH-USD,867,0.2614645401868076,0.08186074406312127,,0.07556288837385457,2023-12-04,2022-07-23,2.9975325785325864,5.95431618110856
2.748173231451671,-2.748173231451671,5.0818243333609106,9.405628855847292,False,False,2383.6104449007325,2400.4688772944214,0,null,-1187.8052224503663,"{""alpha[1]"": 0.007040418439051599, ""beta[1]"": 0.9884624436919573, ""nu"": 2.890177283254662, ""omega"": 0.021980851175379557}",2.3263610937672285,True,2023-12-06,1.2174944132793817,1.8755899367822408,student_t,ETH-USD,868,0.012968642885406034,0.032176442036697846,,0.0784852919610744,2023-12-05,2022-07-24,3.0075460891597916,5.965817435121453
-5.488917509905921,5.488917509905921,5.292201548633312,9.850653823518774,False,False,2384.132939186868,2400.991371580557,0,null,-1188.066469593434,"{""alpha[1]"": 0.008966557670107221, ""beta[1]"": 0.9867498444751843, ""nu"": 2.8472377117224648, ""omega"": 0.026803817615077864}",2.4260619330838504,True,2023-12-07,1.2552436623488736,1.9177628329172265,student_t,ETH-USD,869,0.43030368025585963,0.11697045834686626,,0.0666139632649656,2023-12-06,2022-07-25,3.117156095211265,6.208128324780694
-0.04886632348465541,0.04886632348465541,5.789388580334394,10.835816862114596,False,False,2384.4756894559623,2401.334121849651,0,null,-1188.2378447279812,"{""alpha[1]"": 0.015766712426587802, ""beta[1]"": 0.9821375957730032, ""nu"": 2.8259120604489576, ""omega"": 0.029111675952542465}",2.671521810705003,True,2023-12-08,1.3412539709238906,2.0098839911739326,student_t,ETH-USD,870,0.17184872396688058,0.06843215716006615,,0.09785217285830791,2023-12-07,2022-07-26,3.3881081558529536,6.794349392521953
0.747109328569743,-0.747109328569743,5.506437511935999,10.246820905109361,False,False,2382.828348667228,2399.686781060917,0,null,-1187.414174333614,"{""alpha[1]"": 0.01191526953040551, ""beta[1]"": 0.9846973474576886, ""nu"": 2.8634807942811498, ""omega"": 0.026919041795217466}",2.533233243618185,True,2023-12-09,1.294303557051106,1.957922868684069,student_t,ETH-USD,871,0.12463998601800678,0.05718177314218496,,0.09844542697760211,2023-12-08,2022-07-27,3.2399090489298765,6.465286642788234
-0.48096486800292826,0.48096486800292826,,,,,,,,"{""error"": ""fit violated GARCH constraints: omega=0.23720840351017797, alpha=0.08398128622552072, beta=0.9160187137744793"", ""error_type"": ""GarchFitError"", ""forecast_date"": ""2023-12-10"", ""innovation"": ""student_t"", ""instrument"": ""ETH-USD"", ""origin_index"": 872}",,null,,False,2023-12-10,,,student_t,ETH-USD,872,,,,0.07165132415878357,2023-12-09,2022-07-28,,
5.589509397402901,-5.589509397402901,,,,,,,,"{""error"": ""fit violated GARCH constraints: omega=0.2799463136806632, alpha=0.08969898006600828, beta=0.9103010199339918"", ""error_type"": ""GarchFitError"", ""forecast_date"": ""2023-12-11"", ""innovation"": ""student_t"", ""instrument"": ""ETH-USD"", ""origin_index"": 873}",,null,,False,2023-12-11,,,student_t,ETH-USD,873,,,,0.06199286295038916,2023-12-10,2022-07-29,,
1.0184285704727936,-1.0184285704727936,,,,,,,,"{""error"": ""fit violated GARCH constraints: omega=0.248814388979438, alpha=0.08431739574316519, beta=0.9156826042568348"", ""error_type"": ""GarchFitError"", ""forecast_date"": ""2023-12-12"", ""innovation"": ""student_t"", ""instrument"": ""ETH-USD"", ""origin_index"": 874}",,null,,False,2023-12-12,,,student_t,ETH-USD,874,,,,0.05058923803630396,2023-12-11,2022-07-30,,
-2.6268465287957494,2.6268465287957494,,,,,,,,"{""error"": ""fit violated GARCH constraints: omega=0.22671636063111125, alpha=0.07927427040867634, beta=0.9207257295913237"", ""error_type"": ""GarchFitError"", ""forecast_date"": ""2023-12-13"", ""innovation"": ""student_t"", ""instrument"": ""ETH-USD"", ""origin_index"": 875}",,null,,False,2023-12-13,,,student_t,ETH-USD,875,,,,0.05222575822826615,2023-12-12,2022-07-31,,
-2.443977296306894,2.443977296306894,,,,,,,,"{""error"": ""fit violated GARCH constraints: omega=0.2054378944256449, alpha=0.07637715334436829, beta=0.9236228466556318"", ""error_type"": ""GarchFitError"", ""forecast_date"": ""2023-12-14"", ""innovation"": ""student_t"", ""instrument"": ""ETH-USD"", ""origin_index"": 876}",,null,,False,2023-12-14,,,student_t,ETH-USD,876,,,,0.05919104774705768,2023-12-13,2022-08-01,,
4.288288873008706,-4.288288873008706,,,,,,,,"{""error"": ""fit violated GARCH constraints: omega=0.20655646171742045, alpha=0.07584655235365652, beta=0.9241534476463436"", ""error_type"": ""GarchFitError"", ""forecast_date"": ""2023-12-15"", ""innovation"": ""student_t"", ""instrument"": ""ETH-USD"", ""origin_index"": 877}",,null,,False,2023-12-15,,,student_t,ETH-USD,877,,,,0.06966580387081052,2023-12-14,2022-08-02,,
-0.34137062096543125,0.34137062096543125,6.427037446572754,11.909453908048178,False,False,2380.640116948089,2397.498549341778,0,null,-1186.3200584740446,"{""alpha[1]"": 0.026238642344679885, ""beta[1]"": 0.9733341079839363, ""nu"": 2.8661761332080746, ""omega"": 0.04052866358587891}",2.9317706357795235,True,2023-12-16,1.4525168668510116,2.110207349033084,student_t,ETH-USD,878,0.20730985944800437,0.07878564098673035,,0.06136465685965518,2023-12-15,2022-08-03,3.8048265679946525,7.537193477707596
1.3765764194873595,-1.3765764194873595,6.078419265617485,11.189508240462319,False,False,2379.1486814472964,2396.0071138409853,0,null,-1185.5743407236482,"{""alpha[1]"": 0.02011263126735341, ""beta[1]"": 0.9776079496125638, ""nu"": 2.9102145907280352, ""omega"": 0.03555932434524115}",2.7641241684987885,True,2023-12-17,1.4003569479328641,2.052322340720691,student_t,ETH-USD,879,0.1121902353750574,0.057550092778579066,,0.06377824557166029,2023-12-16,2022-08-04,3.6203811269885056,7.131585697345261
-0.9421634189520469,0.9421634189520469,5.930803868699201,10.866207209963687,False,False,2378.529125196326,2395.3875575900147,0,null,-1185.264562598163,"{""alpha[1]"": 0.017914501086342207, ""beta[1]"": 0.978825875356626, ""nu"": 2.9408911269747726, ""omega"": 0.03575288447785489}",2.690361543068268,True,2023-12-18,1.3784595461519156,2.026148796334752,student_t,ETH-USD,880,0.22452810423678862,0.07901872197497328,,0.062347494259832305,2023-12-17,2022-08-05,3.548398665783721,6.959708778545274
1.7929750027618725,-1.7929750027618725,5.982767948499598,10.995731175498394,False,False,2373.4233456667052,2390.281778060394,0,null,-1182.7116728333526,"{""alpha[1]"": 0.01975143216933056, ""beta[1]"": 0.9779797447631942, ""nu"": 2.914025495446597, ""omega"": 0.03399681104646066}",2.713719351624986,True,2023-12-19,1.3857299877101812,2.0356852520003974,student_t,ETH-USD,881,0.08889100300217627,0.052242601510528335,,0.04937088808578583,2023-12-18,2022-08-06,3.5707950628053964,7.017235153814702
-1.0977280953573016,1.0977280953573016,5.956244012614063,10.962347837994626,False,False,2372.583693555006,2389.442125948695,0,null,-1182.291846777503,"{""alpha[1]"": 0.0194485450003604, ""beta[1]"": 0.9781060422500529, ""nu"": 2.9057251911383633, ""omega"": 0.03536159467552279}",2.7042222320996405,True,2023-12-20,1.3804570900763586,2.0317373011546884,student_t,ETH-USD,882,0.23238754120129282,0.08083712532652845,,0.05052786979341364,2023-12-19,2022-08-07,3.550022728668551,6.985984437295536
-1.6945804108509637,1.6945804108509637,5.790932565380115,10.61032350676345,False,False,2371.60217404144,2388.4606064351287,0,null,-1181.80108702072,"{""alpha[1]"": 0.016866266412633873, ""beta[1]"": 0.979686360818196, ""nu"": 2.9360529012982157, ""omega"": 0.034848335140752876}",2.6238274617920165,True,2023-12-21,1.3547951526574757,2.0021310943988166,student_t,ETH-USD,883,0.2580232014120964,0.08488409295792053,,0.05181589549383453,2023-12-20,2022-08-08,3.4658836173909604,6.793828884941083
-3.8104100872271474,3.8104100872271474,5.842412223057138,10.767979538458903,False,False,2369.1614938457014,2386.0199262393903,0,null,-1180.5807469228507,"{""alpha[1]"": 0.017931257235020925, ""beta[1]"": 0.9791361272230664, ""nu"": 2.8952580418297846, ""omega"": 0.03610944844241122}",2.653579653447647,True,2023-12-22,1.3604386099856103,2.012857054193912,student_t,ETH-USD,884,0.36441839874718507,0.10661862062461915,,0.04643608929103269,2023-12-21,2022-08-09,3.4779578877165473,6.851451975234758
0.7541076057585379,-0.7541076057585379,6.062577478464453,11.27922369162749,False,False,2369.9447627463596,2386.8031951400485,0,null,-1180.9723813731798,"{""alpha[1]"": 0.021173845066698768, ""beta[1]"": 0.976949058103079, ""nu"": 2.843761596908412, ""omega"": 0.041079306735505035}",2.7739423694380476,True,2023-12-23,1.3917496989239844,2.0532580231268254,student_t,ETH-USD,885,0.14102384849196775,0.0635513747077831,,0.062393920047092905,2023-12-22,2022-08-10,3.5745845755978904,7.109245076536843
1.8954327432414182,-1.8954327432414182,,,,,,,,"{""error"": ""fit violated GARCH constraints: omega=0.2196379160778913, alpha=0.07801804167877188, beta=0.9219819583212281"", ""error_type"": ""GarchFitError"", ""forecast_date"": ""2023-12-24"", ""innovation"": ""student_t"", ""instrument"": ""ETH-USD"", ""origin_index"": 886}",,null,,False,2023-12-24,,,student_t,ETH-USD,886,,,,0.04414148741877159,2023-12-23,2022-08-11,,
-0.3027434950825369,0.3027434950825369,6.126066074568968,11.408425967507622,False,False,2363.949221173545,2380.807653567234,0,null,-1177.9746105867725,"{""alpha[1]"": 0.02466981679234168, ""beta[1]"": 0.9747313578478569, ""nu"": 2.8262603353100486, ""omega"": 0.04157908774161905}",2.796662718943294,True,2023-12-25,1.4022309004260838,2.0635508538621643,student_t,ETH-USD,887,0.19575752680417777,0.07480909729798865,,0.037191519849197656,2023-12-24,2022-08-12,3.612407041001015,7.178166234716322
1.8249258109959663,-1.8249258109959663,,,,,,,,"{""error"": ""fit violated GARCH constraints: omega=0.22252720397908882, alpha=0.07675238152438231, beta=0.9232476184756178"", ""error_type"": ""GarchFitError"", ""forecast_date"": ""2023-12-26"", ""innovation"": ""student_t"", ""instrument"": ""ETH-USD"", ""origin_index"": 888}",,null,,False,2023-12-26,,,student_t,ETH-USD,888,,,,0.029873821838806637,2023-12-25,2022-08-13,,
-6.391246229866847,6.391246229866847,6.019287898277418,11.243783179698331,False,False,2360.5670703916558,2377.4255027853446,0,null,-1176.2835351958279,"{""alpha[1]"": 0.02260139543905387, ""beta[1]"": 0.9764067781045805, ""nu"": 2.802414450023882, ""omega"": 0.041147639234408964}",2.749855277899495,True,2023-12-27,1.3832274702057767,2.046763200977062,student_t,ETH-USD,889,0.4966071771670727,0.13440511710197273,,0.02377736560114714,2023-12-26,2022-08-14,3.540897313474598,7.049265480330412
1.319181579820474,-1.319181579820474,6.475965609912648,12.200123559618834,False,False,2365.970489720936,2382.8289221146247,0,null,-1178.985244860468,"{""alpha[1]"": 0.02576149177530032, ""beta[1]"": 0.9742385082246996, ""nu"": 2.7598566460933727, ""omega"": 0.049120015760955565}",2.982296418618927,True,2023-12-28,1.4511677455271537,2.1230167433540856,student_t,ETH-USD,890,0.12283799093113294,0.06264057319922159,,0.04110655424438609,2023-12-27,2022-08-15,3.775941398443131,7.583238899742628
2.01697448290272,-2.01697448290272,6.367623483412558,11.987171944961752,False,False,2365.10678623599,2381.965218629679,0,null,-1178.553393117995,"{""alpha[1]"": 0.024039729874305575, ""beta[1]"": 0.9752516177285453, ""nu"": 2.7646332341163893, ""omega"": 0.048917122168669974}",2.93108718136905,True,2023-12-29,1.4346823835737896,2.1059212111631735,student_t,ETH-USD,891,0.0849127023106146,0.05440055040595339,,0.04186047207652459,2023-12-28,2022-08-16,3.7152285291150102,7.457029523498054
0.37560253341999095,-0.37560253341999095,6.318493451465102,11.857733167331292,False,False,2365.313847367317,2382.172279761006,0,null,-1178.6569236836585,"{""alpha[1]"": 0.023411729790357563, ""beta[1]"": 0.9750831613540626, ""nu"": 2.782025182284869, ""omega"": 0.051603758918225995}",2.9011762787136743,True,2023-12-30,1.4287294101009431,2.0971100224064765,student_t,ETH-USD,892,0.1661143482774299,0.07025161856140591,,0.04058555256730873,2023-12-29,2022-08-17,3.697889498968586,7.4007643895605755
0.4632851478789373,-0.4632851478789373,6.207355471198141,11.688510167627925,False,False,2363.097766908618,2379.9561993023067,0,null,-1177.548883454309,"{""alpha[1]"": 0.021539210276942902, ""beta[1]"": 0.9765625252312035, ""nu"": 2.7648116399693747, ""omega"": 0.050827928815138756}",2.859023019517554,True,2023-12-31,1.4089493772936343,2.0805862417347734,student_t,ETH-USD,893,0.1578467043002457,0.06806733464090178,,0.044699915276114215,2023-12-30,2022-08-18,3.6202192338838484,7.27001861196911
-3.0584931420793913,3.0584931420793913,6.071652088606815,11.401255813543678,False,False,2361.7137724545637,2378.5722048482526,0,null,-1176.8568862272818,"{""alpha[1]"": 0.019333626713444414, ""beta[1]"": 0.9776813605169484, ""nu"": 2.780040710213382, ""omega"": 0.05092531465713263}",2.790052690054362,True,2024-01-01,1.3884624997312716,2.0575182085087036,student_t,ETH-USD,894,0.33046940563648874,0.10170536092967228,,0.04225071266341052,2023-12-31,2022-08-19,3.5508949706503774,7.112042950887826
-0.1490409178902271,0.1490409178902271,,,,,,,,"{""error"": ""fit violated GARCH constraints: omega=0.2648530954718009, alpha=0.09175851231533819, beta=0.9082414876846618"", ""error_type"": ""GarchFitError"", ""forecast_date"": ""2024-01-02"", ""innovation"": ""student_t"", ""instrument"": ""ETH-USD"", ""origin_index"": 895}",,null,,False,2024-01-02,,,student_t,ETH-USD,895,,,,0.07546349936462604,2024-01-01,2022-08-20,,
6.355859894152825,-6.355859894152825,,,,,,,,"{""error"": ""fit violated GARCH constraints: omega=0.2591051614287324, alpha=0.08944795671249439, beta=0.9105520432875057"", ""error_type"": ""GarchFitError"", ""forecast_date"": ""2024-01-03"", ""innovation"": ""student_t"", ""instrument"": ""ETH-USD"", ""origin_index"": 896}",,null,,False,2024-01-03,,,student_t,ETH-USD,896,,,,0.08027382544312556,2024-01-02,2022-08-21,,
-2.601875528000639,2.601875528000639,6.5310692973452795,12.129723867810464,False,False,2360.2620244527834,2377.1204568464723,0,null,-1176.1310122263917,"{""alpha[1]"": 0.02696483267437096, ""beta[1]"": 0.9723506723245258, ""nu"": 2.8522202723499155, ""omega"": 0.04827513312054552}",2.983401998682855,True,2024-01-04,1.467285125117895,2.127026903781054,student_t,ETH-USD,897,0.3229936247464414,0.10260194365728438,,0.0622663127555215,2024-01-03,2022-08-22,3.857996966928183,7.658318837727791
0.017227682171271255,-0.017227682171271255,,,,,,,,"{""error"": ""fit violated GARCH constraints: omega=0.25151404619362233, alpha=0.08785101539332309, beta=0.9121489846066769"", ""error_type"": ""GarchFitError"", ""forecast_date"": ""2024-01-05"", ""innovation"": ""student_t"", ""instrument"": ""ETH-USD"", ""origin_index"": 898}",,null,,False,2024-01-05,,,student_t,ETH-USD,898,,,,0.06707684206825149,2024-01-04,2022-08-23,,
1.198277376628434,-1.198277376628434,,,,,,,,"{""error"": ""fit violated GARCH constraints: omega=0.2314308641980191, alpha=0.08200725915119163, beta=0.9179927408488084"", ""error_type"": ""GarchFitError"", ""forecast_date"": ""2024-01-06"", ""innovation"": ""student_t"", ""instrument"": ""ETH-USD"", ""origin_index"": 899}",,null,,False,2024-01-06,,,student_t,ETH-USD,899,,,,0.06213977795429439,2024-01-05,2022-08-24,,
0.8403601019708341,-0.8403601019708341,6.914302036667878,12.890513790465256,False,False,2358.803351417486,2375.6617838111747,0,null,-1175.401675708743,"{""alpha[1]"": 0.07923723598049162, ""beta[1]"": 0.9203153028007263, ""nu"": 2.827020976908234, ""omega"": 0.21402563357486817}",3.1646084696757053,True,2024-01-07,1.5222540423709692,2.1852471964441644,student_t,ETH-USD,900,0.16149134406491186,0.07264621608060544,,0.06043129459976733,2024-01-06,2022-08-25,4.0701869832690685,8.104981710031371
-4.837167624137646,4.837167624137646,6.7096310334194325,12.50776979170396,False,False,2356.9659073439516,2373.8243397376405,0,null,-1174.4829536719758,"{""alpha[1]"": 0.0762849475122267, ""beta[1]"": 0.9223625861867053, ""nu"": 2.825701078001689, ""omega"": 0.20862210138709217}",3.0693083249364905,True,2024-01-08,1.492359342252822,2.155094136338964,student_t,ETH-USD,901,0.4393950786540977,0.12701354107309942,,0.05405107250480732,2024-01-07,2022-08-26,3.9507339489443,7.864186483172285
-0.5042672648755663,0.5042672648755663,7.250223527841384,13.397419191282506,False,False,2355.59745608136,2372.455888475049,0,null,-1173.79872804068,"{""alpha[1]"": 0.09541095317428837, ""beta[1]"": 0.8997076109530661, ""nu"": 2.89059609147523, ""omega"": 0.2992851273477907}",3.307764857230022,True,2024-01-09,1.5742620353224357,2.2300510402211975,student_t,ETH-USD,902,0.24026577253235537,0.09011480402879564,,0.08730575274744373,2024-01-08,2022-08-27,4.301048185771537,8.50721313800399
-9.639269471556386,9.639269471556386,6.903830282984858,12.715744244176815,False,False,2354.3992779555592,2371.257710349248,0,null,-1173.1996389777796,"{""alpha[1]"": 0.08948217209335903, ""beta[1]"": 0.9035005659717875, ""nu"": 2.9143632899206717, ""omega"": 0.2815076575950091}",3.1464975604119103,True,2024-01-10,1.5270111858973685,2.1801078917304584,student_t,ETH-USD,903,0.6873299231313578,0.17742593173054286,,0.09049995026594172,2024-01-09,2022-08-28,4.107328991070759,8.103323701497885
-1.442455815297972,1.442455815297972,9.500941701492751,17.75010831227988,False,False,2360.6428571785927,2377.5012895722816,0,null,-1176.3214285892964,"{""alpha[1]"": 0.10123144320803125, ""beta[1]"": 0.8977028785176511, ""nu"": 2.824602740839011, ""omega"": 0.3260880334785586}",4.365598937294751,True,2024-01-11,1.838316358987798,2.5041508060517357,student_t,ETH-USD,904,0.3509400096330083,0.1258524939719046,,0.11810944813211925,2024-01-10,2022-08-29,5.576344377362188,11.142793581892477
3.7001681500746173,-3.7001681500746173,9.38071534214357,17.539105872549975,False,False,2355.204265358674,2372.062697752363,0,null,-1173.602132679337,"{""alpha[1]"": 0.11395563834685525, ""beta[1]"": 0.881087197144932, ""nu"": 2.8164948843052136, ""omega"": 0.42807357372735216}",4.308922201022014,True,2024-01-12,1.8253274282516867,2.4915400835551655,student_t,ETH-USD,905,0.09016146528644663,0.07298729221075802,,0.10456326889949805,2024-01-11,2022-08-30,5.503397455803548,10.998897371150413
-2.0442625672340022,2.0442625672340022,9.398799684120178,17.56360315737669,False,False,2356.620246555055,2373.478678948744,0,null,-1174.3101232775275,"{""alpha[1]"": 0.1162709890699844, ""beta[1]"": 0.8805433583821609, ""nu"": 2.818531203622426, ""omega"": 0.4196941711028792}",4.314474062550128,True,2024-01-13,1.827614796665562,2.4932435744731314,student_t,ETH-USD,906,0.37808331722082106,0.1306392741263158,,0.10095890766308206,2024-01-12,2022-08-31,5.517403777182412,11.019664845397566
4.13447732469347,-4.13447732469347,8.969627795104808,16.751675176188574,False,False,2356.498482091463,2373.3569144851517,0,null,-1174.2492410457314,"{""alpha[1]"": 0.11087035447798152, ""beta[1]"": 0.8859003818834846, ""nu"": 2.8235165506970583, ""omega"": 0.38967397361388534}",4.117284387036373,True,2024-01-14,1.7811358372344333,2.4463634469530113,student_t,ETH-USD,907,0.05666551203666806,0.06383316278106897,,0.10116807944007553,2024-01-13,2022-09-01,5.26778756542683,10.517793602800362
-1.570082815174968,1.570082815174968,9.139639995766364,17.04081998416918,False,False,2358.2818827852007,2375.1403151788895,0,null,-1175.1409413926003,"{""alpha[1]"": 0.11271824982539824, ""beta[1]"": 0.8859751670920232, ""nu"": 2.8291449254329897, ""omega"": 0.37579489085545387}",4.186150777196893,True,2024-01-15,1.80108914526379,2.464411055324673,student_t,ETH-USD,908,0.34742349200125894,0.12285340434355967,,0.08875970923393176,2024-01-14,2022-09-02,5.378387024850205,10.715257619180987
-2.9940094644167914,2.9940094644167914,8.619288087379735,15.955085775169044,False,False,2358.355216797197,2375.213649190886,0,null,-1175.1776083985985,"{""alpha[1]"": 0.10468076091510747, ""beta[1]"": 0.889955826141653, ""nu"": 2.8761488549254843, ""omega"": 0.34954486752715236}",3.93282426948673,True,2024-01-16,1.7464191460739298,2.4034769614693747,student_t,ETH-USD,909,0.40501096333991154,0.13104736561393532,,0.09303236911859471,2024-01-15,2022-09-03,5.106209802381433,10.110727096976728
2.3191451801714082,-2.3191451801714082,8.404770519692844,15.467614472935807,False,False,2359.26824654295,2376.1266789366387,0,null,-1175.634123271475,"{""alpha[1]"": 0.10245032522520409, ""beta[1]"": 0.8896741857061786, ""nu"": 2.9166460818637283, ""omega"": 0.3428739333204379}",3.8259866254319856,True,2024-01-17,1.7243439416478408,2.376449723148169,student_t,ETH-USD,910,0.13431347458128703,0.07544572273164826,,0.10161738347709302,2024-01-16,2022-09-04,5.005414671797147,9.863717453336228
2.4564125390020988,-2.4564125390020988,8.14954389056157,14.914404636409316,False,False,2359.4562710330606,2376.3147034267495,0,null,-1175.7281355165303,"{""alpha[1]"": 0.10047562656587015, ""beta[1]"": 0.8893337167912521, ""nu"": 2.9514702070160594, ""omega"": 0.3376086714176917}",3.6977724038730617,True,2024-01-18,1.6967544253087965,2.3436813142757162,student_t,ETH-USD,911,0.12117364637309351,0.07108997761210577,,0.09432870162800475,2024-01-17,2022-09-05,4.879885466463967,9.565410300212669
-0.9070840923699219,0.9070840923699219,7.986824064318869,14.601510246778433,False,False,2359.073337314757,2375.9317697084457,0,null,-1175.5366686573784,"{""alpha[1]"": 0.1004823712257856, ""beta[1]"": 0.8888195760604093, ""nu"": 2.9553432903364856, ""omega"": 0.33846403229652194}",3.6193288827968586,True,2024-01-19,1.677314624390065,2.323061477802524,student_t,ETH-USD,912,0.284767814807892,0.10280326662935992,,0.08446491399711478,2024-01-18,2022-09-06,4.788272203787913,9.37324257056606
0.8029513648322297,-0.8029513648322297,7.653367849549076,14.06723224869992,False,False,2356.710337627551,2373.5687700212397,0,null,-1174.3551688137754,"{""alpha[1]"": 0.10029363219742246, ""beta[1]"": 0.8884926898527611, ""nu"": 2.9249455664210533, ""omega"": 0.35310258062732586}",3.4818839027790096,True,2024-01-20,1.6313858450021135,2.2823865724626833,student_t,ETH-USD,913,0.18801465409142326,0.08179517080952911,,0.0932550498575019,2024-01-19,2022-09-07,4.563244446660692,8.982468445785134
0.6367856596424891,-0.6367856596424891,7.414143578599324,13.73526558316646,False,False,2353.6532133834735,2370.5116457771624,0,null,-1172.8266066917367,"{""alpha[1]"": 0.1019652719771646, ""beta[1]"": 0.8885292253470652, ""nu"": 2.8723464900555675, ""omega"": 0.36628795010754023}",3.385569244059845,True,2024-01-21,1.595289719194608,2.2531780831269304,student_t,ETH-USD,914,0.18758238845042596,0.08060541467821761,,0.08310584246038404,2024-01-20,2022-09-08,4.388433428651005,8.697327127464243
6.007871198510473,-6.007871198510473,7.000425139061222,12.873321978306764,True,False,2352.594755082902,2369.4531874765908,0,null,-1172.297377541451,"{""alpha[1]"": 0.1008886658552093, ""beta[1]"": 0.8835398821940488, ""nu"": 2.9201098882953245, ""omega"": 0.3868018452733696}",3.184229607146473,True,2024-01-22,6.78534024353396,2.1933125690045574,student_t,ETH-USD,915,1.7435098440348664,0.02207309545436931,,0.08116570259971367,2024-01-21,2022-09-09,4.172597678473771,8.215180743947402
3.0823131796289207,-3.0823131796289207,8.124977835775331,15.08492763105393,False,False,2354.766949312386,2371.6253817060747,0,null,-1173.383474656193,"{""alpha[1]"": 0.10132832109526597, ""beta[1]"": 0.8914568211876658, ""nu"": 2.8479844394065728, ""omega"": 0.3559758968319691}",3.7048613627282285,True,2024-01-23,1.686175569517693,2.3450460017423467,student_t,ETH-USD,916,0.08607191704961789,0.06441554772307957,,0.05916255653634588,2024-01-22,2022-09-10,4.803751520621277,9.523867951936872
0.31845679249603553,-0.31845679249603553,8.12957043534926,15.122606441979194,False,False,2354.5955644244514,2371.4539968181402,0,null,-1173.2977822122257,"{""alpha[1]"": 0.10375513485838203, ""beta[1]"": 0.8905075686160229, ""nu"": 2.831972264640777, ""omega"": 0.361052753681119}",3.707608320529952,True,2024-01-24,1.6858727221407142,2.346092282542793,student_t,ETH-USD,917,0.22404770530939827,0.09207296338263339,,0.04646074619168251,2024-01-23,2022-09-11,4.7994108986839965,9.525753130759368
0.7122292281701372,-0.7122292281701372,7.662714742594429,14.158890449660792,False,False,2353.4537059453173,2370.312138339006,0,null,-1172.7268529726587,"{""alpha[1]"": 0.1016913567460653, ""beta[1]"": 0.8859918208149502, ""nu"": 2.8743049040609114, ""omega"": 0.3847785994892631}",3.481058787641853,True,2024-01-25,1.63047001368867,2.284747893943207,student_t,ETH-USD,918,0.1920108929039282,0.08270244029569708,,0.04745229503424479,2024-01-24,2022-09-12,4.552447086248698,8.982473257739839
-2.2070236324429127,2.2070236324429127,7.315557789280036,13.535342589045952,False,False,2351.359023756242,2368.217456149931,0,null,-1171.679511878121,"{""alpha[1]"": 0.10284420892273222, ""beta[1]"": 0.8817236105830761, ""nu"": 2.868507143360427, ""omega"": 0.41647853362818343}",3.328049907393034,True,2024-01-26,1.583231156578897,2.238920669954326,student_t,ETH-USD,919,0.32734082068936726,0.10783239161912771,,0.05155647373500112,2024-01-25,2022-09-13,4.339792781344427,8.576215529469847
-0.03026531588135113,0.03026531588135113,7.2323637307757265,13.43914208611197,False,False,2347.545268042228,2364.403700435917,0,null,-1169.772634021114,"{""alpha[1]"": 0.09806143600144525, ""beta[1]"": 0.8898194701426941, ""nu"": 2.850290657151486, ""omega"": 0.38220947897297464}",3.305853768325006,True,2024-01-27,1.5689222998678725,2.229243149117786,student_t,ETH-USD,920,0.21499687057479722,0.08511326872486334,,0.07212440532077802,2024-01-26,2022-09-14,4.269672095614589,8.481061556604976
0.4719134719562712,-0.4719134719562712,6.969185203050042,13.03160157020926,False,False,2344.7548938684768,2361.6133262621656,0,null,-1168.3774469342384,"{""alpha[1]"": 0.10115378121563957, ""beta[1]"": 0.8867644280123845, ""nu"": 2.811128948190406, ""omega"": 0.41166299448723553}",3.1976948348278103,True,2024-01-28,1.5283689035019514,2.194228224794185,student_t,ETH-USD,921,0.18090481665018324,0.0769695805458106,,0.06547103295880148,2024-01-27,2022-09-15,4.090009804959933,8.168871526537325
-2.6171978034792973,2.6171978034792973,6.726950530683163,12.51454973557889,False,False,2338.24884014893,2355.107272542619,0,null,-1165.124420074465,"{""alpha[1]"": 0.09266410204866489, ""beta[1]"": 0.8955174136948054, ""nu"": 2.850835101221144, ""omega"": 0.35856919146344746}",3.083012452845422,True,2024-01-29,1.4954163645812706,2.1574841970076393,student_t,ETH-USD,922,0.32906761726987477,0.10508775888376307,,0.08554304271046989,2024-01-28,2022-09-16,3.9641545419181923,7.891578084897
-1.1768494736258148,1.1768494736258148,6.726913149783099,12.54184073933324,False,False,2338.18829658511,2355.046728978799,0,null,-1165.094148292555,"{""alpha[1]"": 0.09244648936496946, ""beta[1]"": 0.8963480465630372, ""nu"": 2.841986945377494, ""omega"": 0.3589026088802522}",3.0907041962128052,True,2024-01-30,1.493935858717856,2.158384574369401,student_t,ETH-USD,923,0.25655300668113656,0.09069608704016612,,0.096183252030929,2024-01-29,2022-09-17,3.9542106599969125,7.892759230390789
2.6778651381951257,-2.6778651381951257,6.529965643379545,12.212410325804475,False,False,2336.4714551311044,2353.3298875247933,0,null,-1164.2357275655522,"{""alpha[1]"": 0.09500888209639347, ""beta[1]"": 0.8933166838294948, ""nu"": 2.8234641514976557, ""omega"": 0.3796945955458913}",3.006398738491973,True,2024-01-31,1.4624542757424148,2.1297170464017117,student_t,ETH-USD,924,0.057451908232714496,0.04982544753964903,,0.09339655630906016,2024-01-30,2022-09-18,3.8269033028494146,7.660409892160024
-0.9279857359686842,0.9279857359686842,6.543045934257318,12.062671061018921,False,False,2332.39553232249,2349.253964716179,0,null,-1162.197766161245,"{""alpha[1]"": 0.08330807878209227, ""beta[1]"": 0.9025348501231026, ""nu"": 2.917753041931327, ""omega"": 0.32569011711913015}",2.9908692619468233,True,2024-02-01,1.472328663901799,2.12709729476569,student_t,ETH-USD,925,0.2407034984846567,0.0861168581535557,,0.10722260414494163,2024-01-31,2022-09-19,3.8860842337244454,7.683700079386878
-0.18271923347929897,0.18271923347929897,6.410283326845193,11.915246510725355,False,False,2329.845273836401,2346.7037062300897,0,null,-1160.9226369182004,"{""alpha[1]"": 0.0857369162399173, ""beta[1]"": 0.9020479540716395, ""nu"": 2.865327091237437, ""omega"": 0.3369539594622361}",2.9431949198323006,True,2024-02-02,1.4472020262687297,2.1093308014343326,student_t,ETH-USD,926,0.1980144969350453,0.07707340411664058,,0.10285407098700039,2024-02-01,2022-09-20,3.777570705221603,7.524621178184753
0.5212677673959717,-0.5212677673959717,6.279262512781595,11.8128276637357,False,False,2326.0422746582835,2342.9007070519724,0,null,-1159.0211373291418,"{""alpha[1]"": 0.08944021079970146, ""beta[1]"": 0.9009835012322166, ""nu"": 2.7980684242639104, ""omega"": 0.3594724981682066}",2.9094512895821154,True,2024-02-03,1.41944827279687,2.092923690841717,student_t,ETH-USD,927,0.15672460384830897,0.06846837713757584,,0.11108944907350966,2024-02-02,2022-09-21,3.6557598443621484,7.368105481153549
0.28315654747874197,-0.28315654747874197,6.153308668837253,11.683616611775284,False,False,2320.440534362512,2337.298966756201,0,null,-1156.220267181256,"{""alpha[1]"": 0.09351095558675854, ""beta[1]"": 0.8982276546668382, ""nu"": 2.7506532651776388, ""omega"": 0.3947379104939601}",2.8751131224260043,True,2024-02-04,1.3935876577969295,2.0760245943805726,student_t,ETH-USD,928,0.1632413618291472,0.06935414363543328,,0.12119151280226613,2024-02-03,2022-09-22,3.547983784061683,7.218570911022064
-0.40723191203128584,0.40723191203128584,6.040493561414029,11.625563329665756,False,False,2313.0850758955953,2329.943508289284,0,null,-1152.5425379477977,"{""alpha[1]"": 0.10660645964729311, ""beta[1]"": 0.8892210985829522, ""nu"": 2.673565887277006, ""omega"": 0.47595980007071786}",2.85462993347666,True,2024-02-05,1.3675838121821045,2.0619445477781198,student_t,ETH-USD,929,0.19224326245303755,0.07484155698308659,,0.1089840832739274,2024-02-04,2022-09-23,3.4376333370294616,7.076923786277367
-3.139267102881691,3.139267102881691,5.773052955277841,11.028956925598932,False,False,2313.1381746446677,2329.9966070383566,0,null,-1152.5690873223339,"{""alpha[1]"": 0.10563875785406483, ""beta[1]"": 0.8871647129959926, ""nu"": 2.7152627736148656, ""omega"": 0.4587607993129171}",2.710549551909368,True,2024-02-06,1.3263933201096747,2.0142451077216474,student_t,ETH-USD,930,0.3224168218896484,0.09907967877354563,,0.10971129436256935,2024-02-05,2022-09-24,3.3090693349112703,6.768700774472863
-2.149531568278417,2.149531568278417,5.99044924130508,11.363425856013313,False,False,2316.400194703896,2333.258627097585,0,null,-1154.200097351948,"{""alpha[1]"": 0.09792859346133216, ""beta[1]"": 0.8922802949275627, ""nu"": 2.755845437886461, ""omega"": 0.4253117370984564}",2.796701515854004,True,2024-02-07,1.3673272897206568,2.0488651039293897,student_t,ETH-USD,931,0.2803492267555195,0.09177414606963472,,0.1175416510515578,2024-02-06,2022-09-25,3.4574529668319682,7.027883038685047
0.15850123468495803,-0.15850123468495803,6.018592129748102,11.460730585996199,False,False,2316.750899530028,2333.609331923717,0,null,-1154.375449765014,"{""alpha[1]"": 0.0978954701356446, ""beta[1]"": 0.8939688940020434, ""nu"": 2.7376949543829667, ""omega"": 0.4249019624873986}",2.820831093887975,True,2024-02-08,1.3696309001559852,2.054992637695564,student_t,ETH-USD,932,0.16504251529279323,0.06902067248574438,,0.1254816381390161,2024-02-07,2022-09-26,3.4593515405408195,7.06056848325939
-2.755557085879763,2.755557085879763,5.987575083215064,11.613743489988247,False,False,2313.178632943498,2330.037065337187,0,null,-1152.589316471749,"{""alpha[1]"": 0.10865262326788287, ""beta[1]"": 0.8913473767321171, ""nu"": 2.63802043882181, ""omega"": 0.475736668331327}",2.85538667160184,True,2024-02-09,1.3540397860855924,2.0560061303047332,student_t,ETH-USD,933,0.306733237194696,0.0976813225663485,,0.11891155895758825,2024-02-08,2022-09-27,3.3791076580141515,7.0125751707550785
-0.5497448183781939,0.5497448183781939,6.039592425482221,11.583743820379306,False,False,2316.15044544028,2333.0088778339687,0,null,-1154.07522272014,"{""alpha[1]"": 0.09986543119918165, ""beta[1]"": 0.8956775985088231, ""nu"": 2.698441750034824, ""omega"": 0.42790475605258976}",2.8486762799572625,True,2024-02-10,1.3690069504419902,2.060914855776515,student_t,ETH-USD,934,0.1998180782219085,0.07631027988343138,,0.1252019058602234,2024-02-09,2022-09-28,3.446616746059973,7.081283169964937
-0.2532459221222207,0.2532459221222207,5.812010248506877,11.084427070461151,False,False,2315.9591578172367,2332.8175902109256,0,null,-1153.9795789086184,"{""alpha[1]"": 0.09759124294220903, ""beta[1]"": 0.8965799018988235, ""nu"": 2.7310049201787923, ""omega"": 0.3998833619582816}",2.728694975860813,True,2024-02-11,1.333716026030722,2.0206668983253864,student_t,ETH-USD,935,0.17940582376728204,0.07071562345285104,,0.12520926941999053,2024-02-10,2022-09-29,3.334870553223417,6.818316423162877
-5.830320991701307,5.830320991701307,5.5887043208473965,10.612212234213674,False,False,2315.516713683652,2332.375146077341,0,null,-1153.758356841826,"{""alpha[1]"": 0.09697107999857535, ""beta[1]"": 0.8965592597541181, ""nu"": 2.7576843912706037, ""omega"": 0.3780309469986538}",2.6159239008394595,True,2024-02-12,1.2968859079692976,1.980112152792668,student_t,ETH-USD,936,0.45250941703825415,0.12389800658683264,,0.12597891182977194,2024-02-11,2022-09-30,3.219867349063767,6.559479666981945
0.6011247723401513,-0.6011247723401513,6.6346895983097935,12.563413004594755,False,False,2322.393281073245,2339.251713466934,0,null,-1157.1966405366225,"{""alpha[1]"": 0.09124110301866813, ""beta[1]"": 0.9010920508655538, ""nu"": 2.769107448379973, ""omega"": 0.36781978201045684}",3.095621542387018,True,2024-02-13,1.4702856224904823,2.15055397158605,student_t,ETH-USD,937,0.16167757885310427,0.07185240288329969,,0.1387919247356893,2024-02-12,2022-10-01,3.834676349402234,7.786365060670114
-5.008974932999285,5.008974932999285,6.43527171103323,12.212716425541528,False,False,2321.6332365636135,2338.4916689573024,0,null,-1156.8166182818068,"{""alpha[1]"": 0.09032644835158396, ""beta[1]"": 0.9032772857109735, ""nu"": 2.758887338751012, ""omega"": 0.35374539753503725}",3.0093745042708435,True,2024-02-14,1.4383774636309807,2.1208788673913475,student_t,ETH-USD,938,0.43597228865471954,0.12561332553073704,,0.14006494339508824,2024-02-13,2022-10-02,3.7104708400950983,7.552357620074407
-1.659239377675644,1.659239377675644,7.0950869591938,13.576689695580555,False,False,2324.8308934398356,2341.6893258335244,0,null,-1158.4154467199178,"{""alpha[1]"": 0.09562246316531707, ""beta[1]"": 0.9011320556841924, ""nu"": 2.7138478515906783, ""omega"": 0.38526337012899553}",3.3416118353866673,True,2024-02-15,1.531219830959384,2.2213231009760497,student_t,ETH-USD,939,0.28581662953238374,0.09981326185113593,,0.15557852551291118,2024-02-14,2022-10-03,4.057093212972026,8.322086807437941
0.7351575948967054,-0.7351575948967054,,,,,,,,"{""error"": ""fit violated GARCH constraints: omega=0.41417284384155245, alpha=0.09958595942908889, beta=0.9004140405709111"", ""error_type"": ""GarchFitError"", ""forecast_date"": ""2024-02-16"", ""innovation"": ""student_t"", ""instrument"": ""ETH-USD"", ""origin_index"": 940}",,null,,False,2024-02-16,,,student_t,ETH-USD,940,,,,0.15161093490233218,2024-02-15,2022-10-04,,
0.6088638069522696,-0.6088638069522696,,,,,,,,"{""error"": ""fit violated GARCH constraints: omega=0.4396267630884359, alpha=0.09900904027646136, beta=0.9009909597235386"", ""error_type"": ""GarchFitError"", ""forecast_date"": ""2024-02-17"", ""innovation"": ""student_t"", ""instrument"": ""ETH-USD"", ""origin_index"": 941}",,null,,False,2024-02-17,,,student_t,ETH-USD,941,,,,0.14437795255775468,2024-02-16,2022-10-05,,
-3.259406314447387,3.259406314447387,,,,,,,,"{""error"": ""fit violated GARCH constraints: omega=0.3969913499539344, alpha=0.09419487212213597, beta=0.9058051278778642"", ""error_type"": ""GarchFitError"", ""forecast_date"": ""2024-02-18"", ""innovation"": ""student_t"", ""instrument"": ""ETH-USD"", ""origin_index"": 942}",,null,,False,2024-02-18,,,student_t,ETH-USD,942,,,,0.14452885688498368,2024-02-17,2022-10-06,,
-2.218239622437666,2.218239622437666,,,,,,,,"{""error"": ""fit violated GARCH constraints: omega=0.35236374118072256, alpha=0.09009551649107397, beta=0.909904483508926"", ""error_type"": ""GarchFitError"", ""forecast_date"": ""2024-02-19"", ""innovation"": ""student_t"", ""instrument"": ""ETH-USD"", ""origin_index"": 943}",,null,,False,2024-02-19,,,student_t,ETH-USD,943,,,,0.15121445311485993,2024-02-18,2022-10-07,,
-2.3478679644854137,2.3478679644854137,,,,,,,,"{""error"": ""fit violated GARCH constraints: omega=0.334344795021736, alpha=0.0872996094377492, beta=0.9127003905622508"", ""error_type"": ""GarchFitError"", ""forecast_date"": ""2024-02-20"", ""innovation"": ""student_t"", ""instrument"": ""ETH-USD"", ""origin_index"": 944}",,null,,False,2024-02-20,,,student_t,ETH-USD,944,,,,0.1585110237116269,2024-02-19,2022-10-08,,
1.44217769537646,-1.44217769537646,,,,,,,,"{""error"": ""fit violated GARCH constraints: omega=0.3095175996015886, alpha=0.08370477709153802, beta=0.916295222908462"", ""error_type"": ""GarchFitError"", ""forecast_date"": ""2024-02-21"", ""innovation"": ""student_t"", ""instrument"": ""ETH-USD"", ""origin_index"": 945}",,null,,False,2024-02-21,,,student_t,ETH-USD,945,,,,0.16577724333574922,2024-02-20,2022-10-09,,
-0.02194294559435868,0.02194294559435868,,,,,,,,"{""error"": ""fit violated GARCH constraints: omega=0.0766372698216079, alpha=0.03389156513901417, beta=0.9661084348609859"", ""error_type"": ""GarchFitError"", ""forecast_date"": ""2024-02-22"", ""innovation"": ""student_t"", ""instrument"": ""ETH-USD"", ""origin_index"": 946}",,null,,False,2024-02-22,,,student_t,ETH-USD,946,,,,0.16181578481520625,2024-02-21,2022-10-10,,
1.6749728802306054,-1.6749728802306054,,,,,,,,"{""error"": ""fit violated GARCH constraints: omega=0.07924080595198552, alpha=0.03345119043292867, beta=0.9665488095670713"", ""error_type"": ""GarchFitError"", ""forecast_date"": ""2024-02-23"", ""innovation"": ""student_t"", ""instrument"": ""ETH-USD"", ""origin_index"": 947}",,null,,False,2024-02-23,,,student_t,ETH-USD,947,,,,0.16664448912579852,2024-02-22,2022-10-11,,
-2.3919724969342124,2.3919724969342124,,,,,,,,"{""error"": ""fit violated GARCH constraints: omega=0.07559602093904508, alpha=0.03274534974732637, beta=0.9672546502526737"", ""error_type"": ""GarchFitError"", ""forecast_date"": ""2024-02-24"", ""innovation"": ""student_t"", ""instrument"": ""ETH-USD"", ""origin_index"": 948}",,null,,False,2024-02-24,,,student_t,ETH-USD,948,,,,0.16512456134781625,2024-02-23,2022-10-12,,
-3.941858060931035,3.941858060931035,6.17262177045979,11.67312691150405,False,False,2324.8924853239105,2341.7509177175993,0,null,-1158.4462426619552,"{""alpha[1]"": 0.031435235078945835, ""beta[1]"": 0.9676878623956388, ""nu"": 2.7929247823920886, ""omega"": 0.07515795903559211}",2.8884636442853764,True,2024-02-25,1.397927940037695,2.0785899779943655,student_t,ETH-USD,949,0.3754212638793791,0.11194379085228622,,0.16752653297677117,2024-02-24,2022-10-13,3.5665672166565394,7.252521024297577
-2.107504665529186,2.107504665529186,6.2215011814416705,11.700068874021783,False,False,2328.360155517975,2345.2185879116637,0,null,-1160.1800777589874,"{""alpha[1]"": 0.03007390539773572, ""beta[1]"": 0.9678149607492561, ""nu"": 2.828762859133685, ""omega"": 0.0774803659385748}",2.902343061200014,True,2024-02-26,1.4088404785325017,2.0847052492028144,student_t,ETH-USD,950,0.28605672758939754,0.09421340812155271,,0.1764605637865742,2024-02-25,2022-10-14,3.6136298862587597,7.313836146626077
-2.040251451060009,2.040251451060009,6.135646693257213,11.475617792362554,False,False,2328.9532058002274,2345.811638193916,0,null,-1160.4766029001137,"{""alpha[1]"": 0.030142056818578886, ""beta[1]"": 0.9664805404301309, ""nu"": 2.863959732247325, ""omega"": 0.08268412010043878}",2.8539951630357243,True,2024-02-27,1.3979629249469125,2.0690348515545223,student_t,ETH-USD,951,0.2811266538554246,0.09256237646603535,,0.17923707494160315,2024-02-26,2022-10-15,3.582281626048479,7.215986195543517
-4.259461928714246,4.259461928714246,6.08014170331013,11.366281426724889,False,False,2328.885967567132,2345.744399960821,0,null,-1160.442983783566,"{""alpha[1]"": 0.031133562236118906, ""beta[1]"": 0.9648197574720054, ""nu"": 2.8711060902731567, ""omega"": 0.08991130682566022}",2.830345217671866,True,2024-02-28,1.3889350700330985,2.059941302503475,student_t,ETH-USD,952,0.39048498214371313,0.11412150299063192,,0.18682433006984367,2024-02-27,2022-10-16,3.550237714160009,7.152688370348937
1.30164230969903,-1.30164230969903,6.229060062739018,11.64967224837463,False,False,2331.6673956650925,2348.5258280587814,0,null,-1161.8336978325462,"{""alpha[1]"": 0.032735214091310604, ""beta[1]"": 0.9628538024863424, ""nu"": 2.8680689933078223, ""omega"": 0.09983718050927147}",2.9001106918135737,True,2024-02-29,1.4129075262546347,2.084269368676325,student_t,ETH-USD,953,0.11670742045838016,0.060259004415513386,,0.19047313688060818,2024-02-28,2022-10-17,3.6357907188666307,7.3275427512503635
-2.7487237201465495,2.7487237201465495,6.167067496566358,11.509228192877472,False,False,2330.8497681407525,2347.7082005344414,0,null,-1161.4248840703763,"{""alpha[1]"": 0.03762024348996619, ""beta[1]"": 0.9565544243740707, ""nu"": 2.8790746688700946, ""omega"": 0.12239368196962483}",2.866140774907901,True,2024-03-01,1.4042331716454406,2.0734654291194787,student_t,ETH-USD,954,0.3178259108372709,0.10003177436064412,,0.18401576890358962,2024-02-29,2022-10-18,3.6077944965988635,7.254453715917854
0.3792903256266092,-0.3792903256266092,6.131217950189368,11.375096346609489,False,False,2331.7814037060875,2348.6398360997764,0,null,-1161.8907018530438,"{""alpha[1]"": 0.04439505531190319, ""beta[1]"": 0.9461325541059014, ""nu"": 2.920498093669404, ""omega"": 0.16449087903969156}",2.843466673235762,True,2024-03-02,1.4015549252892985,2.065797138399113,student_t,ETH-USD,955,0.16134280357125552,0.06836737546907261,,0.1927328633130271,2024-03-01,2022-10-19,3.606146397051717,7.216027872533864
-1.9946680012832543,1.9946680012832543,6.012790117698756,11.161172737389702,False,False,2330.0439926867894,2346.902425080478,0,null,-1161.0219963433947,"{""alpha[1]"": 0.046662286151622705, ""beta[1]"": 0.9422917428494693, ""nu"": 2.920396194779372, ""omega"": 0.18205530241148213}",2.7916111248932847,True,2024-03-03,1.3815916191015205,2.046586149373193,student_t,ETH-USD,956,0.2764200591430857,0.09072471158600343,,0.19578039720850027,2024-03-02,2022-10-20,3.533733181578455,7.0778031573170805
-3.916574600490986,3.916574600490986,5.889785168157252,10.833817594721456,False,False,2330.0621209998158,2346.9205533935046,0,null,-1161.0310604999079,"{""alpha[1]"": 0.04777870365467538, ""beta[1]"": 0.9371548728042958, ""nu"": 2.983910616583189, ""omega"": 0.20329642130125228}",2.725430939313994,True,2024-03-04,1.3659418504731926,2.022969129414096,student_t,ETH-USD,957,0.3703790886835497,0.10853431482280836,,0.20016574568184586,2024-03-03,2022-10-21,3.491007173180001,6.93685688178984
2.10070503362918,-2.10070503362918,6.011143046589994,10.964794751037097,False,False,2332.5780631714583,2349.436495565147,0,null,-1162.2890315857292,"{""alpha[1]"": 0.048555958969360144, ""beta[1]"": 0.932430131813844, ""nu"": 3.0418009285018344, ""omega"": 0.22736906118221764}",2.7724352858603063,True,2024-03-05,1.3911155119363912,2.040538996009853,student_t,ETH-USD,958,0.07454782437238808,0.0498090034139409,,0.20540582288517492,2024-03-04,2022-10-22,3.59166152107694,7.0816053750232655
-7.1702762150899515,7.1702762150899515,5.970115864267177,10.809065155844769,False,False,2332.634258393651,2349.49269078734,0,null,-1162.3171291968256,"{""alpha[1]"": 0.049717159888876344, ""beta[1]"": 0.9278513879352899, ""nu"": 3.0924191565972277, ""omega"": 0.24640399022105197}",2.7443882114440292,True,2024-03-06,1.3886531913453295,2.031080177801372,student_t,ETH-USD,959,0.5381805242426665,0.14203681185109113,,0.19900830282965704,2024-03-05,2022-10-23,3.5933342697633677,7.033404970019149
-1.432943424406373,1.432943424406373,6.914064000277878,12.58402775236589,False,False,2337.802681681961,2354.66111407565,0,null,-1164.9013408409805,"{""alpha[1]"": 0.05364158966360371, ""beta[1]"": 0.9233860642248269, ""nu"": 3.043841624439118, ""omega"": 0.2778410975461172}",3.1750349734556362,True,2024-03-07,1.5329274374606645,2.1792930616226696,student_t,ETH-USD,960,0.278851242686847,0.09573106641683131,,0.206006360030835,2024-03-06,2022-10-24,4.144081429330562,8.140163217276749
-0.4561544574664539,0.4561544574664539,6.713732862877537,12.1705106163957,False,False,2336.639497046041,2353.49792943973,0,null,-1164.3197485230205,"{""alpha[1]"": 0.052808660220386876, ""beta[1]"": 0.9208809836667539, ""nu"": 3.077715071223645, ""omega"": 0.2929922910483567}",3.0828975985059834,True,2024-03-08,1.5055810219896095,2.148707320972501,student_t,ETH-USD,961,0.22469836847183952,0.0836323124294516,,0.21159687559216073,2024-03-07,2022-10-25,4.037812911970333,7.907076785478699
-0.5983487565349578,0.5983487565349578,6.639216435496136,12.198226513189397,False,False,2330.9461105506043,2347.804542944293,0,null,-1161.4730552753022,"{""alpha[1]"": 0.052363886039948064, ""beta[1]"": 0.925654532860567, ""nu"": 2.978395343350483, ""omega"": 0.27978718253783935}",3.060030687040239,True,2024-03-09,1.4870101620416372,2.141891953739927,student_t,ETH-USD,962,0.2271075477825328,0.08412549498571827,,0.19587247447671596,2024-03-08,2022-10-26,3.9438021991156944,7.814200742036861
0.8779723703157419,-0.8779723703157419,6.61203673333788,12.338072576610664,False,False,2325.9643724990246,2342.8228048927135,0,null,-1158.9821862495123,"{""alpha[1]"": 0.05337680430421148, ""beta[1]"": 0.9292857436957922, ""nu"": 2.8739433274444, ""omega"": 0.27265492850778406}",3.068087572415366,True,2024-03-10,1.4742823888506211,2.142866455406663,student_t,ETH-USD,963,0.14963260664969735,0.06897192778123765,,0.1832071912700423,2024-03-09,2022-10-27,3.870624503309686,7.7751651484395
-4.662655987943923,4.662655987943923,6.521133870619835,12.240427253936964,False,False,2323.855984394204,2340.714416787893,0,null,-1157.927992197102,"{""alpha[1]"": 0.05452769880911327, ""beta[1]"": 0.9281656214011641, ""nu"": 2.841353819562809, ""omega"": 0.2865120302690595}",3.039392068353606,True,2024-03-11,1.4568878238951872,2.1311523674365174,student_t,ETH-USD,964,0.422845481368112,0.12330159802739356,,0.18822797564083527,2024-03-10,2022-10-28,3.79425363941831,7.667503814795423
2.141871171306122,-2.141871171306122,6.794085278722123,12.711660083758444,False,False,2326.723398415601,2343.58183080929,0,null,-1159.3616992078005,"{""alpha[1]"": 0.05691797190476266, ""beta[1]"": 0.923625573431624, ""nu"": 2.8592399450064874, ""omega"": 0.3110771048661164}",3.158930614024343,True,2024-03-12,1.4998282852901998,2.1709963109140777,student_t,ETH-USD,965,0.09121759147127989,0.0584711001598084,,0.192197267458436,2024-03-11,2022-10-29,3.966223000731718,7.9889811872869565
-0.6556858958397098,0.6556858958397098,6.828976768329839,12.840680082718906,False,False,2325.550571280467,2342.409003674156,0,null,-1158.7752856402335,"{""alpha[1]"": 0.05989365622693852, ""beta[1]"": 0.9219780810127088, ""nu"": 2.8241182185982128, ""omega"": 0.32329093590930225}",3.1811137820192013,True,2024-03-13,1.5023816440894255,2.1776050025746874,student_t,ETH-USD,966,0.2312366801762617,0.08680940677189335,,0.17982208924582824,2024-03-12,2022-10-30,3.9690477076855197,8.025254781349616
3.126311454330491,-3.126311454330491,6.607706994539136,12.378843188131654,False,False,2323.9653361183255,2340.8237685120143,0,null,-1157.9826680591627,"{""alpha[1]"": 0.0583819349149449, ""beta[1]"": 0.9199282445280398, ""nu"": 2.850556929621619, ""omega"": 0.3366548516611959}",3.0740277821626805,True,2024-03-14,1.4713236246207746,2.1435828890721798,student_t,ETH-USD,967,0.03632780670664711,0.04642577101400795,,0.18473615304144014,2024-03-13,2022-10-31,3.8528675884634325,7.768888555731282
3.8837426126932986,-3.8837426126932986,6.614072870185938,12.239327873060269,False,False,2325.4575520581593,2342.315984451848,0,null,-1158.7287760290797,"{""alpha[1]"": 0.05816521041751918, ""beta[1]"": 0.9152269856513771, ""nu"": 2.925247002639863, ""omega"": 0.3523045152778126}",3.0540107910243344,True,2024-03-15,1.4794248861480561,2.1403011284938422,student_t,ETH-USD,968,0.0010025113816120044,0.03896146558640327,,0.18076822190329223,2024-03-14,2022-11-01,3.9037928403255386,7.779889171333622
5.853358660246213,-5.853358660246213,6.751487800832634,12.338384428572752,True,False,2327.77104811773,2344.629480511419,0,null,-1159.885524058865,"{""alpha[1]"": 0.05893013390225393, ""beta[1]"": 0.9099384947271779, ""nu"": 3.0024984592959174, ""omega"": 0.3686051136672595}",3.094819858228781,True,2024-03-16,6.894134688751384,2.1564411895530142,student_t,ETH-USD,969,1.7275027248651242,0.02089181442525825,,0.17211378309647854,2024-03-15,2022-11-02,4.034934739335556,7.942540102772036
-3.3373207634509816,3.3373207634509816,7.467595681841895,13.697770683666795,False,False,2331.0536120669735,2347.9120444606624,0,null,-1161.5268060334868,"{""alpha[1]"": 0.06436126296122964, ""beta[1]"": 0.9058609899693356, ""nu"": 2.9686461437742735, ""omega"": 0.3896553039210373}",3.4207699041111272,True,2024-03-17,1.6065102286513722,2.258198804371749,student_t,ETH-USD,970,0.3893769205269948,0.12117122055928181,,0.1681504967460186,2024-03-16,2022-11-03,4.450217647088907,8.779801292477188
3.475798478295058,-3.475798478295058,7.3554657238300365,13.296738310085829,False,False,2331.967462892113,2348.825895285802,0,null,-1161.9837314460565,"{""alpha[1]"": 0.06457542656462377, ""beta[1]"": 0.8992034079402431, ""nu"": 3.0728028527973237, ""omega"": 0.4095533541888999}",3.3523053786264496,True,2024-03-18,1.5995574072064795,2.2382555129271315,student_t,ETH-USD,971,0.04838696943611724,0.05176877763548524,,0.17327429824990082,2024-03-17,2022-11-04,4.443537867017402,8.652676241843578
10.807041511498657,-10.807041511498657,7.596660811128843,13.87678807295873,True,True,2330.4457252919237,2347.3041576856126,0,null,-1161.2228626459619,"{""alpha[1]"": 0.07084465824451089, ""beta[1]"": 0.898251058323193, ""nu"": 2.989028104623453, ""omega"": 0.4134475861166883}",3.466594902479434,True,2024-03-19,18.10528030183724,15.806416964549431,student_t,ETH-USD,972,5.946273839446719,1.8591307384035167,,0.1520182523880088,2024-03-18,2022-11-05,4.547805891028426,8.929131674727428
-10.676425818817359,10.676425818817359,10.250813295016654,18.787097194161205,False,False,2338.049120098178,2354.9075524918667,0,null,-1165.024560049089,"{""alpha[1]"": 0.0824101354537658, ""beta[1]"": 0.8918709374082778, ""nu"": 2.945928072140617, ""omega"": 0.4282376696693939}",4.659343189228916,True,2024-03-20,1.9251347914637043,2.5737035378855952,student_t,ETH-USD,973,0.8402066927993546,0.22710185737929275,,0.13249707507918954,2024-03-19,2022-11-06,6.1277080371697155,12.033759919111896
0.5823806362037327,-0.5823806362037327,12.482986742748997,22.832771585253425,False,False,2343.6196128889796,2360.4780452826685,0,null,-1167.8098064444898,"{""alpha[1]"": 0.09643796263325255, ""beta[1]"": 0.8793347094714061, ""nu"": 2.958889914398192, ""omega"": 0.464372311875847}",5.668276138880557,True,2024-03-21,2.1232781238108323,2.770042076190512,student_t,ETH-USD,974,0.34469116342606165,0.14072724710780432,,0.16081684936270696,2024-03-20,2022-11-07,7.47620390472496,14.65510534698415
4.6679254580081295,-4.6679254580081295,8.033699421116793,14.595460247093879,False,False,2345.04052657668,2361.8989589703688,0,null,-1168.52026328834,"{""alpha[1]"": 0.3486179724228986, ""beta[1]"": 0.1420678695852383, ""nu"": 3.026162091373578, ""omega"": 5.872986148374327}",3.6574336480280123,True,2024-03-22,1.6854171528487778,2.327769960028819,student_t,ETH-USD,975,0.008326507940076685,0.047762046081464796,,0.16011609769494073,2024-03-21,2022-11-08,4.834455616809663,9.444130066154605
-0.0871329335610886,0.0871329335610886,11.4454280402539,20.924026824556318,False,False,2338.0438977136414,2354.9023301073303,0,null,-1165.0219488568207,"{""alpha[1]"": 0.08821247140927961, ""beta[1]"": 0.8924068196074563, ""nu"": 2.9717058899612874, ""omega"": 0.3921972209611739}",5.208519652740543,True,2024-03-23,2.0363557407473536,2.683414979534552,student_t,ETH-USD,976,0.3470129549069369,0.1353117319909594,,0.18335410281327458,2024-03-22,2022-11-09,6.853126164577644,13.44404026553484
-3.4766710205376397,3.4766710205376397,,,,,,,,"{""error"": ""fit violated GARCH constraints: omega=0.12653965513326926, alpha=0.05592357084897539, beta=0.9440764291510247"", ""error_type"": ""GarchFitError"", ""forecast_date"": ""2024-03-24"", ""innovation"": ""student_t"", ""instrument"": ""ETH-USD"", ""origin_index"": 977}",,null,,False,2024-03-24,,,student_t,ETH-USD,977,,,,0.22189719857480084,2024-03-23,2022-11-10,,
-3.8681118375388186,3.8681118375388186,,,,,,,,"{""error"": ""fit violated GARCH constraints: omega=0.04546255428234768, alpha=0.0409550882339818, beta=0.9590449117661609"", ""error_type"": ""GarchFitError"", ""forecast_date"": ""2024-03-25"", ""innovation"": ""student_t"", ""instrument"": ""ETH-USD"", ""origin_index"": 978}",,null,,False,2024-03-25,,,student_t,ETH-USD,978,,,,0.19555298022510073,2024-03-24,2022-11-11,,
0.0941410782820151,-0.0941410782820151,,,,,,,,"{""error"": ""fit violated GARCH constraints: omega=0.04333845013168158, alpha=0.040946689186350686, beta=0.959053310813681"", ""error_type"": ""GarchFitError"", ""forecast_date"": ""2024-03-26"", ""innovation"": ""student_t"", ""instrument"": ""ETH-USD"", ""origin_index"": 979}",,null,,False,2024-03-26,,,student_t,ETH-USD,979,,,,0.20518253366695374,2024-03-25,2022-11-12,,
2.4661050246410863,-2.4661050246410863,,,,,,,,"{""error"": ""fit violated GARCH constraints: omega=0.043737887154461225, alpha=0.03967066255166495, beta=0.9603293374483461"", ""error_type"": ""GarchFitError"", ""forecast_date"": ""2024-03-27"", ""innovation"": ""student_t"", ""instrument"": ""ETH-USD"", ""origin_index"": 980}",,null,,False,2024-03-27,,,student_t,ETH-USD,980,,,,0.21002151976823039,2024-03-26,2022-11-13,,
-1.732805456880145,1.732805456880145,,,,,,,,"{""error"": ""fit violated GARCH constraints: omega=0.04641201924479528, alpha=0.04016402627173399, beta=0.959835973728266"", ""error_type"": ""GarchFitError"", ""forecast_date"": ""2024-03-28"", ""innovation"": ""student_t"", ""instrument"": ""ETH-USD"", ""origin_index"": 981}",,null,,False,2024-03-28,,,student_t,ETH-USD,981,,,,0.21049099697308862,2024-03-27,2022-11-14,,
1.399346817243807,-1.399346817243807,8.695552759540018,14.909200154011645,False,False,2316.4461000673155,2333.3045324610043,0,null,-1154.2230500336577,"{""alpha[1]"": 0.03883445972651837, ""beta[1]"": 0.961165540272793, ""nu"": 3.5229436173789046, ""omega"": 0.043604108789166804}",3.926356355219779,True,2024-03-29,1.7969255048934398,2.3879680650985424,student_t,ETH-USD,982,0.20573115365519215,0.08828209174742858,,0.21074393093789406,2024-03-28,2022-11-15,5.513969890347647,10.227555991986657
0.11002716966062602,-0.11002716966062602,,,,,,,,"{""error"": ""fit violated GARCH constraints: omega=0.03977900347513278, alpha=0.03763669666657851, beta=0.9623633033334673"", ""error_type"": ""GarchFitError"", ""forecast_date"": ""2024-03-30"", ""innovation"": ""student_t"", ""instrument"": ""ETH-USD"", ""origin_index"": 983}",,null,,False,2024-03-30,,,student_t,ETH-USD,983,,,,0.2063197851909738,2024-03-29,2022-11-16,,
-3.9109513085083036,3.9109513085083036,8.362917219469074,14.410991295305507,False,False,2315.1640262973915,2332.0224586910804,0,null,-1153.5820131486958,"{""alpha[1]"": 0.03718612669479266, ""beta[1]"": 0.9628138733051828, ""nu"": 3.4782242741099605, ""omega"": 0.04222730020289213}",3.7812433869074638,True,2024-03-31,1.7549326507838439,2.35073939915066,student_t,ETH-USD,984,0.4594500119520919,0.13750029665879057,,0.21195806718286728,2024-03-30,2022-11-17,5.278048930533527,9.839078357370742
3.994063181333666,-3.994063181333666,8.346604386029709,14.34348580899879,False,False,2317.274869496445,2334.1333018901337,0,null,-1154.6374347482224,"{""alpha[1]"": 0.03723888203502205, ""beta[1]"": 0.9627611179648793, ""nu"": 3.510056729980348, ""omega"": 0.04059516936198132}",3.7778313211742334,True,2024-04-01,1.7543752570386557,2.3479906498407845,student_t,ETH-USD,985,0.06426674373543341,0.05826846410787461,,0.22222891230626363,2024-03-31,2022-11-18,5.279398056042333,9.820909592121122
6.719912510429002,-6.719912510429002,8.404964673859297,14.37655803045728,True,False,2319.688344334874,2336.5467767285627,0,null,-1155.844172167437,"{""alpha[1]"": 0.037821889962633394, ""beta[1]"": 0.9621781100371765, ""nu"": 3.5511331139834077, ""omega"": 0.03873893980279195}",3.7985169573174895,True,2024-04-02,5.047691575593712,2.3532773528122273,student_t,ETH-USD,986,1.3109021547334918,0.03166535730514848,,0.2123358928930334,2024-04-01,2022-11-19,5.340015505446379,9.886448240943848
-1.0383749539247433,1.0383749539247433,,,,,,,,"{""error"": ""fit violated GARCH constraints: omega=0.039732970153396434, alpha=0.03989281026824617, beta=0.9601071897318165"", ""error_type"": ""GarchFitError"", ""forecast_date"": ""2024-04-03"", ""innovation"": ""student_t"", ""instrument"": ""ETH-USD"", ""origin_index"": 987}",,null,,False,2024-04-03,,,student_t,ETH-USD,987,,,,0.19788789577479343,2024-04-02,2022-11-20,,
-0.560076182871969,0.560076182871969,,,,,,,,"{""error"": ""fit violated GARCH constraints: omega=0.038279698865719906, alpha=0.03850168368456052, beta=0.9614983163155181"", ""error_type"": ""GarchFitError"", ""forecast_date"": ""2024-04-04"", ""innovation"": ""student_t"", ""instrument"": ""ETH-USD"", ""origin_index"": 988}",,null,,False,2024-04-04,,,student_t,ETH-USD,988,,,,0.21283880749783718,2024-04-03,2022-11-21,,
0.33555145099542455,-0.33555145099542455,,,,,,,,"{""error"": ""fit violated GARCH constraints: omega=0.04072266917278864, alpha=0.03815819552922359, beta=0.9618418044708951"", ""error_type"": ""GarchFitError"", ""forecast_date"": ""2024-04-05"", ""innovation"": ""student_t"", ""instrument"": ""ETH-USD"", ""origin_index"": 989}",,null,,False,2024-04-05,,,student_t,ETH-USD,989,,,,0.22002186403698318,2024-04-04,2022-11-22,,
-1.0579513788583212,1.0579513788583212,,,,,,,,"{""error"": ""fit violated GARCH constraints: omega=0.04209644046204798, alpha=0.03784553637126941, beta=0.962154463628734"", ""error_type"": ""GarchFitError"", ""forecast_date"": ""2024-04-06"", ""innovation"": ""student_t"", ""instrument"": ""ETH-USD"", ""origin_index"": 990}",,null,,False,2024-04-06,,,student_t,ETH-USD,990,,,,0.21456869809332138,2024-04-05,2022-11-23,,
-2.917818084466581,2.917818084466581,8.260247061482833,14.274614334414103,False,False,2314.8120007532725,2331.6704331469614,0,null,-1153.4060003766363,"{""alpha[1]"": 0.03865126288278946, ""beta[1]"": 0.9613487371172033, ""nu"": 3.4505853287353956, ""omega"": 0.04776045803277631}",3.7352103278882716,True,2024-04-07,1.740979318193813,2.3393250135186014,student_t,ETH-USD,991,0.40589243166367234,0.12636578985442282,,0.2083972383593099,2024-04-06,2022-11-24,5.2000305488068586,9.71876090097569
-6.767311887192952,6.767311887192952,,,,,,,,"{""error"": ""fit violated GARCH constraints: omega=0.045925805059385004, alpha=0.038254906279044154, beta=0.961745093720964"", ""error_type"": ""GarchFitError"", ""forecast_date"": ""2024-04-08"", ""innovation"": ""student_t"", ""instrument"": ""ETH-USD"", ""origin_index"": 992}",,null,,False,2024-04-08,,,student_t,ETH-USD,992,,,,0.21075025984349374,2024-04-07,2022-11-25,,
5.282265463886302,-5.282265463886302,,,,,,,,"{""error"": ""fit violated GARCH constraints: omega=0.04248739151508255, alpha=0.038155533619293525, beta=0.9618444663807263"", ""error_type"": ""GarchFitError"", ""forecast_date"": ""2024-04-09"", ""innovation"": ""student_t"", ""instrument"": ""ETH-USD"", ""origin_index"": 993}",,null,,False,2024-04-09,,,student_t,ETH-USD,993,,,,0.22512673960944327,2024-04-08,2022-11-26,,
-1.0944718725401268,1.0944718725401268,8.683671891981975,14.80035318610201,False,False,2325.1417674295335,2342.0001998232224,0,null,-1158.5708837147668,"{""alpha[1]"": 0.03885536999741192, ""beta[1]"": 0.9611446300025658, ""nu"": 3.5848695947141516, ""omega"": 0.040312141783965375}",3.921490474141037,True,2024-04-10,1.7988966241505895,2.384647326225352,student_t,ETH-USD,994,0.33149486206048484,0.11306660540487619,,0.21340252864466858,2024-04-09,2022-11-27,5.535425368669564,10.212188667947482
1.0920619425545175,-1.0920619425545175,,,,,,,,"{""error"": ""fit violated GARCH constraints: omega=0.039328373890978714, alpha=0.03832712672858119, beta=0.961672873271452"", ""error_type"": ""GarchFitError"", ""forecast_date"": ""2024-04-11"", ""innovation"": ""student_t"", ""instrument"": ""ETH-USD"", ""origin_index"": 995}",,null,,False,2024-04-11,,,student_t,ETH-USD,995,,,,0.21738588414190052,2024-04-10,2022-11-28,,
7.775162523681398,-7.775162523681398,,,,,,,,"{""error"": ""fit violated GARCH constraints: omega=0.040811610466713964, alpha=0.03823473380121271, beta=0.961765266199327"", ""error_type"": ""GarchFitError"", ""forecast_date"": ""2024-04-12"", ""innovation"": ""student_t"", ""instrument"": ""ETH-USD"", ""origin_index"": 996}",,null,,False,2024-04-12,,,student_t,ETH-USD,996,,,,0.21943676238376225,2024-04-11,2022-11-29,,
7.62651729239407,-7.62651729239407,9.035024198904244,15.517394265383274,True,False,2327.527265435455,2344.3856978291437,0,null,-1159.7636327177274,"{""alpha[1]"": 0.04010820732534704, ""beta[1]"": 0.9598917926746523, ""nu"": 3.496090682919124, ""omega"": 0.046208190677436894}",4.070122630186139,True,2024-04-13,6.047127788671616,2.4265910034524474,student_t,ETH-USD,997,1.807869166199858,0.029971470030534908,,0.1960403856312828,2024-04-12,2022-11-30,5.7234971174468505,10.623664295447558
-4.93593845909959,4.93593845909959,,,,,,,,"{""error"": ""fit violated GARCH constraints: omega=0.051131854426726395, alpha=0.042660454898987364, beta=0.9573395451288164"", ""error_type"": ""GarchFitError"", ""forecast_date"": ""2024-04-14"", ""innovation"": ""student_t"", ""instrument"": ""ETH-USD"", ""origin_index"": 998}",,null,,False,2024-04-14,,,student_t,ETH-USD,998,,,,0.1682404258349689,2024-04-13,2022-12-01,,
1.768558663477851,-1.768558663477851,,,,,,,,"{""error"": ""fit violated GARCH constraints: omega=0.05091583302311387, alpha=0.04333775691228425, beta=0.9566622430889398"", ""error_type"": ""GarchFitError"", ""forecast_date"": ""2024-04-15"", ""innovation"": ""student_t"", ""instrument"": ""ETH-USD"", ""origin_index"": 999}",,null,,False,2024-04-15,,,student_t,ETH-USD,999,,,,0.18113179336866717,2024-04-14,2022-12-02,,
0.5392438737674049,-0.5392438737674049,9.545335220080034,16.28385257530891,False,False,2330.973740788269,2347.832173181958,0,null,-1161.4868703941345,"{""alpha[1]"": 0.042894139258885765, ""beta[1]"": 0.9571058606112268, ""nu"": 3.5494519482478544, ""omega"": 0.04946598425446966}",4.284667851147965,True,2024-04-16,1.8937721681715463,2.4789834482907143,student_t,ETH-USD,1000,0.27740017024437974,0.10677228005079857,,0.17478912495375404,2024-04-15,2022-12-03,6.087247278654995,11.216471878847251
3.3017312940897194,-3.3017312940897194,9.37256067157144,16.090894162625187,False,False,2328.120317884278,2344.978750277967,0,null,-1160.060158942139,"{""alpha[1]"": 0.042792951849326674, ""beta[1]"": 0.957207048149797, ""nu"": 3.490635983407521, ""omega"": 0.053927087233698504}",4.212788749057469,True,2024-04-17,1.8717767920365738,2.4629255730504704,student_t,ETH-USD,1001,0.13201913275035265,0.07715254054102243,,0.18174572458474683,2024-04-16,2022-12-04,5.94211394909677,11.016985348191955
-2.6874312490518606,2.6874312490518606,,,,,,,,"{""error"": ""fit violated GARCH constraints: omega=0.05709007155287258, alpha=0.043579916440529956, beta=0.9564200835596216"", ""error_type"": ""GarchFitError"", ""forecast_date"": ""2024-04-18"", ""innovation"": ""student_t"", ""instrument"": ""ETH-USD"", ""origin_index"": 1002}",,null,,False,2024-04-18,,,student_t,ETH-USD,1002,,,,0.16928958912401432,2024-04-17,2022-12-05,,
0.22036536831554981,-0.22036536831554981,,,,,,,,"{""error"": ""fit violated GARCH constraints: omega=0.05718890342608728, alpha=0.04341841201965586, beta=0.9565815879811526"", ""error_type"": ""GarchFitError"", ""forecast_date"": ""2024-04-19"", ""innovation"": ""student_t"", ""instrument"": ""ETH-USD"", ""origin_index"": 1003}",,null,,False,2024-04-19,,,student_t,ETH-USD,1003,,,,0.17790552633419782,2024-04-18,2022-12-06,,
-3.1641733747600194,3.1641733747600194,,,,,,,,"{""error"": ""fit violated GARCH constraints: omega=0.05514677616419322, alpha=0.042746534385948554, beta=0.9572534656142978"", ""error_type"": ""GarchFitError"", ""forecast_date"": ""2024-04-20"", ""innovation"": ""student_t"", ""instrument"": ""ETH-USD"", ""origin_index"": 1004}",,null,,False,2024-04-20,,,student_t,ETH-USD,1004,,,,0.17557217192599117,2024-04-19,2022-12-07,,
0.3279546513185339,-0.3279546513185339,,,,,,,,"{""error"": ""fit violated GARCH constraints: omega=0.05950543343130009, alpha=0.043356973939702864, beta=0.9566430260603265"", ""error_type"": ""GarchFitError"", ""forecast_date"": ""2024-04-21"", ""innovation"": ""student_t"", ""instrument"": ""ETH-USD"", ""origin_index"": 1005}",,null,,False,2024-04-21,,,student_t,ETH-USD,1005,,,,0.18816538856137419,2024-04-20,2022-12-08,,
-1.712564582491717,1.712564582491717,8.848629635719492,15.492022659407722,False,False,2325.3271423535043,2342.185574747193,0,null,-1158.6635711767522,"{""alpha[1]"": 0.0451027447625189, ""beta[1]"": 0.95489725523732, ""nu"": 3.314299707569817, ""omega"": 0.07086311018177417}",3.9893087087577452,True,2024-04-22,1.8030234019234226,2.4120189411649027,student_t,ETH-USD,1006,0.36115721192112715,0.12118458864288424,,0.17976189580091329,2024-04-21,2022-12-09,5.510579655930819,10.405894281796696
-0.5686954456864607,0.5686954456864607,,,,,,,,"{""error"": ""fit violated GARCH constraints: omega=0.07137099785962316, alpha=0.044872796327291596, beta=0.9551272036727085"", ""error_type"": ""GarchFitError"", ""forecast_date"": ""2024-04-23"", ""innovation"": ""student_t"", ""instrument"": ""ETH-USD"", ""origin_index"": 1007}",,null,,False,2024-04-23,,,student_t,ETH-USD,1007,,,,0.18583207578751185,2024-04-22,2022-12-10,,
2.5193160149868854,-2.5193160149868854,8.497905584743334,14.892527534094963,False,False,2326.643405272105,2343.501837665794,0,null,-1159.3217026360526,"{""alpha[1]"": 0.04413366609744435, ""beta[1]"": 0.9558663339025195, ""nu"": 3.311843945857857, ""omega"": 0.06737863405252555}",3.8375503825652424,True,2024-04-24,1.7618094927734909,2.3720609643605237,student_t,ETH-USD,1008,0.13831471261782746,0.07476569091825776,,0.18663763892468851,2024-04-23,2022-12-11,5.285610267343432,9.995885106812654
-0.5306083001168195,0.5306083001168195,8.398450215976132,14.63060191133749,False,False,2328.492927514586,2345.351359908275,0,null,-1160.246463757293,"{""alpha[1]"": 0.043048410575100934, ""beta[1]"": 0.9569515894220956, ""nu"": 3.3631238310617384, ""omega"": 0.060275644745089084}",3.78832848264952,True,2024-04-25,1.7534659374375172,2.358265572699964,student_t,ETH-USD,1009,0.2891578254241901,0.10408462344412499,,0.18199669457923542,2024-04-24,2022-12-12,5.252548208366978,9.87785404429567
0.83811818106982,-0.83811818106982,8.224999827699797,14.337678226993667,False,False,2328.853245563202,2345.711677956891,0,null,-1160.426622781601,"{""alpha[1]"": 0.04295939630582051, ""beta[1]"": 0.9570406036940966, ""nu"": 3.3587919548668053, ""omega"": 0.059117318875253094}",3.7117061478476345,True,2024-04-26,1.7321817526159835,2.337648034961855,student_t,ETH-USD,1010,0.2151267654425285,0.0883633231203755,,0.18136390196115787,2024-04-25,2022-12-13,5.140653489920386,9.674450493107361
-3.82362630367448,3.82362630367448,8.09935842547982,14.256010402567219,False,False,2326.27569325116,2343.134125644849,0,null,-1159.13784662558,"{""alpha[1]"": 0.04509301637021325, ""beta[1]"": 0.9549069836295764, ""nu"": 3.2725493732650883, ""omega"": 0.07006202096940588}",3.658184150046329,True,2024-04-27,1.711387193193819,2.3254191227280665,student_t,ETH-USD,1011,0.4421003873902297,0.13350070141034504,,0.1726075894388549,2024-04-26,2022-12-14,5.018381444130107,9.526443837360011
-0.3256039102912204,0.3256039102912204,8.101425023427792,14.165358415647214,False,False,2328.991403793144,2345.849836186833,0,null,-1160.495701896572,"{""alpha[1]"": 0.04312207064181162, ""beta[1]"": 0.9568779293578527, ""nu"": 3.333433768548907, ""omega"": 0.06130027152663485}",3.6588800652945954,True,2024-04-28,1.7152598084644302,2.3235667355419727,student_t,ETH-USD,1012,0.2687286332015147,0.0985559384051127,,0.18196146530200305,2024-04-27,2022-12-15,5.048968753739069,9.52998993022004
1.4617183658861372,-1.4617183658861372,7.950632744315071,14.074534871296395,False,False,2326.226260329722,2343.084692723411,0,null,-1159.113130164861,"{""alpha[1]"": 0.04594747311424482, ""beta[1]"": 0.9540525268857485, ""nu"": 3.2340722722070194, ""omega"": 0.07608609674008285}",3.6031516831250956,True,2024-04-29,1.6892693685386582,2.3090445870881204,student_t,ETH-USD,1013,0.17180066718787912,0.07893307723790567,,0.18928722863159064,2024-04-28,2022-12-16,4.8977317096437165,9.355026089676697
6.526122570024033,-6.526122570024033,,,,,,,,"{""error"": ""fit violated GARCH constraints: omega=0.14402166760837237, alpha=0.06765659632700174, beta=0.9323434036729984"", ""error_type"": ""GarchFitError"", ""forecast_date"": ""2024-04-30"", ""innovation"": ""student_t"", ""instrument"": ""ETH-USD"", ""origin_index"": 1014}",,null,,False,2024-04-30,,,student_t,ETH-USD,1014,,,,0.20248916477471912,2024-04-29,2022-12-17,,
1.4210098277107652,-1.4210098277107652,,,,,,,,"{""error"": ""fit violated GARCH constraints: omega=0.13046422661096016, alpha=0.06258058919801715, beta=0.9374194108019829"", ""error_type"": ""GarchFitError"", ""forecast_date"": ""2024-05-01"", ""innovation"": ""student_t"", ""instrument"": ""ETH-USD"", ""origin_index"": 1015}",,null,,False,2024-05-01,,,student_t,ETH-USD,1015,,,,0.1860604922066578,2024-04-30,2022-12-18,,
-0.6171195696829382,0.6171195696829382,,,,,,,,"{""error"": ""fit violated GARCH constraints: omega=0.1237416347394184, alpha=0.06168943204136938, beta=0.9383105679586307"", ""error_type"": ""GarchFitError"", ""forecast_date"": ""2024-05-02"", ""innovation"": ""student_t"", ""instrument"": ""ETH-USD"", ""origin_index"": 1016}",,null,,False,2024-05-02,,,student_t,ETH-USD,1016,,,,0.1837974062479566,2024-05-01,2022-12-19,,
-3.788339378396801,3.788339378396801,,,,,,,,"{""error"": ""fit violated GARCH constraints: omega=0.1382131785985577, alpha=0.06385137228012613, beta=0.9361486277198738"", ""error_type"": ""GarchFitError"", ""forecast_date"": ""2024-05-03"", ""innovation"": ""student_t"", ""instrument"": ""ETH-USD"", ""origin_index"": 1017}",,null,,False,2024-05-03,,,student_t,ETH-USD,1017,,,,0.1879403672643525,2024-05-02,2022-12-20,,
-0.4511872910238055,0.4511872910238055,,,,,,,,"{""error"": ""fit violated GARCH constraints: omega=0.18448589811600036, alpha=0.0737800520114987, beta=0.9262199479885014"", ""error_type"": ""GarchFitError"", ""forecast_date"": ""2024-05-04"", ""innovation"": ""student_t"", ""instrument"": ""ETH-USD"", ""origin_index"": 1018}",,null,,False,2024-05-04,,,student_t,ETH-USD,1018,,,,0.18711544734291882,2024-05-03,2022-12-21,,
-0.6290398368676899,0.6290398368676899,,,,,,,,"{""error"": ""fit violated GARCH constraints: omega=0.18941591669847943, alpha=0.07438276096841137, beta=0.9256172390315887"", ""error_type"": ""GarchFitError"", ""forecast_date"": ""2024-05-05"", ""innovation"": ""student_t"", ""instrument"": ""ETH-USD"", ""origin_index"": 1019}",,null,,False,2024-05-05,,,student_t,ETH-USD,1019,,,,0.18869295618880158,2024-05-04,2022-12-22,,
2.4040038364985503,-2.4040038364985503,,,,,,,,"{""error"": ""fit violated GARCH constraints: omega=0.18810380700802404, alpha=0.07455358495495107, beta=0.925446415045049"", ""error_type"": ""GarchFitError"", ""forecast_date"": ""2024-05-06"", ""innovation"": ""student_t"", ""instrument"": ""ETH-USD"", ""origin_index"": 1020}",,null,,False,2024-05-06,,,student_t,ETH-USD,1020,,,,0.18919732385625604,2024-05-05,2022-12-23,,
1.8503998653284799,-1.8503998653284799,,,,,,,,"{""error"": ""fit violated GARCH constraints: omega=0.1618759217863264, alpha=0.07032949437094109, beta=0.929670505629059"", ""error_type"": ""GarchFitError"", ""forecast_date"": ""2024-05-07"", ""innovation"": ""student_t"", ""instrument"": ""ETH-USD"", ""origin_index"": 1021}",,null,,False,2024-05-07,,,student_t,ETH-USD,1021,,,,0.18406494892125952,2024-05-06,2022-12-24,,
1.100968673213486,-1.100968673213486,,,,,,,,"{""error"": ""fit violated GARCH constraints: omega=0.13958161080741532, alpha=0.06655348230166862, beta=0.9334465176983314"", ""error_type"": ""GarchFitError"", ""forecast_date"": ""2024-05-08"", ""innovation"": ""student_t"", ""instrument"": ""ETH-USD"", ""origin_index"": 1022}",,null,,False,2024-05-08,,,student_t,ETH-USD,1022,,,,0.18020208261635495,2024-05-07,2022-12-25,,
-2.075502961269021,2.075502961269021,,,,,,,,"{""error"": ""fit violated GARCH constraints: omega=0.12642581583625317, alpha=0.06443121405279569, beta=0.9355687859472043"", ""error_type"": ""GarchFitError"", ""forecast_date"": ""2024-05-09"", ""innovation"": ""student_t"", ""instrument"": ""ETH-USD"", ""origin_index"": 1023}",,null,,False,2024-05-09,,,student_t,ETH-USD,1023,,,,0.17835857567694463,2024-05-08,2022-12-26,,
4.24662677995022,-4.24662677995022,7.049587600277573,12.401479380816475,False,False,2328.886980642592,2345.7454130362808,0,null,-1160.443490321296,"{""alpha[1]"": 0.06068323086799777, ""beta[1]"": 0.9393167691320021, ""nu"": 3.292762811099277, ""omega"": 0.10776479983614254}",3.196353376968618,True,2024-05-10,1.5723028443609826,2.1868444364585704,student_t,ETH-USD,1024,0.005971028645627646,0.04050318427359211,,0.181199268272259,2024-05-09,2022-12-27,4.366047352862773,8.296945207309427
-0.06221160336238723,0.06221160336238723,7.340488082317552,12.787853757149714,False,False,2332.217486670651,2349.07591906434,0,null,-1162.1087433353255,"{""alpha[1]"": 0.05425978253043117, ""beta[1]"": 0.9457402174695687, ""nu"": 3.3710274530339728, ""omega"": 0.08573148554408648}",3.3177815304921787,True,2024-05-11,1.6185290108785897,2.223837989530614,student_t,ETH-USD,1025,0.2325462242027254,0.08698388820644128,,0.17503130309060483,2024-05-10,2022-12-28,4.588712880692117,8.636177217281732
-0.5855825996575821,0.5855825996575821,,,,,,,,"{""error"": ""fit violated GARCH constraints: omega=0.10055512971714121, alpha=0.0574047744378729, beta=0.942595225562127"", ""error_type"": ""GarchFitError"", ""forecast_date"": ""2024-05-12"", ""innovation"": ""student_t"", ""instrument"": ""ETH-USD"", ""origin_index"": 1026}",,null,,False,2024-05-12,,,student_t,ETH-USD,1026,,,,0.17895236994959787,2024-05-11,2022-12-29,,
-0.702877979976,0.702877979976,,,,,,,,"{""error"": ""fit violated GARCH constraints: omega=0.0941510205905106, alpha=0.05636525624378914, beta=0.9436347437562108"", ""error_type"": ""GarchFitError"", ""forecast_date"": ""2024-05-13"", ""innovation"": ""student_t"", ""instrument"": ""ETH-USD"", ""origin_index"": 1027}",,null,,False,2024-05-13,,,student_t,ETH-USD,1027,,,,0.17818183346417943,2024-05-12,2022-12-30,,
2.339578604478114,-2.339578604478114,,,,,,,,"{""error"": ""fit violated GARCH constraints: omega=0.08478846181143623, alpha=0.05481890757270113, beta=0.9451810924272989"", ""error_type"": ""GarchFitError"", ""forecast_date"": ""2024-05-14"", ""innovation"": ""student_t"", ""instrument"": ""ETH-USD"", ""origin_index"": 1028}",,null,,False,2024-05-14,,,student_t,ETH-USD,1028,,,,0.17998121189764427,2024-05-13,2022-12-31,,
-5.26965537655487,5.26965537655487,6.817896006509629,11.810963577693455,False,False,2333.4047391193226,2350.2631715130115,0,null,-1162.7023695596613,"{""alpha[1]"": 0.04982328626880833, ""beta[1]"": 0.9501767137311915, ""nu"": 3.42966949577651, ""omega"": 0.06514679225702616}",3.0852261659599205,True,2024-05-15,1.5476148182854388,2.1482902594708797,student_t,ETH-USD,1029,0.477586485747894,0.132923946215003,,0.1757129970472577,2024-05-14,2023-01-01,4.2820743384030004,8.022739244945418
3.073550260256281,-3.073550260256281,,,,,,,,"{""error"": ""fit violated GARCH constraints: omega=0.04637926314165849, alpha=0.04339247246766232, beta=0.9566075275323445"", ""error_type"": ""GarchFitError"", ""forecast_date"": ""2024-05-16"", ""innovation"": ""student_t"", ""instrument"": ""ETH-USD"", ""origin_index"": 1030}",,null,,False,2024-05-16,,,student_t,ETH-USD,1030,,,,0.18555271316124144,2024-05-15,2023-01-02,,
-4.934976687832733,4.934976687832733,,,,,,,,"{""error"": ""fit violated GARCH constraints: omega=0.03881204308127752, alpha=0.04105235300800934, beta=0.9589476469919932"", ""error_type"": ""GarchFitError"", ""forecast_date"": ""2024-05-17"", ""innovation"": ""student_t"", ""instrument"": ""ETH-USD"", ""origin_index"": 1031}",,null,,False,2024-05-17,,,student_t,ETH-USD,1031,,,,0.17713838346565702,2024-05-16,2023-01-03,,
-0.9274639232585327,0.9274639232585327,,,,,,,,"{""error"": ""fit violated GARCH constraints: omega=0.03114262367607716, alpha=0.03827716071391041, beta=0.9617228392878862"", ""error_type"": ""GarchFitError"", ""forecast_date"": ""2024-05-18"", ""innovation"": ""student_t"", ""instrument"": ""ETH-USD"", ""origin_index"": 1032}",,null,,False,2024-05-18,,,student_t,ETH-USD,1032,,,,0.1869882180929342,2024-05-17,2023-01-04,,
1.6500026642583834,-1.6500026642583834,,,,,,,,"{""error"": ""fit violated GARCH constraints: omega=0.03576610700346687, alpha=0.03965141111075634, beta=0.9603485888892566"", ""error_type"": ""GarchFitError"", ""forecast_date"": ""2024-05-19"", ""innovation"": ""student_t"", ""instrument"": ""ETH-USD"", ""origin_index"": 1033}",,null,,False,2024-05-19,,,student_t,ETH-USD,1033,,,,0.18208529665254009,2024-05-18,2023-01-05,,
-17.6238286731965,17.6238286731965,,,,,,,,"{""error"": ""fit violated GARCH constraints: omega=0.03204529632375782, alpha=0.03868162518079072, beta=0.9613183748192226"", ""error_type"": ""GarchFitError"", ""forecast_date"": ""2024-05-20"", ""innovation"": ""student_t"", ""instrument"": ""ETH-USD"", ""origin_index"": 1034}",,null,,False,2024-05-20,,,student_t,ETH-USD,1034,,,,0.1797566688195547,2024-05-19,2023-01-06,,
-3.3668668814154956,3.3668668814154956,,,,,,,,"{""error"": ""fit violated GARCH constraints: omega=0.036911833056359075, alpha=0.0373781117110762, beta=0.9626218882889241"", ""error_type"": ""GarchFitError"", ""forecast_date"": ""2024-05-21"", ""innovation"": ""student_t"", ""instrument"": ""ETH-USD"", ""origin_index"": 1035}",,null,,False,2024-05-21,,,student_t,ETH-USD,1035,,,,0.21199763464751908,2024-05-20,2023-01-07,,
1.3843244989582024,-1.3843244989582024,10.16409045580948,17.243403992326357,False,False,2357.724962485382,2374.583394879071,0,null,-1174.862481242691,"{""alpha[1]"": 0.0365241008561534, ""beta[1]"": 0.9634758991438451, ""nu"": 3.620983014792356, ""omega"": 0.033410955547052035}",4.576508716588015,True,2024-05-22,1.959312755300664,2.540249958709629,student_t,ETH-USD,1036,0.2562642714890812,0.10562255235086727,,0.21953789655823236,2024-05-21,2023-01-08,6.509609928739821,11.94657973404492
-1.0569357542440212,1.0569357542440212,,,,,,,,"{""error"": ""fit violated GARCH constraints: omega=0.03195656708898391, alpha=0.03562869733217916, beta=0.9643713026678212"", ""error_type"": ""GarchFitError"", ""forecast_date"": ""2024-05-23"", ""innovation"": ""student_t"", ""instrument"": ""ETH-USD"", ""origin_index"": 1037}",,null,,False,2024-05-23,,,student_t,ETH-USD,1037,,,,0.21314964091353975,2024-05-22,2023-01-09,,
1.332471649903636,-1.332471649903636,,,,,,,,"{""error"": ""fit violated GARCH constraints: omega=0.03230401470409127, alpha=0.03493965104507558, beta=0.9650603489549244"", ""error_type"": ""GarchFitError"", ""forecast_date"": ""2024-05-24"", ""innovation"": ""student_t"", ""instrument"": ""ETH-USD"", ""origin_index"": 1038}",,null,,False,2024-05-24,,,student_t,ETH-USD,1038,,,,0.21002277200476996,2024-05-23,2023-01-10,,
-0.5966173788722317,0.5966173788722317,,,,,,,,"{""error"": ""fit violated GARCH constraints: omega=0.030404065119013897, alpha=0.034214516489927814, beta=0.9657854835100722"", ""error_type"": ""GarchFitError"", ""forecast_date"": ""2024-05-25"", ""innovation"": ""student_t"", ""instrument"": ""ETH-USD"", ""origin_index"": 1039}",,null,,False,2024-05-25,,,student_t,ETH-USD,1039,,,,0.20509348361512428,2024-05-24,2023-01-11,,
-2.0240831626970777,2.0240831626970777,,,,,,,,"{""error"": ""fit violated GARCH constraints: omega=0.03269785150954508, alpha=0.03401089104420626, beta=0.9659891089557937"", ""error_type"": ""GarchFitError"", ""forecast_date"": ""2024-05-26"", ""innovation"": ""student_t"", ""instrument"": ""ETH-USD"", ""origin_index"": 1040}",,null,,False,2024-05-26,,,student_t,ETH-USD,1040,,,,0.1987473672960427,2024-05-25,2023-01-12,,
-1.7131850661742463,1.7131850661742463,,,,,,,,"{""error"": ""fit violated GARCH constraints: omega=0.03253880162194078, alpha=0.033653447736737827, beta=0.9663465522632622"", ""error_type"": ""GarchFitError"", ""forecast_date"": ""2024-05-27"", ""innovation"": ""student_t"", ""instrument"": ""ETH-USD"", ""origin_index"": 1041}",,null,,False,2024-05-27,,,student_t,ETH-USD,1041,,,,0.19851780601604865,2024-05-26,2023-01-13,,
1.338579908251552,-1.338579908251552,,,,,,,,"{""error"": ""fit violated GARCH constraints: omega=0.03300556240300912, alpha=0.03338511153342269, beta=0.9666148884665774"", ""error_type"": ""GarchFitError"", ""forecast_date"": ""2024-05-28"", ""innovation"": ""student_t"", ""instrument"": ""ETH-USD"", ""origin_index"": 1042}",,null,,False,2024-05-28,,,student_t,ETH-USD,1042,,,,0.1972496563900563,2024-05-27,2023-01-14,,
2.0270383671832812,-2.0270383671832812,9.134273059796058,15.790158023892953,False,False,2349.794413669587,2366.652846063276,0,null,-1170.8972068347935,"{""alpha[1]"": 0.03494474594108979, ""beta[1]"": 0.9650552540589101, ""nu"": 3.4267014455608273, ""omega"": 0.03815036360533892}",4.109710595550844,True,2024-05-29,1.842062987202218,2.439507748991291,student_t,ETH-USD,1043,0.1863911003628587,0.08712178323296708,,0.18136564487557164,2024-05-28,2023-01-15,5.754860374440452,10.739216690479983
0.4353355361003319,-0.4353355361003319,,,,,,,,"{""error"": ""fit violated GARCH constraints: omega=0.034333474818855896, alpha=0.03413731971302527, beta=0.9658626802869748"", ""error_type"": ""GarchFitError"", ""forecast_date"": ""2024-05-30"", ""innovation"": ""student_t"", ""instrument"": ""ETH-USD"", ""origin_index"": 1044}",,null,,False,2024-05-30,,,student_t,ETH-USD,1044,,,,0.17708308258297784,2024-05-29,2023-01-16,,
-0.3510652140078289,0.3510652140078289,,,,,,,,"{""error"": ""fit violated GARCH constraints: omega=0.033751428412052614, alpha=0.033703548831918576, beta=0.9662964511680815"", ""error_type"": ""GarchFitError"", ""forecast_date"": ""2024-05-31"", ""innovation"": ""student_t"", ""instrument"": ""ETH-USD"", ""origin_index"": 1045}",,null,,False,2024-05-31,,,student_t,ETH-USD,1045,,,,0.17309933259514182,2024-05-30,2023-01-17,,
-1.4042428063769437,1.4042428063769437,,,,,,,,"{""error"": ""fit violated GARCH constraints: omega=0.03247570265875415, alpha=0.033246784319620484, beta=0.9667532156803795"", ""error_type"": ""GarchFitError"", ""forecast_date"": ""2024-06-01"", ""innovation"": ""student_t"", ""instrument"": ""ETH-USD"", ""origin_index"": 1046}",,null,,False,2024-06-01,,,student_t,ETH-USD,1046,,,,0.17494465758835803,2024-05-31,2023-01-18,,
0.8507445312401543,-0.8507445312401543,,,,,,,,"{""error"": ""fit violated GARCH constraints: omega=0.03525877975463677, alpha=0.03338395144109953, beta=0.9666160485589006"", ""error_type"": ""GarchFitError"", ""forecast_date"": ""2024-06-02"", ""innovation"": ""student_t"", ""instrument"": ""ETH-USD"", ""origin_index"": 1047}",,null,,False,2024-06-02,,,student_t,ETH-USD,1047,,,,0.1845436908209893,2024-06-01,2023-01-19,,
0.384425752192846,-0.384425752192846,,,,,,,,"{""error"": ""fit violated GARCH constraints: omega=0.03693003686973287, alpha=0.033501963060049496, beta=0.9664980369399506"", ""error_type"": ""GarchFitError"", ""forecast_date"": ""2024-06-03"", ""innovation"": ""student_t"", ""instrument"": ""ETH-USD"", ""origin_index"": 1048}",,null,,False,2024-06-03,,,student_t,ETH-USD,1048,,,,0.17801161564118403,2024-06-02,2023-01-20,,
-1.2172544285708293,1.2172544285708293,,,,,,,,"{""error"": ""fit violated GARCH constraints: omega=0.045815920670567965, alpha=0.036284319655163745, beta=0.9637156803448363"", ""error_type"": ""GarchFitError"", ""forecast_date"": ""2024-06-04"", ""innovation"": ""student_t"", ""instrument"": ""ETH-USD"", ""origin_index"": 1049}",,null,,False,2024-06-04,,,student_t,ETH-USD,1049,,,,0.16388945420184947,2024-06-03,2023-01-21,,
-1.3481152744487948,1.3481152744487948,,,,,,,,"{""error"": ""fit violated GARCH constraints: omega=0.04784736798455845, alpha=0.03638157696337328, beta=0.9636184230366268"", ""error_type"": ""GarchFitError"", ""forecast_date"": ""2024-06-05"", ""innovation"": ""student_t"", ""instrument"": ""ETH-USD"", ""origin_index"": 1050}",,null,,False,2024-06-05,,,student_t,ETH-USD,1050,,,,0.17029577035302354,2024-06-04,2023-01-22,,
1.371984567859516,-1.371984567859516,,,,,,,,"{""error"": ""fit violated GARCH constraints: omega=0.04328846774504973, alpha=0.03546104389280984, beta=0.9645389561071902"", ""error_type"": ""GarchFitError"", ""forecast_date"": ""2024-06-06"", ""innovation"": ""student_t"", ""instrument"": ""ETH-USD"", ""origin_index"": 1051}",,null,,False,2024-06-06,,,student_t,ETH-USD,1051,,,,0.17283670482220703,2024-06-05,2023-01-23,,
3.5510442157954536,-3.5510442157954536,,,,,,,,"{""error"": ""fit violated GARCH constraints: omega=0.039782469331774414, alpha=0.03488755534990695, beta=0.9651124446500932"", ""error_type"": ""GarchFitError"", ""forecast_date"": ""2024-06-07"", ""innovation"": ""student_t"", ""instrument"": ""ETH-USD"", ""origin_index"": 1052}",,null,,False,2024-06-07,,,student_t,ETH-USD,1052,,,,0.17010882358989884,2024-06-06,2023-01-24,,
-0.06306885339713411,0.06306885339713411,,,,,,,,"{""error"": ""fit violated GARCH constraints: omega=0.04246110534213514, alpha=0.03549520461250301, beta=0.9645047953874971"", ""error_type"": ""GarchFitError"", ""forecast_date"": ""2024-06-08"", ""innovation"": ""student_t"", ""instrument"": ""ETH-USD"", ""origin_index"": 1053}",,null,,False,2024-06-08,,,student_t,ETH-USD,1053,,,,0.17200669692584755,2024-06-07,2023-01-25,,
-0.6756314321282162,0.6756314321282162,,,,,,,,"{""error"": ""fit violated GARCH constraints: omega=0.05022014459426129, alpha=0.037133184267457785, beta=0.9628668157325423"", ""error_type"": ""GarchFitError"", ""forecast_date"": ""2024-06-09"", ""innovation"": ""student_t"", ""instrument"": ""ETH-USD"", ""origin_index"": 1054}",,null,,False,2024-06-09,,,student_t,ETH-USD,1054,,,,0.16517489457703072,2024-06-08,2023-01-26,,
1.0630316469208474,-1.0630316469208474,7.762771964226146,13.722458433519868,False,False,2339.2402144219136,2356.0986468156025,0,null,-1165.6201072109568,"{""alpha[1]"": 0.036797371468261016, ""beta[1]"": 0.9632026285317389, ""nu"": 3.2379709894689355, ""omega"": 0.04792816225071419}",3.5100366554543716,True,2024-06-10,1.666461042184089,2.284440097787842,student_t,ETH-USD,1055,0.18637711483529812,0.08067978720681357,,0.1675968402833469,2024-06-09,2023-01-27,4.790573943626806,9.131010367602197
4.701098201868667,-4.701098201868667,,,,,,,,"{""error"": ""fit violated GARCH constraints: omega=0.04502866823430726, alpha=0.03642481410547207, beta=0.963575185894528"", ""error_type"": ""GarchFitError"", ""forecast_date"": ""2024-06-11"", ""innovation"": ""student_t"", ""instrument"": ""ETH-USD"", ""origin_index"": 1056}",,null,,False,2024-06-11,,,student_t,ETH-USD,1056,,,,0.16608921637328256,2024-06-10,2023-01-28,,
-1.7367271153907233,1.7367271153907233,,,,,,,,"{""error"": ""fit violated GARCH constraints: omega=0.0408688357598613, alpha=0.034982778960605636, beta=0.9650172210393944"", ""error_type"": ""GarchFitError"", ""forecast_date"": ""2024-06-12"", ""innovation"": ""student_t"", ""instrument"": ""ETH-USD"", ""origin_index"": 1057}",,null,,False,2024-06-12,,,student_t,ETH-USD,1057,,,,0.15993209255087454,2024-06-11,2023-01-29,,
2.5705704775713127,-2.5705704775713127,,,,,,,,"{""error"": ""fit violated GARCH constraints: omega=0.04659822334293327, alpha=0.03627948024321101, beta=0.9637205197567891"", ""error_type"": ""GarchFitError"", ""forecast_date"": ""2024-06-13"", ""innovation"": ""student_t"", ""instrument"": ""ETH-USD"", ""origin_index"": 1058}",,null,,False,2024-06-13,,,student_t,ETH-USD,1058,,,,0.1542420980858853,2024-06-12,2023-01-30,,
-0.31630039544893807,0.31630039544893807,,,,,,,,"{""error"": ""fit violated GARCH constraints: omega=0.05347344993034589, alpha=0.03822482049662449, beta=0.9617751795033755"", ""error_type"": ""GarchFitError"", ""forecast_date"": ""2024-06-14"", ""innovation"": ""student_t"", ""instrument"": ""ETH-USD"", ""origin_index"": 1059}",,null,,False,2024-06-14,,,student_t,ETH-USD,1059,,,,0.1589152228201034,2024-06-13,2023-01-31,,
-2.4207752650367778,2.4207752650367778,,,,,,,,"{""error"": ""fit violated GARCH constraints: omega=0.0530043906971841, alpha=0.03828511884448983, beta=0.9617148811555102"", ""error_type"": ""GarchFitError"", ""forecast_date"": ""2024-06-15"", ""innovation"": ""student_t"", ""instrument"": ""ETH-USD"", ""origin_index"": 1060}",,null,,False,2024-06-15,,,student_t,ETH-USD,1060,,,,0.15711155976662555,2024-06-14,2023-02-01,,
-1.5311473810406846,1.5311473810406846,,,,,,,,"{""error"": ""fit violated GARCH constraints: omega=0.05815616727122375, alpha=0.039214644656732814, beta=0.9607853553432673"", ""error_type"": ""GarchFitError"", ""forecast_date"": ""2024-06-16"", ""innovation"": ""student_t"", ""instrument"": ""ETH-USD"", ""origin_index"": 1061}",,null,,False,2024-06-16,,,student_t,ETH-USD,1061,,,,0.1551058853467709,2024-06-15,2023-02-02,,
3.0620859309889896,-3.0620859309889896,,,,,,,,"{""error"": ""fit violated GARCH constraints: omega=0.052318000396287916, alpha=0.03818984935265501, beta=0.9618101506473451"", ""error_type"": ""GarchFitError"", ""forecast_date"": ""2024-06-17"", ""innovation"": ""student_t"", ""instrument"": ""ETH-USD"", ""origin_index"": 1062}",,null,,False,2024-06-17,,,student_t,ETH-USD,1062,,,,0.15799176160472128,2024-06-16,2023-02-03,,
0.7919203996926983,-0.7919203996926983,,,,,,,,"{""error"": ""fit violated GARCH constraints: omega=0.0458394498133153, alpha=0.036461483711944256, beta=0.9635385162880558"", ""error_type"": ""GarchFitError"", ""forecast_date"": ""2024-06-18"", ""innovation"": ""student_t"", ""instrument"": ""ETH-USD"", ""origin_index"": 1063}",,null,,False,2024-06-18,,,student_t,ETH-USD,1063,,,,0.1492672978150641,2024-06-17,2023-02-04,,
-2.148760977696511,2.148760977696511,,,,,,,,"{""error"": ""fit violated GARCH constraints: omega=0.04388810659893649, alpha=0.03647276762028328, beta=0.9635272323797167"", ""error_type"": ""GarchFitError"", ""forecast_date"": ""2024-06-19"", ""innovation"": ""student_t"", ""instrument"": ""ETH-USD"", ""origin_index"": 1064}",,null,,False,2024-06-19,,,student_t,ETH-USD,1064,,,,0.1474056977225035,2024-06-18,2023-02-05,,
1.3651565173804403,-1.3651565173804403,,,,,,,,"{""error"": ""fit violated GARCH constraints: omega=0.04443190807773827, alpha=0.03634218141788889, beta=0.9636578185821111"", ""error_type"": ""GarchFitError"", ""forecast_date"": ""2024-06-20"", ""innovation"": ""student_t"", ""instrument"": ""ETH-USD"", ""origin_index"": 1065}",,null,,False,2024-06-20,,,student_t,ETH-USD,1065,,,,0.15599759455972254,2024-06-19,2023-02-06,,
-0.14198535379064317,0.14198535379064317,,,,,,,,"{""error"": ""fit violated GARCH constraints: omega=0.04336881861049852, alpha=0.03639451521053486, beta=0.9636054847894652"", ""error_type"": ""GarchFitError"", ""forecast_date"": ""2024-06-21"", ""innovation"": ""student_t"", ""instrument"": ""ETH-USD"", ""origin_index"": 1066}",,null,,False,2024-06-21,,,student_t,ETH-USD,1066,,,,0.1551637626773392,2024-06-20,2023-02-07,,
0.6065499453371112,-0.6065499453371112,,,,,,,,"{""error"": ""fit violated GARCH constraints: omega=0.050279920148870214, alpha=0.03806852244910797, beta=0.961931477550892"", ""error_type"": ""GarchFitError"", ""forecast_date"": ""2024-06-22"", ""innovation"": ""student_t"", ""instrument"": ""ETH-USD"", ""origin_index"": 1067}",,null,,False,2024-06-22,,,student_t,ETH-USD,1067,,,,0.148664574660676,2024-06-21,2023-02-08,,
2.204543881544443,-2.204543881544443,6.812232807551021,12.178005044246405,False,False,2333.3832192678515,2350.2416516615403,0,null,-1162.6916096339257,"{""alpha[1]"": 0.03892951405379979, ""beta[1]"": 0.9610704859462001, ""nu"": 3.15076895255765, ""omega"": 0.052131296115645986}",3.089865211538765,True,2024-06-23,1.5294033456413043,2.157624058531696,student_t,ETH-USD,1068,0.09777868304515702,0.058084933098062334,,0.1500140779465056,2024-06-22,2023-02-09,4.160117542447582,8.013037191350671
2.019770221933543,-2.019770221933543,,,,,,,,"{""error"": ""fit violated GARCH constraints: omega=0.05638979573369889, alpha=0.040735271217368, beta=0.959264728782632"", ""error_type"": ""GarchFitError"", ""forecast_date"": ""2024-06-24"", ""innovation"": ""student_t"", ""instrument"": ""ETH-USD"", ""origin_index"": 1069}",,null,,False,2024-06-24,,,student_t,ETH-USD,1069,,,,0.1586560390170401,2024-06-23,2023-02-10,,
-1.3275453858350132,1.3275453858350132,,,,,,,,"{""error"": ""fit violated GARCH constraints: omega=0.05561870652960911, alpha=0.040094662234027544, beta=0.9599053377659724"", ""error_type"": ""GarchFitError"", ""forecast_date"": ""2024-06-25"", ""innovation"": ""student_t"", ""instrument"": ""ETH-USD"", ""origin_index"": 1070}",,null,,False,2024-06-25,,,student_t,ETH-USD,1070,,,,0.15874156100943768,2024-06-24,2023-02-11,,
0.7554691565780283,-0.7554691565780283,,,,,,,,"{""error"": ""fit violated GARCH constraints: omega=0.05601055227592733, alpha=0.04046456861464114, beta=0.9595354313853589"", ""error_type"": ""GarchFitError"", ""forecast_date"": ""2024-06-26"", ""innovation"": ""student_t"", ""instrument"": ""ETH-USD"", ""origin_index"": 1071}",,null,,False,2024-06-26,,,student_t,ETH-USD,1071,,,,0.15811549260089006,2024-06-25,2023-02-12,,
-2.2108376522136934,2.2108376522136934,,,,,,,,"{""error"": ""fit violated GARCH constraints: omega=0.05886729150784509, alpha=0.04143782923876489, beta=0.9585621707612352"", ""error_type"": ""GarchFitError"", ""forecast_date"": ""2024-06-27"", ""innovation"": ""student_t"", ""instrument"": ""ETH-USD"", ""origin_index"": 1072}",,null,,False,2024-06-27,,,student_t,ETH-USD,1072,,,,0.15986398999901077,2024-06-26,2023-02-13,,
2.087491317843749,-2.087491317843749,,,,,,,,"{""error"": ""fit violated GARCH constraints: omega=0.052261802728, alpha=0.03999026067529639, beta=0.9600097393247036"", ""error_type"": ""GarchFitError"", ""forecast_date"": ""2024-06-28"", ""innovation"": ""student_t"", ""instrument"": ""ETH-USD"", ""origin_index"": 1073}",,null,,False,2024-06-28,,,student_t,ETH-USD,1073,,,,0.16532700152933108,2024-06-27,2023-02-14,,
0.019808870538558822,-0.019808870538558822,,,,,,,,"{""error"": ""fit violated GARCH constraints: omega=0.05373936352013873, alpha=0.03971954268505713, beta=0.9602804573149429"", ""error_type"": ""GarchFitError"", ""forecast_date"": ""2024-06-29"", ""innovation"": ""student_t"", ""instrument"": ""ETH-USD"", ""origin_index"": 1074}",,null,,False,2024-06-29,,,student_t,ETH-USD,1074,,,,0.1546620809880478,2024-06-28,2023-02-15,,
-1.7609225693300115,1.7609225693300115,6.070778717296257,10.903380624930952,False,False,2322.184445539191,2339.04287793288,0,null,-1157.0922227695955,"{""alpha[1]"": 0.0490923634492677, ""beta[1]"": 0.950568000967742, ""nu"": 3.118907120941275, ""omega"": 0.08240308918335648}",2.759829635657788,True,2024-06-30,1.411363788776728,2.044067508361987,student_t,ETH-USD,1075,0.2725604365664666,0.08902578198158345,,0.14014575803659618,2024-06-29,2023-02-16,3.6902861619993153,7.1416556288283255
-0.21685277947439086,0.21685277947439086,,,,,,,,"{""error"": ""fit violated GARCH constraints: omega=0.08227648282895407, alpha=0.04910999114135783, beta=0.9508900088586422"", ""error_type"": ""GarchFitError"", ""forecast_date"": ""2024-07-01"", ""innovation"": ""student_t"", ""instrument"": ""ETH-USD"", ""origin_index"": 1076}",,null,,False,2024-07-01,,,student_t,ETH-USD,1076,,,,0.14773295007260492,2024-06-30,2023-02-17,,
0.6996639151289795,-0.6996639151289795,,,,,,,,"{""error"": ""fit violated GARCH constraints: omega=0.10756060240052318, alpha=0.05492864634879584, beta=0.9450713536512042"", ""error_type"": ""GarchFitError"", ""forecast_date"": ""2024-07-02"", ""innovation"": ""student_t"", ""instrument"": ""ETH-USD"", ""origin_index"": 1077}",,null,,False,2024-07-02,,,student_t,ETH-USD,1077,,,,0.14160317086329752,2024-07-01,2023-02-18,,
3.680039439959563,-3.680039439959563,,,,,,,,"{""error"": ""fit violated GARCH constraints: omega=0.09732236783691642, alpha=0.05418173956905531, beta=0.9458182604309447"", ""error_type"": ""GarchFitError"", ""forecast_date"": ""2024-07-03"", ""innovation"": ""student_t"", ""instrument"": ""ETH-USD"", ""origin_index"": 1078}",,null,,False,2024-07-03,,,student_t,ETH-USD,1078,,,,0.14055391275737608,2024-07-02,2023-02-19,,
7.515061483789381,-7.515061483789381,,,,,,,,"{""error"": ""fit violated GARCH constraints: omega=0.07207864737102568, alpha=0.04663733926544137, beta=0.9533626607345587"", ""error_type"": ""GarchFitError"", ""forecast_date"": ""2024-07-04"", ""innovation"": ""student_t"", ""instrument"": ""ETH-USD"", ""origin_index"": 1079}",,null,,False,2024-07-04,,,student_t,ETH-USD,1079,,,,0.13442508759536956,2024-07-03,2023-02-20,,
2.4163496026388,-2.4163496026388,,,,,,,,"{""error"": ""fit violated GARCH constraints: omega=0.059918764620045195, alpha=0.04093330690853812, beta=0.9590666930914619"", ""error_type"": ""GarchFitError"", ""forecast_date"": ""2024-07-05"", ""innovation"": ""student_t"", ""instrument"": ""ETH-USD"", ""origin_index"": 1080}",,null,,False,2024-07-05,,,student_t,ETH-USD,1080,,,,0.1168844925053286,2024-07-04,2023-02-21,,
-2.90153016985118,2.90153016985118,,,,,,,,"{""error"": ""fit violated GARCH constraints: omega=0.06201824147859161, alpha=0.0409527787400522, beta=0.9590472212599479"", ""error_type"": ""GarchFitError"", ""forecast_date"": ""2024-07-06"", ""innovation"": ""student_t"", ""instrument"": ""ETH-USD"", ""origin_index"": 1081}",,null,,False,2024-07-06,,,student_t,ETH-USD,1081,,,,0.1173651227884429,2024-07-05,2023-02-22,,
4.668165561600731,-4.668165561600731,,,,,,,,"{""error"": ""fit violated GARCH constraints: omega=0.05445545963249836, alpha=0.0392369475964426, beta=0.9607630524035574"", ""error_type"": ""GarchFitError"", ""forecast_date"": ""2024-07-07"", ""innovation"": ""student_t"", ""instrument"": ""ETH-USD"", ""origin_index"": 1082}",,null,,False,2024-07-07,,,student_t,ETH-USD,1082,,,,0.12496201349292103,2024-07-06,2023-02-23,,
-3.004359701792278,3.004359701792278,,,,,,,,"{""error"": ""fit violated GARCH constraints: omega=0.04688254178377642, alpha=0.03748805557786975, beta=0.9625119444221303"", ""error_type"": ""GarchFitError"", ""forecast_date"": ""2024-07-08"", ""innovation"": ""student_t"", ""instrument"": ""ETH-USD"", ""origin_index"": 1083}",,null,,False,2024-07-08,,,student_t,ETH-USD,1083,,,,0.11467347211312921,2024-07-07,2023-02-24,,
-1.489515486971151,1.489515486971151,,,,,,,,"{""error"": ""fit violated GARCH constraints: omega=0.0474482069810788, alpha=0.03718478137047124, beta=0.9628152186295288"", ""error_type"": ""GarchFitError"", ""forecast_date"": ""2024-07-09"", ""innovation"": ""student_t"", ""instrument"": ""ETH-USD"", ""origin_index"": 1084}",,null,,False,2024-07-09,,,student_t,ETH-USD,1084,,,,0.12592272793965995,2024-07-08,2023-02-25,,
-1.238557261370864,1.238557261370864,,,,,,,,"{""error"": ""fit violated GARCH constraints: omega=0.045373039593047636, alpha=0.036949434592590244, beta=0.9630505654074099"", ""error_type"": ""GarchFitError"", ""forecast_date"": ""2024-07-10"", ""innovation"": ""student_t"", ""instrument"": ""ETH-USD"", ""origin_index"": 1085}",,null,,False,2024-07-10,,,student_t,ETH-USD,1085,,,,0.1305823234867912,2024-07-09,2023-02-26,,
0.060876226452923565,-0.060876226452923565,6.939900177874412,12.343064047042365,False,False,2332.526741654765,2349.385174048454,0,null,-1162.2633708273825,"{""alpha[1]"": 0.037442066639812324, ""beta[1]"": 0.9625579333601876, ""nu"": 3.178060680905106, ""omega"": 0.04865315156021597}",3.133517709909313,True,2024-07-11,1.5513688458184092,2.1741172147629877,student_t,ETH-USD,1086,0.21003938861471722,0.08098172074350936,,0.12738464161042454,2024-07-10,2023-02-27,4.261663998747264,8.159048300803853
-1.0851958918814204,1.0851958918814204,6.804570186690441,12.106243345471675,False,False,2332.03727932988,2348.895711723569,0,null,-1162.01863966494,"{""alpha[1]"": 0.03774812864786941, ""beta[1]"": 0.9622518713521305, ""nu"": 3.1771171326574192, ""omega"": 0.04757279198339815}",3.0739075901537687,True,2024-07-12,1.5314316739129912,2.1545772265769805,student_t,ETH-USD,1087,0.2631047105330225,0.09085678573528236,,0.12805561550842695,2024-07-11,2023-02-28,4.176898318779025,8.000482681646806
-1.363912811146359,1.363912811146359,,,,,,,,"{""error"": ""fit violated GARCH constraints: omega=0.049176133945327494, alpha=0.03818259873705493, beta=0.9618174012629451"", ""error_type"": ""GarchFitError"", ""forecast_date"": ""2024-07-13"", ""innovation"": ""student_t"", ""instrument"": ""ETH-USD"", ""origin_index"": 1088}",,null,,False,2024-07-13,,,student_t,ETH-USD,1088,,,,0.13373589119130005,2024-07-12,2023-03-01,,
-2.083161399585736,2.083161399585736,,,,,,,,"{""error"": ""fit violated GARCH constraints: omega=0.05340764444491155, alpha=0.03872566412883714, beta=0.961274335871163"", ""error_type"": ""GarchFitError"", ""forecast_date"": ""2024-07-14"", ""innovation"": ""student_t"", ""instrument"": ""ETH-USD"", ""origin_index"": 1089}",,null,,False,2024-07-14,,,student_t,ETH-USD,1089,,,,0.1294231872957643,2024-07-13,2023-03-02,,
-7.294205150501444,7.294205150501444,,,,,,,,"{""error"": ""fit violated GARCH constraints: omega=0.05105974781538695, alpha=0.03857996127916039, beta=0.9614200387208397"", ""error_type"": ""GarchFitError"", ""forecast_date"": ""2024-07-15"", ""innovation"": ""student_t"", ""instrument"": ""ETH-USD"", ""origin_index"": 1090}",,null,,False,2024-07-15,,,student_t,ETH-USD,1090,,,,0.1355364396304348,2024-07-14,2023-03-03,,
1.3281276038756058,-1.3281276038756058,,,,,,,,"{""error"": ""fit violated GARCH constraints: omega=0.053719874683976536, alpha=0.03692642653524803, beta=0.963073573464752"", ""error_type"": ""GarchFitError"", ""forecast_date"": ""2024-07-16"", ""innovation"": ""student_t"", ""instrument"": ""ETH-USD"", ""origin_index"": 1091}",,null,,False,2024-07-16,,,student_t,ETH-USD,1091,,,,0.15984565639326825,2024-07-15,2023-03-04,,
1.6030453360766923,-1.6030453360766923,,,,,,,,"{""error"": ""fit violated GARCH constraints: omega=0.050907947766480215, alpha=0.036944171563423146, beta=0.9630558284365769"", ""error_type"": ""GarchFitError"", ""forecast_date"": ""2024-07-17"", ""innovation"": ""student_t"", ""instrument"": ""ETH-USD"", ""origin_index"": 1092}",,null,,False,2024-07-17,,,student_t,ETH-USD,1092,,,,0.15747557310937568,2024-07-16,2023-03-05,,
-1.1007020456965353,1.1007020456965353,,,,,,,,"{""error"": ""fit violated GARCH constraints: omega=0.04891222691702017, alpha=0.037279054510739866, beta=0.9627209454892601"", ""error_type"": ""GarchFitError"", ""forecast_date"": ""2024-07-18"", ""innovation"": ""student_t"", ""instrument"": ""ETH-USD"", ""origin_index"": 1093}",,null,,False,2024-07-18,,,student_t,ETH-USD,1093,,,,0.1545831065321002,2024-07-17,2023-03-06,,
-2.2931297239579966,2.2931297239579966,,,,,,,,"{""error"": ""fit violated GARCH constraints: omega=0.048637635209570096, alpha=0.03798893770242656, beta=0.9620110622975735"", ""error_type"": ""GarchFitError"", ""forecast_date"": ""2024-07-19"", ""innovation"": ""student_t"", ""instrument"": ""ETH-USD"", ""origin_index"": 1094}",,null,,False,2024-07-19,,,student_t,ETH-USD,1094,,,,0.15641030157175312,2024-07-18,2023-03-07,,
-0.38606421085311876,0.38606421085311876,6.769694285211385,12.083363613331795,False,False,2333.964054537315,2350.822486931004,0,null,-1162.9820272686575,"{""alpha[1]"": 0.03860519251645638, ""beta[1]"": 0.9612715033009552, ""nu"": 3.16878784070377, ""omega"": 0.048442804559817865}",3.07421740529897,True,2024-07-20,1.5237627045894127,2.151028034736827,student_t,ETH-USD,1095,0.2262212099308189,0.08351398608513297,,0.16169518717113926,2024-07-19,2023-03-08,4.138359987763255,7.96533439766017
-0.4906558077883029,0.4906558077883029,6.6248789728630015,11.859938086234084,False,False,2332.4808552354825,2349.3392876291714,0,null,-1162.2404276177413,"{""alpha[1]"": 0.03916796948393093, ""beta[1]"": 0.9601454504369766, ""nu"": 3.149925682123734, ""omega"": 0.053838236686349045}",3.0139332768959313,True,2024-07-21,1.5002924414835235,2.1305161356881945,student_t,ETH-USD,1096,0.226412839298271,0.08286785664230906,,0.16606491335436022,2024-07-20,2023-03-09,4.037600978177113,7.796129856442596
2.7573825753876426,-2.7573825753876426,6.541552546814159,11.715234722294031,False,False,2327.928526265742,2344.786958659431,0,null,-1159.964263132871,"{""alpha[1]"": 0.0370609588153684, ""beta[1]"": 0.9626165406657835, ""nu"": 3.1550106045190667, ""omega"": 0.04840262562207253}",2.9825382698082,True,2024-07-22,1.4870876757799074,2.1182277136195764,student_t,ETH-USD,1097,0.0612927382824035,0.04943481768505305,,0.17989094042128773,2024-07-21,2023-03-10,3.9832373410357116,7.700864343892943
-1.2012115217353607,1.2012115217353607,6.517286474092058,11.623762755347348,False,False,2329.394003038542,2346.252435432231,0,null,-1160.697001519271,"{""alpha[1]"": 0.037165845817030654, ""beta[1]"": 0.9619670189138209, ""nu"": 3.1851294121168388, ""omega"": 0.049570705219374143}",2.966880893310224,True,2024-07-23,1.4857950435043796,2.1130707862727327,student_t,ETH-USD,1098,0.25927347431853115,0.08873118931461867,,0.17570160358836384,2024-07-22,2023-03-11,3.984257964635258,7.671907409726497
4.273144505876374,-4.273144505876374,6.464366169183204,11.599822224087951,True,False,2326.7720145422873,2343.630446935976,0,null,-1159.3860072711436,"{""alpha[1]"": 0.037847754706772374, ""beta[1]"": 0.9618453088830767, ""nu"": 3.1364872297810726, ""omega"": 0.05052317590746864}",2.9462637958320936,True,2024-07-24,2.5361163507695275,2.1069138104028116,student_t,ETH-USD,1099,0.3260563855898863,0.033354577264735834,,0.1707594166006551,2024-07-23,2023-03-12,3.92992725788702,7.608602232349955
4.974698333185811,-4.974698333185811,,,,,,,,"{""error"": ""fit violated GARCH constraints: omega=0.04006133336418704, alpha=0.034098090027504815, beta=0.9659019099724951"", ""error_type"": ""GarchFitError"", ""forecast_date"": ""2024-07-25"", ""innovation"": ""student_t"", ""instrument"": ""ETH-USD"", ""origin_index"": 1100}",,null,,False,2024-07-25,,,student_t,ETH-USD,1100,,,,0.14819118959023805,2024-07-24,2023-03-13,,
-3.148111448912591,3.148111448912591,,,,,,,,"{""error"": ""fit violated GARCH constraints: omega=0.03654155235622356, alpha=0.03170268529326127, beta=0.9682973147067387"", ""error_type"": ""GarchFitError"", ""forecast_date"": ""2024-07-26"", ""innovation"": ""student_t"", ""instrument"": ""ETH-USD"", ""origin_index"": 1101}",,null,,False,2024-07-26,,,student_t,ETH-USD,1101,,,,0.12722990796844663,2024-07-25,2023-03-14,,
0.8689637952050888,-0.8689637952050888,,,,,,,,"{""error"": ""fit violated GARCH constraints: omega=0.036058785671902, alpha=0.03205470632205221, beta=0.9679452936779478"", ""error_type"": ""GarchFitError"", ""forecast_date"": ""2024-07-27"", ""innovation"": ""student_t"", ""instrument"": ""ETH-USD"", ""origin_index"": 1102}",,null,,False,2024-07-27,,,student_t,ETH-USD,1102,,,,0.13078384426813425,2024-07-26,2023-03-15,,
-0.7319076896701497,0.7319076896701497,,,,,,,,"{""error"": ""fit violated GARCH constraints: omega=0.03863752966176277, alpha=0.032238131101176765, beta=0.9677618688988232"", ""error_type"": ""GarchFitError"", ""forecast_date"": ""2024-07-28"", ""innovation"": ""student_t"", ""instrument"": ""ETH-USD"", ""origin_index"": 1103}",,null,,False,2024-07-28,,,student_t,ETH-USD,1103,,,,0.13468092493612288,2024-07-27,2023-03-16,,
-1.4889437058941948,1.4889437058941948,,,,,,,,"{""error"": ""fit violated GARCH constraints: omega=0.04021896004330521, alpha=0.033260171167607454, beta=0.9667398288323926"", ""error_type"": ""GarchFitError"", ""forecast_date"": ""2024-07-29"", ""innovation"": ""student_t"", ""instrument"": ""ETH-USD"", ""origin_index"": 1104}",,null,,False,2024-07-29,,,student_t,ETH-USD,1104,,,,0.13362056482123721,2024-07-28,2023-03-17,,
1.269005312401266,-1.269005312401266,,,,,,,,"{""error"": ""fit violated GARCH constraints: omega=0.032775495694192296, alpha=0.029700313365783756, beta=0.9702996866342163"", ""error_type"": ""GarchFitError"", ""forecast_date"": ""2024-07-30"", ""innovation"": ""student_t"", ""instrument"": ""ETH-USD"", ""origin_index"": 1105}",,null,,False,2024-07-30,,,student_t,ETH-USD,1105,,,,0.1233048453308329,2024-07-29,2023-03-18,,
1.455397040732714,-1.455397040732714,,,,,,,,"{""error"": ""fit violated GARCH constraints: omega=0.03425840261780035, alpha=0.03029576152524513, beta=0.969704238474755"", ""error_type"": ""GarchFitError"", ""forecast_date"": ""2024-07-31"", ""innovation"": ""student_t"", ""instrument"": ""ETH-USD"", ""origin_index"": 1106}",,null,,False,2024-07-31,,,student_t,ETH-USD,1106,,,,0.12423616011729569,2024-07-30,2023-03-19,,
0.9243606172638379,-0.9243606172638379,,,,,,,,"{""error"": ""fit violated GARCH constraints: omega=0.03473476472117189, alpha=0.03109133407766409, beta=0.9689086659223359"", ""error_type"": ""GarchFitError"", ""forecast_date"": ""2024-08-01"", ""innovation"": ""student_t"", ""instrument"": ""ETH-USD"", ""origin_index"": 1107}",,null,,False,2024-08-01,,,student_t,ETH-USD,1107,,,,0.11862836690293567,2024-07-31,2023-03-20,,
6.970046752112024,-6.970046752112024,,,,,,,,"{""error"": ""fit violated GARCH constraints: omega=0.03721789000442148, alpha=0.03129731003167079, beta=0.9687026899683293"", ""error_type"": ""GarchFitError"", ""forecast_date"": ""2024-08-02"", ""innovation"": ""student_t"", ""instrument"": ""ETH-USD"", ""origin_index"": 1108}",,null,,False,2024-08-02,,,student_t,ETH-USD,1108,,,,0.12248940093297392,2024-08-01,2023-03-21,,
2.806156113962565,-2.806156113962565,7.075640480130277,12.546749186330867,False,False,2321.1062486343744,2337.9646810280633,0,null,-1156.5531243171872,"{""alpha[1]"": 0.029036674719876514, ""beta[1]"": 0.9709633252801234, ""nu"": 3.1876316387915957, ""omega"": 0.03738019578351216}",3.180791877577912,True,2024-08-03,1.5730031983163033,2.1920732246767267,student_t,ETH-USD,1109,0.07774405784440806,0.0550746571058146,,0.10048070354660386,2024-08-02,2023-03-22,4.361037270850725,8.31362182454402
7.767594568937479,-7.767594568937479,,,,,,,,"{""error"": ""fit violated GARCH constraints: omega=0.03678183059050986, alpha=0.02768115121330419, beta=0.9723188487866958"", ""error_type"": ""GarchFitError"", ""forecast_date"": ""2024-08-04"", ""innovation"": ""student_t"", ""instrument"": ""ETH-USD"", ""origin_index"": 1110}",,null,,False,2024-08-04,,,student_t,ETH-USD,1110,,,,0.1026610693799886,2024-08-03,2023-03-23,,
10.5589156139984,-10.5589156139984,,,,,,,,"{""error"": ""fit violated GARCH constraints: omega=0.036774468604426486, alpha=0.025589739478534573, beta=0.9744102605214654"", ""error_type"": ""GarchFitError"", ""forecast_date"": ""2024-08-05"", ""innovation"": ""student_t"", ""instrument"": ""ETH-USD"", ""origin_index"": 1111}",,null,,False,2024-08-05,,,student_t,ETH-USD,1111,,,,0.07826845029655335,2024-08-04,2023-03-24,,
-1.7030014750837146,1.7030014750837146,15.263921086325073,28.267756847606496,False,False,2332.257167221027,2349.115599614716,0,null,-1162.1285836105135,"{""alpha[1]"": 0.33787508699166946, ""beta[1]"": 0.10771340211513498, ""nu"": 2.854818534315215, ""omega"": 6.838565480533341}",6.9339965144724545,True,2024-08-06,2.3186028733854727,2.97441966966597,student_t,ETH-USD,1112,0.5378099942442078,0.1958795041612532,,0.06436577768920095,2024-08-05,2023-03-25,9.053198409800432,17.88494894104159
5.0950140634622985,-5.0950140634622985,7.783081783335257,14.428137147043987,True,False,2333.9473128465415,2350.8057452402304,0,null,-1162.9736564232708,"{""alpha[1]"": 0.32023828686446876, ""beta[1]"": 0.10525526475753746, ""nu"": 2.861638879180191, ""omega"": 6.901288324930751}",3.549425563108946,True,2024-08-07,2.8988692841375716,2.3017072836362513,student_t,ETH-USD,1113,0.4639845640316307,0.040311724584999625,,0.06871920575686723,2024-08-06,2023-03-26,4.606609259218477,9.126186521962257
-13.837472553332766,13.837472553332766,,,,,,,,"{""error"": ""fit violated GARCH constraints: omega=0.04198115423738468, alpha=0.02700792745872448, beta=0.9729920725412756"", ""error_type"": ""GarchFitError"", ""forecast_date"": ""2024-08-08"", ""innovation"": ""student_t"", ""instrument"": ""ETH-USD"", ""origin_index"": 1114}",,null,,False,2024-08-08,,,student_t,ETH-USD,1114,,,,0.05490214063028689,2024-08-07,2023-03-27,,
3.1709989871286877,-3.1709989871286877,10.173242325602658,18.179660588426106,False,False,2340.374260577555,2357.232692971244,0,null,-1166.1871302887776,"{""alpha[1]"": 0.03053413030376888, ""beta[1]"": 0.9694658696962308, ""nu"": 3.110157297367735, ""omega"": 0.05598307278949966}",4.5619135670374735,True,2024-08-09,1.9324544624893285,2.557220534747185,student_t,ETH-USD,1115,0.15310401814992564,0.08771531210582373,,0.08947706194813741,2024-08-08,2023-03-28,6.2330793501271975,11.942530197711053
-0.4001952828465216,0.4001952828465216,,,,,,,,"{""error"": ""fit violated GARCH constraints: omega=0.06400404844253665, alpha=0.032466682079076006, beta=0.9675333179209241"", ""error_type"": ""GarchFitError"", ""forecast_date"": ""2024-08-10"", ""innovation"": ""student_t"", ""instrument"": ""ETH-USD"", ""origin_index"": 1116}",,null,,False,2024-08-10,,,student_t,ETH-USD,1116,,,,0.07656098820197056,2024-08-09,2023-03-29,,
2.1991096068604397,-2.1991096068604397,,,,,,,,"{""error"": ""fit violated GARCH constraints: omega=0.0560498130685963, alpha=0.02883845555799139, beta=0.9711615444420086"", ""error_type"": ""GarchFitError"", ""forecast_date"": ""2024-08-11"", ""innovation"": ""student_t"", ""instrument"": ""ETH-USD"", ""origin_index"": 1117}",,null,,False,2024-08-11,,,student_t,ETH-USD,1117,,,,0.07509355964004975,2024-08-10,2023-03-30,,
-6.489200586323977,6.489200586323977,9.747693725979191,17.42429006740048,False,False,2341.6779743388497,2358.5364067325386,0,null,-1166.8389871694249,"{""alpha[1]"": 0.028470989176097635, ""beta[1]"": 0.9715290108239014, ""nu"": 3.1029593950463545, ""omega"": 0.05168897304969795}",4.3657659499518395,True,2024-08-12,1.8897695891637332,2.514432631602693,student_t,ETH-USD,1118,0.6230995727454357,0.17929421725882347,,0.07072486270884272,2024-08-11,2023-03-31,5.972790868584725,11.440221139558354
0.7649120996393738,-0.7649120996393738,,,,,,,,"{""error"": ""fit violated GARCH constraints: omega=0.05968181076802404, alpha=0.03285971555938325, beta=0.9671402844406168"", ""error_type"": ""GarchFitError"", ""forecast_date"": ""2024-08-13"", ""innovation"": ""student_t"", ""instrument"": ""ETH-USD"", ""origin_index"": 1119}",,null,,False,2024-08-13,,,student_t,ETH-USD,1119,,,,0.08046259965257943,2024-08-12,2023-04-01,,
1.518949236389829,-1.518949236389829,,,,,,,,"{""error"": ""fit violated GARCH constraints: omega=0.05487090152691713, alpha=0.031197659994256326, beta=0.9688023400057437"", ""error_type"": ""GarchFitError"", ""forecast_date"": ""2024-08-14"", ""innovation"": ""student_t"", ""instrument"": ""ETH-USD"", ""origin_index"": 1120}",,null,,False,2024-08-14,,,student_t,ETH-USD,1120,,,,0.07983066060543467,2024-08-13,2023-04-02,,
3.5481308623033474,-3.5481308623033474,9.791221145323616,17.515612293838878,False,False,2347.6770282041416,2364.5354605978305,0,null,-1169.8385141020708,"{""alpha[1]"": 0.030862718244060613, ""beta[1]"": 0.9691372817559377, ""nu"": 3.0998002229649395, ""omega"": 0.054088969817403965}",4.389320066940701,True,2024-08-15,1.893679501805992,2.519225503595763,student_t,ETH-USD,1121,0.12229946543324932,0.0794443843995017,,0.0788043729825624,2024-08-14,2023-04-03,5.994120170968332,11.49256930225351
-0.8947435423802937,0.8947435423802937,9.841725088158727,17.547995261287674,False,False,2350.139455142519,2366.997887536208,0,null,-1171.0697275712596,"{""alpha[1]"": 0.03273126102071819, ""beta[1]"": 0.9672687389792815, ""nu"": 3.1214523971871433, ""omega"": 0.05458304845821625}",4.403865328291404,True,2024-08-16,1.9008173184254278,2.5231775445107325,student_t,ETH-USD,1122,0.3469698173691693,0.12445497885949852,,0.07008980317559997,2024-08-15,2023-04-04,6.0446528050030865,11.550754343569547
-0.8203366092252907,0.8203366092252907,,,,,,,,"{""error"": ""fit violated GARCH constraints: omega=0.055314540999356475, alpha=0.03072917483707944, beta=0.9692708251632562"", ""error_type"": ""GarchFitError"", ""forecast_date"": ""2024-08-17"", ""innovation"": ""student_t"", ""instrument"": ""ETH-USD"", ""origin_index"": 1123}",,null,,False,2024-08-17,,,student_t,ETH-USD,1123,,,,0.06528232994346213,2024-08-16,2023-04-05,,
0.04551334563432932,-0.04551334563432932,9.486354003041132,17.106490546574193,False,False,2347.0683997156048,2363.9268321092936,0,null,-1169.5341998578024,"{""alpha[1]"": 0.03012462465911585, ""beta[1]"": 0.9698753753406839, ""nu"": 3.0373101926634507, ""omega"": 0.057668094348787564}",4.259783804643521,True,2024-08-18,1.8577154171174537,2.4901190363289483,student_t,ETH-USD,1124,0.2860435983466088,0.11085014280545273,,0.06289030718407476,2024-08-17,2023-04-06,5.7663853125665,11.130527626179592
-0.9122421860488193,0.9122421860488193,,,,,,,,"{""error"": ""fit violated GARCH constraints: omega=0.06080643742916312, alpha=0.02952926989176671, beta=0.9704707301082334"", ""error_type"": ""GarchFitError"", ""forecast_date"": ""2024-08-19"", ""innovation"": ""student_t"", ""instrument"": ""ETH-USD"", ""origin_index"": 1125}",,null,,False,2024-08-19,,,student_t,ETH-USD,1125,,,,0.06662711352414626,2024-08-18,2023-04-07,,
2.4643999265113004,-2.4643999265113004,,,,,,,,"{""error"": ""fit violated GARCH constraints: omega=0.0608111452567994, alpha=0.02994502998089859, beta=0.9700549700191015"", ""error_type"": ""GarchFitError"", ""forecast_date"": ""2024-08-20"", ""innovation"": ""student_t"", ""instrument"": ""ETH-USD"", ""origin_index"": 1126}",,null,,False,2024-08-20,,,student_t,ETH-USD,1126,,,,0.06923120402596175,2024-08-19,2023-04-08,,
-2.2400224389412164,2.2400224389412164,,,,,,,,"{""error"": ""fit violated GARCH constraints: omega=0.0616987025877401, alpha=0.03121036347461466, beta=0.9687896365256945"", ""error_type"": ""GarchFitError"", ""forecast_date"": ""2024-08-21"", ""innovation"": ""student_t"", ""instrument"": ""ETH-USD"", ""origin_index"": 1127}",,null,,False,2024-08-21,,,student_t,ETH-USD,1127,,,,0.06603995003801325,2024-08-20,2023-04-09,,
0.3214138461572745,-0.3214138461572745,,,,,,,,"{""error"": ""fit violated GARCH constraints: omega=0.06219291820065175, alpha=0.03256219535033091, beta=0.9674378046496691"", ""error_type"": ""GarchFitError"", ""forecast_date"": ""2024-08-22"", ""innovation"": ""student_t"", ""instrument"": ""ETH-USD"", ""origin_index"": 1128}",,null,,False,2024-08-22,,,student_t,ETH-USD,1128,,,,0.0694534027934986,2024-08-21,2023-04-10,,
-5.254044415759722,5.254044415759722,8.99363197039507,16.409866733644176,False,False,2348.340144595493,2365.1985769891817,0,null,-1170.1700722977464,"{""alpha[1]"": 0.03213274359547672, ""beta[1]"": 0.9678672564044288, ""nu"": 2.9578643533105478, ""omega"": 0.06691891281123137}",4.060571882161116,True,2024-08-23,1.7976546100312616,2.4407580202464754,student_t,ETH-USD,1129,0.5330228464993388,0.15803541368537555,,0.06331298533761143,2024-08-22,2023-04-11,5.406412514227045,10.549496952777819
-0.17863296696137435,0.17863296696137435,9.12532485684224,16.599122458938425,False,False,2352.438558578271,2369.29699097196,0,null,-1172.2192792891356,"{""alpha[1]"": 0.03419212144030768, ""beta[1]"": 0.9658078785564376, ""nu"": 2.9822810741357015, ""omega"": 0.06842240368705972}",4.118227522693988,True,2024-08-24,1.8137531804453664,2.454398282324158,student_t,ETH-USD,1130,0.28392316729650596,0.1088587121827889,,0.07582117885587576,2024-08-23,2023-04-12,5.49983037896874,10.707238251317508
0.7332372928736153,-0.7332372928736153,,,,,,,,"{""error"": ""fit violated GARCH constraints: omega=0.07326950781042868, alpha=0.03509840252733817, beta=0.9649015974726619"", ""error_type"": ""GarchFitError"", ""forecast_date"": ""2024-08-25"", ""innovation"": ""student_t"", ""instrument"": ""ETH-USD"", ""origin_index"": 1131}",,null,,False,2024-08-25,,,student_t,ETH-USD,1131,,,,0.07318931075451642,2024-08-24,2023-04-13,,
2.4977694926607317,-2.4977694926607317,,,,,,,,"{""error"": ""fit violated GARCH constraints: omega=0.07109111742500722, alpha=0.03176809989899463, beta=0.9682319001010267"", ""error_type"": ""GarchFitError"", ""forecast_date"": ""2024-08-26"", ""innovation"": ""student_t"", ""instrument"": ""ETH-USD"", ""origin_index"": 1132}",,null,,False,2024-08-26,,,student_t,ETH-USD,1132,,,,0.062369989477083033,2024-08-25,2023-04-14,,
8.667332619267954,-8.667332619267954,,,,,,,,"{""error"": ""fit violated GARCH constraints: omega=0.06867225302316199, alpha=0.029346240891308165, beta=0.9706537591094735"", ""error_type"": ""GarchFitError"", ""forecast_date"": ""2024-08-27"", ""innovation"": ""student_t"", ""instrument"": ""ETH-USD"", ""origin_index"": 1133}",,null,,False,2024-08-27,,,student_t,ETH-USD,1133,,,,0.048720206839115876,2024-08-26,2023-04-15,,
-2.7949274445283168,2.7949274445283168,,,,,,,,"{""error"": ""fit violated GARCH constraints: omega=0.07009949406668395, alpha=0.031539291913641763, beta=0.9684607080871102"", ""error_type"": ""GarchFitError"", ""forecast_date"": ""2024-08-28"", ""innovation"": ""student_t"", ""instrument"": ""ETH-USD"", ""origin_index"": 1134}",,null,,False,2024-08-28,,,student_t,ETH-USD,1134,,,,0.03225998051130769,2024-08-27,2023-04-16,,
-0.014917242158264947,0.014917242158264947,9.323929233276306,17.03840610352522,False,False,2354.0172773950976,2370.8757097887865,0,null,-1173.0086386975488,"{""alpha[1]"": 0.0330634126454929, ""beta[1]"": 0.9669365873544792, ""nu"": 2.9381404103996096, ""omega"": 0.0730365010191097}",4.202276467689714,True,2024-08-29,1.833323281181527,2.476993703417144,student_t,ETH-USD,1135,0.2808083281161917,0.10945458992331637,,0.035234796055122884,2024-08-28,2023-04-17,5.601249320165565,10.930541750173361
0.11754424387709893,-0.11754424387709893,,,,,,,,"{""error"": ""fit violated GARCH constraints: omega=0.0798810368426322, alpha=0.03318805693811245, beta=0.9668119430618876"", ""error_type"": ""GarchFitError"", ""forecast_date"": ""2024-08-30"", ""innovation"": ""student_t"", ""instrument"": ""ETH-USD"", ""origin_index"": 1136}",,null,,False,2024-08-30,,,student_t,ETH-USD,1136,,,,0.03943640662219407,2024-08-29,2023-04-18,,
0.49326115978459906,-0.49326115978459906,9.086169437596785,16.805929426239967,False,False,2352.968271620168,2369.8267040138567,0,null,-1172.484135810084,"{""alpha[1]"": 0.03413999902718165, ""beta[1]"": 0.9658600009703212, ""nu"": 2.8619464793910128, ""omega"": 0.08580487026493197}",4.1237946371424465,True,2024-08-31,1.80060349074473,2.4552397200285525,student_t,ETH-USD,1137,0.2451280622804395,0.10153428803590885,,0.036494180792516574,2024-08-30,2023-04-19,5.395822405393385,10.646689963375474
3.4606299389376525,-3.4606299389376525,,,,,,,,"{""error"": ""fit violated GARCH constraints: omega=0.030845486365275922, alpha=0.0, beta=1.0"", ""error_type"": ""GarchFitError"", ""forecast_date"": ""2024-09-01"", ""innovation"": ""student_t"", ""instrument"": ""ETH-USD"", ""origin_index"": 1138}",,null,,False,2024-09-01,,,student_t,ETH-USD,1138,,,,0.05216031888256005,2024-08-31,2023-04-20,,
-4.442249586983288,4.442249586983288,,,,,,,,"{""error"": ""fit violated GARCH constraints: omega=0.04240169003940359, alpha=0.0177560926666553, beta=0.9822439155492092"", ""error_type"": ""GarchFitError"", ""forecast_date"": ""2024-09-02"", ""innovation"": ""student_t"", ""instrument"": ""ETH-USD"", ""origin_index"": 1139}",,null,,False,2024-09-02,,,student_t,ETH-USD,1139,,,,0.04454884441524657,2024-09-01,2023-04-21,,
4.743315084533901,-4.743315084533901,,,,,,,,"{""error"": ""fit violated GARCH constraints: omega=0.0284058461075779, alpha=0.0, beta=1.0"", ""error_type"": ""GarchFitError"", ""forecast_date"": ""2024-09-03"", ""innovation"": ""student_t"", ""instrument"": ""ETH-USD"", ""origin_index"": 1140}",,null,,False,2024-09-03,,,student_t,ETH-USD,1140,,,,0.0632529148712197,2024-09-02,2023-04-22,,
-1.1653410507503643,1.1653410507503643,,,,,,,,"{""error"": ""fit violated GARCH constraints: omega=0.029512150598359876, alpha=0.0, beta=1.0"", ""error_type"": ""GarchFitError"", ""forecast_date"": ""2024-09-04"", ""innovation"": ""student_t"", ""instrument"": ""ETH-USD"", ""origin_index"": 1141}",,null,,False,2024-09-04,,,student_t,ETH-USD,1141,,,,0.051163962988936156,2024-09-03,2023-04-23,,
3.37355286311201,-3.37355286311201,,,,,,,,"{""error"": ""fit violated GARCH constraints: omega=0.029431737579068844, alpha=2.3207898476486054e-13, beta=1.0"", ""error_type"": ""GarchFitError"", ""forecast_date"": ""2024-09-05"", ""innovation"": ""student_t"", ""instrument"": ""ETH-USD"", ""origin_index"": 1142}",,null,,False,2024-09-05,,,student_t,ETH-USD,1142,,,,0.05479718497760338,2024-09-04,2023-04-24,,
6.268304999879505,-6.268304999879505,,,,,,,,"{""error"": ""fit violated GARCH constraints: omega=0.03020437005813331, alpha=4.497359707640119e-10, beta=1.0"", ""error_type"": ""GarchFitError"", ""forecast_date"": ""2024-09-06"", ""innovation"": ""student_t"", ""instrument"": ""ETH-USD"", ""origin_index"": 1143}",,null,,False,2024-09-06,,,student_t,ETH-USD,1143,,,,0.05013436335045804,2024-09-05,2023-04-25,,
-2.233569761115875,2.233569761115875,,,,,,,,"{""error"": ""fit violated GARCH constraints: omega=0.032055126801593, alpha=1.6675449222434815e-08, beta=1.0"", ""error_type"": ""GarchFitError"", ""forecast_date"": ""2024-09-07"", ""innovation"": ""student_t"", ""instrument"": ""ETH-USD"", ""origin_index"": 1144}",,null,,False,2024-09-07,,,student_t,ETH-USD,1144,,,,0.035010183180548986,2024-09-06,2023-04-26,,
-1.0143933618172833,1.0143933618172833,,,,,,,,"{""error"": ""fit violated GARCH constraints: omega=0.03646853669540076, alpha=0.01729370199473728, beta=0.9827062980062222"", ""error_type"": ""GarchFitError"", ""forecast_date"": ""2024-09-08"", ""innovation"": ""student_t"", ""instrument"": ""ETH-USD"", ""origin_index"": 1145}",,null,,False,2024-09-08,,,student_t,ETH-USD,1145,,,,0.03949762132258319,2024-09-07,2023-04-27,,
-2.6286807453890786,2.6286807453890786,9.813545282995195,18.91379026894388,False,False,2352.7376963963025,2369.5961287899913,0,null,-1172.3688481981512,"{""alpha[1]"": 1.8247057311786768e-13, ""beta[1]"": 0.9999999805805783, ""nu"": 2.6314438805213167, ""omega"": 0.03301434730918029}",4.612821446693985,True,2024-09-09,1.8542495594736486,2.5460984759181633,student_t,ETH-USD,1146,0.41135852558333125,0.1409435613279886,,0.03705276487411914,2024-09-08,2023-04-28,5.598489766277539,11.465675387409767
-1.3099792567358293,1.3099792567358293,,,,,,,,"{""error"": ""fit violated GARCH constraints: omega=0.03369696623899386, alpha=5.5571296258693356e-14, beta=1.0"", ""error_type"": ""GarchFitError"", ""forecast_date"": ""2024-09-10"", ""innovation"": ""student_t"", ""instrument"": ""ETH-USD"", ""origin_index"": 1147}",,null,,False,2024-09-10,,,student_t,ETH-USD,1147,,,,0.044022557677240934,2024-09-09,2023-04-29,,
2.1034845099353032,-2.1034845099353032,,,,,,,,"{""error"": ""fit violated GARCH constraints: omega=0.03428686212959753, alpha=0.0, beta=1.0"", ""error_type"": ""GarchFitError"", ""forecast_date"": ""2024-09-11"", ""innovation"": ""student_t"", ""instrument"": ""ETH-USD"", ""origin_index"": 1148}",,null,,False,2024-09-11,,,student_t,ETH-USD,1148,,,,0.04491639968730756,2024-09-10,2023-04-30,,
-0.9333093233166797,0.9333093233166797,10.080882889600522,19.826545969453687,False,False,2356.401428338483,2373.259860732172,0,null,-1174.2007141692416,"{""alpha[1]"": 6.960789278309677e-13, ""beta[1]"": 0.999999990856636, ""nu"": 2.534640004315556, ""omega"": 0.03639090854391432}",4.866184500474068,True,2024-09-12,1.8694706209194543,2.579925012673005,student_t,ETH-USD,1149,0.32834034143997526,0.12688533209618466,,0.04408975593650495,2024-09-11,2023-05-01,5.633497505482819,11.755223886301776
-3.3240194062143997,3.3240194062143997,,,,,,,,"{""error"": ""fit violated GARCH constraints: omega=0.03833175385820449, alpha=0.0, beta=1.0"", ""error_type"": ""GarchFitError"", ""forecast_date"": ""2024-09-13"", ""innovation"": ""student_t"", ""instrument"": ""ETH-USD"", ""origin_index"": 1150}",,null,,False,2024-09-13,,,student_t,ETH-USD,1150,,,,0.050806539179826644,2024-09-12,2023-05-02,,
0.9469418259358561,-0.9469418259358561,,,,,,,,"{""error"": ""fit violated GARCH constraints: omega=0.04135468854639947, alpha=1.7443541048543598e-10, beta=0.9999999999898148"", ""error_type"": ""GarchFitError"", ""forecast_date"": ""2024-09-14"", ""innovation"": ""student_t"", ""instrument"": ""ETH-USD"", ""origin_index"": 1151}",,null,,False,2024-09-14,,,student_t,ETH-USD,1151,,,,0.05325921417249914,2024-09-13,2023-05-03,,
4.123324133741526,-4.123324133741526,,,,,,,,"{""error"": ""fit violated GARCH constraints: omega=0.044284795666455115, alpha=4.204991760556249e-11, beta=0.9999999999700422"", ""error_type"": ""GarchFitError"", ""forecast_date"": ""2024-09-15"", ""innovation"": ""student_t"", ""instrument"": ""ETH-USD"", ""origin_index"": 1152}",,null,,False,2024-09-15,,,student_t,ETH-USD,1152,,,,0.04777756902468086,2024-09-14,2023-05-04,,
1.1097393873135424,-1.1097393873135424,10.72582197263227,21.752209595096556,False,False,2356.1413607890945,2372.9997931827834,0,null,-1174.0706803945473,"{""alpha[1]"": 9.348518089528898e-10, ""beta[1]"": 0.9999999978777286, ""nu"": 2.400023640338224, ""omega"": 0.04828777453480398}",5.480944107613837,True,2024-09-16,1.9139789451806357,2.6523755976337435,student_t,ETH-USD,1153,0.23482072513439556,0.11346886499264411,,0.042380806836125655,2024-09-15,2023-05-05,5.8061538900014495,12.456625886577942
-2.002402835106402,2.002402835106402,,,,,,,,"{""error"": ""fit violated GARCH constraints: omega=0.03724116211976386, alpha=8.582254416180811e-14, beta=1.0"", ""error_type"": ""GarchFitError"", ""forecast_date"": ""2024-09-17"", ""innovation"": ""student_t"", ""instrument"": ""ETH-USD"", ""origin_index"": 1154}",,null,,False,2024-09-17,,,student_t,ETH-USD,1154,,,,0.028036373160294534,2024-09-16,2023-05-06,,
-1.18951274451083,1.18951274451083,,,,,,,,"{""error"": ""fit violated GARCH constraints: omega=0.033514807934964704, alpha=0.0, beta=1.0"", ""error_type"": ""GarchFitError"", ""forecast_date"": ""2024-09-18"", ""innovation"": ""student_t"", ""instrument"": ""ETH-USD"", ""origin_index"": 1155}",,null,,False,2024-09-18,,,student_t,ETH-USD,1155,,,,0.04178197192130648,2024-09-17,2023-05-07,,
-3.931566953547536,3.931566953547536,,,,,,,,"{""error"": ""fit violated GARCH constraints: omega=0.034683032640052534, alpha=1.4505661560457763e-10, beta=0.9999999999115902"", ""error_type"": ""GarchFitError"", ""forecast_date"": ""2024-09-19"", ""innovation"": ""student_t"", ""instrument"": ""ETH-USD"", ""origin_index"": 1156}",,null,,False,2024-09-19,,,student_t,ETH-USD,1156,,,,0.047038676591418985,2024-09-18,2023-05-08,,
-3.833465519894033,3.833465519894033,,,,,,,,"{""error"": ""fit violated GARCH constraints: omega=0.036032208399000974, alpha=1.7418814969538812e-09, beta=0.9999999988835935"", ""error_type"": ""GarchFitError"", ""forecast_date"": ""2024-09-20"", ""innovation"": ""student_t"", ""instrument"": ""ETH-USD"", ""origin_index"": 1157}",,null,,False,2024-09-20,,,student_t,ETH-USD,1157,,,,0.057484642923595196,2024-09-19,2023-05-09,,
-2.116590749896121,2.116590749896121,,,,,,,,"{""error"": ""fit violated GARCH constraints: omega=0.03482249127731031, alpha=0.0, beta=1.0"", ""error_type"": ""GarchFitError"", ""forecast_date"": ""2024-09-21"", ""innovation"": ""student_t"", ""instrument"": ""ETH-USD"", ""origin_index"": 1158}",,null,,False,2024-09-21,,,student_t,ETH-USD,1158,,,,0.0651991259483001,2024-09-20,2023-05-10,,
1.2693537546001137,-1.2693537546001137,,,,,,,,"{""error"": ""fit violated GARCH constraints: omega=0.03400042994993354, alpha=0.0, beta=1.0"", ""error_type"": ""GarchFitError"", ""forecast_date"": ""2024-09-22"", ""innovation"": ""student_t"", ""instrument"": ""ETH-USD"", ""origin_index"": 1159}",,null,,False,2024-09-22,,,student_t,ETH-USD,1159,,,,0.07010439176596471,2024-09-21,2023-05-11,,
-2.5112657298395424,2.5112657298395424,,,,,,,,"{""error"": ""fit violated GARCH constraints: omega=0.035298708014571405, alpha=0.0, beta=1.0"", ""error_type"": ""GarchFitError"", ""forecast_date"": ""2024-09-23"", ""innovation"": ""student_t"", ""instrument"": ""ETH-USD"", ""origin_index"": 1160}",,null,,False,2024-09-23,,,student_t,ETH-USD,1160,,,,0.07261264065494968,2024-09-22,2023-05-12,,
-0.21907235006219408,0.21907235006219408,,,,,,,,"{""error"": ""fit violated GARCH constraints: omega=0.034783522560946044, alpha=2.2285931796284755e-10, beta=0.9999999999769974"", ""error_type"": ""GarchFitError"", ""forecast_date"": ""2024-09-24"", ""innovation"": ""student_t"", ""instrument"": ""ETH-USD"", ""origin_index"": 1161}",,null,,False,2024-09-24,,,student_t,ETH-USD,1161,,,,0.07635575137620704,2024-09-23,2023-05-13,,
2.864925777232145,-2.864925777232145,9.830745221553487,18.4680855147314,False,False,2350.9349202636067,2367.7933526572956,0,null,-1171.4674601318034,"{""alpha[1]"": 2.2921500804053528e-11, ""beta[1]"": 0.9999999995649179, ""nu"": 2.7801649084662086, ""omega"": 0.0346813805445984}",4.521790401670366,True,2024-09-25,1.8699517317396306,2.5396568057127578,student_t,ETH-USD,1162,0.1440262682359509,0.08652006352428583,,0.07811515085465676,2024-09-24,2023-05-14,5.74545114195116,11.51693212966072
-2.0267557782973573,2.0267557782973573,,,,,,,,"{""error"": ""fit violated GARCH constraints: omega=0.03363038406365002, alpha=6.993118678149273e-10, beta=0.9999999994477847"", ""error_type"": ""GarchFitError"", ""forecast_date"": ""2024-09-26"", ""innovation"": ""student_t"", ""instrument"": ""ETH-USD"", ""origin_index"": 1163}",,null,,False,2024-09-26,,,student_t,ETH-USD,1163,,,,0.07189749505716253,2024-09-25,2023-05-15,,
-2.39123561143594,2.39123561143594,,,,,,,,"{""error"": ""fit violated GARCH constraints: omega=0.03381644504112061, alpha=0.0, beta=1.0"", ""error_type"": ""GarchFitError"", ""forecast_date"": ""2024-09-27"", ""innovation"": ""student_t"", ""instrument"": ""ETH-USD"", ""origin_index"": 1164}",,null,,False,2024-09-27,,,student_t,ETH-USD,1164,,,,0.07406611592058669,2024-09-26,2023-05-16,,
0.6834223701230747,-0.6834223701230747,,,,,,,,"{""error"": ""fit violated GARCH constraints: omega=0.03292959455567606, alpha=4.132078818122623e-14, beta=1.0"", ""error_type"": ""GarchFitError"", ""forecast_date"": ""2024-09-28"", ""innovation"": ""student_t"", ""instrument"": ""ETH-USD"", ""origin_index"": 1165}",,null,,False,2024-09-28,,,student_t,ETH-USD,1165,,,,0.07812677131388575,2024-09-27,2023-05-17,,
0.6817536859538221,-0.6817536859538221,9.700553093484874,18.236741415267275,False,False,2360.7130129904917,2377.5714453841806,0,null,-1176.3565064952459,"{""alpha[1]"": 0.0, ""beta[1]"": 0.9999999989657944, ""nu"": 2.7759796106461225, ""omega"": 0.03205676297423003}",4.464369094434623,True,2024-09-29,1.8562076967399945,2.526569157170007,student_t,ETH-USD,1166,0.24918049127873648,0.10682122292083616,,0.07700807281917958,2024-09-28,2023-05-18,5.665363511528548,11.363875978037429
2.1391845139336625,-2.1391845139336625,,,,,,,,"{""error"": ""fit violated GARCH constraints: omega=0.03282007010442723, alpha=4.0138010422800507e-10, beta=0.9999999999998309"", ""error_type"": ""GarchFitError"", ""forecast_date"": ""2024-09-30"", ""innovation"": ""student_t"", ""instrument"": ""ETH-USD"", ""origin_index"": 1167}",,null,,False,2024-09-30,,,student_t,ETH-USD,1167,,,,0.07786681691351242,2024-09-29,2023-05-19,,
6.104115243845923,-6.104115243845923,,,,,,,,"{""error"": ""fit violated GARCH constraints: omega=0.03248607427716417, alpha=1.2514638287714003e-09, beta=1.0"", ""error_type"": ""GarchFitError"", ""forecast_date"": ""2024-10-01"", ""innovation"": ""student_t"", ""instrument"": ""ETH-USD"", ""origin_index"": 1168}",,null,,False,2024-10-01,,,student_t,ETH-USD,1168,,,,0.07238645130322918,2024-09-30,2023-05-20,,
3.477159488217986,-3.477159488217986,9.87540690498845,18.790262830057767,False,False,2369.6449369855663,2386.503369379255,0,null,-1180.8224684927832,"{""alpha[1]"": 0.0, ""beta[1]"": 0.999999999160684, ""nu"": 2.7040721223202366, ""omega"": 0.0329374516799693}",4.586209096097674,True,2024-10-02,1.8675075410447044,2.548287400921243,student_t,ETH-USD,1169,0.11127466176673656,0.08077886329585833,,0.05930969179576363,2024-10-01,2023-05-21,5.702652723552715,11.555045817803812
0.6549484217162695,-0.6549484217162695,9.976907417509105,19.086753381325888,False,False,2372.649152425353,2389.5075848190418,0,null,-1182.3245762126764,"{""alpha[1]"": 6.498971813338451e-15, ""beta[1]"": 0.9999999999999899, ""nu"": 2.6737075767976144, ""omega"": 0.033765993184224595}",4.656343065222243,True,2024-10-03,1.874727480369193,2.5602853845375,student_t,ETH-USD,1170,0.2538164552666433,0.11012608901247803,,0.05411501050423754,2024-10-02,2023-05-22,5.731277527049131,11.667557322964063
-2.7287461804025392,2.7287461804025392,,,,,,,,"{""error"": ""fit violated GARCH constraints: omega=0.03380213097615829, alpha=2.985584026395693e-09, beta=0.9999999999999352"", ""error_type"": ""GarchFitError"", ""forecast_date"": ""2024-10-04"", ""innovation"": ""student_t"", ""instrument"": ""ETH-USD"", ""origin_index"": 1171}",,null,,False,2024-10-04,,,student_t,ETH-USD,1171,,,,0.05136908535169299,2024-10-03,2023-05-23,,
-0.0346922216132336,0.0346922216132336,10.163847430734208,19.698295040340057,False,False,2374.0982099085068,2390.9566423021956,0,null,-1183.0491049542534,"{""alpha[1]"": 0.0, ""beta[1]"": 0.9999999991122193, ""nu"": 2.606973286713253, ""omega"": 0.035999632130850695}",4.811671044110537,True,2024-10-05,1.885926642342148,2.5832218457014835,student_t,ETH-USD,1172,0.2899252135516705,0.11906652929491816,,0.05281264409004151,2024-10-04,2023-05-24,5.763812049420172,11.871960707878571
-1.0019846620138761,1.0019846620138761,,,,,,,,"{""error"": ""fit violated GARCH constraints: omega=0.03729144308123377, alpha=0.0, beta=1.0"", ""error_type"": ""GarchFitError"", ""forecast_date"": ""2024-10-06"", ""innovation"": ""student_t"", ""instrument"": ""ETH-USD"", ""origin_index"": 1173}",,null,,False,2024-10-06,,,student_t,ETH-USD,1173,,,,0.058823735423432125,2024-10-05,2023-05-25,,
0.7471055096114174,-0.7471055096114174,,,,,,,,"{""error"": ""fit violated GARCH constraints: omega=0.036566150642679214, alpha=2.8071518992588727e-10, beta=1.0"", ""error_type"": ""GarchFitError"", ""forecast_date"": ""2024-10-07"", ""innovation"": ""student_t"", ""instrument"": ""ETH-USD"", ""origin_index"": 1174}",,null,,False,2024-10-07,,,student_t,ETH-USD,1174,,,,0.060178378407811005,2024-10-06,2023-05-26,,
-0.7423125249006928,0.7423125249006928,,,,,,,,"{""error"": ""fit violated GARCH constraints: omega=0.03804708624695301, alpha=0.0, beta=1.0"", ""error_type"": ""GarchFitError"", ""forecast_date"": ""2024-10-08"", ""innovation"": ""student_t"", ""instrument"": ""ETH-USD"", ""origin_index"": 1175}",,null,,False,2024-10-08,,,student_t,ETH-USD,1175,,,,0.056181995279503134,2024-10-07,2023-05-27,,
2.9767390711676542,-2.9767390711676542,,,,,,,,"{""error"": ""fit violated GARCH constraints: omega=0.03717355104406452, alpha=1.359591342428306e-12, beta=1.0"", ""error_type"": ""GarchFitError"", ""forecast_date"": ""2024-10-09"", ""innovation"": ""student_t"", ""instrument"": ""ETH-USD"", ""origin_index"": 1176}",,null,,False,2024-10-09,,,student_t,ETH-USD,1176,,,,0.05740118680188978,2024-10-08,2023-05-28,,
-0.655473715635153,0.655473715635153,,,,,,,,"{""error"": ""fit violated GARCH constraints: omega=0.036336734247616465, alpha=0.0, beta=1.0"", ""error_type"": ""GarchFitError"", ""forecast_date"": ""2024-10-10"", ""innovation"": ""student_t"", ""instrument"": ""ETH-USD"", ""origin_index"": 1177}",,null,,False,2024-10-10,,,student_t,ETH-USD,1177,,,,0.04291673006381636,2024-10-09,2023-05-29,,
-2.1847948553517305,2.1847948553517305,,,,,,,,"{""error"": ""fit violated GARCH constraints: omega=0.03716362371362975, alpha=0.0, beta=1.0"", ""error_type"": ""GarchFitError"", ""forecast_date"": ""2024-10-11"", ""innovation"": ""student_t"", ""instrument"": ""ETH-USD"", ""origin_index"": 1178}",,null,,False,2024-10-11,,,student_t,ETH-USD,1178,,,,0.04610320081421191,2024-10-10,2023-05-30,,
-1.6287543765180983,1.6287543765180983,7.362995787384917,13.126339225121681,False,False,2376.766455665277,2393.624888058966,0,null,-1184.3832278326386,"{""alpha[1]"": 0.026079098471034238, ""beta[1]"": 0.9739209014086991, ""nu"": 3.1213677222553096, ""omega"": 0.04792768430769002}",3.2934774997360656,True,2024-10-12,1.6107926468573797,2.2329236361711096,student_t,ETH-USD,1179,0.3076016181963463,0.10269860198835674,,0.049634806528023025,2024-10-11,2023-05-31,4.523277987408822,8.641105822317567
0.3578415149373429,-0.3578415149373429,,,,,,,,"{""error"": ""fit violated GARCH constraints: omega=0.03882376440778884, alpha=0.0, beta=1.0"", ""error_type"": ""GarchFitError"", ""forecast_date"": ""2024-10-13"", ""innovation"": ""student_t"", ""instrument"": ""ETH-USD"", ""origin_index"": 1180}",,null,,False,2024-10-13,,,student_t,ETH-USD,1180,,,,0.05574216468781492,2024-10-12,2023-06-01,,
-6.328824738370755,6.328824738370755,6.912472354243588,12.332706174878057,False,False,2377.270091451201,2394.12852384489,0,null,-1184.6350457256005,"{""alpha[1]"": 0.032945954819309044, ""beta[1]"": 0.9670540451772897, ""nu"": 3.120151746131254, ""omega"": 0.056029893604373465}",3.0964236882607863,True,2024-10-14,1.5470239503697658,2.170182910936646,student_t,ETH-USD,1181,0.5285492700833644,0.14442859160090224,,0.05630357564463645,2024-10-13,2023-06-02,4.242160663296525,8.114034421719456
0.8740560106635261,-0.8740560106635261,7.459660946600192,13.384615271658198,False,False,2381.6058329879697,2398.4642653816586,0,null,-1186.8029164939849,"{""alpha[1]"": 0.02808587746318562, ""beta[1]"": 0.9719141225364216, ""nu"": 3.079578655610748, ""omega"": 0.054795709617274514}",3.349035714021123,True,2024-10-15,1.6199341290338012,2.2483031946212293,student_t,ETH-USD,1182,0.18397506482980472,0.07882122643710711,,0.06417992004047451,2024-10-14,2023-06-03,4.553557307259617,8.75617865437423
-0.1947463614894069,0.1947463614894069,7.249511001471517,12.995799723678838,False,False,2382.0933904154967,2398.9518228091856,0,null,-1187.0466952077484,"{""alpha[1]"": 0.031834050344799955, ""beta[1]"": 0.9681659496504961, ""nu"": 3.086918548550271, ""omega"": 0.058937423711079476}",3.254293725559228,True,2024-10-16,1.5918393243803983,2.2194481128825547,student_t,ETH-USD,1183,0.2311755548594595,0.08704680704035285,,0.0639944905847067,2024-10-15,2023-06-04,4.4287647356997795,8.50993434254587
0.2618648232161332,-0.2618648232161332,7.005099377038526,12.53791379341753,False,False,2382.4918800994324,2399.3503124931212,0,null,-1187.2459400497162,"{""alpha[1]"": 0.03614843470572285, ""beta[1]"": 0.9638515652942673, ""nu"": 3.0997993952632727, ""omega"": 0.06328924381863586}",3.143974407938775,True,2024-10-17,1.5583810465856631,2.1846667526940116,student_t,ETH-USD,1184,0.20117267227684948,0.0796187314132001,,0.06458477244777906,2024-10-16,2023-06-05,4.2853182687531195,8.223737964536136
-1.4212990594204087,1.4212990594204087,7.086004380171231,12.765443002397227,False,False,2377.675643310219,2394.534075703908,0,null,-1184.8378216551096,"{""alpha[1]"": 0.03118205440900982, ""beta[1]"": 0.9688179455901536, ""nu"": 3.055668614106536, ""omega"": 0.06002839886851059}",3.1902139364148616,True,2024-10-18,1.5660392649367028,2.1984258541848316,student_t,ETH-USD,1185,0.28645030608591443,0.09740335288895988,,0.07256344834123961,2024-10-17,2023-06-06,4.307707062297875,8.31903622947557
-0.2685995946574641,0.2685995946574641,,,,,,,,"{""error"": ""fit violated GARCH constraints: omega=0.04316458079951947, alpha=0.0, beta=1.0"", ""error_type"": ""GarchFitError"", ""forecast_date"": ""2024-10-19"", ""innovation"": ""student_t"", ""instrument"": ""ETH-USD"", ""origin_index"": 1186}",,null,,False,2024-10-19,,,student_t,ETH-USD,1186,,,,0.06754138064686518,2024-10-18,2023-06-07,,
-3.6225147817634205,3.6225147817634205,,,,,,,,"{""error"": ""fit violated GARCH constraints: omega=0.0457561807766526, alpha=1.2872833280298763e-14, beta=0.9999999999999984"", ""error_type"": ""GarchFitError"", ""forecast_date"": ""2024-10-20"", ""innovation"": ""student_t"", ""instrument"": ""ETH-USD"", ""origin_index"": 1187}",,null,,False,2024-10-20,,,student_t,ETH-USD,1187,,,,0.0736856628742126,2024-10-19,2023-06-08,,
2.980661191869326,-2.980661191869326,,,,,,,,"{""error"": ""fit violated GARCH constraints: omega=0.06165672357670148, alpha=0.02538455459591884, beta=0.9746154454048481"", ""error_type"": ""GarchFitError"", ""forecast_date"": ""2024-10-21"", ""innovation"": ""student_t"", ""instrument"": ""ETH-USD"", ""origin_index"": 1188}",,null,,False,2024-10-21,,,student_t,ETH-USD,1188,,,,0.07941864108651507,2024-10-20,2023-06-09,,
1.7221547757800166,-1.7221547757800166,,,,,,,,"{""error"": ""fit violated GARCH constraints: omega=0.061142479652654645, alpha=0.027764483792851798, beta=0.9722355162071817"", ""error_type"": ""GarchFitError"", ""forecast_date"": ""2024-10-22"", ""innovation"": ""student_t"", ""instrument"": ""ETH-USD"", ""origin_index"": 1189}",,null,,False,2024-10-22,,,student_t,ETH-USD,1189,,,,0.07411665637627464,2024-10-21,2023-06-10,,
4.332602489221151,-4.332602489221151,,,,,,,,"{""error"": ""fit violated GARCH constraints: omega=0.04192491720062049, alpha=0.0, beta=1.0"", ""error_type"": ""GarchFitError"", ""forecast_date"": ""2024-10-23"", ""innovation"": ""student_t"", ""instrument"": ""ETH-USD"", ""origin_index"": 1190}",,null,,False,2024-10-23,,,student_t,ETH-USD,1190,,,,0.08045442334575026,2024-10-22,2023-06-11,,
-1.0072125371187752,1.0072125371187752,,,,,,,,"{""error"": ""fit violated GARCH constraints: omega=0.041813037598883565, alpha=4.973183979186481e-10, beta=0.999999999735557"", ""error_type"": ""GarchFitError"", ""forecast_date"": ""2024-10-24"", ""innovation"": ""student_t"", ""instrument"": ""ETH-USD"", ""origin_index"": 1191}",,null,,False,2024-10-24,,,student_t,ETH-USD,1191,,,,0.07167163983855251,2024-10-23,2023-06-12,,
3.96655113596158,-3.96655113596158,,,,,,,,"{""error"": ""fit violated GARCH constraints: omega=0.04216353501693303, alpha=0.0, beta=1.0"", ""error_type"": ""GarchFitError"", ""forecast_date"": ""2024-10-25"", ""innovation"": ""student_t"", ""instrument"": ""ETH-USD"", ""origin_index"": 1192}",,null,,False,2024-10-25,,,student_t,ETH-USD,1192,,,,0.0749316948524211,2024-10-24,2023-06-13,,
-1.776828646193297,1.776828646193297,,,,,,,,"{""error"": ""fit violated GARCH constraints: omega=0.04236857060677208, alpha=3.922124478074368e-11, beta=0.999999999971006"", ""error_type"": ""GarchFitError"", ""forecast_date"": ""2024-10-26"", ""innovation"": ""student_t"", ""instrument"": ""ETH-USD"", ""origin_index"": 1193}",,null,,False,2024-10-26,,,student_t,ETH-USD,1193,,,,0.06739968678744873,2024-10-25,2023-06-14,,
-1.0565606601114446,1.0565606601114446,,,,,,,,"{""error"": ""fit violated GARCH constraints: omega=0.03602793044411864, alpha=4.219090033765051e-09, beta=0.9999999961926479"", ""error_type"": ""GarchFitError"", ""forecast_date"": ""2024-10-27"", ""innovation"": ""student_t"", ""instrument"": ""ETH-USD"", ""origin_index"": 1194}",,null,,False,2024-10-27,,,student_t,ETH-USD,1194,,,,0.08140172364329408,2024-10-26,2023-06-15,,
-2.343001584696063,2.343001584696063,,,,,,,,"{""error"": ""fit violated GARCH constraints: omega=0.03652779756454865, alpha=9.027879883698651e-10, beta=0.9999999995003743"", ""error_type"": ""GarchFitError"", ""forecast_date"": ""2024-10-28"", ""innovation"": ""student_t"", ""instrument"": ""ETH-USD"", ""origin_index"": 1195}",,null,,False,2024-10-28,,,student_t,ETH-USD,1195,,,,0.08170538614356508,2024-10-27,2023-06-16,,
-2.7910752599837267,2.7910752599837267,10.243111196612098,19.77809836410446,False,False,2369.179279578584,2386.037711972273,0,null,-1180.589639789292,"{""alpha[1]"": 0.0, ""beta[1]"": 0.9998845294242477, ""nu"": 2.631979156566396, ""omega"": 0.03940102177476523}",4.833671642859306,True,2024-10-29,1.8954112109492796,2.5900258527375346,student_t,ETH-USD,1196,0.4308708208959126,0.14765738175588067,,0.0803417032667926,2024-10-28,2023-06-17,5.826341157934517,11.974662915604327
-0.7332923805954188,0.7332923805954188,,,,,,,,"{""error"": ""fit violated GARCH constraints: omega=0.03793561420442131, alpha=1.286575463687655e-10, beta=0.9999999999180248"", ""error_type"": ""GarchFitError"", ""forecast_date"": ""2024-10-30"", ""innovation"": ""student_t"", ""instrument"": ""ETH-USD"", ""origin_index"": 1197}",,null,,False,2024-10-30,,,student_t,ETH-USD,1197,,,,0.08470019517986165,2024-10-29,2023-06-18,,
5.474730232211468,-5.474730232211468,10.256540278451165,19.91410684656332,False,False,2373.8779098236173,2390.736342217306,0,null,-1182.9389549118087,"{""alpha[1]"": 3.164222192808762e-10, ""beta[1]"": 0.9999255614767543, ""nu"": 2.605788957108707, ""omega"": 0.038511065789320204}",4.872808947167361,True,2024-10-31,1.8934555685303969,2.5932921547750567,student_t,ETH-USD,1198,0.016287672962834614,0.06510849537630829,,0.08693557517181143,2024-10-30,2023-06-19,5.80048369146816,11.98557976984229
0.15569069801987537,-0.15569069801987537,,,,,,,,"{""error"": ""fit violated GARCH constraints: omega=0.039812268166897334, alpha=0.0, beta=1.0"", ""error_type"": ""GarchFitError"", ""forecast_date"": ""2024-11-01"", ""innovation"": ""student_t"", ""instrument"": ""ETH-USD"", ""origin_index"": 1199}",,null,,False,2024-11-01,,,student_t,ETH-USD,1199,,,,0.0740103046946306,2024-10-31,2023-06-20,,
0.8321888913199571,-0.8321888913199571,10.529912581722519,20.672356324935457,False,False,2375.0634343720762,2391.921866765765,0,null,-1183.5317171860381,"{""alpha[1]"": 0.0, ""beta[1]"": 0.9998437409294731, ""nu"": 2.5477068218265746, ""omega"": 0.04376263084996111}",5.07248886430012,True,2024-11-02,1.913756752180812,2.623126940703652,student_t,ETH-USD,1200,0.2529841969865623,0.1145400388173817,,0.06752687835084772,2024-11-01,2023-06-21,5.891872831051199,12.286192773058117
1.4004616451627034,-1.4004616451627034,9.82162397574124,18.461309733426006,False,False,2366.3810420027794,2383.2394743964683,0,null,-1179.1905210013897,"{""alpha[1]"": 4.802530866352145e-17, ""beta[1]"": 0.9992823615017379, ""nu"": 2.7707374887779923, ""omega"": 0.04254038740192045}",4.512866339258212,True,2024-11-03,1.8690503068597897,2.538663812651569,student_t,ETH-USD,1201,0.21699611300800503,0.10100687607122158,,0.0551204356823058,2024-11-02,2023-06-22,5.7403839053228,11.501149252284852
2.447820480411729,-2.447820480411729,9.874572928075471,18.687149296428537,False,False,2367.5279410996986,2384.3863734933875,0,null,-1179.7639705498493,"{""alpha[1]"": 0.0, ""beta[1]"": 0.9992028894519338, ""nu"": 2.7323306242391125, ""omega"": 0.04440006622671323}",4.56224844300475,True,2024-11-04,1.8705857837956525,2.5463154342316043,student_t,ETH-USD,1202,0.16427904645217206,0.09109795469854202,,0.0542392346791433,2024-11-03,2023-06-23,5.733401409455167,11.557615950265923
-1.0633289088385955,1.0633289088385955,9.980797292970413,18.994685539211662,False,False,2369.461199744593,2386.319632138282,0,null,-1180.7305998722966,"{""alpha[1]"": 0.0, ""beta[1]"": 0.999231524923592, ""nu"": 2.699731793895418, ""omega"": 0.04530102305969956}",4.632778506904279,True,2024-11-05,1.8781991885801035,2.5588306581544,student_t,ETH-USD,1203,0.34138003869392236,0.1273881936659238,,0.047227790750810995,2024-11-04,2023-06-24,5.764271865039846,11.675490457753773
-11.73012523776208,11.73012523776208,10.013500388030147,19.193496500331882,False,False,2370.5532244771675,2387.4116568708564,0,null,-1181.2766122385838,"{""alpha[1]"": 0.0, ""beta[1]"": 0.9991168774815188, ""nu"": 2.662901331045038, ""omega"": 0.04771606843302261}",4.6818409174962685,True,2024-11-06,1.8773450448037132,2.5645595265912764,student_t,ETH-USD,1204,0.8735987370638303,0.23437928335285935,,0.05113771512779625,2024-11-05,2023-06-25,5.741849503514512,11.707803097523835
-6.102382135580398,6.102382135580398,10.406877399004264,20.240738591057855,False,False,2379.3744803420154,2396.2329127357043,0,null,-1185.6872401710077,"{""alpha[1]"": 0.0, ""beta[1]"": 0.9994045549843908, ""nu"": 2.5936605013632885, ""omega"": 0.049388755749611796}",4.951643282582715,True,2024-11-07,1.907268127329746,2.608249977720243,student_t,ETH-USD,1205,0.5990099756703531,0.18258011178821615,,0.07200865512587491,2024-11-06,2023-06-26,5.877817377826653,12.1556290432412
-2.2777538127612402,2.2777538127612402,10.670622685479488,20.94465949390328,False,False,2381.6511184450333,2398.509550838722,0,null,-1186.8255592225166,"{""alpha[1]"": 0.0, ""beta[1]"": 0.9994988179020734, ""nu"": 2.552915717041279, ""omega"": 0.052385603149602424}",5.141826179552178,True,2024-11-08,1.9268391505542395,2.636556117314476,student_t,ETH-USD,1206,0.4123155180403965,0.1473296516430589,,0.08858315808497289,2024-11-07,2023-06-27,5.968556548046683,12.455211351544635
-5.54337462280206,5.54337462280206,10.837614873585498,21.513802308198557,False,False,2382.088560832409,2398.9469932260977,0,null,-1187.0442804162044,"{""alpha[1]"": 1.187171254492868e-10, ""beta[1]"": 0.9993778006650624, ""nu"": 2.501007151007301, ""omega"": 0.05831404933384333}",5.312774902380269,True,2024-11-09,1.935904447959511,2.6559376293702095,student_t,ETH-USD,1207,0.5767645729243314,0.18177202977054188,,0.08990899744124692,2024-11-08,2023-06-28,5.991916835684557,12.633828354252111
-1.903956227720377,1.903956227720377,10.872166473937071,21.51059559050285,False,False,2381.023036732997,2397.8814691266857,0,null,-1186.5115183664984,"{""alpha[1]"": 0.0, ""beta[1]"": 0.9993477717397564, ""nu"": 2.519663803688203, ""omega"": 0.05939359174257909}",5.303183546853631,True,2024-11-10,1.9407403315701193,2.6581691002137373,student_t,ETH-USD,1208,0.39664729583514113,0.1458710820525349,,0.10763837790164975,2024-11-09,2023-06-29,6.028989688982439,12.6831519775331
-5.590174697989054,5.590174697989054,11.01274968706577,22.03208208111178,False,False,2381.8912268570584,2398.7496592507473,0,null,-1186.9456134285292,"{""alpha[1]"": 0.0, ""beta[1]"": 0.9992008453569269, ""nu"": 2.4700632385797854, ""omega"": 0.06612791170780367}",5.472698245113063,True,2024-11-11,1.9472170651705092,2.674818055568359,student_t,ETH-USD,1209,0.5813480510989597,0.18419861220810832,,0.10880986133428275,2024-11-10,2023-06-30,6.036786323990131,12.82968652282176
3.883717169230805,-3.883717169230805,10.767640688822347,21.086699437031733,False,False,2378.443252971034,2395.3016853647227,0,null,-1185.221626485517,"{""alpha[1]"": 0.0, ""beta[1]"": 0.9991046798216972, ""nu"": 2.568496538473516, ""omega"": 0.06146932250074525}",5.175652106797241,True,2024-11-12,1.9368791000849943,2.6450613952621396,student_t,ETH-USD,1210,0.10748773684420197,0.08692789166127324,,0.11143379180121452,2024-11-11,2023-07-01,6.033471906114842,12.57650633535812
1.6668377784757,-1.6668377784757,10.87076180572026,21.284776530160535,False,False,2382.590342993031,2399.4487753867197,0,null,-1187.2951714965154,"{""alpha[1]"": 4.865694888163032e-16, ""beta[1]"": 0.9992812304147966, ""nu"": 2.567675188302304, ""omega"": 0.05943070859970288}",5.222651887000497,True,2024-11-13,1.9466297946504936,2.654446662666392,student_t,ETH-USD,1211,0.22134002507615766,0.11028564292108473,,0.10456045899307832,2024-11-12,2023-07-02,6.093638279998849,12.695402070584164
4.27630577001203,-4.27630577001203,10.881375523226561,21.35092323735407,False,False,2384.8844716875738,2401.7429040812626,0,null,-1188.4422358437869,"{""alpha[1]"": 0.0, ""beta[1]"": 0.9992522316750847, ""nu"": 2.556567648555521, ""omega"": 0.06010263223503881}",5.242264079137068,True,2024-11-14,1.9464568683682772,2.656097619004247,student_t,ETH-USD,1212,0.09053907441496765,0.0842754986494286,,0.09989353958007201,2024-11-13,2023-07-03,6.0870872583113815,12.703855634954882
-1.4311141318382916,1.4311141318382916,11.092060312124325,21.878621587879536,False,False,2388.684682761906,2405.543115155595,0,null,-1190.342341380953,"{""alpha[1]"": 0.0, ""beta[1]"": 0.9993964801276107, ""nu"": 2.529588256540155, ""omega"": 0.06084682955476262}",5.382789344462961,True,2024-11-15,1.9628103988493835,2.6769334142513683,student_t,ETH-USD,1213,0.38023711537227833,0.14370643717088474,,0.08949641443956434,2024-11-14,2023-07-04,6.173628175607269,12.93952958525017
-0.9695994673391866,0.9695994673391866,11.198786430475721,22.333044374898797,False,False,2389.764385023941,2406.62281741763,0,null,-1190.8821925119705,"{""alpha[1]"": 0.0, ""beta[1]"": 0.9992190668427411, ""nu"": 2.4808532308006477, ""omega"": 0.0676762545206547}",5.532827516081533,True,2024-11-16,1.966034247308817,2.6903055486007363,student_t,ETH-USD,1214,0.35657473072822093,0.14017416139705996,,0.09428625326553211,2024-11-15,2023-07-05,6.161895147225226,13.047816672366798
1.8558401225454109,-1.8558401225454109,11.386307170797146,23.102843617533964,False,False,2389.44082434919,2406.2992567428787,0,null,-1190.720412174595,"{""alpha[1]"": 2.926492011664456e-16, ""beta[1]"": 0.9988974289134807, ""nu"": 2.407835927684191, ""omega"": 0.08220075255788394}",5.820847971977887,True,2024-11-17,1.9726684095646094,2.712874518357584,student_t,ETH-USD,1215,0.21478454543222877,0.11380213506068812,,0.09893347715042877,2024-11-16,2023-07-06,6.1515310311899825,13.236053628614213
-4.208290052273954,4.208290052273954,11.355586714247424,23.089572062382135,False,False,2384.3947911796577,2401.2532235733465,0,null,-1188.1973955898288,"{""alpha[1]"": 1.1850294794927267e-18, ""beta[1]"": 0.9985412211456597, ""nu"": 2.3996921946145306, ""omega"": 0.09110558159668955}",5.832824059785093,True,2024-11-18,1.9686968884134846,2.7109382127588617,student_t,ETH-USD,1216,0.5164402084520604,0.17405299432135615,,0.10181434252272853,2024-11-17,2023-07-07,6.120514116767245,13.197009379861644
3.053528605392257,-3.053528605392257,11.654105400554961,24.016446986565768,False,False,2387.535802263781,2404.39423465747,0,null,-1189.7679011318905,"{""alpha[1]"": 5.254686250077874e-16, ""beta[1]"": 0.9985079957776678, ""nu"": 2.34693834137284, ""omega"": 0.1038780244949363}",6.191606606187312,True,2024-11-19,1.9868738024859822,2.74154443270141,student_t,ETH-USD,1217,0.15686551853071087,0.10463060952692033,,0.10786846952045234,2024-11-18,2023-07-08,6.1908389760064715,13.51658955808428
1.2677646460672904,-1.2677646460672904,11.645708630703973,23.89819485904287,False,False,2391.4117034250125,2408.2701358187014,0,null,-1191.7058517125063,"{""alpha[1]"": 2.3016695620125526e-17, ""beta[1]"": 0.9986508720283102, ""nu"": 2.3624703147406905, ""omega"": 0.09753127808520788}",6.1182992729740215,True,2024-11-20,1.9886622438936548,2.7393110611635745,student_t,ETH-USD,1218,0.2473917624570047,0.12246858934373205,,0.10230346782867782,2024-11-19,2023-07-09,6.21559989520738,13.514623580440484
-8.986459444851004,8.986459444851004,11.51020663600143,23.50175976191456,False,False,2394.093042085202,2410.9514744788908,0,null,-1193.046521042601,"{""alpha[1]"": 0.0, ""beta[1]"": 0.9986537793145348, ""nu"": 2.382254410078552, ""omega"": 0.09225010080942271}",5.971039663707279,True,2024-11-21,1.9798674744665994,2.7258646146008214,student_t,ETH-USD,1219,0.7581609802954101,0.22354009228683386,,0.10003933474703838,2024-11-20,2023-07-10,6.176760161057186,13.367549783832363
0.8801683663510723,-0.8801683663510723,11.802524842546743,24.274527047500268,False,False,2402.004112052803,2418.862544446492,0,null,-1197.0020560264015,"{""alpha[1]"": 0.0, ""beta[1]"": 0.9988703737549982, ""nu"": 2.3557526102702617, ""omega"": 0.09537961436204058}",6.235417089491723,True,2024-11-22,2.000562935235822,2.75359271825366,student_t,ETH-USD,1220,0.27008595358377707,0.12814674733871875,,0.11613738269944114,2024-11-21,2023-07-11,6.281887438026609,13.694843100222936
-1.921112811246023,1.921112811246023,11.666388627902494,23.90451319459161,False,False,2404.4429741064514,2421.3014065001403,0,null,-1198.2214870532257,"{""alpha[1]"": 2.6507335261423864e-11, ""beta[1]"": 0.9988465263769265, ""nu"": 2.3705220873524726, ""omega"": 0.0913006978360003}",6.1033236836659714,True,2024-11-23,1.991130393861268,2.740692301802658,student_t,ETH-USD,1221,0.4077923088204991,0.1546600817620128,,0.11461332154889255,2024-11-22,2023-07-12,6.234733365163953,13.544895364955243
0.9634405634812185,-0.9634405634812185,11.603979204983093,23.746088725921194,False,False,2407.173172772734,2424.0316051664227,0,null,-1199.586586386367,"{""alpha[1]"": 0.0, ""beta[1]"": 0.998856671832729, ""nu"": 2.3765240666856826, ""omega"": 0.08896794456521036}",6.050349438957196,True,2024-11-24,1.9864328391999346,2.7349391258500373,student_t,ETH-USD,1222,0.26228359612311836,0.12512970441393428,,0.11911917910793501,2024-11-23,2023-07-13,6.209112485943581,13.476411004874636
-1.4721390990228518,1.4721390990228518,9.786161249858491,17.98772679434524,False,False,2392.8774738637685,2409.7359062574574,0,null,-1192.4387369318843,"{""alpha[1]"": 0.0, ""beta[1]"": 0.9979915118555835, ""nu"": 2.920100249008035, ""omega"": 0.060244679032865824}",4.44680088188323,True,2024-11-25,1.87743128856562,2.52804575488512,student_t,ETH-USD,1223,0.36546062944081276,0.1295471376121129,,0.10332640221284015,2024-11-24,2023-07-14,5.837073489793397,11.482574662188426
2.5825120607904077,-2.5825120607904077,9.368927983900129,16.85195093661469,False,False,2385.647342596657,2402.505774990346,0,null,-1188.8236712983285,"{""alpha[1]"": 0.0, ""beta[1]"": 0.9972757180755684, ""nu"": 3.072657600145757, ""omega"": 0.06391901450312379}",4.222062416343124,True,2024-11-26,1.845944145542893,2.477369152449908,student_t,ETH-USD,1224,0.15594532889867857,0.08420172539078667,,0.1130799378963653,2024-11-25,2023-07-15,5.701418638763976,11.002684599869069
-9.478538765711487,9.478538765711487,9.358089548612034,16.79996401275899,False,False,2388.7458023461186,2405.6042347398075,0,null,-1190.3729011730593,"{""alpha[1]"": 5.750287865322178e-15, ""beta[1]"": 0.997272959295003, ""nu"": 3.0853007245983495, ""omega"": 0.06360127932798336}",4.212769828202882,True,2024-11-27,1.8459447084398395,2.4755196270168787,student_t,ETH-USD,1225,0.7592099577561562,0.2046811565440226,,0.10872926493751876,2024-11-26,2023-07-16,5.705660389411622,10.989576888690756
2.1401146905659987,-2.1401146905659987,9.519179994585345,17.133688100231463,False,False,2398.128051833457,2414.986484227146,0,null,-1195.0640259167285,"{""alpha[1]"": 1.4645541265253869e-16, ""beta[1]"": 0.9975709719103103, ""nu"": 3.0723426962133082, ""omega"": 0.06210279642233922}",4.295894451938126,True,2024-11-28,1.8612768803413222,2.4936481584632375,student_t,ETH-USD,1226,0.18236218766084697,0.0904135704032623,,0.128494060117793,2024-11-27,2023-07-17,5.787358443782935,11.181471730892222
-0.3814943561666069,0.3814943561666069,9.535392568119118,17.19919434385213,False,False,2400.2664883595226,2417.1249207532114,0,null,-1196.1332441797613,"{""alpha[1]"": 6.415244055634967e-15, ""beta[1]"": 0.9975095198974856, ""nu"": 3.0560420768841356, ""omega"": 0.06314349099652217}",4.305277662603464,True,2024-11-29,1.861825236637988,2.496023620335513,student_t,ETH-USD,1227,0.30838559746313204,0.11580940287334933,,0.1254690878098217,2024-11-28,2023-07-18,5.786217593096028,11.199445931168315
-3.074851555865523,3.074851555865523,9.547516014398878,17.35117525981445,False,False,2401.28587079964,2418.144303193329,0,null,-1196.64293539982,"{""alpha[1]"": 1.9220950804627753e-15, ""beta[1]"": 0.9973045380422854, ""nu"": 3.0039301190165153, ""omega"": 0.06645684382656332}",4.324398985816879,True,2024-11-30,1.8587900072472339,2.4998406658425383,student_t,ETH-USD,1228,0.441365789236009,0.14286841332190656,,0.12770711289708536,2024-11-29,2023-07-19,5.752464228854649,11.21198977632512
-0.1472243067606993,0.1472243067606993,9.536640244459333,17.30702715249388,False,False,2404.699092961527,2421.557525355216,0,null,-1198.3495464807636,"{""alpha[1]"": 2.203369713838387e-15, ""beta[1]"": 0.9973423168833117, ""nu"": 3.01595961013489, ""omega"": 0.06569180665909802}",4.319544513759694,True,2024-12-01,1.8583447364578158,2.498305798471524,student_t,ETH-USD,1229,0.29498794861532274,0.11348214343824686,,0.13476436435890143,2024-11-30,2023-07-20,5.752534665545751,11.200990037063976
1.8209406829060704,-1.8209406829060704,9.412633266111506,17.00975555892187,False,False,2407.1188058392972,2423.977238232986,0,null,-1199.5594029196486,"{""alpha[1]"": 0.0, ""beta[1]"": 0.9972181985484796, ""nu"": 3.046291575547415, ""omega"": 0.06531818288497478}",4.256927105517938,True,2024-12-02,1.847636760654527,2.483815630016244,student_t,ETH-USD,1230,0.1939599753807041,0.09235886809818208,,0.13485127931287774,2024-12-01,2023-07-21,5.700140190520149,11.05682749272427
0.6465846740580897,-0.6465846740580897,9.32424829606794,16.746360984744154,False,False,2410.10548587945,2426.963918273139,0,null,-1201.052742939725,"{""alpha[1]"": 0.0, ""beta[1]"": 0.997215229338051, ""nu"": 3.0899986670690835, ""omega"": 0.0636823253581981}",4.206752349599449,True,2024-12-03,1.841744244245389,2.4722859532916788,student_t,ETH-USD,1231,0.2516528200933208,0.1030729333016997,,0.13109193058410357,2024-12-02,2023-07-22,5.6796410759245015,10.95387800422805
-5.914833500568638,5.914833500568638,9.377560817748304,17.02045685706763,False,False,2409.1019919465616,2425.9604243402505,0,null,-1200.5509959732808,"{""alpha[1]"": 0.0, ""beta[1]"": 0.9969319342979575, ""nu"": 3.0151509862917263, ""omega"": 0.0688613042935774}",4.247772859973625,True,2024-12-04,1.8414495763295182,2.4815280792050487,student_t,ETH-USD,1232,0.5785360352580767,0.1692897731951348,,0.13269130872421414,2024-12-03,2023-07-23,5.655887204592886,11.014143818944827
0.7925135386154614,-0.7925135386154614,9.546659163197177,17.436810505020002,False,False,2413.5461594000226,2430.4045917937115,0,null,-1202.7730797000113,"{""alpha[1]"": 0.0, ""beta[1]"": 0.9970909851876417, ""nu"": 2.9743968951657997, ""omega"": 0.0695972719576737}",4.338707845981496,True,2024-12-05,1.8556402272056784,2.5015888080596795,student_t,ETH-USD,1233,0.2465110682971278,0.10419447860163628,,0.14193397925483328,2024-12-04,2023-07-24,5.7227349045580125,11.21196139877908
-4.985214375596652,4.985214375596652,9.575331135669186,17.662453473475335,False,False,2410.1877535410913,2427.04618593478,0,null,-1201.0938767705456,"{""alpha[1]"": 0.0, ""beta[1]"": 0.996638331828877, ""nu"": 2.9105924087350132, ""omega"": 0.07756378233542907}",4.374015956601025,True,2024-12-06,1.8529942435867603,2.5079307226458054,student_t,ETH-USD,1234,0.5335542754729635,0.16227182478026628,,0.1445414078693169,2024-12-05,2023-07-25,5.6858711338626104,11.241968102429963
0.07786524122648422,-0.07786524122648422,9.536500802547277,17.44159104536603,False,False,2415.9627023474145,2432.8211347411034,0,null,-1203.9813511737073,"{""alpha[1]"": 0.0, ""beta[1]"": 0.9968447937042201, ""nu"": 2.9691593720383764, ""omega"": 0.07327452434131378}",4.340987817665726,True,2024-12-07,1.853637687035158,2.5011035008757716,student_t,ETH-USD,1235,0.2814917986383631,0.1112392434524052,,0.15367684054690023,2024-12-06,2023-07-26,5.707701213993741,11.201789586466996
-0.07522012358783228,0.07522012358783228,9.50768226886622,17.44816580193407,False,False,2417.5388853157483,2434.397317709437,0,null,-1204.7694426578742,"{""alpha[1]"": 4.153521481494682e-18, ""beta[1]"": 0.9966583785708348, ""nu"": 2.9462563086406712, ""omega"": 0.07568424884757023}",4.334508151210068,True,2024-12-08,1.8486917254829978,2.4992094619083396,student_t,ETH-USD,1236,0.28737117207864715,0.11241608818663995,,0.15197489878350642,2024-12-07,2023-07-27,5.6722033179851055,11.166388695076153
7.43479212774199,-7.43479212774199,9.508336348917338,17.560165524767534,True,False,2418.7308887233035,2435.5893211169923,0,null,-1205.3654443616517,"{""alpha[1]"": 0.0, ""beta[1]"": 0.9964338818478997, ""nu"": 2.9058518572203726, ""omega"": 0.07950268682777338}",4.349619041373383,True,2024-12-09,5.624318115460062,2.5014274067976725,student_t,ETH-USD,1237,1.7068536475052238,0.03729862642442341,,0.1533901984330225,2024-12-08,2023-07-28,5.638104077736491,11.164654770184328
2.363388810041469,-2.363388810041469,9.691225153402085,17.920315526573226,False,False,2425.600820792163,2442.459253185852,0,null,-1208.8004103960816,"{""alpha[1]"": 0.0, ""beta[1]"": 0.9967281264810571, ""nu"": 2.8922535268929783, ""omega"": 0.07791166706491992}",4.429896562381959,True,2024-12-10,1.8637598303779908,2.5206908489526434,student_t,ETH-USD,1238,0.16895199172555447,0.09011636018489237,,0.13697979778579678,2024-12-09,2023-07-29,5.742428644552556,11.375024828530698
-5.386366871877123,5.386366871877123,9.603481707010381,17.619732468517096,False,False,2428.864018589741,2445.72245098343,0,null,-1210.4320092948706,"{""alpha[1]"": 0.0, ""beta[1]"": 0.996788527731996, ""nu"": 2.941129435914518, ""omega"": 0.07477138776333665}",4.370047352075502,True,2024-12-11,1.8591786408537825,2.5089164015908487,student_t,ETH-USD,1239,0.556007688315203,0.1666118019548645,,0.1315795063605887,2024-12-10,2023-07-30,5.733786894426927,11.27481332360931
-1.303285397898506,1.303285397898506,9.752524649963958,17.99728183179709,False,False,2432.9711086750613,2449.82954106875,0,null,-1212.4855543375306,"{""alpha[1]"": 1.828524196525029e-17, ""beta[1]"": 0.9969379602397995, ""nu"": 2.906947535043712, ""omega"": 0.07543440932352923}",4.455094232871353,True,2024-12-12,1.8711186156764792,2.526386320701185,student_t,ETH-USD,1240,0.3546155080919699,0.12752536696785863,,0.14442829832769896,2024-12-11,2023-07-31,5.789024763940886,11.449251298887345
-0.7211387031771626,0.7211387031771626,9.666288172454504,17.799757154627237,False,False,2435.211742529422,2452.0701749231107,0,null,-1213.605871264711,"{""alpha[1]"": 0.0, ""beta[1]"": 0.9968511858019683, ""nu"": 2.9220576419120197, ""omega"": 0.0751340667844944}",4.412109188139291,True,2024-12-13,1.8633975564151481,2.51682697869175,student_t,ETH-USD,1241,0.32350971200511586,0.12071014382565445,,0.14762462004070398,2024-12-12,2023-08-01,5.749055536925149,11.349875679388273
1.1003245033488505,-1.1003245033488505,9.63845744181907,17.807717819381523,False,False,2436.6862389798234,2453.5446713735123,0,null,-1214.3431194899117,"{""alpha[1]"": 0.0, ""beta[1]"": 0.9966808115223038, ""nu"": 2.9008705095694007, ""omega"": 0.07745293127864922}",4.40741217632131,True,2024-12-14,1.8586141347544691,2.5150685212482364,student_t,ETH-USD,1242,0.23069322199222872,0.10215350672961852,,0.1473898542627781,2024-12-13,2023-08-02,5.71418894319342,11.315675176310695
-2.1364543661301427,2.1364543661301427,9.801156763431687,18.444815022821505,False,False,2435.0968864422066,2451.9553188358955,0,null,-1213.5484432211033,"{""alpha[1]"": 0.0, ""beta[1]"": 0.9962599427273502, ""nu"": 2.789328451291426, ""omega"": 0.0890633418134949}",4.535075177100931,True,2024-12-15,1.8648682655405775,2.538018359831859,student_t,ETH-USD,1243,0.39221664777318305,0.13631909715880217,,0.14871432301030693,2024-12-14,2023-08-03,5.707878589333512,11.495455349750063
-0.8952800808681223,0.8952800808681223,9.686591880216794,18.10730070811608,False,False,2437.9690425289195,2454.8274749226084,0,null,-1214.9845212644598,"{""alpha[1]"": 0.0, ""beta[1]"": 0.996283165062593, ""nu"": 2.830502087770216, ""omega"": 0.08571030815592517}",4.462908507260951,True,2024-12-16,1.8568435832268375,2.524060534700538,student_t,ETH-USD,1244,0.3286300316208721,0.1226205342548149,,0.15341760791578346,2024-12-15,2023-08-04,5.677320551549315,11.366773344613357
2.558221396350846,-2.558221396350846,9.623264348252473,17.995888610877245,False,False,2439.752673729211,2456.6111061229,0,null,-1215.8763368646055,"{""alpha[1]"": 7.247924682376556e-18, ""beta[1]"": 0.9961405910872486, ""nu"": 2.829215047204806, ""omega"": 0.08683523659560459}",4.436005498626455,True,2024-12-17,1.85000869575234,2.517672471605345,student_t,ETH-USD,1245,0.15396644866949205,0.08734723292628137,,0.15601885870906226,2024-12-16,2023-08-05,5.637550369740684,11.292944688978976
7.143741446078493,-7.143741446078493,9.53705253642014,17.677856823557672,True,False,2443.013367399194,2459.871799792883,0,null,-1217.506683699597,"{""alpha[1]"": 0.0, ""beta[1]"": 0.9962876796878497, ""nu"": 2.8817018872021336, ""omega"": 0.08182506595390984}",4.370575043569517,True,2024-12-18,5.0085017626955555,2.50563822970089,student_t,ETH-USD,1246,1.4325921335872942,0.04052094301842405,,0.15010791656165715,2024-12-17,2023-08-06,5.63574972651292,11.195835747920894
5.710555062409144,-5.710555062409144,9.677155623863268,17.89738126622295,False,False,2449.8528392567973,2466.711271650486,0,null,-1220.9264196283987,"{""alpha[1]"": 2.0475230664389798e-10, ""beta[1]"": 0.9967022359667737, ""nu"": 2.891130969846573, ""omega"": 0.07724414873794107}",4.423853643721827,True,2024-12-19,1.862210957390503,2.5192945705867293,student_t,ETH-USD,1247,0.001130373210657166,0.05647841962850611,,0.13664238506197515,2024-12-18,2023-08-07,5.733162526622287,11.35839702525975
-1.5855679414850659,1.5855679414850659,9.715210234508858,17.80760170981879,False,False,2455.81215787914,2472.670590272829,0,null,-1223.90607893957,"{""alpha[1]"": 7.634505386300025e-19, ""beta[1]"": 0.9971568511024855, ""nu"": 2.94505453726073, ""omega"": 0.06986041933817048}",4.4160523317086495,True,2024-12-20,1.8714068580984362,2.5200762058298016,student_t,ETH-USD,1248,0.36962432130636325,0.129904602992343,,0.1252785421085371,2024-12-19,2023-08-08,5.806918484642193,11.404892357749222
3.9751344959151744,-3.9751344959151744,9.811052056593308,18.196314697519348,False,False,2456.0598554095113,2472.9182878032,0,null,-1224.0299277047557,"{""alpha[1]"": 6.033003291427578e-16, ""beta[1]"": 0.9969117136657756, ""nu"": 2.8697441098505516, ""omega"": 0.07602281524380022}",4.488150020413948,True,2024-12-21,1.8745389571850026,2.53384551202333,student_t,ETH-USD,1249,0.09117430832589543,0.0753633506650837,,0.12531406998266462,2024-12-20,2023-08-09,5.798620662433081,11.511469562423539
1.8047184766357842,-1.8047184766357842,9.792685600137576,17.99734349411216,False,False,2460.435154685719,2477.293587079408,0,null,-1226.2175773428596,"{""alpha[1]"": 6.078522581733912e-17, ""beta[1]"": 0.997286102643534, ""nu"": 2.925147885842739, ""omega"": 0.06885932766162682}",4.454281934993075,True,2024-12-22,1.8779667496929724,2.5288190120471716,student_t,ETH-USD,1250,0.2017481809051839,0.09688292369042387,,0.11752657439929308,2024-12-21,2023-08-10,5.839682094739459,11.493010845678162
-4.131578887235223,4.131578887235223,9.724587370497034,17.791342882795607,False,False,2462.8697626844255,2479.7281950781144,0,null,-1227.4348813422127,"{""alpha[1]"": 0.0, ""beta[1]"": 0.9973821236254714, ""nu"": 2.9540547832845547, ""omega"": 0.06584772672782604}",4.412371997261792,True,2024-12-23,1.873601315297194,2.5202909490060037,student_t,ETH-USD,1251,0.4978030374710194,0.1554613023844476,,0.1142997707816624,2024-12-22,2023-08-11,5.824481862185156,11.414551351209523
-2.2081448536988493,2.2081448536988493,9.713806507996717,17.650602898067792,False,False,2467.110970528437,2483.969402922126,0,null,-1229.5554852642185,"{""alpha[1]"": 0.0, ""beta[1]"": 0.997790912026916, ""nu"": 3.002821954486051, ""omega"": 0.05910401189170433}",4.396901581842066,True,2024-12-24,1.8762472884863635,2.516981223219632,student_t,ETH-USD,1252,0.40313234702315875,0.13614163578642888,,0.1229554811880451,2024-12-23,2023-08-12,5.854502086764319,11.406018724944026
-0.033944126395339155,0.033944126395339155,9.653579791114089,17.470034066932936,False,False,2469.702840461196,2486.561272854885,0,null,-1230.851420230598,"{""alpha[1]"": 6.0232059325116775e-19, ""beta[1]"": 0.9979700669996, ""nu"": 3.0326447975133135, ""omega"": 0.055299515169191085}",4.364189503928028,True,2024-12-25,1.8722639527044471,2.509451787595082,student_t,ETH-USD,1253,0.29368669005071313,0.1137137977818907,,0.12718069986604746,2024-12-24,2023-08-13,5.839789674618918,11.33743565179372
4.748798836884145,-4.748798836884145,9.614067993051629,17.44510979204055,False,False,2471.02867865631,2487.887111049999,0,null,-1231.514339328155,"{""alpha[1]"": 2.3068571751245e-16, ""beta[1]"": 0.9979010347608527, ""nu"": 3.0145098433060262, ""omega"": 0.055626381691503406}",4.351609858188201,True,2024-12-26,1.8666201084455158,2.506264554604246,student_t,ETH-USD,1254,0.05261296436534995,0.0654176669739716,,0.12829081378978915,2024-12-25,2023-08-14,5.801058124191143,11.2905655342813
0.06933299042365298,-0.06933299042365298,9.680228454741684,17.460798820883518,False,False,2475.7499590397065,2492.6083914333954,0,null,-1233.8749795198532,"{""alpha[1]"": 0.0, ""beta[1]"": 0.9984245844105997, ""nu"": 3.0529321048968487, ""omega"": 0.04832270051023687}",4.367313536774864,True,2024-12-27,1.8770189301237639,2.5110099567922965,student_t,ETH-USD,1255,0.2902960626737785,0.11298548996034391,,0.11826049579471357,2024-12-26,2023-08-15,5.875254243899217,11.367881986458034
-2.051126011162218,2.051126011162218,9.682685414200169,17.581160462335138,False,False,2476.5395984830006,2493.3980308766895,0,null,-1234.2697992415003,"{""alpha[1]"": 0.0, ""beta[1]"": 0.9982868338563082, ""nu"": 3.007058673134905, ""omega"": 0.05026481391701079}",4.380526927216671,True,2024-12-28,1.8734917991762927,2.5134991774665476,student_t,ETH-USD,1256,0.3945631047637419,0.13420357498770177,,0.1200017123491666,2024-12-27,2023-08-16,5.840136084112613,11.369231487607948
1.434319366366252,-1.434319366366252,9.734271566551378,17.79123430468371,False,False,2477.6917367506962,2494.550169144385,0,null,-1234.8458683753481,"{""alpha[1]"": 6.082822771416847e-09, ""beta[1]"": 0.9982725677357195, ""nu"": 2.964374507609108, ""omega"": 0.05116694461104459}",4.4188719887705386,True,2024-12-29,1.8749910020346556,2.5210781610953386,student_t,ETH-USD,1257,0.2199900678602286,0.09994276375920054,,0.1264465258702118,2024-12-28,2023-08-17,5.834120723570821,11.428595742286296
-0.20516697988032478,0.20516697988032478,8.803935452251409,15.17989719496619,False,False,2466.6350993916976,2483.4935317853865,0,null,-1229.3175496958488,"{""alpha[1]"": 6.494557995837287e-14, ""beta[1]"": 0.9959290109350013, ""nu"": 3.434431302040296, ""omega"": 0.07107364384421029}",3.9442882453922326,True,2024-12-30,1.8072346290750816,2.401414555958993,student_t,ETH-USD,1258,0.2884784670427539,0.10549394930528319,,0.13741780187648422,2024-12-29,2023-08-18,5.564402360974749,10.344227950647985
0.7134462907192267,-0.7134462907192267,8.819481135765402,15.32937770624102,False,False,2466.20301133475,2483.061443728439,0,null,-1229.101505667375,"{""alpha[1]"": 0.0, ""beta[1]"": 0.995637981798264, ""nu"": 3.3619911422736792, ""omega"": 0.07532741093639735}",3.9560474878689784,True,2024-12-31,1.8044063572805156,2.405882937676748,student_t,ETH-USD,1259,0.2410139104265299,0.09650927458169961,,0.14069600025456458,2024-12-30,2023-08-19,5.5337244992498205,10.364373748889179
-0.6273517263614345,0.6273517263614345,8.757499079234956,15.19125929329982,False,False,2467.935272298464,2484.793704692153,0,null,-1229.967636149232,"{""alpha[1]"": 0.0, ""beta[1]"": 0.9955858430925241, ""nu"": 3.3793575511123954, ""omega"": 0.07477820139945039}",3.926645211607893,True,2025-01-01,1.7985067562376211,2.398149533507485,student_t,ETH-USD,1260,0.30661419958670405,0.10918356142166913,,0.1382449867114476,2024-12-31,2023-08-20,5.5049322653726405,10.29100441580547
-2.8771981327385223,2.8771981327385223,8.723889952530715,15.157047947328687,False,False,2469.058967111937,2485.917399505626,0,null,-1230.5294835559685,"{""alpha[1]"": 0.0, ""beta[1]"": 0.9954699447406639, ""nu"": 3.3649975428599253, ""omega"": 0.07566063688219925}",3.912333791748171,True,2025-01-02,1.7937618126704642,2.394833007247264,student_t,ETH-USD,1261,0.41765770046531464,0.1312893082658081,,0.13766561153627996,2025-01-01,2023-08-21,5.475955876567763,10.251732693842275
-4.354668435117919,4.354668435117919,8.74180335987128,15.212958403497192,False,False,2470.835782227201,2487.69421462089,0,null,-1231.4178911136005,"{""alpha[1]"": 2.221035387513632e-09, ""beta[1]"": 0.9955320946353328, ""nu"": 3.3536663399354083, ""omega"": 0.07525551351336157}",3.924369294185468,True,2025-01-03,1.794776909963475,2.3975097672558774,student_t,ETH-USD,1262,0.49164052454437374,0.14628925126694295,,0.14551816222598032,2025-01-02,2023-08-22,5.478142055769547,10.274256691576362
-1.451191036448467,1.451191036448467,8.826759886415203,15.438573006131294,False,False,2471.842710874523,2488.701143268212,0,null,-1231.9213554372616,"{""alpha[1]"": 9.347031443229452e-12, ""beta[1]"": 0.9955240929005984, ""nu"": 3.3141173818491656, ""omega"": 0.07721883181098337}",3.9701630345655192,True,2025-01-04,1.8014183874173484,2.408987418591873,student_t,ETH-USD,1263,0.3477913346603364,0.11827738482057172,,0.1582718454419676,2025-01-03,2023-08-23,5.504635656758255,10.376547445608695
0.6473867987457976,-0.6473867987457976,8.865775881763437,15.643270221378291,False,False,2469.244505743326,2486.102938137015,0,null,-1230.622252871663,"{""alpha[1]"": 0.0, ""beta[1]"": 0.9950059180281391, ""nu"": 3.239099720825079, ""omega"": 0.08538250387851351}",3.9928497407001595,True,2025-01-05,1.8009080828321022,2.4162866082174848,student_t,ETH-USD,1264,0.24189770371821342,0.0977487630827151,,0.15569491728410287,2025-01-04,2023-08-24,5.4853408731100615,10.422263107017299
-1.4887531220206471,1.4887531220206471,8.89772821643838,15.824526368944863,False,False,2469.4306797578615,2486.2891121515504,0,null,-1230.7153398789308,"{""alpha[1]"": 0.0, ""beta[1]"": 0.9947476893982328, ""nu"": 3.175891133994274, ""omega"": 0.08996851414759194}",4.014878708169333,True,2025-01-06,1.8000012927123423,2.4225384347951886,student_t,ETH-USD,1265,0.34768924981153054,0.11948407362297245,,0.1567156611713106,2025-01-05,2023-08-25,5.4650318742099575,10.459654240276587
8.690776839453733,-8.690776839453733,8.837785469704574,15.69115533730933,True,False,2471.2186038937857,2488.0770362874746,0,null,-1231.6093019468929,"{""alpha[1]"": 3.782067219594722e-10, ""beta[1]"": 0.9946885438726754, ""nu"": 3.191149731346394, ""omega"": 0.08951858637773942}",3.988036509480843,True,2025-01-07,9.159477274479062,2.415262956308055,student_t,ETH-USD,1266,3.0919324078424233,0.01699368912820924,,0.16053950440599038,2025-01-06,2023-08-26,5.436111146988024,10.390145752274655
1.6472887435154613,-1.6472887435154613,9.019404589260049,16.031792522297394,False,False,2479.4102875301824,2496.2687199238712,0,null,-1235.7051437650912,"{""alpha[1]"": 1.793491311053231e-16, ""beta[1]"": 0.9952656367880022, ""nu"": 3.17478739279465, ""omega"": 0.08450182626128719}",4.063325424655928,True,2025-01-08,1.8141297157003957,2.4357668584492487,student_t,ETH-USD,1267,0.19487013997799457,0.08952821453731709,,0.1439615662576075,2025-01-07,2023-08-27,5.544691543075349,10.600110197247162
3.2664866015243383,-3.2664866015243383,8.963070264139889,15.868694392161698,False,False,2481.413931162861,2498.27236355655,0,null,-1236.7069655814305,"{""alpha[1]"": 1.2534829984690326e-09, ""beta[1]"": 0.9953146027305124, ""nu"": 3.2046705840391727, ""omega"": 0.08240918658822353}",4.032495406844478,True,2025-01-09,1.8101671931116035,2.428136616186686,student_t,ETH-USD,1268,0.11321074983026601,0.07266967928504094,,0.1393102147852451,2025-01-08,2023-08-28,5.530701598129657,10.533454530028425
-1.4817571506541873,1.4817571506541873,8.937820961204158,15.71688317694248,False,False,2484.7558004421617,2501.6142328358505,0,null,-1238.3779002210808,"{""alpha[1]"": 0.0, ""beta[1]"": 0.9956029293421754, ""nu"": 3.2578858435011364, ""omega"": 0.07746871824258134}",4.012996929267623,True,2025-01-10,1.8112790569119368,2.4229884325961133,student_t,ETH-USD,1269,0.35160149506226024,0.1198461048533435,,0.13338820400548007,2025-01-09,2023-08-29,5.550272750591011,10.502853334680152
-0.44972412069619816,0.44972412069619816,8.765750427319533,15.309211484734053,False,False,2478.2568185440523,2495.115250937741,0,null,-1235.1284092720261,"{""alpha[1]"": 0.0, ""beta[1]"": 0.9943350036170127, ""nu"": 3.314457299704921, ""omega"": 0.09187894771559946}",3.929456130046652,True,2025-01-11,1.7957687093366537,2.4012296519341705,student_t,ETH-USD,1270,0.296379344188336,0.10749378064022952,,0.12721185147141903,2025-01-10,2023-08-30,5.477862763070517,10.299653943326744
0.4968300175826683,-0.4968300175826683,8.809994079970538,15.54224569709076,False,False,2477.734150301302,2494.592582694991,0,null,-1234.867075150651,"{""alpha[1]"": 2.2054652028664155e-11, ""beta[1]"": 0.9939839957437494, ""nu"": 3.231081112283121, ""omega"": 0.09819243875134444}",3.9580519021777714,True,2025-01-12,1.7950502047480326,2.409655638125471,student_t,ETH-USD,1271,0.24789980974352557,0.09855763368577435,,0.13097768783247532,2025-01-11,2023-08-31,5.454826212453176,10.352593386160095
4.0762470856068935,-4.0762470856068935,8.726429977711915,15.425884198922963,False,False,2471.4015086069267,2488.2599410006155,0,null,-1231.7007543034633,"{""alpha[1]"": 2.2838990426922679e-10, ""beta[1]"": 0.9928851642798908, ""nu"": 3.2176509648401703, ""omega"": 0.11232938961995949}",3.925204009856445,True,2025-01-13,1.7842646227907593,2.40088052258888,student_t,ETH-USD,1272,0.06579430993439359,0.06179399532893094,,0.13708443763471198,2025-01-12,2023-09-01,5.392133284294764,10.255646618499982
-2.7736408586187884,2.7736408586187884,8.807678991163964,15.61815120171575,False,False,2474.2981875260443,2491.156619919733,0,null,-1233.1490937630222,"{""alpha[1]"": 0.0, ""beta[1]"": 0.9929100156732157, ""nu"": 3.189877876608702, ""omega"": 0.11406494770476769}",3.9617712068886317,True,2025-01-14,1.791874835447627,2.4111079766747263,student_t,ETH-USD,1273,0.4100690401927148,0.13123386715351018,,0.13102692489078294,2025-01-13,2023-09-02,5.4277399452355,10.349745856732218
-6.800506264238777,6.800506264238777,8.735100954609868,15.39550843901729,False,False,2477.39709558285,2494.255527976539,0,null,-1234.698547791425,"{""alpha[1]"": 6.59177578577542e-11, ""beta[1]"": 0.9929378246292087, ""nu"": 3.2411061816368862, ""omega"": 0.11156874472492583}",3.9258864739345665,True,2025-01-15,1.7869643995731952,2.400865206260529,student_t,ETH-USD,1274,0.6106452478120319,0.1706606808645428,,0.13552883456191966,2025-01-14,2023-09-03,5.412398692001849,10.26556182221549
4.208191507651797,-4.208191507651797,8.740462553051223,15.306380632098868,False,False,2484.3349446179973,2501.193377011686,0,null,-1238.1674723089986,"{""alpha[1]"": 0.0, ""beta[1]"": 0.9933808420633197, ""nu"": 3.3004724865029944, ""omega"": 0.10536638916057232}",3.9290656557924075,True,2025-01-16,1.7910111133383104,2.3994887281804806,student_t,ETH-USD,1275,0.06187681085870121,0.06065741258208398,,0.14924077594436896,2025-01-15,2023-09-04,5.4457277248258205,10.27393276586019
-4.888938947660137,4.888938947660137,8.729592845591812,15.18012131449636,False,False,2488.6564652371503,2505.514897630839,0,null,-1240.3282326185752,"{""alpha[1]"": 0.0, ""beta[1]"": 0.9936352139513921, ""nu"": 3.3588869502374163, ""omega"": 0.10108506621065004}",3.9169460960165083,True,2025-01-17,1.7938664921824632,2.395817469078195,student_t,ETH-USD,1276,0.518184178176826,0.1514813104385079,,0.14161592516795818,2025-01-16,2023-09-05,5.474744615876374,10.259192096190642
4.966217812322075,-4.966217812322075,8.7013254907733,15.006968123747294,False,False,2493.623327630716,2510.481760024405,0,null,-1242.811663815358,"{""alpha[1]"": 0.0, ""beta[1]"": 0.9940408290501309, ""nu"": 3.4386782674055354, ""omega"": 0.09476061869370345}",3.9048165105896495,True,2025-01-18,1.795138115866977,2.389942897470489,student_t,ETH-USD,1277,0.026504267290276464,0.052599544039044294,,0.15090667130874233,2025-01-17,2023-09-06,5.496303158127604,10.2261722162265
2.9727086443567936,-2.9727086443567936,8.708082738510791,14.887981417545936,False,False,2498.743045987291,2515.60147838098,0,null,-1245.3715229936456,"{""alpha[1]"": 3.600807827816538e-10, ""beta[1]"": 0.9944798453319779, ""nu"": 3.518874446749333, ""omega"": 0.0885059064085145}",3.9012732969526667,True,2025-01-19,1.8010025645873569,2.387711525194912,student_t,ETH-USD,1278,0.12860855246445196,0.07257675784209446,,0.14114289777320055,2025-01-18,2023-09-07,5.54487969364583,10.230384428566232
-2.129602528689635,2.129602528689635,8.708058551725511,14.836875887551477,False,False,2501.396939269452,2518.255371663141,0,null,-1246.698469634726,"{""alpha[1]"": 1.2913055696185806e-10, ""beta[1]"": 0.9946520091078627, ""nu"": 3.549801818075609, ""omega"": 0.08592827570681626}",3.8973112357722273,True,2025-01-20,1.8030554760225188,2.3864863536279306,student_t,ETH-USD,1279,0.3846183940554142,0.12357709418362647,,0.13332592449960193,2025-01-19,2023-09-08,5.562765352418642,10.228106889673002
-1.4948817054020134,1.4948817054020134,8.687784320469655,14.79800245651738,False,False,2503.137075631421,2519.9955080251098,0,null,-1247.5685378157104,"{""alpha[1]"": 8.334112004362444e-11, ""beta[1]"": 0.9947223171184777, ""nu"": 3.555633914383446, ""omega"": 0.08461639298043837}",3.8907915745100627,True,2025-01-21,1.8008035820248574,2.384121906629151,student_t,ETH-USD,1280,0.35226911935386884,0.11700023761093666,,0.13898116093571525,2025-01-20,2023-09-09,5.550500681675357,10.205142055691642
2.655044541830375,-2.655044541830375,8.625962132534388,14.646838172765834,False,False,2504.993887911976,2521.8523203056648,0,null,-1248.496943955988,"{""alpha[1]"": 0.0, ""beta[1]"": 0.9947763748073652, ""nu"": 3.589927750864153, ""omega"": 0.08265729346988576}",3.8645868291071883,True,2025-01-22,1.795369935319144,2.375988099906153,student_t,ETH-USD,1281,0.1435345051018628,0.07477105138715268,,0.1420901996166469,2025-01-21,2023-09-10,5.5257346438676285,10.132149680545636
-2.8744300688118862,2.8744300688118862,8.645594347713537,14.685624054823652,False,False,2506.6226400406713,2523.48107243436,0,null,-1249.3113200203356,"{""alpha[1]"": 1.732326987777472e-09, ""beta[1]"": 0.9948572682833182, ""nu"": 3.5844060646374634, ""omega"": 0.08184693046019616}",3.8719325410954593,True,2025-01-23,1.7974823187839948,2.3783485621759954,student_t,ETH-USD,1282,0.420567462602744,0.1302923808202739,,0.1390351832000377,2025-01-22,2023-09-11,5.536919183242987,10.154808013215492
0.7573233138231765,-0.7573233138231765,8.502239852724605,14.390952212935373,False,False,2501.765447512562,2518.6238799062507,0,null,-1246.882723756281,"{""alpha[1]"": 0.0, ""beta[1]"": 0.9934632099269164, ""nu"": 3.630066633657413, ""omega"": 0.09812141449814658}",3.814729705946601,True,2025-01-24,1.7825299085322874,2.360627603033358,student_t,ETH-USD,1283,0.23514086976699666,0.09230399209010115,,0.15301520025791165,2025-01-23,2023-09-12,5.460140709163106,9.987722522833284
-0.23282954084923638,0.23282954084923638,8.519275738338463,14.53362879813886,False,False,2499.30792565481,2516.1663580484988,0,null,-1245.653962827405,"{""alpha[1]"": 0.0, ""beta[1]"": 0.9927337700018382, ""nu"": 3.544631790435493, ""omega"": 0.10835171006780175}",3.819889569413032,True,2025-01-25,1.7801870197203034,2.3651612308495986,student_t,ETH-USD,1284,0.28334490214621766,0.10242082129653259,,0.1463105834085206,2025-01-24,2023-09-13,5.434068502075112,10.009252588804014
2.4762521043305425,-2.4762521043305425,8.490399202108017,14.51180723095988,False,False,2500.344965954789,2517.203398348478,0,null,-1246.1724829773946,"{""alpha[1]"": 1.1982882224133048e-10, ""beta[1]"": 0.9924699859905977, ""nu"": 3.5250963869239142, ""omega"": 0.11118848628006538}",3.8068180874290416,True,2025-01-26,1.775735643037426,2.3623832210038525,student_t,ETH-USD,1285,0.14652154556709265,0.07499463291160653,,0.14483159591759723,2025-01-25,2023-09-14,5.406683015672393,9.97571539549119
1.7837847641605113,-1.7837847641605113,8.493611771965096,14.51070979031418,False,False,2502.20951378907,2519.067946182759,0,null,-1247.104756894535,"{""alpha[1]"": 1.1818423385723995e-10, ""beta[1]"": 0.9924106450207649, ""nu"": 3.5261036560482046, ""omega"": 0.11187710142272017}",3.8049984443859257,True,2025-01-27,1.7764800661723545,2.362530581280391,student_t,ETH-USD,1286,0.18140268391641487,0.08194411929367038,,0.1375314841923627,2025-01-26,2023-09-15,5.411838442488806,9.978196693527542
3.2549972258831468,-3.2549972258831468,8.46421547600995,14.435306306726707,False,False,2504.000389135642,2520.8588215293307,0,null,-1248.000194567821,"{""alpha[1]"": 2.2248001512023805e-10, ""beta[1]"": 0.9923236079803565, ""nu"": 3.5412845471502483, ""omega"": 0.1121214471231364}",3.789432600369403,True,2025-01-28,1.774071360219521,2.3584321225607434,student_t,ETH-USD,1287,0.10735342323666125,0.06687393467807859,,0.13216913423724116,2025-01-27,2023-09-16,5.40206569061637,9.942390693691
-1.1594904432730284,1.1594904432730284,8.434407431846065,14.294594808666071,False,False,2507.246056798099,2524.1044891917877,0,null,-1249.6230283990494,"{""alpha[1]"": 0.0, ""beta[1]"": 0.9925320927488195, ""nu"": 3.603446023790076, ""omega"": 0.10831583044673368}",3.7731872262130346,True,2025-01-29,1.77416353820455,2.3527705562235712,student_t,ETH-USD,1288,0.32865324430979775,0.11064059029473439,,0.12644265878502864,2025-01-28,2023-09-17,5.41357444292292,9.9045685862004
-4.238511733015332,4.238511733015332,8.404501711649546,14.25905435766765,False,False,2508.3517345481723,2525.210166941861,0,null,-1250.1758672740862,"{""alpha[1]"": 9.18770037798177e-11, ""beta[1]"": 0.9923808784248069, ""nu"": 3.594433258800731, ""omega"": 0.10965945195647672}",3.7617411433594894,True,2025-01-30,1.769947653221096,2.3496171118348177,student_t,ETH-USD,1289,0.48136557966931465,0.14108985826489742,,0.13027478416086946,2025-01-29,2023-09-18,5.388799860370953,9.870474093474396
-1.542491923027956,1.542491923027956,8.401564232347079,14.19343378735392,False,False,2511.962423482332,2528.8208558760207,0,null,-1251.981211741166,"{""alpha[1]"": 0.0, ""beta[1]"": 0.9927650734157174, ""nu"": 3.6432962873787136, ""omega"": 0.10456661396154372}",3.7632945675207172,True,2025-01-31,1.7719070045458363,2.3479294697774815,student_t,ETH-USD,1290,0.347440345591006,0.11409057724837218,,0.13697888356054963,2025-01-30,2023-09-19,5.4063149887921575,9.866565801809251
5.609945685386157,-5.609945685386157,8.340965231091797,14.039397561001138,True,False,2513.7627280049164,2530.6211603986053,0,null,-1252.8813640024582,"{""alpha[1]"": 2.0175014207076778e-10, ""beta[1]"": 0.9928194151944518, ""nu"": 3.6853318010824103, ""omega"": 0.10238541821272783}",3.7377789852804546,True,2025-02-01,2.3079385968757307,2.339510973407704,student_t,ETH-USD,1291,0.21443876550501523,0.04184548549228621,,0.13930826315103584,2025-01-31,2023-09-20,5.384220669065089,9.794494234614774
8.344067694076648,-8.344067694076648,8.432032423318278,14.188825309989012,True,False,2517.9088227392203,2534.767255132909,0,null,-1254.9544113696102,"{""alpha[1]"": 2.708710103499424e-13, ""beta[1]"": 0.9932523047012521, ""nu"": 3.6829758965919677, ""omega"": 0.09858198679340689}",3.774072129726682,True,2025-02-02,8.65285409769008,2.3501704241473576,student_t,ETH-USD,1292,2.7535849432680157,0.015556987637941631,,0.13061765233877035,2025-02-01,2023-09-21,5.445557227478736,9.89976645787081
-0.5518200325384339,0.5518200325384339,8.6371304318852,14.669598234771316,False,False,2522.2118255605474,2539.0702579542362,0,null,-1257.1059127802737,"{""alpha[1]"": 3.5172320856899836e-10, ""beta[1]"": 0.9933067587880051, ""nu"": 3.575747198239623, ""omega"": 0.10241002988930584}",3.859328625633108,True,2025-02-03,1.7968584765827038,2.3771171298421794,student_t,ETH-USD,1293,0.3043195107202208,0.1069349897479827,,0.1187418776435034,2025-02-02,2023-09-22,5.534570181865976,10.141678942259826
5.32244991205483,-5.32244991205483,8.576076426989946,14.535410608462561,False,False,2523.5842886918053,2540.442721085494,0,null,-1257.7921443459027,"{""alpha[1]"": 0.0, ""beta[1]"": 0.9932629495805647, ""nu"": 3.5980365894085073, ""omega"": 0.10151441107362079}",3.832249351353301,True,2025-02-04,1.7909360479658765,2.369338561664373,student_t,ETH-USD,1294,0.009152204848253262,0.04746967101558457,,0.11871744653974325,2025-02-03,2023-09-23,5.505494009019895,10.069417013613283
-1.909505889035036,1.909505889035036,8.60623226515571,14.455491498910337,False,False,2528.7386297127678,2545.5970621064566,0,null,-1260.3693148563839,"{""alpha[1]"": 2.5088158722093985e-11, ""beta[1]"": 0.9940662738586218, ""nu"": 3.6902602762311427, ""omega"": 0.09093562722306577}",3.8409331540262124,True,2025-02-05,1.7996988893770989,2.369748567768834,student_t,ETH-USD,1295,0.37397824900315646,0.12009184715788081,,0.1079985644521886,2025-02-04,2023-09-24,5.570059091028086,10.099678826753033
3.6298692401353305,-3.6298692401353305,8.095765042081371,13.565241882273805,False,False,2537.6287358171735,2554.4871682108624,0,null,-1264.8143679085867,"{""alpha[1]"": 0.06327325657040361, ""beta[1]"": 0.6890096339543947, ""nu"": 3.724176316243425, ""omega"": 2.9354941260136003}",3.6186411106773604,True,2025-02-06,1.7397377172131403,2.30793691897225,student_t,ETH-USD,1296,0.08096987513316643,0.05871580792279448,,0.11345608329307419,2025-02-05,2023-09-25,5.249266742798658,9.501450032414773
2.492862364164947,-2.492862364164947,7.926220380800595,13.186417161754589,False,False,2540.429469724092,2557.287902117781,0,null,-1266.214734862046,"{""alpha[1]"": 0.06940382603661618, ""beta[1]"": 0.6358344506181609, ""nu"": 3.804600112923758, ""omega"": 3.4489472051675185}",3.5414362296694346,True,2025-02-07,1.7227002952436532,2.284344164051463,student_t,ETH-USD,1297,0.13395933162134918,0.06805630250464749,,0.10525357669960318,2025-02-06,2023-09-26,5.172048996591928,9.29849261462969
-0.38432364241215167,0.38432364241215167,7.59100051596543,12.55610926500172,False,False,2542.2001670365926,2559.0585994302814,0,null,-1267.1000835182963,"{""alpha[1]"": 0.07676970992744137, ""beta[1]"": 0.5547894198631657, ""nu"": 3.8746521617975973, ""omega"": 4.255164165891645}",3.392521728469654,True,2025-02-08,1.6827572628416627,2.2392169008908165,student_t,ETH-USD,1298,0.268122758539844,0.09286725144372512,,0.09962740188119966,2025-02-07,2023-09-27,4.978131528384724,8.902401501960352
0.13636720827871446,-0.13636720827871446,7.135590798037234,11.79549336255007,False,False,2542.566401029627,2559.4248334233157,0,null,-1267.2832005148134,"{""alpha[1]"": 0.10312818312056056, ""beta[1]"": 0.20823660759612422, ""nu"": 3.886764334823537, ""omega"": 7.8895522656575245}",3.1920002649927026,True,2025-02-09,1.6211347025765126,2.1772206929784383,student_t,ETH-USD,1299,0.2272431648793956,0.08232572522275185,,0.09988535106467758,2025-02-08,2023-09-28,4.681230505866623,8.368939730553892
-1.2267164918966216,1.2267164918966216,7.1009530103697145,11.793581774045412,False,False,2540.050919355388,2556.909351749077,0,null,-1266.025459677694,"{""alpha[1]"": 0.08575778812937641, ""beta[1]"": 0.47895777030087583, ""nu"": 3.823956436394199, ""omega"": 5.03895481096401}",3.1723684411301023,True,2025-02-10,1.6137282677683258,2.173822764814232,student_t,ETH-USD,1300,0.29335920357387385,0.0955613763431194,,0.09279532807802389,2025-02-09,2023-09-29,4.64046757958085,8.32942114241531
2.218378762276569,-2.218378762276569,7.082276864709069,11.753418825226742,False,False,2540.310680527855,2557.1691129215437,0,null,-1266.1553402639274,"{""alpha[1]"": 0.10054248328931933, ""beta[1]"": 0.3145048522389168, ""nu"": 3.8340402018220323, ""omega"": 6.747860589649092}",3.1645927061126473,True,2025-02-11,1.6115181529659726,2.1709439209837074,student_t,ETH-USD,1301,0.12064414445101583,0.06088934829247466,,0.09343460291824597,2025-02-10,2023-09-30,4.631261651296883,8.307313591524029
-5.024579425878853,5.024579425878853,7.290417155113344,12.049971503315822,False,False,2541.665529372177,2558.523961765866,0,null,-1266.8327646860885,"{""alpha[1]"": 0.10871538205169576, ""beta[1]"": 0.14590047878849524, ""nu"": 3.879225372417887, ""omega"": 8.537896657111757}",3.255166019803023,True,2025-02-12,1.6428890988786868,2.198484352688441,student_t,ETH-USD,1302,0.4904743376877861,0.13573095004079325,,0.08861235080048402,2025-02-11,2023-10-01,4.784907327876861,8.548515578200458
2.253992081783385,-2.253992081783385,8.001897786640363,13.230658847054203,False,False,2543.2273067448823,2560.085739138571,0,null,-1267.6136533724411,"{""alpha[1]"": 0.10624081716599212, ""beta[1]"": 0.1377579520157582, ""nu"": 3.8710957617278163, ""omega"": 8.690294932600109}",3.57002299286437,True,2025-02-13,1.735895392833502,2.291654047638245,student_t,ETH-USD,1303,0.14984932625362413,0.07128096617027822,,0.09130102321799942,2025-02-12,2023-10-02,5.250978606855865,9.382088698811202
-1.858217830602266,1.858217830602266,7.500524553665944,12.462379347044337,False,False,2540.4343519537942,2557.292784347483,0,null,-1266.2171759768971,"{""alpha[1]"": 0.06329807736772264, ""beta[1]"": 0.6755343899553103, ""nu"": 3.817038142668637, ""omega"": 3.050689062658979}",3.3494476881169,True,2025-02-14,1.668285870513556,2.228668480171696,student_t,ETH-USD,1304,0.3379203683873443,0.10656084706815756,,0.09505724849514434,2025-02-13,2023-10-03,4.900189537144614,8.797866876213481
1.2005248130738546,-1.2005248130738546,7.319308302696148,12.114258582503512,False,False,2541.417850855798,2558.276283249487,0,null,-1266.708925427899,"{""alpha[1]"": 0.07626700636076189, ""beta[1]"": 0.5642714954989799, ""nu"": 3.8692159571329574, ""omega"": 4.150686084863043}",3.2725488012872312,True,2025-02-15,1.645900201035806,2.2030174338494883,student_t,ETH-USD,1305,0.17982177300639887,0.07384054092380496,,0.09960997924415678,2025-02-14,2023-10-04,4.796960273201829,8.584578905454345
1.1291737520978158,-1.1291737520978158,7.140803632712496,11.799355060589683,False,False,2541.996152551388,2558.854584945077,0,null,-1266.998076275694,"{""alpha[1]"": 0.10353839368282548, ""beta[1]"": 0.2659082650233872, ""nu"": 3.8907025561219992, ""omega"": 7.229998339115277}",3.1936772029141456,True,2025-02-16,1.6221202409710007,2.1777975404539194,student_t,ETH-USD,1306,0.1778649688930045,0.0724544996346305,,0.09827989241518872,2025-02-15,2023-10-05,4.6864731299579026,8.37462371556086
-2.955308319196226,2.955308319196226,7.088560985250951,11.73769320977404,False,False,2541.0425510870064,2557.9009834806952,0,null,-1266.5212755435032,"{""alpha[1]"": 0.083321002775491, ""beta[1]"": 0.5049445916144802, ""nu"": 3.866288440189214, ""omega"": 4.743546258379555}",3.171090433711297,True,2025-02-17,1.6135419451632744,2.1711840476331847,student_t,ETH-USD,1307,0.3799369083169575,0.11270040673081327,,0.10048422598357735,2025-02-16,2023-10-06,4.643429847142916,8.314732353885091
2.729418896239341,-2.729418896239341,7.236284680370862,11.997380356849176,False,False,2541.6079832376204,2558.4664156313092,0,null,-1266.8039916188102,"{""alpha[1]"": 0.06940915070500464, ""beta[1]"": 0.6143106875300463, ""nu"": 3.850410083373529, ""omega"": 3.6679990673894265}",3.2366785704655983,True,2025-02-18,1.6334650612462571,2.192219228295701,student_t,ETH-USD,1308,0.10028478700675951,0.05759098496492551,,0.10217585231918638,2025-02-17,2023-10-07,4.735114636374529,8.488517392731888
-1.7245063104872165,1.7245063104872165,7.361304207154946,12.136126322087408,False,False,2543.325942354432,2560.1843747481207,0,null,-1267.662971177216,"{""alpha[1]"": 0.09315707813894182, ""beta[1]"": 0.37347736485164074, ""nu"": 3.917517781558125, ""omega"": 6.1156966715774566}",3.2914999652474077,True,2025-02-19,1.653863734533858,2.207423298600292,student_t,ETH-USD,1309,0.32827479407034355,0.10356164112295313,,0.0980974017266905,2025-02-18,2023-10-08,4.840989570919649,8.631657801808087
-0.902307022405772,0.902307022405772,7.204313314412732,11.857291338466004,False,False,2544.1176060221987,2560.9760384158876,0,null,-1268.0588030110994,"{""alpha[1]"": 0.10634925988669164, ""beta[1]"": 0.1725469843692731, ""nu"": 3.9433447393123866, ""omega"": 8.227304417457812}",3.2244281235565535,True,2025-02-20,1.6331637971830908,2.185379365698206,student_t,ETH-USD,1310,0.28231155999175156,0.0934987279371283,,0.10166423912231787,2025-02-19,2023-10-09,4.743924177429254,8.44756577130705
2.990234982764257,-2.990234982764257,7.107200300845693,11.801059426176138,False,False,2541.334249136775,2558.1926815304637,0,null,-1266.6671245683874,"{""alpha[1]"": 0.06004107233336843, ""beta[1]"": 0.6873532733224067, ""nu"": 3.838595523411748, ""omega"": 2.9434618351806843}",3.183043476881961,True,2025-02-21,1.614453197924691,2.1748366083132167,student_t,ETH-USD,1311,0.08266086912924125,0.053489517859921044,,0.11015929985750449,2025-02-20,2023-10-10,4.643452365349081,8.339186768756356
-3.8492895446840794,3.8492895446840794,7.240919119735214,11.958524183481382,False,False,2543.2746441674262,2560.133076561115,0,null,-1267.6373220837131,"{""alpha[1]"": 0.0651767170456442, ""beta[1]"": 0.6317494343370984, ""nu"": 3.901485548951068, ""omega"": 3.499760363841267}",3.2413681534583403,True,2025-02-22,1.6362382691700499,2.191621359041586,student_t,ETH-USD,1312,0.43014407053916676,0.12341958543104943,,0.10571574642854253,2025-02-21,2023-10-11,4.7535918660992476,8.492668998420852
-2.051191814644929,2.051191814644929,7.558495230083569,12.39530594285569,False,False,2546.0559593499124,2562.9143917436013,0,null,-1269.0279796749562,"{""alpha[1]"": 0.09848045750781, ""beta[1]"": 0.3015281537154929, ""nu"": 3.9960611252547613, ""omega"": 6.840264989968237}",3.387466370006416,True,2025-02-23,1.683086861768639,2.2322600600843554,student_t,ETH-USD,1313,0.35214667196183275,0.10913119265559289,,0.11360044767492068,2025-02-22,2023-10-12,4.99174162459172,8.86192745091435
11.539740216450948,-11.539740216450948,7.300984777940753,12.005970772490912,True,True,2545.987434297442,2562.845866691131,0,null,-1268.993717148721,"{""alpha[1]"": 0.0729716272407115, ""beta[1]"": 0.5523468224358866, ""nu"": 3.967366153780743, ""omega"": 4.3003618116331515}",3.2763105769333465,True,2025-02-24,20.08455497733822,26.9918783874521,student_t,ETH-USD,1314,6.394192476102756,2.9469024470302974,,0.12113414190345491,2025-02-23,2023-10-13,4.8090112942375205,8.563071078036506
0.8079567928113873,-0.8079567928113873,10.500072023715022,17.380174857168967,False,False,2556.0406579268274,2572.8990903205163,0,null,-1274.0203289634137,"{""alpha[1]"": 0.08308850678678378, ""beta[1]"": 0.43570848198154594, ""nu"": 3.846688308445843, ""omega"": 5.729551637072209}",4.673560319852534,True,2025-02-25,2.007252053447658,2.563519359537209,student_t,ETH-USD,1315,0.3039362391446968,0.11500494968839542,,0.09644038957500503,2025-02-24,2023-10-14,6.8866815757053175,12.308451761650918
6.723293072654238,-6.723293072654238,8.618557859659697,14.266946450210918,True,False,2556.9715786512816,2573.8300110449704,0,null,-1274.4857893256408,"{""alpha[1]"": 0.07296995526844445, ""beta[1]"": 0.4288231409920332, ""nu"": 3.8542946927340975, ""omega"": 5.890920414036154}",3.843008314036085,True,2025-02-26,4.299179896200575,2.36623786459995,student_t,ETH-USD,1316,1.0192165277143304,0.033818772381531546,,0.09441675071168272,2025-02-25,2023-10-15,5.650433569797048,10.10517031080739
1.1200727300104798,-1.1200727300104798,9.034622736625652,14.864881078799225,False,False,2562.3426595752408,2579.2010919689296,0,null,-1277.1713297876204,"{""alpha[1]"": 0.07890432034464942, ""beta[1]"": 0.46073321800520095, ""nu"": 3.921406704530698, ""omega"": 5.466021067781935}",4.022258515537362,True,2025-02-27,1.8603480294812171,2.4112026674521094,student_t,ETH-USD,1317,0.24181541201048087,0.09466713577388226,,0.08060875195887371,2025-02-26,2023-10-16,5.956380970220093,10.586786307398697
2.975051300690005,-2.975051300690005,8.19338295060934,13.529238113432744,False,False,2561.4707859347036,2578.3292183283925,0,null,-1276.7353929673518,"{""alpha[1]"": 0.06970746201691587, ""beta[1]"": 0.511213560251864, ""nu"": 3.875542877948563, ""omega"": 4.992101286984594}",3.646518298268607,True,2025-02-28,1.760592921634827,2.3146434971661947,student_t,ETH-USD,1318,0.12050905752237735,0.06627871591509506,,0.072990656623863,2025-02-27,2023-10-17,5.38523245113755,9.602922892199505
0.9546252809848459,-0.9546252809848459,8.014391825442225,13.252430319423684,False,False,2561.900345777808,2578.758778171497,0,null,-1276.950172888904,"{""alpha[1]"": 0.0659624087140729, ""beta[1]"": 0.5546066249373377, ""nu"": 3.8578714867368005, ""omega"": 4.549239021183201}",3.5664900449417094,True,2025-03-01,1.737707041135347,2.293021790936997,student_t,ETH-USD,1319,0.21532837969228208,0.08439238492286957,,0.07147472384313155,2025-02-28,2023-10-18,5.261192874830484,9.393863773271796
-12.814366621234505,12.814366621234505,7.544964998158937,12.452680943762443,False,False,2562.4193586206934,2579.2777910143823,0,null,-1277.2096793103467,"{""alpha[1]"": 0.0712288959785419, ""beta[1]"": 0.4686748022058985, ""nu"": 3.883156672807808, ""omega"": 5.477973995214107}",3.3592374946798373,True,2025-03-02,1.678370718164797,2.232072337928749,student_t,ETH-USD,1320,0.8887553828770962,0.21657468653813836,,0.06978146495435454,2025-03-01,2023-10-19,4.960741036307404,8.843102032579308
16.07305917680711,-16.07305917680711,10.656892405698212,17.787318843210027,True,True,2572.932130496405,2589.790562890094,0,null,-1282.4660652482025,"{""alpha[1]"": 0.06871726431373303, ""beta[1]"": 0.5317607018880972, ""nu"": 3.745600919027329, ""omega"": 4.976845436856428}",4.739757260616795,True,2025-03-03,19.15777679344694,22.686046277712705,student_t,ETH-USD,1321,8.676489368179544,3.5403765376559173,,0.09493662301129867,2025-03-02,2023-10-20,6.939912473460221,12.496921259982951
-1.1327039106634544,1.1327039106634544,15.691835931111983,26.379397571047946,False,False,2581.890044779403,2598.748477173092,0,null,-1286.9450223897015,"{""alpha[1]"": 0.11984339571049273, ""beta[1]"": 0.3124571531855875, ""nu"": 3.641620250408744, ""omega"": 7.452830229949377}",6.94165393322483,True,2025-03-04,2.4009637087697966,2.9698789477388665,student_t,ETH-USD,1322,0.5649119136988682,0.19526942751277324,,0.05809818531818554,2025-03-03,2023-10-21,10.165534363313897,18.394238840613852
-3.2624054375968763,3.2624054375968763,10.231225194754728,17.243863871284162,False,False,2582.89661950044,2599.755051894129,0,null,-1287.44830975022,"{""alpha[1]"": 0.1065036716851991, ""beta[1]"": 0.28583474059392605, ""nu"": 3.622132880363929, ""omega"": 7.91995887788177}",4.534597386133806,True,2025-03-05,1.971586574062159,2.5432021376416873,student_t,ETH-USD,1323,0.49366160829558525,0.1525975087164139,,0.05731618828861466,2025-03-04,2023-10-22,6.61082672831482,11.997345434044501
1.7775649013761035,-1.7775649013761035,8.599184649331072,14.476066430012729,False,False,2583.8651298537875,2600.7235622474764,0,null,-1287.9325649268937,"{""alpha[1]"": 0.11005772217494707, ""beta[1]"": 0.2658233363116739, ""nu"": 3.640753348747786, ""omega"": 8.104482447495458}",3.8163292755559324,True,2025-03-06,1.798308941240232,2.3691584214139043,student_t,ETH-USD,1324,0.18915125974799765,0.08307356534263793,,0.05969530054406679,2025-03-05,2023-10-23,5.560590096336053,10.08492143563989
2.924993932732327,-2.924993932732327,9.902401652892586,16.804538233945184,False,False,2579.282284336911,2596.1407167305997,0,null,-1285.6411421684554,"{""alpha[1]"": 0.06739166301446996, ""beta[1]"": 0.6701198309873077, ""nu"": 3.545443458209986, ""omega"": 3.5077357774962725}",4.384581634743778,True,2025-03-07,1.9352014965308735,2.5126896125400235,student_t,ETH-USD,1325,0.17182741527432985,0.08687624749215976,,0.04424301201073392,2025-03-06,2023-10-24,6.361542238218921,11.612618681948296
-2.8810994797227494,2.8810994797227494,9.089905421324204,15.377026593664862,False,False,2580.8298877306397,2597.6883201243286,0,null,-1286.4149438653199,"{""alpha[1]"": 0.07002564335899948, ""beta[1]"": 0.6388444333716147, ""nu"": 3.57605576213939, ""omega"": 3.8608622874897534}",4.022533748253856,True,2025-03-08,1.8514277092068054,2.4259910579551476,student_t,ETH-USD,1326,0.43686955432890257,0.1353916944053708,,0.03624587392408518,2025-03-07,2023-10-25,5.856291606855293,10.65806996081432
8.827175807422385,-8.827175807422385,8.373568380914957,14.090322742296262,True,False,2582.5696866543094,2599.4281190479983,0,null,-1287.2848433271547,"{""alpha[1]"": 0.07679021286385565, ""beta[1]"": 0.5785544175427011, ""nu"": 3.6367204656792254, ""omega"": 4.506315490448036}",3.708946658708706,True,2025-03-09,9.913185050537344,2.34225272596068,student_t,ETH-USD,1327,3.2380310868860747,0.009904607960563335,,0.041676581243086035,2025-03-08,2023-10-26,5.418722031752833,9.817636603478718
7.967653513118282,-7.967653513118282,10.076348565352625,17.03735401048491,True,False,2589.5188713459834,2606.3773037396722,0,null,-1290.7594356729917,"{""alpha[1]"": 0.05755746227928484, ""beta[1]"": 0.7360317599357241, ""nu"": 3.573600623600999, ""omega"": 2.811950043227829}",4.451149230135949,True,2025-03-10,4.874235305319057,2.5286899339893956,student_t,ETH-USD,1328,1.3972449849090456,0.03844032336233159,,0.022168727131248834,2025-03-09,2023-10-27,6.496869318477182,11.811685849351438
-3.1049127778081687,3.1049127778081687,10.684164232015231,18.044853608089227,False,False,2594.849229471446,2611.707661865135,0,null,-1293.424614735723,"{""alpha[1]"": 0.0624284196576969, ""beta[1]"": 0.7470461134389428, ""nu"": 3.5794789815534584, ""omega"": 2.6520444297594015}",4.713151008951395,True,2025-03-11,2.0143270291492574,2.5867671830846346,student_t,ETH-USD,1329,0.5001114223197731,0.15626356832333693,,0.008911300810763672,2025-03-10,2023-10-28,6.897315668587283,12.521444054525512
0.5673973953150508,-0.5673973953150508,9.922630336887861,16.68127587618576,False,False,2596.7656060734134,2613.6240384671023,0,null,-1294.3828030367067,"{""alpha[1]"": 0.06571822745918071, ""beta[1]"": 0.7187598646506571, ""nu"": 3.631943767221633, ""omega"": 2.9539861542213233}",4.380147976297405,True,2025-03-12,1.9428919126746527,2.5113689077177908,student_t,ETH-USD,1330,0.2931600031768931,0.1106082012757562,,0.015506557836849812,2025-03-11,2023-10-29,6.430597458852908,11.628217522890662
2.4398688689329755,-2.4398688689329755,9.023710083800172,15.163757274803165,False,False,2597.2002744341544,2614.0587068278433,0,null,-1294.6001372170772,"{""alpha[1]"": 0.06756199255956977, ""beta[1]"": 0.6769053610686666, ""nu"": 3.635560168526214, ""omega"": 3.4688555435773}",3.982522148901896,True,2025-03-13,1.8481886711298516,2.4162509310782383,student_t,ETH-USD,1331,0.17052505502273022,0.08134467181196428,,0.012252259779942947,2025-03-12,2023-10-30,5.850369969387577,10.574336050129396
-2.465264669734095,2.465264669734095,8.488583337035479,14.204677015018774,False,False,2598.5076831652723,2615.366115558961,0,null,-1295.2538415826361,"{""alpha[1]"": 0.07130380699850714, ""beta[1]"": 0.6363863955486122, ""nu"": 3.678858503671182, ""omega"": 3.9238362809761256}",3.743940010732591,True,2025-03-14,1.78949964273062,2.3536756508874115,student_t,ETH-USD,1332,0.399472193626758,0.1241002116862126,,0.005759193760774133,2025-03-13,2023-10-31,5.524179202801058,9.944756498887154
-1.4519685558234616,1.4519685558234616,7.8683011419453015,13.050685485329376,False,False,2599.4595136467956,2616.3179460404845,0,null,-1295.7297568233978,"{""alpha[1]"": 0.11605612881632997, ""beta[1]"": 0.1969936308211527, ""nu"": 3.7838415815093525, ""omega"": 8.997512690945534}",3.4735444273063623,True,2025-03-15,1.7185155152337015,2.274947108861296,student_t,ETH-USD,1333,0.3305501927450128,0.10667141739066933,,0.009987085965147769,2025-03-14,2023-11-01,5.1590352990767885,9.215173183243463
2.6125312400623915,-2.6125312400623915,7.718078508488246,12.803141362726663,False,False,2599.324623456969,2616.183055850658,0,null,-1295.6623117284846,"{""alpha[1]"": 0.11693404303645419, ""beta[1]"": 0.19036443220645796, ""nu"": 3.782176533440132, ""omega"": 9.068947119640232}",3.4070912814694645,True,2025-03-16,1.699171627994371,2.2557089672212953,student_t,ETH-USD,1334,0.12237444133177151,0.06426722235117628,,0.00954656618650969,2025-03-15,2023-11-02,5.0600200666978195,9.039253475180015
-2.0747114207923087,2.0747114207923087,7.8785302800075065,13.071929414228277,False,False,2599.397320350943,2616.255752744632,0,null,-1295.6986601754716,"{""alpha[1]"": 0.11597738216277775, ""beta[1]"": 0.19432751814624094, ""nu"": 3.7795878205034734, ""omega"": 9.038095843380997}",3.4777369595825505,True,2025-03-17,1.719640004538178,2.276346927119529,student_t,ETH-USD,1335,0.36195386158434056,0.1130192219471758,,0.009417441173644386,2025-03-16,2023-11-03,5.164365810894496,9.227210773925261
-0.28710787488315254,0.28710787488315254,7.8105675886469825,12.95584800427293,False,False,2599.6455365113366,2616.5039689050254,0,null,-1295.8227682556683,"{""alpha[1]"": 0.11522984506582616, ""beta[1]"": 0.19299335612643526, ""nu"": 3.7830592820877067, ""omega"": 9.062804368887711}",3.4480940387218015,True,2025-03-18,1.711109322233531,2.267607159821534,student_t,ETH-USD,1336,0.2703981737462275,0.09434712495102761,,0.010024739054026163,2025-03-17,2023-11-04,5.120855600041392,9.1476046202196
-6.277568940198829,6.277568940198829,7.643621297011292,12.691252529383254,False,False,2599.3032026321707,2616.1616350258596,0,null,-1295.6516013160854,"{""alpha[1]"": 0.11576331676999294, ""beta[1]"": 0.1860519480426225, ""nu"": 3.7703227695939465, ""omega"": 9.155666462335683}",3.373363326144414,True,2025-03-19,1.68898807441248,2.2462970618285807,student_t,ETH-USD,1337,0.5642516036566455,0.1522977646641344,,0.007899714915363181,2025-03-18,2023-11-05,5.007463132934071,8.952207526214597
3.7455863017517457,-3.7455863017517457,9.006601018834804,14.968338821780828,False,False,2603.614807088044,2620.473239481733,0,null,-1297.807403544022,"{""alpha[1]"": 0.11122824727780255, ""beta[1]"": 0.17864397838986196, ""nu"": 3.7630256770850252, ""omega"": 9.398631617018234}",3.9779692058642495,True,2025-03-20,1.8524498195117465,2.4107632550628466,student_t,ETH-USD,1338,0.1074581296501124,0.06804488524763828,,0.01656768318553669,2025-03-19,2023-11-06,5.894748894753992,10.550074826515567
0.874216359135467,-0.874216359135467,8.391904956310235,13.879469680582982,False,False,2605.914921128352,2622.773353522041,0,null,-1298.957460564176,"{""alpha[1]"": 0.1117350271157641, ""beta[1]"": 0.1682717316470577, ""nu"": 3.8170650048933994, ""omega"": 9.486157987525921}",3.7043437922907967,True,2025-03-21,1.784574567249107,2.338413876789279,student_t,ETH-USD,1339,0.23209208471707762,0.08952491615949214,,0.008477702089379768,2025-03-20,2023-11-07,5.516058053477015,9.826707975084673
-0.7701305173816715,0.7701305173816715,7.81391425694349,12.913280324731335,False,False,2606.0867352955565,2622.9451676892454,0,null,-1299.0433676477783,"{""alpha[1]"": 0.10899717943450718, ""beta[1]"": 0.1850907121210404, ""nu"": 3.826809844654241, ""omega"": 9.275208960024795}",3.449422399357013,True,2025-03-22,1.7136568618010202,2.266793481699367,student_t,ETH-USD,1340,0.29548695848825907,0.09919670225503589,,0.007966153199735511,2025-03-21,2023-11-08,5.1396086523835045,9.149539708121909
-1.2677316920875652,1.2677316920875652,7.6002681262458145,12.492763419710412,False,False,2605.6175574726312,2622.47598986632,0,null,-1298.8087787363156,"{""alpha[1]"": 0.11968194628627586, ""beta[1]"": 0.17973714223257542, ""nu"": 3.8953293161181266, ""omega"": 9.107561545832322}",3.3572663747579083,True,2025-03-23,1.688929414328248,2.2373273461884837,student_t,ETH-USD,1341,0.3144788801679517,0.10164800409611775,,0.009379543345320377,2025-03-22,2023-11-09,5.0218459112714635,8.897068717524201
-3.536186775264088,3.536186775264088,7.484472743262043,12.187324991656773,False,False,2596.3220070982484,2613.1804394919372,0,null,-1294.1610035491242,"{""alpha[1]"": 0.12206755208131581, ""beta[1]"": 0.24546770204086624, ""nu"": 4.005723550764308, ""omega"": 8.015741627599411}",3.2999641735461376,True,2025-03-24,1.6791695738528736,2.218662914883012,student_t,ETH-USD,1342,0.4261691430182814,0.1228993328968288,,-0.011177483851640729,2025-03-23,2023-11-10,4.987196085101533,8.753746514418781
0.46872337288934784,-0.46872337288934784,7.912451740160285,12.87598388087149,False,False,2597.599512660785,2614.457945054474,0,null,-1294.7997563303925,"{""alpha[1]"": 0.11998520838237826, ""beta[1]"": 0.25375406364608405, ""nu"": 4.022401109576936, ""omega"": 7.942354624541989}",3.494358601286879,True,2025-03-25,1.7349608211970664,2.2741900566271305,student_t,ETH-USD,1343,0.24025543750805325,0.08786871127919206,,-7.804004982016174e-05,2025-03-24,2023-11-11,5.273832123050409,9.255594500808547
2.8736584783651886,-2.8736584783651886,7.545370776668082,12.296250283707094,False,False,2597.412581670812,2614.271014064501,0,null,-1294.706290835406,"{""alpha[1]"": 0.1176141869142325, ""beta[1]"": 0.26031432279475103, ""nu"": 4.0037756702964975, ""omega"": 7.898634413959596}",3.3323793344551347,True,2025-03-26,1.6866296230563163,2.2271727478296373,student_t,ETH-USD,1344,0.10746300317784406,0.05953553840370592,,0.0014610304757402834,2025-03-25,2023-11-12,5.022918541922068,8.827212318735775
0.34061253804560626,-0.34061253804560626,7.7629691287026565,12.59841108962988,False,False,2599.0441259707186,2615.9025583644075,0,null,-1295.5220629853593,"{""alpha[1]"": 0.11671239153236304, ""beta[1]"": 0.23917225537652154, ""nu"": 4.057985653772349, ""omega"": 8.13791047603711}",3.427919624936229,True,2025-03-27,1.7174650933091873,2.2541901239707256,student_t,ETH-USD,1345,0.24229143936865308,0.08738047179011947,,-0.0035515821836758182,2025-03-26,2023-11-13,5.186441325418664,9.078659717057546
5.484099568619057,-5.484099568619057,7.480567159938574,12.12558610776853,True,False,2599.048981195509,2615.907413589198,0,null,-1295.5244905977545,"{""alpha[1]"": 0.12047775009168327, ""beta[1]"": 0.21277880067973715, ""nu"": 4.073648962683194, ""omega"": 8.398498836157243}",3.302913306219707,True,2025-03-28,2.9673882771165276,2.2167225313577776,student_t,ETH-USD,1346,0.45705025822895995,0.032633559299376586,,-0.0052159562715330616,2025-03-27,2023-11-14,5.002994033641205,8.747455498556713
3.6633618418723244,-3.6633618418723244,8.57733213352334,13.914213404859908,False,False,2601.057577885871,2617.91601027956,0,null,-1296.5287889429355,"{""alpha[1]"": 0.11599610087851417, ""beta[1]"": 0.20284347792900548, ""nu"": 4.0609153265796545, ""omega"": 8.615816758383644}",3.7855466756864926,True,2025-03-29,1.8175213514348618,2.3537643972907696,student_t,ETH-USD,1347,0.10348567295955101,0.06366748042800009,,-0.008626809934343158,2025-03-28,2023-11-15,5.733075301063343,10.030109884672328
1.161507917416831,-1.161507917416831,8.200926792573801,13.297365814162374,False,False,2600.8177540568186,2617.6761864505074,0,null,-1296.4088770284093,"{""alpha[1]"": 0.11416463886504671, ""beta[1]"": 0.21035411135553403, ""nu"": 4.0571097242722685, ""omega"": 8.536934120033314}",3.612330691233482,True,2025-03-30,1.7731329501962625,2.308569466818617,student_t,ETH-USD,1348,0.21619876936731403,0.08425939512240872,,-0.024010731013929372,2025-03-29,2023-11-16,5.4854833047631075,9.587447429657695
-0.9511248173118462,0.9511248173118462,7.762016306965448,12.660933737259757,False,False,2597.069332363571,2613.92776475726,0,null,-1294.5346661817855,"{""alpha[1]"": 0.10679513079074689, ""beta[1]"": 0.3596554818158233, ""nu"": 3.9791617798957946, ""omega"": 6.794179027486623}",3.4194275563210055,True,2025-03-31,1.7146949562971914,2.2555793223239187,student_t,ETH-USD,1349,0.3058190238463059,0.10029750583395383,,-0.016431731961336033,2025-03-30,2023-11-17,5.1652556596142665,9.078625766083528
-4.399320461484984,4.399320461484984,7.540629551044626,12.282984868770292,False,False,2597.3682152571964,2614.2266476508853,0,null,-1294.6841076285982,"{""alpha[1]"": 0.11220172770200813, ""beta[1]"": 0.28316947326270175, ""nu"": 3.9987109707013038, ""omega"": 7.668895716198886}",3.3230621713617716,True,2025-04-01,1.686503964341573,2.2262118921649954,student_t,ETH-USD,1350,0.4711437490628362,0.13218465906833055,,-0.014570191503472564,2025-03-31,2023-11-18,5.023554519771732,8.819145445348058
5.956044771100851,-5.956044771100851,8.17425053359695,13.25873207741375,True,False,2600.470607382149,2617.329039775838,0,null,-1296.2353036910745,"{""alpha[1]"": 0.11332596512190847, ""beta[1]"": 0.2386956502578782, ""nu"": 4.064115144225693, ""omega"": 8.190525903287535}",3.608749760122279,True,2025-04-02,2.9734439162312283,2.305614863752285,student_t,ETH-USD,1351,0.46749352715604015,0.03602950868006132,,-0.005975830215848723,2025-04-01,2023-11-19,5.463946321462914,9.55899563910698
-1.1256975116770251,1.1256975116770251,8.915590086410191,14.43951693376907,False,False,2603.750769272973,2620.6092016666616,0,null,-1297.8753846364864,"{""alpha[1]"": 0.11635748992535407, ""beta[1]"": 0.2215118220994446, ""nu"": 4.07541706053426, ""omega"": 8.427904423268062}",3.9292129554018693,True,2025-04-03,1.8572901356880394,2.3917792052179934,student_t,ETH-USD,1352,0.3547292147580572,0.11548292819816003,,-0.022909641209293057,2025-04-02,2023-11-20,5.968886783484113,10.422595308138968
0.016634772530811966,-0.016634772530811966,7.804523896168647,12.620989793167741,False,False,2604.1915239995024,2621.049956393191,0,null,-1298.0957619997512,"{""alpha[1]"": 0.11703305177410124, ""beta[1]"": 0.17998643826374977, ""nu"": 4.0960409023991025, ""omega"": 8.904907147697799}",3.4395733721123727,True,2025-04-04,1.7250597693660543,2.25817263329289,student_t,ETH-USD,1353,0.2607588171422731,0.09105959882238333,,-0.021553779265482315,2025-04-03,2023-11-21,5.231811115376269,9.122594654769138
0.5170484055219914,-0.5170484055219914,7.556054797177322,12.290884168830543,False,False,2601.5395276435775,2618.3979600372663,0,null,-1296.7697638217887,"{""alpha[1]"": 0.11450735411837573, ""beta[1]"": 0.16714545845060233, ""nu"": 4.019068533213808, ""omega"": 9.11833843935501}",3.331165463562148,True,2025-04-05,1.689306860514256,2.22781693312118,student_t,ETH-USD,1354,0.22612601057339637,0.08319594245936951,,-0.012980943815909536,2025-04-04,2023-11-22,5.039568616989914,8.836642651458936
13.574782172221603,-13.574782172221603,7.7712961038664865,12.768414929616265,True,True,2595.154124746601,2612.01255714029,0,null,-1293.5770623733006,"{""alpha[1]"": 0.05892049889907412, ""beta[1]"": 0.7456869151588114, ""nu"": 3.877432375648823, ""omega"": 2.548280424806738}",3.4163684320159886,True,2025-04-06,23.416776882588533,37.36909258924607,student_t,ETH-USD,1355,8.012033406606916,4.438168847663425,,-0.026750445328754435,2025-04-05,2023-11-23,5.1410627968459,9.091783336197942
1.3721334510757932,-1.3721334510757932,10.74235867176097,17.851741942985033,False,False,2606.657397492477,2623.5158298861656,0,null,-1299.3286987462384,"{""alpha[1]"": 0.05676529237417994, ""beta[1]"": 0.743999237665707, ""nu"": 3.7319887186949825, ""omega"": 2.7276703726715033}",4.711700982533256,True,2025-04-07,2.0295615140268435,2.5863592190925555,student_t,ETH-USD,1356,0.2834026067645199,0.11200100907409531,,-0.05368534569797738,2025-04-06,2023-11-24,7.040185586366186,12.572234358485314
5.463279863362892,-5.463279863362892,9.869857579434205,16.405908967695265,False,False,2607.4913106310996,2624.3497430247885,0,null,-1299.7456553155498,"{""alpha[1]"": 0.05060137267069715, ""beta[1]"": 0.7494349042398862, ""nu"": 3.7248990280302343, ""omega"": 2.7257377397344715}",4.324981866074915,True,2025-04-08,1.9448231276137915,2.5016495165492,student_t,ETH-USD,1357,0.05024049703529969,0.06086610373584275,,-0.05825822765490486,2025-04-07,2023-11-25,6.468089804068885,11.549890236947162
-12.46516101520474,12.46516101520474,9.82772068013872,16.20811850102426,False,False,2611.403476804224,2628.2619091979127,0,null,-1301.701738402112,"{""alpha[1]"": 0.06048344891554261, ""beta[1]"": 0.7044934106360715, ""nu"": 3.8126681193141407, ""omega"": 3.175914554515501}",4.303015139463666,True,2025-04-09,1.9450799153247114,2.4947032614651596,student_t,ETH-USD,1358,0.9475103691428403,0.23959812827118665,,-0.06949792488115834,2025-04-08,2023-11-26,6.485046367652047,11.494651811913903
9.128323986457175,-9.128323986457175,12.243009942680454,20.312896611203584,True,False,2619.802639840872,2636.661072234561,0,null,-1305.901319920436,"{""alpha[1]"": 0.07608154300959033, ""beta[1]"": 0.6829785600972093, ""nu"": 3.7578800517225726, ""omega"": 3.3855021206422737}",5.37861480151914,True,2025-04-10,3.9513254734107353,2.716732559330638,student_t,ETH-USD,1359,1.0411306059176875,0.05201948721950649,,-0.04253012283085447,2025-04-09,2023-11-27,8.03239703285961,14.33027270840782
-2.889247474381752,2.889247474381752,12.862888281536042,21.277750431984998,False,False,2624.7279035469764,2641.5863359406653,0,null,-1308.3639517734882,"{""alpha[1]"": 0.09218855708733026, ""beta[1]"": 0.6510187300085183, ""nu"": 3.7887727379958926, ""omega"": 3.6634294233703666}",5.64613262509742,True,2025-04-11,2.2122175259358037,2.765059954522686,student_t,ETH-USD,1360,0.567568585706881,0.1794108575362346,,-0.057279335530725485,2025-04-10,2023-11-28,8.462124239755859,15.051838279241691
-4.758695122850575,4.758695122850575,11.294587163155576,18.661252406151423,False,False,2626.213387189979,2643.071819583668,0,null,-1309.1066935949896,"{""alpha[1]"": 0.09132096375549334, ""beta[1]"": 0.637329551960113, ""nu"": 3.8017140046793303, ""omega"": 3.8465469331773785}",4.956559860344527,True,2025-04-12,2.08289709261572,2.6346219480669473,student_t,ETH-USD,1361,0.6098505425792708,0.17974083462901044,,-0.053651667463906746,2025-04-11,2023-11-29,7.43831572873483,13.215388340050454
2.891539360807512,-2.891539360807512,10.587618582054567,17.42394097017721,False,False,2628.8282703457126,2645.6867027394014,0,null,-1310.4141351728563,"{""alpha[1]"": 0.09480283945611226, ""beta[1]"": 0.6308543911468744, ""nu"": 3.8542735042963323, ""omega"": 3.8724766039691834}",4.6512251420269015,True,2025-04-13,2.020387413786319,2.5687566442339484,student_t,ETH-USD,1362,0.2051861519332289,0.09495340055964652,,-0.04223108423054252,2025-04-12,2023-11-30,6.995262399472087,12.386879416772155
-1.6204401796349834,1.6204401796349834,9.610775269742948,15.761202508519446,False,False,2630.30897985141,2647.167412245099,0,null,-1311.154489925705,"{""alpha[1]"": 0.09608462286499322, ""beta[1]"": 0.6139628204897718, ""nu"": 3.8923682873830856, ""omega"": 4.056839443464572}",4.2178875393502935,True,2025-04-14,1.925690781296674,2.470706465364555,student_t,ETH-USD,1363,0.39952593099574385,0.12860621855584936,,-0.050231163896344334,2025-04-13,2023-12-01,6.370078440279886,11.240181675949943
2.126095285986103,-2.126095285986103,8.723475545049611,14.296533008941815,False,False,2630.6023564614534,2647.4607888551423,0,null,-1311.3011782307267,"{""alpha[1]"": 0.09965779526706035, ""beta[1]"": 0.5820002950529557, ""nu"": 3.898203001591165, ""omega"": 4.428860997028394}",3.8265417349018307,True,2025-04-15,1.829261768378947,2.373573688533563,student_t,ETH-USD,1364,0.18298489307675467,0.08075290594101465,,-0.05033203087470174,2025-04-14,2023-12-02,5.7857931475211934,10.201385880087562
0.6648569263361934,-0.6648569263361934,8.370959065098354,13.757505757459974,False,False,2629.0074956228273,2645.865928016516,0,null,-1310.5037478114136,"{""alpha[1]"": 0.09970223344913526, ""beta[1]"": 0.5804160506061329, ""nu"": 3.8542454706464464, ""omega"": 4.479620954080808}",3.6648204507217446,True,2025-04-16,1.7866326318122976,2.3330975745515055,student_t,ETH-USD,1365,0.24377904746628576,0.09123787626793582,,-0.061974395924769145,2025-04-15,2023-12-03,5.540437875661904,9.788644553129767
-0.28114411552269725,0.28114411552269725,7.899957486976036,12.973532506643563,False,False,2628.9668179956197,2645.8252503893086,0,null,-1310.4834089978099,"{""alpha[1]"": 0.10710325695332026, ""beta[1]"": 0.5292673856166527, ""nu"": 3.859189764835154, ""omega"": 5.070420513389539}",3.455463421193239,True,2025-04-17,1.7292598582581675,2.2748549412157812,student_t,ETH-USD,1366,0.2757047774165779,0.09517567814666257,,-0.06587216591395897,2025-04-16,2023-12-04,5.232951432808855,9.236423699143552
-0.4021066265002011,0.4021066265002011,7.705234707475094,12.678948355437782,False,False,2628.0198344403316,2644.8782668340205,0,null,-1310.0099172201658,"{""alpha[1]"": 0.11236920244230822, ""beta[1]"": 0.5018207230847163, ""nu"": 3.830823975149903, ""omega"": 5.3935308674678035}",3.3672870835620916,True,2025-04-18,1.7032769036882436,2.250481366158564,student_t,ETH-USD,1367,0.27490857193742296,0.09410985770330275,,-0.06977480981704812,2025-04-17,2023-12-05,5.096064812248254,9.008879143830066
-1.4990481670833715,1.4990481670833715,7.621481194837648,12.56304268519807,False,False,2627.0604274653906,2643.9188598590795,0,null,-1309.5302137326953,"{""alpha[1]"": 0.1162818761982559, ""beta[1]"": 0.48913348015318586, ""nu"": 3.806555609510491, ""omega"": 5.527995583590217}",3.3283046188034997,True,2025-04-19,1.691442213180089,2.2400687467608367,student_t,ETH-USD,1368,0.3266409565230963,0.10410131972126961,,-0.07343411301445484,2025-04-18,2023-12-06,5.03377096337855,8.91108380504358
1.5878520829293172,-1.5878520829293172,7.653152830602942,12.642188006330796,False,False,2626.1377656167706,2642.9961980104595,0,null,-1309.0688828083853,"{""alpha[1]"": 0.11660611744708782, ""beta[1]"": 0.49846427712626257, ""nu"": 3.786253355184068, ""omega"": 5.400353537819636}",3.3456869206026654,True,2025-04-20,1.694257701861162,2.2450140548703974,student_t,ETH-USD,1369,0.1728323553017723,0.07362495653110926,,-0.06493967021738475,2025-04-19,2023-12-07,5.04449918896476,8.950347736040237
0.4912655234497898,-0.4912655234497898,7.679980268324103,12.75114014018692,False,False,2621.6250093940225,2638.4834417877114,0,null,-1306.8125046970113,"{""alpha[1]"": 0.11364738596124858, ""beta[1]"": 0.5463708538542259, ""nu"": 3.717836365192251, ""omega"": 4.8428081747755956}",3.350425728787206,True,2025-04-21,1.6951374515715791,2.250005688308021,student_t,ETH-USD,1370,0.2275399379943201,0.08490446297951433,,-0.07909320940305524,2025-04-20,2023-12-08,5.042064283336187,8.981711821401216
-10.65397661313859,10.65397661313859,7.59335333139607,12.590092936272475,False,False,2621.8170597047347,2638.6754920984235,0,null,-1306.9085298523673,"{""alpha[1]"": 0.11689917817325465, ""beta[1]"": 0.5281507534838956, ""nu"": 3.7324696118257172, ""omega"": 5.034782091378273}",3.3119087678907246,True,2025-04-22,1.6845892862896084,2.2381930185881713,student_t,ETH-USD,1371,0.7822604562384765,0.19533552470559395,,-0.08017347309692413,2025-04-21,2023-12-09,4.991232511630926,8.87957585742079
-2.182345356235606,2.182345356235606,11.431920869178786,19.138739334949555,False,False,2630.7189943387793,2647.577426732468,0,null,-1311.3594971693897,"{""alpha[1]"": 0.12026266269583458, ""beta[1]"": 0.4894859711756528, ""nu"": 3.648326894358063, ""omega"": 5.721145693552658}",5.013252381063389,True,2025-04-23,2.0876350913551205,2.6509914861484076,student_t,ETH-USD,1372,0.4813552285216871,0.15565624965136896,,-0.05737130121350746,2025-04-22,2023-12-10,7.444759214198127,13.383279608901276
1.4735575195676305,-1.4735575195676305,9.774312806816182,16.294112386375275,False,False,2632.014372831138,2648.872805224827,0,null,-1312.007186415569,"{""alpha[1]"": 0.12012474374755, ""beta[1]"": 0.4764892140107609, ""nu"": 3.69358822891467, ""omega"": 5.829894710984155}",4.284421388149796,True,2025-04-24,1.9334307792190715,2.4929009216932485,student_t,ETH-USD,1373,0.24578233150657805,0.09966491247530254,,-0.0539685402370421,2025-04-23,2023-12-11,6.389204149699187,11.440048767097876
-0.9449256731889341,0.9449256731889341,8.873683390714627,14.870360494473747,False,False,2627.8846690805403,2644.743101474229,0,null,-1309.9423345402702,"{""alpha[1]"": 0.1150483629000791, ""beta[1]"": 0.510551466623094, ""nu"": 3.6370428596692057, ""omega"": 5.453704389686008}",3.8908415423405986,True,2025-04-25,1.8337861474345196,2.397978520432231,student_t,ETH-USD,1374,0.33594987498340206,0.11333486168202313,,-0.045736636481371565,2025-04-24,2023-12-12,5.7740718264791004,10.388560495013369
-1.9535846670487398,1.9535846670487398,8.174128889982901,13.67821378794738,False,False,2628.1917243690655,2645.0501567627543,0,null,-1310.0958621845327,"{""alpha[1]"": 0.1239882975117566, ""beta[1]"": 0.4451933565765321, ""nu"": 3.6531265715736483, ""omega"": 6.231000696282877}",3.5842724005935054,True,2025-04-26,1.7524776413866485,2.31539193020112,student_t,ETH-USD,1375,0.363952907544926,0.11522693390258515,,-0.041809927994048104,2025-04-25,2023-12-13,5.325473483849773,9.569108723209766
1.6054647540287403,-1.6054647540287403,8.052271398539853,13.488643719187982,False,False,2627.6558551122125,2644.5142875059014,0,null,-1309.8279275561063,"{""alpha[1]"": 0.1239763442248101, ""beta[1]"": 0.44666854641792275, ""nu"": 3.6403529669385533, ""omega"": 6.2183657844882925}",3.529950426716378,True,2025-04-27,1.7368921424114774,2.30069754916702,student_t,ETH-USD,1376,0.18180320588405843,0.0782106613590384,,-0.04315645171754213,2025-04-26,2023-12-14,5.241528871709906,9.426530889932573
-0.33336829615917024,0.33336829615917024,7.945360312992643,13.321688855772779,False,False,2627.0792853724734,2643.937717766162,0,null,-1309.5396426862367,"{""alpha[1]"": 0.1224268366613624, ""beta[1]"": 0.4588724238932202, ""nu"": 3.625603499377043, ""omega"": 6.07116969076819}",3.4792629168224405,True,2025-04-28,1.7231511265220876,2.2875291803796416,student_t,ETH-USD,1377,0.27511627759687485,0.09633715301366663,,-0.0512553358182134,2025-04-27,2023-12-15,5.168957255778322,9.300347005207485
-0.01800164139572837,0.01800164139572837,7.845470917481482,13.273037128084194,False,False,2623.3437617691834,2640.2021941628723,0,null,-1307.6718808845917,"{""alpha[1]"": 0.11475047030784336, ""beta[1]"": 0.5392990031106851, ""nu"": 3.535699508906879, ""omega"": 5.133389651817456}",3.4399740921447526,True,2025-04-29,1.7053241974540079,2.2779233414637003,student_t,ETH-USD,1378,0.25406863709217953,0.09205447260092874,,-0.04201202147987764,2025-04-28,2023-12-16,5.063371100447857,9.187445618697138
0.30060370939469927,-0.30060370939469927,7.72053327973973,13.045403855008376,False,False,2623.4578889043523,2640.316321298041,0,null,-1307.7289444521762,"{""alpha[1]"": 0.12064177143581122, ""beta[1]"": 0.5063489027944107, ""nu"": 3.5477532116360657, ""omega"": 5.51035843453612}",3.384456571279534,True,2025-04-30,1.6899909273192772,2.2614462165423506,student_t,ETH-USD,1379,0.2343845326929117,0.08739996049350274,,-0.04265875943901705,2025-04-29,2023-12-17,4.988294363252929,9.040599758744966
-2.5019860111815175,2.5019860111815175,7.673536007849214,12.984481525707606,False,False,2623.0319731093423,2639.890405503031,0,null,-1307.5159865546711,"{""alpha[1]"": 0.12428806688204108, ""beta[1]"": 0.4939669002525816, ""nu"": 3.534191480692852, ""omega"": 5.657858232549728}",3.364865200286001,True,2025-05-01,1.6830553165469158,2.2558302770913703,student_t,ETH-USD,1380,0.37267741817242367,0.11488225756758783,,-0.04050681401883172,2025-04-30,2023-12-18,4.951562352266949,8.986239745577256
-0.18937511405045976,0.18937511405045976,7.91477651931324,13.348326476749541,False,False,2624.2309141175283,2641.089346511217,0,null,-1308.1154570587642,"{""alpha[1]"": 0.12606392822130452, ""beta[1]"": 0.4716876282789289, ""nu"": 3.5707882637330535, ""omega"": 5.911257749163637}",3.472161086960022,True,2025-05-02,1.7157991422858894,2.285748676198562,student_t,ETH-USD,1381,0.2655385614612047,0.09457887808074618,,-0.037387168834372785,2025-05-01,2023-12-19,5.12139611517363,9.26851269402415
0.48241895084492287,-0.48241895084492287,7.767204949208027,13.135174836255255,False,False,2623.5136837612777,2640.3721161549665,0,null,-1307.7568418806388,"{""alpha[1]"": 0.12659176332495606, ""beta[1]"": 0.47754736641800644, ""nu"": 3.544369568199405, ""omega"": 5.851198641699921}",3.4091430923284136,True,2025-05-03,1.6953982241975032,2.2678595129605865,student_t,ETH-USD,1382,0.22656087281275553,0.0861455364449697,,-0.033422468600748115,2025-05-02,2023-12-20,5.013636407100029,9.096972595341885
1.3862098001274636,-1.3862098001274636,7.691050199579189,12.999360467379303,False,False,2623.331628463843,2640.190060857532,0,null,-1307.6658142319216,"{""alpha[1]"": 0.13009573013701364, ""beta[1]"": 0.465093960678285, ""nu"": 3.548011790823258, ""omega"": 5.971344452747638}",3.374135479897675,True,2025-05-04,1.6859053230202483,2.257786980476126,student_t,ETH-USD,1383,0.1790519725026318,0.07620875723691031,,-0.03658276269315257,2025-05-03,2023-12-21,4.967249250180097,9.007085523818489
-0.6120404549172864,0.6120404549172864,7.720242291511399,13.037410538210866,False,False,2623.141904701798,2640.000337095487,0,null,-1307.570952350899,"{""alpha[1]"": 0.13236039888285345, ""beta[1]"": 0.4593367004252455, ""nu"": 3.553637991802414, ""omega"": 6.008400621238934}",3.38422242330627,True,2025-05-05,1.69027701334542,2.2612190202316382,student_t,ETH-USD,1384,0.28013232223397905,0.09652129578319246,,-0.042744343115109426,2025-05-04,2023-12-22,4.990605989762289,9.040089123401952
0.2536594835028056,-0.2536594835028056,7.695190865451101,13.087564082271188,False,False,2620.3108014359887,2637.1692338296775,0,null,-1306.1554007179943,"{""alpha[1]"": 0.12970777154079646, ""beta[1]"": 0.49996300743204064, ""nu"": 3.478657538796496, ""omega"": 5.565783044257347}",3.3716509848056453,True,2025-05-06,1.683161030528419,2.260212729880244,student_t,ETH-USD,1385,0.23455021862863176,0.08757786132081179,,-0.04914108237972915,2025-05-05,2023-12-23,4.944663856075437,9.011445615583975
0.19195641343844239,-0.19195641343844239,7.639628181497636,12.98493529186789,False,False,2620.215233751369,2637.073666145058,0,null,-1306.1076168756845,"{""alpha[1]"": 0.13296528412788117, ""beta[1]"": 0.4900015898344858, ""nu"": 3.485169107734777, ""omega"": 5.653013224790589}",3.347441282158802,True,2025-05-07,1.6762544717050507,2.252768836495035,student_t,ETH-USD,1386,0.23598014227406838,0.08754390990385888,,-0.048140186135217686,2025-05-06,2023-12-24,4.911559258919806,8.946347403824323
-19.720006326400757,19.720006326400757,7.613709354715986,12.980997361905056,False,False,2619.3331012396125,2636.1915336333013,0,null,-1305.6665506198062,"{""alpha[1]"": 0.13517225562672885, ""beta[1]"": 0.4946340809982409, ""nu"": 3.4566417565368464, ""omega"": 5.5986880598767765}",3.3382279284348493,True,2025-05-08,1.671066661292886,2.2504258052135397,student_t,ETH-USD,1387,1.2300639278606653,0.2863716302916913,,-0.04473323347561173,2025-05-07,2023-12-25,4.881272230812527,8.917156702768349
-6.108753308334722,6.108753308334722,18.896405744838823,33.04676706636655,False,False,2633.0384596731765,2649.8968920668653,0,null,-1312.5192298365882,"{""alpha[1]"": 0.14819103967217317, ""beta[1]"": 0.44718161488527874, ""nu"": 3.2494881817823393, ""omega"": 6.733007803000414}",8.358639185516154,True,2025-05-09,2.5650832195501505,3.16835490271958,student_t,ETH-USD,1388,0.8970005011657289,0.28264335709395455,,-0.00589870781297529,2025-05-08,2023-12-26,11.831256714979842,22.15558240106071
-9.622623195813333,9.622623195813333,14.905804394446925,25.987238637893803,False,False,2635.3103796791456,2652.1688120728345,0,null,-1313.6551898395728,"{""alpha[1]"": 0.1589842300251596, ""beta[1]"": 0.41361995651756267, ""nu"": 3.279102513112746, ""omega"": 7.054597572927028}",6.595381607285717,True,2025-05-10,2.3294761637271533,2.9302058971688494,student_t,ETH-USD,1389,0.9489688132216871,0.2710164773255535,,0.009968650425686088,2025-05-09,2023-12-27,9.356753068620392,17.479024536741992
2.8350466411457678,-2.8350466411457678,15.214176306050142,26.626989860897954,False,False,2634.7663885247994,2651.6248209184882,0,null,-1313.3831942623997,"{""alpha[1]"": 0.16531434301846573, ""beta[1]"": 0.4914230585607649, ""nu"": 3.248243026221747, ""omega"": 5.919931237197499}",6.739420577355407,True,2025-05-11,2.347734184047433,2.9519941589177825,student_t,ETH-USD,1390,0.334076006288841,0.15006868532414705,,0.016431404357579057,2025-05-10,2023-12-28,9.516566766922582,17.84191517356046
0.5528712149818134,-0.5528712149818134,12.067886408010194,21.099229599153716,False,False,2636.211985713428,2653.070418107117,0,null,-1314.105992856714,"{""alpha[1]"": 0.162764521447211, ""beta[1]"": 0.47857934178844913, ""nu"": 3.2567736745732847, ""omega"": 6.119161276706668}",5.344761515190054,True,2025-05-12,2.1166189089425016,2.71998349356634,student_t,ETH-USD,1391,0.35012412503000323,0.13599373015978383,,0.013399674234928471,2025-05-11,2023-12-29,7.555353715581871,14.152244230960186
-7.10163913605332,7.10163913605332,9.67527824374546,16.975998077681314,False,False,2635.9933408191846,2652.8517732128735,0,null,-1313.9966704095923,"{""alpha[1]"": 0.16668897491222828, ""beta[1]"": 0.4345603455343305, ""nu"": 3.2295016738044384, ""omega"": 6.8103849595236365}",4.290528850980399,True,2025-05-13,1.8935746465344225,2.5002374336631257,student_t,ETH-USD,1392,0.6569509519648142,0.18449023769435743,,0.016327880770770284,2025-05-12,2023-12-30,6.037379903242952,11.347384633382406
2.649071825297439,-2.649071825297439,11.148865317978972,19.514888507398492,False,False,2641.082860043559,2657.9412924372477,0,null,-1316.5414300217794,"{""alpha[1]"": 0.1535119900510428, ""beta[1]"": 0.5206828609681974, ""nu"": 3.253209697658681, ""omega"": 5.624886029921325}",4.946522375389099,True,2025-05-14,2.0365348935453365,2.641320591340966,student_t,ETH-USD,1393,0.2160583587928189,0.1042869222832101,,0.0312823641097169,2025-05-13,2023-12-31,6.970239001153813,13.07776405361844
2.451442383790163,-2.451442383790163,9.825920734210072,17.107167582900875,False,False,2642.5721604130476,2659.4305928067365,0,null,-1317.2860802065238,"{""alpha[1]"": 0.15404619048439894, ""beta[1]"": 0.5076652956182601, ""nu"": 3.2984733998061233, ""omega"": 5.7169033719250235}",4.354920959712186,True,2025-05-15,1.9132545221936512,2.5132238207998645,student_t,ETH-USD,1394,0.18607511196012316,0.09074106133763916,,0.026910790754879902,2025-05-14,2024-01-01,6.172944622992623,11.525548517554071
0.41546414155136424,-0.41546414155136424,9.137911078795506,15.945872582074294,False,False,2642.0647182730404,2658.9231506667293,0,null,-1317.0323591365202,"{""alpha[1]"": 0.15379600287385747, ""beta[1]"": 0.5083347272216434, ""nu"": 3.2752179490798574, ""omega"": 5.754675788536995}",4.047926359202575,True,2025-05-16,1.8395014674546948,2.441293518865656,student_t,ETH-USD,1395,0.2657321304337272,0.10301653099431586,,0.015890919703140795,2025-05-15,2024-01-02,5.730106750225903,10.717117240982942
2.4160226970315843,-2.4160226970315843,8.319162401377113,14.448979636679375,False,False,2642.1724728885565,2659.0309052822454,0,null,-1317.0862364442783,"{""alpha[1]"": 0.161377070610935, ""beta[1]"": 0.47200954537993645, ""nu"": 3.3158480425180237, ""omega"": 6.11163277497858}",3.6823444819830193,True,2025-05-17,1.7482773297690803,2.345870582958056,student_t,ETH-USD,1396,0.14113424590878212,0.07340604338639792,,0.014761909584257613,2025-05-16,2024-01-03,5.2387076152072245,9.75662703567137
-0.9038783717829438,0.9038783717829438,8.326198648853214,14.512866545114404,False,False,2637.9467111255144,2654.8051435192033,0,null,-1314.9733555627572,"{""alpha[1]"": 0.15966071720818661, ""beta[1]"": 0.496415911188449, ""nu"": 3.2884826725105274, ""omega"": 5.804447765707115}",3.690912151853216,True,2025-05-18,1.7469893986619889,2.3479872038223277,student_t,ETH-USD,1397,0.3064627015199661,0.10670335132704195,,0.022641583978500093,2025-05-17,2024-01-04,5.225375658616373,9.76645676092124
-1.2305960520502173,1.2305960520502173,8.079850389042974,14.156646653840852,False,False,2636.6646973786774,2653.5231297723662,0,null,-1314.3323486893387,"{""alpha[1]"": 0.16185783468820888, ""beta[1]"": 0.4957974005525247, ""nu"": 3.243628761928743, ""omega"": 5.884452610583114}",3.5841981238317406,True,2025-05-19,1.714079488042922,2.319636218761735,student_t,ETH-USD,1398,0.3139064067415133,0.10707791138949424,,0.019245589666064704,2025-05-18,2024-01-05,5.047532082780044,9.477195086899197
0.19763775165017738,-0.19763775165017738,7.933013557615315,13.861517196216973,False,False,2637.1017069114255,2653.9601393051144,0,null,-1314.5508534557127,"{""alpha[1]"": 0.1631756389939451, ""beta[1]"": 0.4862868195647494, ""nu"": 3.2677069200757765, ""omega"": 5.956490807054931}",3.5182855481878135,True,2025-05-20,1.6972289767316604,2.300427804594725,student_t,ETH-USD,1399,0.2384991776851626,0.09107756084354451,,0.021741237134507683,2025-05-19,2024-01-06,4.967621305353425,9.30539383600462
-1.1099871488661013,1.1099871488661013,7.775341691363815,13.5836766986181,False,False,2636.69335805798,2653.5517904516687,0,null,-1314.34667902899,"{""alpha[1]"": 0.16609814644626206, ""beta[1]"": 0.4831811306082148, ""nu"": 3.270284723789462, ""omega"": 5.948879901281751}",3.449232786196367,True,2025-05-21,1.6772089666225112,2.28032583343722,student_t,ETH-USD,1400,0.29896535143964875,0.1023084201246402,,0.02374251638446419,2025-05-20,2024-01-07,4.869319879926869,9.12085486359791
-4.287428427136134,4.287428427136134,7.694213855370221,13.38859270779708,False,False,2636.5482215041657,2653.4066538978545,0,null,-1314.2741107520828,"{""alpha[1]"": 0.1706002763565695, ""beta[1]"": 0.47664882094450356, ""nu"": 3.306263232107087, ""omega"": 5.8955926250905835}",3.4125170111636756,True,2025-05-22,1.6688908626552417,2.2685730216573186,student_t,ETH-USD,1401,0.45613218574836945,0.1331361554072585,,0.027643210886138064,2025-05-21,2024-01-08,4.835215287831248,9.026187113589705
5.30757308526987,-5.30757308526987,8.660841748772048,15.12171580423544,False,False,2636.2604724642692,2653.118904857958,0,null,-1314.1302362321346,"{""alpha[1]"": 0.16851454452932596, ""beta[1]"": 0.4701680568863842, ""nu"": 3.2753296381899353, ""omega"": 6.107414884199824}",3.8416616402864356,True,2025-05-23,1.7853954327721402,2.3879855984282874,student_t,ETH-USD,1402,0.005958379154088305,0.0485200845983446,,0.02654373249213504,2025-05-22,2024-01-09,5.426740668351636,10.159581545104325
-0.16627536860848896,0.16627536860848896,9.545330036936438,16.49722272339927,False,False,2640.0045512082497,2656.8629836019386,0,null,-1316.0022756041249,"{""alpha[1]"": 0.17757539764926303, ""beta[1]"": 0.436098504789635, ""nu"": 3.3587007841099292, ""omega"": 6.377190732497591}",4.2211934113029,True,2025-05-24,1.888566707823827,2.4817146635724923,student_t,ETH-USD,1403,0.3101918344000149,0.11360014097972851,,0.014920051791844169,2025-05-23,2024-01-10,6.037561319391804,11.193738729364352
-0.8310150846327798,0.8310150846327798,8.48443490437737,14.633363234267046,False,False,2632.3570567782717,2649.2154891719606,0,null,-1312.1785283891359,"{""alpha[1]"": 0.17392431751469842, ""beta[1]"": 0.4306128069625295, ""nu"": 3.3696637778324785, ""omega"": 6.424704564573223}",3.7438106985237165,True,2025-05-25,1.7721769417765842,2.3630175043994237,student_t,ETH-USD,1404,0.31048343354585783,0.10777508595830264,,-0.0040259364140516245,2025-05-24,2024-01-11,5.378653586284371,9.946493511197474
-0.48376748817330784,0.48376748817330784,8.008612495132509,13.806790379574476,False,False,2632.2938660698674,2649.1522984635562,0,null,-1312.1469330349337,"{""alpha[1]"": 0.17945590024614877, ""beta[1]"": 0.4077051532775191, ""nu"": 3.3728626190735125, ""omega"": 6.682881433964468}",3.5330539098637086,True,2025-05-26,1.7147251897765012,2.305143346120826,student_t,ETH-USD,1405,0.27814454604309136,0.0987214772473364,,-0.0052488178753820084,2025-05-25,2024-01-12,5.079123432688514,9.388380236560323
-3.785699985999906,3.785699985999906,7.7983960710136895,13.518944396030745,False,False,2629.637119477965,2646.495551871654,0,null,-1310.8185597389825,"{""alpha[1]"": 0.18209425377302726, ""beta[1]"": 0.412713460687008, ""nu"": 3.327309036809724, ""omega"": 6.648809780014904}",3.446393069469852,True,2025-05-27,1.6848769413785756,2.280470251739877,student_t,ETH-USD,1406,0.43530835433200193,0.12929620092413988,,0.0031190534011138415,2025-05-26,2024-01-13,4.920467100640125,9.143920106414072
-0.7162632871822169,0.7162632871822169,8.508395953588927,14.71498563089674,False,False,2631.528317758153,2648.386750151842,0,null,-1311.7641588790766,"{""alpha[1]"": 0.18140908337670694, ""beta[1]"": 0.4043533141886857, ""nu"": 3.3496845581428696, ""omega"": 6.752717861609233}",3.7601936216684257,True,2025-05-28,1.7732918411908218,2.3668624888104755,student_t,ETH-USD,1407,0.3047798991086216,0.1069296591544172,,0.006601928238645649,2025-05-27,2024-01-14,5.379334694990209,9.976702628259494
1.864939839417712,-1.864939839417712,8.024874179126433,13.95927523183381,False,False,2628.308058544517,2645.1664909382057,0,null,-1310.1540292722584,"{""alpha[1]"": 0.17718865938029899, ""beta[1]"": 0.4380660626956456, ""nu"": 3.30344307744495, ""omega"": 6.359760988172225}",3.5538279442894636,True,2025-05-29,1.7113628799787248,2.3103877086730624,student_t,ETH-USD,1408,0.15906182910635355,0.07547011171606428,,0.01630340946239702,2025-05-28,2024-01-15,5.04617642154478,9.411951011024133
3.9795749436381067,-3.9795749436381067,7.984456835809163,13.860295874561176,False,False,2628.7601316186415,2645.6185640123304,0,null,-1310.3800658093207,"{""alpha[1]"": 0.179733696382549, ""beta[1]"": 0.42411193246702367, ""nu"": 3.318291628240058, ""omega"": 6.5069334094107445}",3.5319427605557268,True,2025-05-30,1.7075890464021364,2.3045729769540055,student_t,ETH-USD,1409,0.0525684874684381,0.05383673588476056,,0.009433364153211663,2025-05-29,2024-01-16,5.030944693006868,9.363248532114158
0.03384845861428063,-0.03384845861428063,8.65129643042806,15.002534211840333,False,False,2629.759490931767,2646.6179233254556,0,null,-1310.8797454658834,"{""alpha[1]"": 0.17346463563755, ""beta[1]"": 0.4415757534577149, ""nu"": 3.3209234715390035, ""omega"": 6.327787722326209}",3.8202289342517988,True,2025-05-31,1.788599644239123,2.3842830707781286,student_t,ETH-USD,1410,0.27120859550957443,0.10108823877967062,,-0.004513804662898134,2025-05-30,2024-01-17,5.458020368805764,10.142672336581333
-0.28345344267038725,0.28345344267038725,8.112129059377903,14.12623128294537,False,False,2628.5943498644306,2645.4527822581194,0,null,-1310.2971749322153,"{""alpha[1]"": 0.17043523469030433, ""beta[1]"": 0.459924538245359, ""nu"": 3.28678436768048, ""omega"": 6.136843451896177}",3.5864176559596457,True,2025-06-01,1.7218385283161197,2.321360418454382,student_t,ETH-USD,1411,0.2690874742091846,0.09795026016992349,,5.678878021612147e-05,2025-05-31,2024-01-18,5.0982960415133,9.511572574321953
-2.754443838511367,2.754443838511367,7.8849574540631,13.815846784029368,False,False,2626.9591068183363,2643.817539212025,0,null,-1309.4795534091681,"{""alpha[1]"": 0.17094136262451937, ""beta[1]"": 0.4747523766655012, ""nu"": 3.237272288853455, ""omega"": 6.00661697305442}",3.4924509741718857,True,2025-06-02,1.6898591391294042,2.2950706663862412,student_t,ETH-USD,1412,0.38408860007858403,0.1200076030055312,,0.005536520743561094,2025-06-01,2024-01-19,4.927328163060307,9.246316462041742
0.5313910777466974,-0.5313910777466974,8.160844084401113,14.247918947136736,False,False,2628.525687411004,2645.384119804693,0,null,-1310.262843705502,"{""alpha[1]"": 0.1711396504096482, ""beta[1]"": 0.45907941932975904, ""nu"": 3.2688340698186886, ""omega"": 6.189944118189869}",3.613426378761262,True,2025-06-03,1.726218775749297,2.3283136913945772,student_t,ETH-USD,1413,0.22922034024761903,0.09038976459671172,,0.009231240235843983,2025-06-02,2024-01-20,5.1157978826990735,9.57036753741786
-0.590659902634217,0.590659902634217,7.8891424369169805,13.764278992445877,False,False,2628.636085788982,2645.494518182671,0,null,-1310.318042894491,"{""alpha[1]"": 0.17482704380669872, ""beta[1]"": 0.44330115047892277, ""nu"": 3.27492739774058, ""omega"": 6.366176259651086}",3.4930227605305046,True,2025-06-04,1.692723961234286,2.2942411510203717,student_t,ETH-USD,1414,0.27695090837748576,0.09842518144507886,,0.009774360810015049,2025-06-03,2024-01-21,4.948358264915494,9.251858241873661
7.6598684426195955,-7.6598684426195955,7.7203132438595565,13.433856983835547,True,False,2628.795004722253,2645.653437115942,0,null,-1310.3975023611265,"{""alpha[1]"": 0.18498102678754702, ""beta[1]"": 0.4124508256513656, ""nu"": 3.2989926546299775, ""omega"": 6.64977932151054}",3.417724507080146,True,2025-06-05,8.942107797443231,2.27176065106314,student_t,ETH-USD,1415,2.6658558852491736,0.013943159391463697,,0.01222925193456846,2025-06-04,2024-01-22,4.853704352883623,9.054184381765964
-2.4895296993502916,2.4895296993502916,10.491649792791087,18.330174765509792,False,False,2630.1247443801894,2646.9831767738783,0,null,-1311.0623721900947,"{""alpha[1]"": 0.16872810983820483, ""beta[1]"": 0.47588998295796947, ""nu"": 3.2618798715019275, ""omega"": 5.99469779621187}",4.644894105123884,True,2025-06-06,1.9770905181997431,2.579751743062861,student_t,ETH-USD,1416,0.45313309870961144,0.14792800684435947,,0.008925257446350216,2025-06-05,2024-01-23,6.573132274841928,12.303270985085645
-1.971027098964016,1.971027098964016,9.434759882335053,16.58584299943408,False,False,2628.72037011255,2645.578802506239,0,null,-1310.360185056275,"{""alpha[1]"": 0.16173477311675097, ""beta[1]"": 0.5192868390108771, ""nu"": 3.2153550729744205, ""omega"": 5.504557532271145}",4.1873387752983104,True,2025-06-07,1.8672589738304022,2.4757443768297347,student_t,ETH-USD,1417,0.3923772540667697,0.1303701657384059,,0.020068943204308638,2025-06-06,2024-01-24,5.876517982371372,11.065989474876563
0.6240778385498419,-0.6240778385498419,8.743172379677539,15.326852324553114,False,False,2629.8908943388906,2646.7493267325794,0,null,-1310.9454471694453,"{""alpha[1]"": 0.16204707563091675, ""beta[1]"": 0.5025708088203716, ""nu"": 3.2408549127279147, ""omega"": 5.705514351798716}",3.8804108393715926,True,2025-06-08,1.7926265659842366,2.3987519323300637,student_t,ETH-USD,1418,0.24173760863220986,0.09631817777667535,,0.024647910987228745,2025-06-07,2024-01-25,5.458830011194035,10.25589561621737
-6.578641949116985,6.578641949116985,8.191395378069368,14.343239213547838,False,False,2630.2365495231084,2647.094981916797,0,null,-1311.1182747615542,"{""alpha[1]"": 0.16508294332604426, ""beta[1]"": 0.48057179692900936, ""nu"": 3.2510555750989005, ""omega"": 5.977800599883358}",3.6353587817823665,True,2025-06-09,1.7280517420019317,2.33320655656635,student_t,ETH-USD,1419,0.5848998849652359,0.16187577505565265,,0.024824213766469334,2025-06-08,2024-01-26,5.119355750187721,9.608935556448264
-4.80527948867583,4.80527948867583,9.927707195743578,17.454875934581153,False,False,2634.2135705218816,2651.0720029155705,0,null,-1313.1067852609408,"{""alpha[1]"": 0.15815663434377072, ""beta[1]"": 0.5119995198145054, ""nu"": 3.218593228835612, ""omega"": 5.711747679380454}",4.4112301296413055,True,2025-06-10,1.917940766509886,2.526843605964437,student_t,ETH-USD,1420,0.5493190648186645,0.16451601633726287,,0.03356745039981748,2025-06-09,2024-01-27,6.18110180769745,11.646322145050444
1.4314883961148022,-1.4314883961148022,9.862831347426278,17.243985366364978,False,False,2637.601421111227,2654.459853504916,0,null,-1314.8007105556135,"{""alpha[1]"": 0.165803722412602, ""beta[1]"": 0.47975821763095833, ""nu"": 3.2684552167461565, ""omega"": 6.057745246059991}",4.3811988758060485,True,2025-06-11,1.914411322816755,2.5185283647172665,student_t,ETH-USD,1421,0.23695370409941824,0.10140345892868316,,0.04311747874540644,2025-06-10,2024-01-28,6.170562478103163,11.57183428898311
4.488379186058934,-4.488379186058934,8.833939101310046,15.4001279473364,False,False,2638.5691506010835,2655.4275829947724,0,null,-1315.2845753005417,"{""alpha[1]"": 0.16663248057345426, ""beta[1]"": 0.45814676343150373, ""nu"": 3.2943085378656547, ""omega"": 6.314883981369814}",3.923111489159522,True,2025-06-12,1.8058448186676923,2.4074186769371937,student_t,ETH-USD,1422,0.05263271688217977,0.058765669609485066,,0.041198328897089374,2025-06-11,2024-01-29,5.541033523702528,10.364946147007435
2.7646644940027914,-2.7646644940027914,9.261242821415617,16.138241551481592,False,False,2640.1926040233966,2657.0510364170855,0,null,-1316.0963020116983,"{""alpha[1]"": 0.16057754918472128, ""beta[1]"": 0.48808327778583277, ""nu"": 3.29154876500478, ""omega"": 5.961462919774553}",4.10594365737097,True,2025-06-13,1.85355004875553,2.4543463425142913,student_t,ETH-USD,1423,0.15243634312701348,0.0809886761245663,,0.02698717491801291,2025-06-12,2024-01-30,5.813391356543058,10.863532106459415
1.801050864927618,-1.801050864927618,8.833885736304921,15.334452331707768,False,False,2641.637611670574,2658.496044064263,0,null,-1316.818805835287,"{""alpha[1]"": 0.16050653394955203, ""beta[1]"": 0.47874186039341804, ""nu"": 3.322143655008501, ""omega"": 6.0506772231814985}",3.9112478614097212,True,2025-06-14,1.8085724987350895,2.4057580769561335,student_t,ETH-USD,1424,0.18820492823954404,0.08559763762224695,,0.019104146982755702,2025-06-13,2024-01-31,5.565149429718495,10.360814627152305
-0.527258093333992,0.527258093333992,8.48619463594912,14.805572213008459,False,False,2640.5146233707637,2657.3730557644526,0,null,-1316.2573116853819,"{""alpha[1]"": 0.1563935811211818, ""beta[1]"": 0.5059205811715685, ""nu"": 3.2795622645369984, ""omega"": 5.7666245775170415}",3.761568212524577,True,2025-06-15,1.7655310403446514,2.3673045958884296,student_t,ETH-USD,1425,0.29244344615661994,0.10481058877080365,,0.020857775529290717,2025-06-14,2024-02-01,5.321610829798401,9.953800783746363
0.2450025355925322,-0.2450025355925322,8.128311906430152,14.192936625934157,False,False,2640.534950322978,2657.393382716667,0,null,-1316.267475161489,"{""alpha[1]"": 0.1572156805297792, ""beta[1]"": 0.4951513577052614, ""nu"": 3.272570835903286, ""omega"": 5.937233551344755}",3.6035226878859348,True,2025-06-16,1.7219755991200731,2.324492226356229,student_t,ETH-USD,1426,0.2424189624214579,0.09289071506593176,,0.020056320244021333,2025-06-15,2024-02-02,5.093381784021687,9.534074042185699
1.181615014381893,-1.181615014381893,7.92812447673555,13.833331460112898,False,False,2640.7094620511552,2657.567894444844,0,null,-1316.3547310255776,"{""alpha[1]"": 0.1600946550452281, ""beta[1]"": 0.4769495136876966, ""nu"": 3.278568412952647, ""omega"": 6.172122053321876}",3.5141491887917176,True,2025-06-17,1.6974543651671032,2.299310517617138,student_t,ETH-USD,1427,0.18948096248479196,0.08117558676443512,,0.019200876705877667,2025-06-16,2024-02-03,4.9712342640777285,9.299173690825398
-0.537831271152281,0.537831271152281,7.907894705964142,13.776247582846935,False,False,2641.0995270994654,2657.9579594931542,0,null,-1316.5497635497327,"{""alpha[1]"": 0.16186516661070802, ""beta[1]"": 0.4628250612474309, ""nu"": 3.2914771986810343, ""omega"": 6.345012691699087}",3.503663559074419,True,2025-06-18,1.695811059680696,2.2962171195886243,student_t,ETH-USD,1428,0.27517947776657736,0.09812982013069733,,0.017880182211905824,2025-06-17,2024-02-04,4.965758284179262,9.275150741917443
0.10495338155543245,-0.10495338155543245,7.827630876060526,13.62150646925419,False,False,2641.229985067933,2658.0884174616217,0,null,-1316.6149925339664,"{""alpha[1]"": 0.16525651202348632, ""beta[1]"": 0.44880554624397384, ""nu"": 3.3017512573870134, ""omega"": 6.4955763173696965}",3.468192690936735,True,2025-06-19,1.6861952601918206,2.285676085420715,student_t,ETH-USD,1429,0.24074947283337678,0.09076298639824723,,0.019522157849167873,2025-06-18,2024-02-05,4.919942838222964,9.181252021380148
4.6407330736644115,-4.6407330736644115,7.751722732945337,13.462635575312918,False,False,2641.242311836858,2658.1007442305468,0,null,-1316.621155918429,"{""alpha[1]"": 0.17105036657319211, ""beta[1]"": 0.4322842441312907, ""nu"": 3.3186292716821235, ""omega"": 6.63305162181171}",3.4330976879522965,True,2025-06-20,1.6775839993692019,2.2752637827819293,student_t,ETH-USD,1430,0.012014279760495504,0.044511995656868114,,0.018497787261994435,2025-06-19,2024-02-06,4.881018668874321,9.091932639351219
4.538295163038491,-4.538295163038491,8.890583073578428,15.440373946322659,False,False,2642.905921819486,2659.764354213175,0,null,-1317.452960909743,"{""alpha[1]"": 0.16475344295402003, ""beta[1]"": 0.4418397551593516, ""nu"": 3.311113717764083, ""omega"": 6.611648500697279}",3.9299478142453,True,2025-06-21,1.8149367344750273,2.412138828913103,student_t,ETH-USD,1431,0.05311375927311342,0.058863206360194854,,0.0029377869089022303,2025-06-20,2024-02-07,5.600570348500758,10.424615799057971
3.1924600638869483,-3.1924600638869483,9.314162546569008,16.15031848284571,False,False,2645.0753240902222,2661.933756483911,0,null,-1318.5376620451111,"{""alpha[1]"": 0.16670068765057827, ""beta[1]"": 0.43032629675643214, ""nu"": 3.3196298126438846, ""omega"": 6.79234846605135}",4.110567712938508,True,2025-06-22,1.8625648067540066,2.458016880603378,student_t,ETH-USD,1432,0.13425219585937428,0.07726400594965377,,-0.010437866553731585,2025-06-21,2024-02-08,5.877503981074431,10.918860658852317
-8.332138843405147,8.332138843405147,8.953749701663698,15.431512176419577,False,False,2647.0426984095066,2663.9011308031954,0,null,-1319.5213492047533,"{""alpha[1]"": 0.16925378142178565, ""beta[1]"": 0.40814574330321757, ""nu"": 3.3710813002083255, ""omega"": 7.006368610120112}",3.9454093580498584,True,2025-06-23,1.8266049897462033,2.416484085193443,student_t,ETH-USD,1433,0.7006792389579996,0.18826684692925713,,-0.016505784212135565,2025-06-22,2024-02-09,5.681445935754832,10.494545849520549
-1.0753586968918247,1.0753586968918247,11.50854730277337,19.961115691782396,False,False,2651.8342569980905,2668.6926893917794,0,null,-1321.9171284990452,"{""alpha[1]"": 0.17461896675297725, ""beta[1]"": 0.4146704514221487, ""nu"": 3.3195006275458088, ""omega"": 7.064434679998533}",5.082348473770624,True,2025-06-24,2.0738682746136385,2.6697308379791447,student_t,ETH-USD,1434,0.41673501365455934,0.14567968501438758,,-0.005352620697084797,2025-06-23,2024-02-10,7.259341576199355,13.492609804546921
1.1792454133012487,-1.1792454133012487,9.55550117284217,16.54381860612745,False,False,2652.6206875331764,2669.479119926865,0,null,-1322.3103437665882,"{""alpha[1]"": 0.16771273585208105, ""beta[1]"": 0.4168337862843657, ""nu"": 3.3354316936281316, ""omega"": 7.049387377006186}",4.218748070196028,True,2025-06-25,1.8889063349217818,2.4831650715665763,student_t,ETH-USD,1435,0.24289090264853974,0.1002344333793642,,-0.0043013929400575355,2025-06-24,2024-02-11,6.037063466272039,11.20268875123766
0.1308490357970126,-0.1308490357970126,8.562582718464649,14.757777099451381,False,False,2653.054018943616,2669.912451337305,0,null,-1322.527009471808,"{""alpha[1]"": 0.17431308951335842, ""beta[1]"": 0.3811771273417001, ""nu"": 3.37467009408014, ""omega"": 7.413907365127094}",3.7766614933178593,True,2025-06-26,1.7817875117081763,2.3719197341738223,student_t,ETH-USD,1436,0.2650565273660363,0.09906646112816304,,-0.007166375610904474,2025-06-25,2024-02-12,5.431979583117735,10.037495148613308
-0.31901647683943546,0.31901647683943546,8.175024565439527,14.176150812481243,False,False,2648.3802372278064,2665.2386696214953,0,null,-1320.1901186139032,"{""alpha[1]"": 0.1765718180224772, ""beta[1]"": 0.3805399906987499, ""nu"": 3.314475284110701, ""omega"": 7.500313838719375}",3.603791454336289,True,2025-06-27,1.7322302341969555,2.3274710141058845,student_t,ETH-USD,1437,0.2739327360342401,0.0990081831338888,,-0.01908871566590111,2025-06-26,2024-02-13,5.159638243845362,9.581801836549436
-0.5448479438353963,0.5448479438353963,7.947743214184055,13.753734305012294,False,False,2648.26895731611,2665.127389709799,0,null,-1320.134478658055,"{""alpha[1]"": 0.18920377444310998, ""beta[1]"": 0.33734524312193226, ""nu"": 3.333178936972134, ""omega"": 7.9679604426443245}",3.5030182749598633,True,2025-06-28,1.7051681663680944,2.298613747477384,student_t,ETH-USD,1438,0.2785024109443078,0.09860298599475445,,-0.01724843316754194,2025-06-27,2024-02-14,5.0252002750507545,9.31545065564004
-2.586198793383372,2.586198793383372,7.9194458393630445,13.783334257172852,False,False,2644.1166744479333,2660.975106841622,0,null,-1318.0583372239666,"{""alpha[1]"": 0.18716057015795945, ""beta[1]"": 0.38107014412527834, ""nu"": 3.279281528843597, ""omega"": 7.412313035521405}",3.4901925536811045,True,2025-06-29,1.6985369843561036,2.29682163693636,student_t,ETH-USD,1439,0.37846194263815186,0.11867364556946036,,-0.026176687145869716,2025-06-28,2024-02-15,4.983040059379658,9.281165763562655
0.5812878912329382,-0.5812878912329382,8.288773021344898,14.412397484274605,False,False,2644.9289211265564,2661.7873535202452,0,null,-1318.4644605632782,"{""alpha[1]"": 0.18452878328211647, ""beta[1]"": 0.38098496436742285, ""nu"": 3.2887857397069995, ""omega"": 7.436969912462713}",3.653581417468042,True,2025-06-30,1.7446040265411593,2.3421245159881883,student_t,ETH-USD,1440,0.23190848415110807,0.09133183161133153,,-0.024322768314454263,2025-06-29,2024-02-16,5.219457574255096,9.714471052366083
3.298229902755953,-3.298229902755953,8.03992925672294,13.97318389547612,False,False,2644.9635324658457,2661.8219648595345,0,null,-1318.4817662329228,"{""alpha[1]"": 0.18510370419904315, ""beta[1]"": 0.3775490881107056, ""nu"": 3.292609865520851, ""omega"": 7.465821876219017}",3.5434282659718614,True,2025-07-01,1.7143918451869684,2.3114836798324316,student_t,ETH-USD,1441,0.08833484405141269,0.061244975508365246,,-0.024015028907126725,2025-06-30,2024-02-17,5.064926783784205,9.422727453592472
-6.654592927619783,6.654592927619783,8.531859582143426,14.736071359378654,False,False,2646.9990982867007,2663.8575306803896,0,null,-1319.4995491433504,"{""alpha[1]"": 0.18654158711627333, ""beta[1]"": 0.3551023625506784, ""nu"": 3.345575792395085, ""omega"": 7.685585519234988}",3.754902493762234,True,2025-07-02,1.777339274235127,2.3687735147872093,student_t,ETH-USD,1442,0.6029899204206595,0.16652651783783587,,-0.029393761098734095,2025-07-01,2024-02-18,5.405205480793398,9.998058856163789
-0.7621334376491697,0.7621334376491697,10.483718491827785,18.169454661004504,False,False,2650.2017913191357,2667.0602237128246,0,null,-1321.1008956595679,"{""alpha[1]"": 0.19008746018963624, ""beta[1]"": 0.3478738349976166, ""nu"": 3.320036924039451, ""omega"": 7.899447327379139}",4.621891536978682,True,2025-07-03,1.9812606830537218,2.5760437947527404,student_t,ETH-USD,1443,0.3690971901607707,0.13050170618318044,,-0.022603387872389302,2025-07-02,2024-02-19,6.619810365566237,12.28803718066886
3.2354463786860808,-3.2354463786860808,8.957623521147946,15.565291347274439,False,False,2649.680747538605,2666.539179932294,0,null,-1320.8403737693025,"{""alpha[1]"": 0.18231530116937966, ""beta[1]"": 0.3664348837650879, ""nu"": 3.294679765158269, ""omega"": 7.7332684526211635}",3.9482646733744047,True,2025-07-04,1.822560152290421,2.41952208876386,student_t,ETH-USD,1444,0.1204175416630171,0.07263009023264377,,-0.025515600241966297,2025-07-03,2024-02-20,5.643797211946421,10.498455401950451
-0.34867005333952983,0.34867005333952983,8.905981433407671,15.46917760569482,False,False,2650.413041738756,2667.271474132445,0,null,-1321.206520869378,"{""alpha[1]"": 0.178796925456158, ""beta[1]"": 0.3777911010642147, ""nu"": 3.2935687245066196, ""omega"": 7.61722023092047}",3.9205897223788755,True,2025-07-05,1.8171772556102321,2.4134805171773834,student_t,ETH-USD,1445,0.29817414301920125,0.1078465703640504,,-0.03668222892830929,2025-07-04,2024-02-21,5.6148128070444905,10.4359869830655
-2.1207974578381883,2.1207974578381883,8.34309422978584,14.517457849301183,False,False,2650.15990605408,2667.0183384477687,0,null,-1321.07995302704,"{""alpha[1]"": 0.17843903112682996, ""beta[1]"": 0.3736005414893874, ""nu"": 3.2787574203211913, ""omega"": 7.716865673970729}",3.674498814379238,True,2025-07-06,1.7508616816162945,2.3487968803845662,student_t,ETH-USD,1446,0.36860852977229575,0.11897506359256622,,-0.03310053343087731,2025-07-05,2024-02-22,5.25137313760772,9.776708901418424
1.1037268754344536,-1.1037268754344536,8.33315017678884,14.444706006397665,False,False,2651.1514313891607,2668.0098637828496,0,null,-1321.5757156945804,"{""alpha[1]"": 0.1787192386439988, ""beta[1]"": 0.3650784631991314, ""nu"": 3.313686623216476, ""omega"": 7.7608575121423655}",3.6693781544546775,True,2025-07-07,1.751756451364603,2.346389945382875,student_t,ETH-USD,1447,0.20793907883706506,0.08661789440874666,,-0.028902824406389645,2025-07-06,2024-02-23,5.2625084521757515,9.765516316309112
-2.810785307868924,2.810785307868924,8.133976007787068,14.101164770253735,False,False,2650.7473033340957,2667.6057357277846,0,null,-1321.3736516670479,"{""alpha[1]"": 0.18131090274914305, ""beta[1]"": 0.3623424915230813, ""nu"": 3.3128338391394716, ""omega"": 7.758754603718913}",3.581931163795027,True,2025-07-08,1.7274894052323937,2.3222435560564323,student_t,ETH-USD,1448,0.39734497182811035,0.12342977451566108,,-0.02776033239679734,2025-07-07,2024-02-24,5.136114128693276,9.532192143697172
-5.767047456186563,5.767047456186563,8.442866551943178,14.61369062496491,False,False,2651.106667229222,2667.9650996229107,0,null,-1321.553333614611,"{""alpha[1]"": 0.18149168891923737, ""beta[1]"": 0.35828024063880504, ""nu"": 3.3274667322242544, ""omega"": 7.781757917271522}",3.7178125693008504,True,2025-07-09,1.76561466099575,2.359019745294284,student_t,ETH-USD,1449,0.5552705472577542,0.15661406595659463,,-0.026922706774927918,2025-07-08,2024-02-25,5.33836348896851,9.894359139472886
-6.431827028054491,6.431827028054491,9.898360968492113,17.18368181934595,False,False,2652.958974194942,2669.817406588631,0,null,-1322.479487097471,"{""alpha[1]"": 0.18281469507422016, ""beta[1]"": 0.3514800673616087, ""nu"": 3.3047105013754794, ""omega"": 7.990744887764417}",4.364224347415486,True,2025-07-10,1.9228916717515356,2.5191222052848468,student_t,ETH-USD,1450,0.6336483101840731,0.18033596068059565,,-0.023272327984416863,2025-07-09,2024-02-26,6.24113917562696,11.601769040005056
-0.1028632974937298,0.1028632974937298,10.813287052104151,18.75537889966635,False,False,2656.4866670411816,2673.3450994348705,0,null,-1324.2433335205908,"{""alpha[1]"": 0.19581615359329899, ""beta[1]"": 0.3257846471203818, ""nu"": 3.316130178822355, ""omega"": 8.298370546454482}",4.771364728135905,True,2025-07-11,2.011665313972097,2.607333371460096,student_t,ETH-USD,1451,0.34624271090481173,0.12778738370606396,,-0.014623683259366253,2025-07-10,2024-02-27,6.8219909206025,12.675875073112653
0.5075463191252998,-0.5075463191252998,8.984940937630501,15.599579955547693,False,False,2655.981430768442,2672.8398631621308,0,null,-1323.990715384221,"{""alpha[1]"": 0.19160322020686651, ""beta[1]"": 0.32616968085051584, ""nu"": 3.304894461970412, ""omega"": 8.32648884772589}",3.9626406200641875,True,2025-07-12,1.8259760941876468,2.4223653719158595,student_t,ETH-USD,1452,0.25783976904680533,0.10024063689491941,,-0.018498459566498808,2025-07-11,2024-02-28,5.664341700061402,10.531610008617232
-1.0292813610220113,1.0292813610220113,8.381273769016941,14.644828761964757,False,False,2653.1999779207044,2670.0584103143933,0,null,-1322.5999889603522,"{""alpha[1]"": 0.1943371922113117, ""beta[1]"": 0.3191215089279179, ""nu"": 3.2458601002293577, ""omega"": 8.553082926532625}",3.6964609638960075,True,2025-07-13,1.7530008855247576,2.354799361465183,student_t,ETH-USD,1453,0.31421741202320236,0.10851744831102081,,-0.028032476062177902,2025-07-12,2024-02-29,5.25506687944203,9.82246347008006
-1.3360439965658661,1.3360439965658661,8.188858100141257,14.307066784006631,False,False,2652.9887886695697,2669.8472210632585,0,null,-1322.4943943347848,"{""alpha[1]"": 0.20035209901521342, ""beta[1]"": 0.3009040025431808, ""nu"": 3.2485166733970323, ""omega"": 8.7606499938465}",3.613137599753258,True,2025-07-14,1.729771108380414,2.3315864410593377,student_t,ETH-USD,1454,0.3235215281388434,0.10933694313186336,,-0.02337062872073582,2025-07-13,2024-03-01,5.1343865662109955,9.59765031662046
-4.113496321850698,4.113496321850698,8.218810775126897,14.410495699945724,False,False,2651.9225984538953,2668.781030847584,0,null,-1321.9612992269476,"{""alpha[1]"": 0.20087742650877782, ""beta[1]"": 0.3074967293888226, ""nu"": 3.218031544449163, ""omega"": 8.740611512313173}",3.6280575912892554,True,2025-07-15,1.731468544045983,2.336377836217872,student_t,ETH-USD,1455,0.46253033147847716,0.13745774658332424,,-0.02619598816789719,2025-07-14,2024-03-02,5.137110307718838,9.632278336481715
-7.117212142105106,7.117212142105106,9.070748136719644,15.816893563677564,False,False,2654.687451689303,2671.545884082992,0,null,-1323.3437258446515,"{""alpha[1]"": 0.19756993136912465, ""beta[1]"": 0.307422541032924, ""nu"": 3.2683788322504443, ""omega"": 8.657817402701829}",4.0042018058548265,True,2025-07-16,1.8330243904713837,2.433314944399064,student_t,ETH-USD,1456,0.6406683314666052,0.17749903140187384,,-0.017210414872942573,2025-07-15,2024-03-03,5.696154487226987,10.63269099808226
-3.0748073753795313,3.0748073753795313,11.135380737526125,19.40565329608168,False,False,2659.066712264241,2675.9251446579296,0,null,-1325.5333561321204,"{""alpha[1]"": 0.20967218402924528, ""beta[1]"": 0.281358854373536, ""nu"": 3.277964013906409, ""omega"": 9.005026104165255}",4.920828719703837,True,2025-07-17,2.0382592101096573,2.6383182095243716,student_t,ETH-USD,1457,0.5034646599425606,0.16130033962173815,,-0.006965326591298869,2025-07-16,2024-03-04,6.994485823471673,13.055226586794271
-2.0562632029254235,2.0562632029254235,9.566240380921636,16.707033111466156,False,False,2658.2755402981165,2675.1339726918054,0,null,-1325.1377701490583,"{""alpha[1]"": 0.20885831063544494, ""beta[1]"": 0.2829853398477888, ""nu"": 3.2587652254640083, ""omega"": 9.029976202044315}",4.228078518917832,True,2025-07-18,1.885197342523857,2.487114973443547,student_t,ETH-USD,1458,0.40269426162931,0.13271447237794418,,-0.008648861041521778,2025-07-17,2024-03-05,5.9976220296607705,11.215184034868983
-1.2949634229548843,1.2949634229548843,8.674311663094922,15.111567677360561,False,False,2657.934756269671,2674.79318866336,0,null,-1324.9673781348356,"{""alpha[1]"": 0.21661290921396087, ""beta[1]"": 0.26117213726300265, ""nu"": 3.283014929425992, ""omega"": 9.191470998394959}",3.835092608798009,True,2025-07-19,1.7886129210846784,2.3885008503466025,student_t,ETH-USD,1459,0.3372286615210519,0.11465657896074546,,-0.0003349245684125721,2025-07-18,2024-03-06,5.449609807466148,10.170694473119651
-4.465825520101803,4.465825520101803,8.316357256293704,14.555711944052494,False,False,2652.5577970201543,2669.416229413843,0,null,-1322.2788985100772,"{""alpha[1]"": 0.2190647864903998, ""beta[1]"": 0.2751481895024987, ""nu"": 3.238721454688833, ""omega"": 9.03506249637947}",3.675457469474238,True,2025-07-20,1.744033177773769,2.3477621550649372,student_t,ETH-USD,1460,0.4835137739556728,0.1421493083425712,,-0.012085550152682707,2025-07-19,2024-03-07,5.204449959011645,9.749105314155303
-0.10368161256382447,0.10368161256382447,9.341707748360802,16.308733745868615,False,False,2655.4940056109194,2672.3524380046083,0,null,-1323.7470028054597,"{""alpha[1]"": 0.21202512239899468, ""beta[1]"": 0.2791893549793044, ""nu"": 3.2628745353893245, ""omega"": 9.029560704814106}",4.129514361836179,True,2025-07-21,1.8616243783572877,2.463264372005535,student_t,ETH-USD,1461,0.2981098153759068,0.11056033477802223,,-0.006019785961291846,2025-07-20,2024-03-08,5.858514694954306,10.952351865238388
0.3787238629941402,-0.3787238629941402,8.418645250919406,14.696929562096795,False,False,2655.704719043497,2672.5631514371858,0,null,-1323.8523595217484,"{""alpha[1]"": 0.20456669131169292, ""beta[1]"": 0.29370282292963207, ""nu"": 3.262504329191574, ""omega"": 8.863707900677559}",3.7209305228798715,True,2025-07-22,1.7576170686171375,2.3592018127451078,student_t,ETH-USD,1462,0.24505911517333012,0.09491193391191174,,-0.006724731651097105,2025-07-21,2024-03-09,5.279906166460738,9.869917254185307
3.23769538519407,-3.23769538519407,8.125848085630539,14.171985350333834,False,False,2655.541923605323,2672.400355999012,0,null,-1323.7709618026615,"{""alpha[1]"": 0.20393817426222502, ""beta[1]"": 0.30279306833999736, ""nu"": 3.269741377489264, ""omega"": 8.68302546812836}",3.589953503840453,True,2025-07-23,1.7228012979773766,2.323455275881974,student_t,ETH-USD,1463,0.0931657732257506,0.06288544840737705,,-0.0086788768901553,2025-07-22,2024-03-10,5.1010108497090805,9.526240225931769
-2.1343166363903565,2.1343166363903565,8.641150452608466,14.968854958706654,False,False,2656.897476798025,2673.7559091917137,0,null,-1324.4487383990124,"{""alpha[1]"": 0.20644319984994358, ""beta[1]"": 0.2881016228477337, ""nu"": 3.326538039396382, ""omega"": 8.732466389120816}",3.811442302289459,True,2025-07-24,1.788164948931806,2.382655648096534,student_t,ETH-USD,1464,0.379615988154719,0.12263500411906776,,-0.013398322919911956,2025-07-23,2024-03-11,5.458003126704017,10.12918377551641
-0.5181054006371546,0.5181054006371546,8.484870588275369,14.758016739882644,False,False,2654.808276182297,2671.666708575986,0,null,-1323.4041380911485,"{""alpha[1]"": 0.20712998016852371, ""beta[1]"": 0.2858165342399731, ""nu"": 3.2888593122236407, ""omega"": 8.858370036632316}",3.7428613403298012,True,2025-07-25,1.7677095192391952,2.3656851982478417,student_t,ETH-USD,1465,0.292934699439133,0.10463514512639069,,-0.01845500162301909,2025-07-24,2024-03-12,5.3405885881455,9.945409112001906
-0.3783586742210831,0.3783586742210831,8.154293190882775,14.227455028275713,False,False,2653.968714659333,2670.8271470530217,0,null,-1322.9843573296664,"{""alpha[1]"": 0.20448357280561136, ""beta[1]"": 0.3088791876058102, ""nu"": 3.2643029551582416, ""omega"": 8.57134416586409}",3.601010958769681,True,2025-07-26,1.726135809249504,2.3270326700315436,student_t,ETH-USD,1466,0.27479608605041755,0.09937204081430029,,-0.013135048479132537,2025-07-25,2024-03-13,5.1175630467872635,9.558845407208937
-3.5150492100801047,3.5150492100801047,7.975130114622877,13.892018552861451,False,False,2653.3061631555165,2670.1645955492054,0,null,-1322.6530815777583,"{""alpha[1]"": 0.20485103524569126, ""beta[1]"": 0.3313176849682817, ""nu"": 3.2778367626642595, ""omega"": 8.128057298606633}",3.520446707619945,True,2025-07-27,1.7048572498184238,2.304263338389861,student_t,ETH-USD,1467,0.42638260232605507,0.1286366736949177,,-0.013689702922369791,2025-07-26,2024-03-14,5.012602836440989,9.348618159411656
2.2922719977355035,-2.2922719977355035,8.662654397337944,15.072148110999583,False,False,2653.6301433255526,2670.4885757192415,0,null,-1322.8150716627763,"{""alpha[1]"": 0.20058948459135237, ""beta[1]"": 0.3394844743218236, ""nu"": 3.2938462337725434, ""omega"": 7.992559190878378}",3.8290428294728027,True,2025-07-28,1.7879825164054215,2.3867365786566874,student_t,ETH-USD,1468,0.15781013097496022,0.07864668260542407,,-0.00040698159354859975,2025-07-27,2024-03-15,5.448474617234705,10.156940258277903
-0.15905947019377775,0.15905947019377775,8.45498395842555,14.716678661842629,False,False,2652.1621101110804,2669.0205425047693,0,null,-1322.0810550555402,"{""alpha[1]"": 0.1984944651069764, ""beta[1]"": 0.34186515495203346, ""nu"": 3.2917965824422613, ""omega"": 7.9422167210785775}",3.738808047828675,True,2025-07-29,1.7634439384273155,2.362639513468588,student_t,ETH-USD,1469,0.27373025926347755,0.10073068667362697,,0.0027759596363669905,2025-07-28,2024-03-16,5.315545715075769,9.91400919716891
-0.3879902889875003,0.3879902889875003,8.096011955649375,14.192983176785091,False,False,2648.2209528267344,2665.0793852204233,0,null,-1320.1104764133672,"{""alpha[1]"": 0.20122468031472657, ""beta[1]"": 0.3281609898445123, ""nu"": 3.2369936840475093, ""omega"": 8.236116960333778}",3.5899933250745164,True,2025-07-30,1.715832807154059,2.321767234119464,student_t,ETH-USD,1470,0.2721817887370189,0.0988337328170465,,0.014800795897246973,2025-07-29,2024-03-17,5.055645485752874,9.49538299271714
2.971444242428923,-2.971444242428923,7.954083559887856,13.968359310057789,False,False,2645.9935379415033,2662.851970335192,0,null,-1318.9967689707516,"{""alpha[1]"": 0.19971806000588735, ""beta[1]"": 0.3452394583891262, ""nu"": 3.2202842882544687, ""omega"": 7.97030443615821}",3.5261456465491765,True,2025-07-31,1.697264420536169,2.3045852230962973,student_t,ETH-USD,1471,0.09942774892618181,0.06356493412796706,,0.00890213494832001,2025-07-30,2024-03-18,4.959999220952557,9.327937655225623
5.800920776094922,-5.800920776094922,8.400062429620403,14.677176293757842,True,False,2645.277450371452,2662.1358827651407,0,null,-1318.638725185726,"{""alpha[1]"": 0.19661336710531482, ""beta[1]"": 0.3391044536564911, ""nu"": 3.2623423034692816, ""omega"": 7.9358804103324605}",3.720083240447256,True,2025-08-01,3.0378916052612404,2.3574717374205436,student_t,ETH-USD,1472,0.5120139584227938,0.04050078276967075,,0.009910843420052278,2025-07-31,2024-03-19,5.261958714597244,9.850999053061994
2.779521082240836,-2.779521082240836,9.78167547760971,17.118375335899525,False,False,2643.8285828864186,2660.6870152801075,0,null,-1317.9142914432093,"{""alpha[1]"": 0.17378937136298517, ""beta[1]"": 0.3509105883307445, ""nu"": 3.2521203977521598, ""omega"": 8.012474709010819}",4.336714721965926,True,2025-08-02,1.9059218206341062,2.5103526091300203,student_t,ETH-USD,1473,0.16690233488307707,0.08693216490532812,,0.019923084890859748,2025-08-01,2024-03-20,6.117567779902374,11.47273757277364
-3.0375662256122413,3.0375662256122413,8.970554556433251,15.649085124054189,False,False,2636.85657052407,2653.7150029177587,0,null,-1314.428285262035,"{""alpha[1]"": 0.17767319518521443, ""beta[1]"": 0.3111056367556032, ""nu"": 3.2686884568330705, ""omega"": 8.499738817928494}",3.964381074641285,True,2025-08-03,1.8215209368060927,2.422462848259384,student_t,ETH-USD,1474,0.43336240000025283,0.13554540009988614,,-0.0069888089112566405,2025-08-02,2024-03-21,5.629681774392808,10.516973784376361
-6.143719936164039,6.143719936164039,8.70945890416032,15.108480164227814,False,False,2638.393489993592,2655.251922387281,0,null,-1315.196744996796,"{""alpha[1]"": 0.18444870563001156, ""beta[1]"": 0.28464884360369025, ""nu"": 3.320016684046218, ""omega"": 8.697923927423508}",3.8480935506328664,True,2025-08-04,1.7950386117424504,2.3911479874313897,student_t,ETH-USD,1475,0.5818078413980148,0.1635541780426755,,0.0002510848123753072,2025-08-03,2024-03-22,5.492436891796246,10.211697868103498
2.921728563264507,-2.921728563264507,10.121010299732744,17.645764297555168,False,False,2639.535945028184,2656.394377421873,0,null,-1315.767972514092,"{""alpha[1]"": 0.1868165183370789, ""beta[1]"": 0.30140908163108365, ""nu"": 3.284285926774682, ""omega"": 8.575773353964687}",4.48443102495968,True,2025-08-05,1.9421265276544695,2.543223282929545,student_t,ETH-USD,1476,0.1714668672644896,0.0894906254100684,,0.021874375600719646,2025-08-04,2024-03-23,6.351065908554296,11.870791104271339
-1.9743792721748508,1.9743792721748508,9.037432512701296,15.66978471332791,False,False,2641.045305436769,2657.903737830458,0,null,-1316.5226527183845,"{""alpha[1]"": 0.1918555659889808, ""beta[1]"": 0.27733366111486274, ""nu"": 3.3307249578033566, ""omega"": 8.767046851591076}",3.999140335653299,True,2025-08-06,1.8320524849101596,2.4281194235159305,student_t,ETH-USD,1477,0.38370416974973826,0.12573188266836502,,0.015856652607068453,2025-08-05,2024-03-24,5.699704122819908,10.59880899466164
-6.066555770363801,6.066555770363801,8.454113249519633,14.691504597994678,False,False,2639.788660452901,2656.6470928465897,0,null,-1315.8943302264504,"{""alpha[1]"": 0.19031683468511143, ""beta[1]"": 0.2825015981464944, ""nu"": 3.3100802545994665, ""omega"": 8.733181411796238}",3.7415304669768634,True,2025-08-07,1.7640901740061214,2.3621205972178245,student_t,ETH-USD,1478,0.5693944047083264,0.1598113511646313,,0.012852069110342874,2025-08-06,2024-03-25,5.321332323802714,9.914579346099314
-2.4110416212076,2.4110416212076,10.0240378363784,17.487180168768322,False,False,2641.837130692943,2658.695563086632,0,null,-1316.9185653464715,"{""alpha[1]"": 0.1845840634385043, ""beta[1]"": 0.32339997948762833, ""nu"": 3.2775810814425466, ""omega"": 8.321654143593177}",4.440152856964573,True,2025-08-08,1.932219271103763,2.5337512525873707,student_t,ETH-USD,1479,0.43492258707602505,0.1416737909721809,,0.01724895697599284,2025-08-07,2024-03-26,6.2874101203128925,11.756337476010478
-6.136011359436159,6.136011359436159,8.902434986850412,15.478512566251705,False,False,2643.053969683171,2659.91240207686,0,null,-1317.5269848415855,"{""alpha[1]"": 0.1859598213485704, ""beta[1]"": 0.3058449061222384, ""nu"": 3.3092440530774825, ""omega"": 8.492480793875062}",3.943862101224599,True,2025-08-09,1.8153450459070664,2.414056528808121,student_t,ETH-USD,1480,0.5867911453587012,0.16577874023070827,,0.022259322374972072,2025-08-08,2024-03-27,5.599811547737856,10.441862663634653
0.22027596765826188,-0.22027596765826188,10.156025695304363,17.686658356096576,False,False,2646.388339681772,2663.2467720754607,0,null,-1319.194169840886,"{""alpha[1]"": 0.18503515771459328, ""beta[1]"": 0.32894897676334794, ""nu"": 3.3003439370446093, ""omega"": 8.243862085861243}",4.506207549639317,True,2025-08-10,1.945994939780388,2.546467786809572,student_t,ETH-USD,1481,0.3078487177145159,0.11694468718543363,,0.039463555143126564,2025-08-09,2024-03-28,6.3772503219485746,11.914744686201615
0.6426241418524382,-0.6426241418524382,8.740507347886457,15.2548159675351,False,False,2646.1832367552256,2663.0416691489145,0,null,-1319.0916183776128,"{""alpha[1]"": 0.17747873377894754, ""beta[1]"": 0.3411879633252433, ""nu"": 3.282294983746697, ""omega"": 8.162892378116045}",3.8802892543681557,True,2025-08-11,1.7946407630111194,2.397109605741788,student_t,ETH-USD,1482,0.24174058384956854,0.09611882079386994,,0.03555739229404975,2025-08-10,2024-03-29,5.477435818843804,10.254506221239424
-8.25968197744615,8.25968197744615,8.230514898449936,14.377336946470543,False,False,2645.9091886866745,2662.7676210803634,0,null,-1318.9545943433372,"{""alpha[1]"": 0.17844804517463148, ""beta[1]"": 0.33438711926999143, ""nu"": 3.2764160760728065, ""omega"": 8.260266320445888}",3.6559339399225332,True,2025-08-12,1.7339686145840942,2.3373231326468633,student_t,ETH-USD,1483,0.6706486140238238,0.17916507725948663,,0.03707083764483249,2025-08-11,2024-03-30,5.153290303030314,9.6568257485025
-3.5383497315932106,3.5383497315932106,11.169200813429898,19.4701969309316,False,False,2652.4013637721832,2669.259796165872,0,null,-1322.2006818860916,"{""alpha[1]"": 0.17550544489617212, ""beta[1]"": 0.354464716310609, ""nu"": 3.295298806619117, ""omega"": 8.014976971496967}",4.9608517807643775,True,2025-08-13,2.0404117317705923,2.641976149858554,student_t,ETH-USD,1484,0.5272124790703168,0.16643568258475225,,0.05381025593904604,2025-08-12,2024-03-31,7.005899849813116,13.105218526881998
4.474079806797058,-4.474079806797058,9.769824447644096,17.050413025896084,False,False,2651.923386484681,2668.78181887837,0,null,-1321.9616932423405,"{""alpha[1]"": 0.17624059619465676, ""beta[1]"": 0.3510821284533821, ""nu"": 3.2876715407648476, ""omega"": 8.060735999573566}",4.34264335892191,True,2025-08-14,1.9058199832229565,2.508555614620781,student_t,ETH-USD,1485,0.08234625612735783,0.06990297138847516,,0.053065052785215845,2025-08-13,2024-04-01,6.121004929344213,11.464376945644569
2.407233843467878,-2.407233843467878,9.64320125679912,16.82703485923336,False,False,2652.2622399810025,2669.1206723746914,0,null,-1322.1311199905012,"{""alpha[1]"": 0.17347352656029202, ""beta[1]"": 0.3722983788853423, ""nu"": 3.2887844647603077, ""omega"": 7.753591824627853}",4.286140118498203,True,2025-08-15,1.8928586006602943,2.4954603612489348,student_t,ETH-USD,1486,0.1817624389704006,0.0890850203156048,,0.05210501953428906,2025-08-14,2024-04-02,6.0424826228758866,11.31573587502835
0.31148978209248485,-0.31148978209248485,8.993577740400891,15.798385611502601,False,False,2647.6860217637723,2664.544454157461,0,null,-1319.8430108818861,"{""alpha[1]"": 0.17466120697328733, ""beta[1]"": 0.4092159164665196, ""nu"": 3.2377214293927037, ""omega"": 7.283067789999623}",4.007525927778374,True,2025-08-16,1.81917595365561,2.4280602805941585,student_t,ETH-USD,1487,0.2644249119613517,0.10244241412007905,,0.06073037686821132,2025-08-15,2024-04-03,5.599988021319515,10.555731194100382
-1.0583067209604007,1.0583067209604007,8.349708452205032,14.676620648714714,False,False,2647.7385954570427,2664.5970278507316,0,null,-1319.8692977285214,"{""alpha[1]"": 0.17458370273122994, ""beta[1]"": 0.39393539250495085, ""nu"": 3.2332214331845086, ""omega"": 7.53260175174997}",3.721785717454012,True,2025-08-17,1.7445084640627857,2.3540054910561987,student_t,ETH-USD,1488,0.312708933718335,0.10858615688808144,,0.05803064739617686,2025-08-16,2024-04-04,5.195871953406294,9.800308967847734
3.6601101903642568,-3.6601101903642568,8.123992838182124,14.262584893390951,False,False,2647.993486215515,2664.851918609204,0,null,-1319.9967431077575,"{""alpha[1]"": 0.1746966229447943, ""beta[1]"": 0.3863471421198554, ""nu"": 3.244308424625941, ""omega"": 7.616556742043567}",3.6212760030219635,True,2025-08-18,1.7177458209783771,2.3262292870222394,student_t,ETH-USD,1489,0.07002602011251499,0.058757060186204836,,0.05902710847235372,2025-08-17,2024-04-05,5.060630592614555,9.535816208984736
5.70251442765858,-5.70251442765858,8.66795769184671,15.105880517205565,True,False,2650.415445721551,2667.2738781152398,0,null,-1321.2077228607754,"{""alpha[1]"": 0.16652123330466861, ""beta[1]"": 0.40103048417929593, ""nu"": 3.3021277513261866, ""omega"": 7.346171029857785}",3.8540832912245855,True,2025-08-19,2.399665778441317,2.3884773750415893,student_t,ETH-USD,1490,0.25230177376758983,0.044696838320238144,,0.05237799099361606,2025-08-18,2024-04-06,5.436933613166381,10.172198259682391
-6.211260554151851,6.211260554151851,9.747000146305956,16.864524874302475,False,False,2654.2082443672757,2671.0666767609646,0,null,-1323.1041221836379,"{""alpha[1]"": 0.16765523145324698, ""beta[1]"": 0.3946819651635036, ""nu"": 3.3578596920926618, ""omega"": 7.340768226073781}",4.320861276901562,True,2025-08-20,1.9085322974975103,2.5032226441959615,student_t,ETH-USD,1491,0.6183600057690549,0.17645582939285306,,0.03885705938058225,2025-08-19,2024-04-07,6.155939561229237,11.43432238513344
2.601088274913752,-2.601088274913752,10.444749740862909,18.03428334993744,False,False,2656.773643648783,2673.632076042472,0,null,-1324.3868218243915,"{""alpha[1]"": 0.18040141741087695, ""beta[1]"": 0.36393704245509007, ""nu"": 3.3780415910142807, ""omega"": 7.668122880206049}",4.630528357436031,True,2025-08-21,1.9787954849224523,2.571710645367866,student_t,ETH-USD,1492,0.20036318142024476,0.09652054301294852,,0.04544394431995279,2025-08-20,2024-04-08,6.608351903318644,12.253142576208596
-13.453015561013714,13.453015561013714,9.22530798338969,15.950422422749835,False,False,2653.475694249869,2670.3341266435577,0,null,-1322.7378471249344,"{""alpha[1]"": 0.17188703693269236, ""beta[1]"": 0.37086925187040604, ""nu"": 3.3601905022480034, ""omega"": 7.647023398503036}",4.08500635176692,True,2025-08-22,1.8540697678540337,2.44787153347891,student_t,ETH-USD,1493,0.9642254898178694,0.24273562342386737,,0.026707143995739382,2025-08-21,2024-04-09,5.831494235343653,10.820546781373
1.1503359125842605,-1.1503359125842605,15.619804383504613,27.50616059122052,False,False,2659.2246259088724,2676.0830583025613,0,null,-1325.6123129544362,"{""alpha[1]"": 0.18715747556575496, ""beta[1]"": 0.3907747675876454, ""nu"": 3.208323401525199, ""omega"": 7.724547795937712}",6.94750094047303,True,2025-08-23,2.3701614535185422,2.9806499212500825,student_t,ETH-USD,1494,0.4279637756951529,0.17175366323830393,,0.0641777060455394,2025-08-22,2024-04-10,9.709611426487312,18.32570223641464
-0.07445012078314428,0.07445012078314428,11.584263796903814,20.350754317599826,False,False,2660.150122894352,2677.008555288041,0,null,-1326.075061447176,"{""alpha[1]"": 0.17111748764913504, ""beta[1]"": 0.4171965725980912, ""nu"": 3.2314897999610595, ""omega"": 7.3582343613622365}",5.1545700396157015,True,2025-08-24,2.072484594438921,2.6810643528018128,student_t,ETH-USD,1495,0.36447790376196765,0.13667662683452955,,0.059688090475290646,2025-08-23,2024-04-11,7.215107954456203,13.5932125626698
8.892030987524459,-8.892030987524459,9.359823801520122,16.382445210031307,True,False,2660.045102731189,2676.903535124878,0,null,-1326.0225513655946,"{""alpha[1]"": 0.17567032585926728, ""beta[1]"": 0.37784325698536214, ""nu"": 3.2673332398803003, ""omega"": 7.786485912633169}",4.167196148856939,True,2025-08-25,8.367125022393413,2.466764275784603,student_t,ETH-USD,1496,2.892502554249419,0.02093282002880338,,0.062021114601965965,2025-08-24,2024-04-12,5.847291456735596,10.985312990404795
-5.070259169074852,5.070259169074852,11.904506882393473,20.879596346645954,False,False,2661.726438268922,2678.5848706626107,0,null,-1326.863219134461,"{""alpha[1]"": 0.1528303084613509, ""beta[1]"": 0.4763672355022283, ""nu"": 3.244336796740206, ""omega"": 6.54546215900677}",5.294619959147373,True,2025-08-26,2.100682929253847,2.707785204485907,student_t,ETH-USD,1497,0.6247942138028137,0.19038975835004956,,0.05978737767427984,2025-08-25,2024-04-13,7.425625106981412,13.968716665930089
2.1317945353420646,-2.1317945353420646,10.973286158345639,19.237652763482423,False,False,2659.0946471755797,2675.9530795692685,0,null,-1325.5473235877898,"{""alpha[1]"": 0.14939764628810476, ""beta[1]"": 0.4999333528512763, ""nu"": 3.2578015783262364, ""omega"": 6.167919169608472}",4.8921464196919615,True,2025-08-27,2.0191196897196195,2.626450886063428,student_t,ETH-USD,1498,0.23558800688764558,0.10749380819834074,,0.08518093059721768,2025-08-26,2024-04-14,6.843554673094973,12.88117535517613
-0.08400507152255572,0.08400507152255572,9.84940122096467,17.348257535394005,False,False,2656.0701922464054,2672.9286246400943,0,null,-1324.0350961232027,"{""alpha[1]"": 0.14558174620032438, ""beta[1]"": 0.5200063034940854, ""nu"": 3.217406171058043, ""omega"": 5.962669863018292}",4.393296302745699,True,2025-08-28,1.9084978952387344,2.5198972739498275,student_t,ETH-USD,1499,0.31006712046420865,0.11644974153266538,,0.07104546460833437,2025-08-27,2024-04-15,6.1173373377616125,11.560969081743972
3.3164068074319477,-3.3164068074319477,8.912139505342912,15.756188263542743,False,False,2655.6412258756477,2672.4996582693366,0,null,-1323.8206129378239,"{""alpha[1]"": 0.1481161391550631, ""beta[1]"": 0.5009276309735448, ""nu"": 3.1914584061072624, ""omega"": 6.292906925938754}",3.9829302335283323,True,2025-08-29,1.8062313688549123,2.4212598514343626,student_t,ETH-USD,1500,0.10992884556450924,0.07146122223428891,,0.07475059207833519,2025-08-28,2024-04-16,5.514983718722131,10.462529030860832
-0.3205864266093675,0.3205864266093675,8.871164039096874,15.568663441887994,False,False,2657.8380232516793,2674.696455645368,0,null,-1324.9190116258396,"{""alpha[1]"": 0.14705992706745658, ""beta[1]"": 0.49548663725262165, ""nu"": 3.249210879654871, ""omega"": 6.263024960299226}",3.9559423630774933,True,2025-08-30,1.8058645813033447,2.4141450325695146,student_t,ETH-USD,1501,0.29239205605995355,0.1073423019604878,,0.06919626621100611,2025-08-29,2024-04-17,5.527254694589698,10.413643769439403
-0.36205906671872645,0.36205906671872645,8.441367060920419,14.91543027706748,False,False,2655.6724866233617,2672.5309190170506,0,null,-1323.8362433116808,"{""alpha[1]"": 0.14767248011030762, ""beta[1]"": 0.504541226123196, ""nu"": 3.1982651516018454, ""omega"": 6.210368271945145}",3.7742454740851037,True,2025-08-31,1.7521921912658582,2.3668671578048412,student_t,ETH-USD,1502,0.27938349011778385,0.10272928322129962,,0.07644090165240428,2025-08-30,2024-04-18,5.225610735636946,9.910869255411226
1.7359025413547102,-1.7359025413547102,8.237627645249475,14.647461687147624,False,False,2654.0519080990293,2670.910340492718,0,null,-1323.0259540495147,"{""alpha[1]"": 0.15061555079950897, ""beta[1]"": 0.5063075161990914, ""nu"": 3.147717338124361, ""omega"": 6.269197885339048}",3.6881563213168067,True,2025-09-01,1.724240315809758,2.344500669368974,student_t,ETH-USD,1503,0.16672936363721616,0.07934844003678769,,0.07179015728773801,2025-08-31,2024-04-19,5.07048981409903,9.670746545033472
-0.25221575627052734,0.25221575627052734,8.207061918372501,14.518958725691338,False,False,2654.9517849351514,2671.8102173288403,0,null,-1323.4758924675757,"{""alpha[1]"": 0.15249573211018005, ""beta[1]"": 0.4901269738081503, ""nu"": 3.186337450502735, ""omega"": 6.406318813931165}",3.6683808419096513,True,2025-09-02,1.7234505305370966,2.339053058171148,student_t,ETH-USD,1504,0.2663959322479623,0.09886964308819796,,0.06875908294165968,2025-09-01,2024-04-20,5.075702888688714,9.63474855254926
-2.849484699982457,2.849484699982457,8.123776072072909,14.489462097011689,False,False,2652.6500277769946,2669.5084601706835,0,null,-1322.3250138884973,"{""alpha[1]"": 0.1549310661208076, ""beta[1]"": 0.5049576539652814, ""nu"": 3.1211113033338282, ""omega"": 6.305878216187759}",3.6374442776760088,True,2025-09-03,1.708716247561604,2.331510342736801,student_t,ETH-USD,1505,0.39184213972627663,0.12384836112068755,,0.0629351677046807,2025-09-02,2024-04-21,4.987358094543068,9.535351412086287
3.466862423080345,-3.466862423080345,8.385982407011292,14.873649630932103,False,False,2654.4582502012863,2671.316682594975,0,null,-1323.2291251006432,"{""alpha[1]"": 0.15258264253655845, ""beta[1]"": 0.4941476963535661, ""nu"": 3.1657561374565257, ""omega"": 6.405214865232161}",3.7504810615862154,True,2025-09-04,1.743579386420668,2.361463558788553,student_t,ETH-USD,1506,0.08537191454286049,0.06377595644712702,,0.06929004640728269,2025-09-03,2024-04-22,5.174300713937553,9.844458067793042
-0.19160788761818606,0.19160788761818606,8.751396317532139,15.476312319357621,False,False,2656.125700502533,2672.984132896222,0,null,-1324.0628502512666,"{""alpha[1]"": 0.14995831750473326, ""beta[1]"": 0.4899507501962523, ""nu"": 3.183597117432496, ""omega"": 6.484777037420394}",3.9056511555328006,True,2025-09-05,1.7880952795161509,2.4029876263050074,student_t,ETH-USD,1507,0.2803844827411739,0.1046288055477631,,0.05893119239613856,2025-09-04,2024-04-23,5.416081767205286,10.271272667158115
0.7632177974901709,-0.7632177974901709,8.35030665991234,14.746385627639595,False,False,2656.254483502589,2673.112915896278,0,null,-1324.1272417512946,"{""alpha[1]"": 0.15007871458631808, ""beta[1]"": 0.48474050250495937, ""nu"": 3.1954977306993637, ""omega"": 6.5205382692443195}",3.7261186152787054,True,2025-09-06,1.741938815042987,2.3556309727303084,student_t,ETH-USD,1508,0.22054854116252287,0.0903771616345227,,0.05817701728000201,2025-09-05,2024-04-24,5.174188620740624,9.800933960942432
-0.7251070238583206,0.7251070238583206,8.225605157669314,14.615635468325076,False,False,2654.9378420881503,2671.796274481839,0,null,-1323.4689210440752,"{""alpha[1]"": 0.15242649928073762, ""beta[1]"": 0.48985732071252946, ""nu"": 3.1491598458907584, ""omega"": 6.531748043424939}",3.6781415819411656,True,2025-09-07,1.723348927351358,2.342680745557068,student_t,ETH-USD,1509,0.28964390809084184,0.10380033103964476,,0.061689213714995444,2025-09-06,2024-04-25,5.067771137958512,9.654926080106145
-0.06326430420314148,0.06326430420314148,8.102699764829456,14.37083279025086,False,False,2655.044450542026,2671.902882935715,0,null,-1323.522225271013,"{""alpha[1]"": 0.15465433175306967, ""beta[1]"": 0.4819092282508877, ""nu"": 3.16393321973504, ""omega"": 6.583422323466801}",3.62185548908959,True,2025-09-08,1.709311255770059,2.327030753988305,student_t,ETH-USD,1510,0.25317766619316,0.09574314038244917,,0.06207821116247845,2025-09-07,2024-04-26,5.0002890196600545,9.511049734041768
-0.02249565295195749,0.02249565295195749,7.983903600803432,14.138949149394831,False,False,2654.7789461925922,2671.637378586281,0,null,-1323.3894730962961,"{""alpha[1]"": 0.1597322004330612, ""beta[1]"": 0.4739655394357864, ""nu"": 3.176803873738865, ""omega"": 6.596836429288117}",3.5684028696737307,True,2025-09-09,1.6953424240050996,2.311796190897485,student_t,ETH-USD,1511,0.24779345600162261,0.09394679793046413,,0.06388097613302438,2025-09-08,2024-04-27,4.93337346708049,9.372184140094449
-0.9264012547659347,0.9264012547659347,8.00233138744486,14.297388201967715,False,False,2651.91980129046,2668.7782336841487,0,null,-1321.95990064523,"{""alpha[1]"": 0.16535101539754085, ""beta[1]"": 0.48134547481209256, ""nu"": 3.1058887042800367, ""omega"": 6.605003360718471}",3.582811546435882,True,2025-09-10,1.6927798745384357,2.316948843113629,student_t,ETH-USD,1512,0.2916103059900544,0.10317954748056345,,0.05627871483157932,2025-09-09,2024-04-28,4.905804865035147,9.3915534932904
-2.5445771368634613,2.5445771368634613,7.959853525861299,14.168104581623158,False,False,2652.004675010843,2668.863107404532,0,null,-1322.0023375054216,"{""alpha[1]"": 0.1684892542691088, ""beta[1]"": 0.47619755153494325, ""nu"": 3.1348753439195933, ""omega"": 6.548112792687532}",3.560241543282115,True,2025-09-11,1.6895597416007746,2.310392068652606,student_t,ETH-USD,1513,0.37205371065975007,0.11887008107283657,,0.05748030952052875,2025-09-10,2024-04-29,4.896497076331533,9.342430970420185
-5.537583413601464,5.537583413601464,8.192589034203376,14.504620330628084,False,False,2652.7301106961736,2669.5885430898625,0,null,-1322.3650553480868,"{""alpha[1]"": 0.17050915507343317, ""beta[1]"": 0.4657917296271124, ""nu"": 3.1788937980014795, ""omega"": 6.559755229593258}",3.661397474820746,True,2025-09-12,1.721297782854653,2.3375085903037345,student_t,ETH-USD,1514,0.5300579502655577,0.1515474643190419,,0.06549290052602795,2025-09-11,2024-04-30,5.0635755917096805,9.617163018302714
1.0031901316070289,-1.0031901316070289,9.495630252973907,16.895561452325865,False,False,2651.5044301601547,2668.3628625538436,0,null,-1321.7522150800773,"{""alpha[1]"": 0.17222942119118112, ""beta[1]"": 0.473221351353369, ""nu"": 3.145022058239298, ""omega"": 6.565442434863811}",4.254863126591861,True,2025-09-13,1.8658853624926306,2.4869137181380383,student_t,ETH-USD,1515,0.24185659244007732,0.10145561792614365,,0.08962031249327894,2025-09-12,2024-05-01,5.8403219804085715,11.148751924221385
1.2628630412709727,-1.2628630412709727,8.737646722474674,15.568162564343396,False,False,2651.490166590961,2668.34859898465,0,null,-1321.7450832954805,"{""alpha[1]"": 0.16832799625875672, ""beta[1]"": 0.479674102530764, ""nu"": 3.137594409620925, ""omega"": 6.512728966421803}",3.919867575695195,True,2025-09-14,1.7817957942552058,2.4042704885669184,student_t,ETH-USD,1516,0.20517027301560953,0.08997218061952145,,0.09045595188548641,2025-09-13,2024-05-02,5.36626850158316,10.260081103223108
1.8120801689550163,-1.8120801689550163,8.348578403791553,14.818377545792806,False,False,2651.8830354424126,2668.7414678361015,0,null,-1321.9415177212063,"{""alpha[1]"": 0.17019805812867214, ""beta[1]"": 0.4677798398563688, ""nu"": 3.1670832463042227, ""omega"": 6.585800602629613}",3.7414399560320426,True,2025-09-15,1.7383995329016946,2.3574532045067693,student_t,ETH-USD,1517,0.16666088285106542,0.07991537146940138,,0.0866959866635786,2025-09-14,2024-05-03,5.145297825976321,9.803617315895147
0.5150591257685654,-0.5150591257685654,8.342919369917512,14.90310369290523,False,False,2649.946878149397,2666.805310543086,0,null,-1320.9734390746985,"{""alpha[1]"": 0.1717318816988372, ""beta[1]"": 0.47725280467671966, ""nu"": 3.1138772350593205, ""omega"": 6.575721154564871}",3.741509618199455,True,2025-09-16,1.734290677395637,2.358769425167412,student_t,ETH-USD,1518,0.2299064128084856,0.09279259613319125,,0.07549514756887496,2025-09-15,2024-05-04,5.113187381938273,9.794318739087684
-1.960617447588819,1.960617447588819,8.1199810976641,14.486382712647563,False,False,2650.0571590786076,2666.9155914722965,0,null,-1321.0285795393038,"{""alpha[1]"": 0.17237574612692255, ""beta[1]"": 0.472064512820338, ""nu"": 3.123505215507504, ""omega"": 6.614872242187033}",3.640126648030964,True,2025-09-17,1.707925839778298,2.33125972875056,student_t,ETH-USD,1519,0.34715108593106125,0.11493390918591836,,0.07356265473529022,2025-09-16,2024-05-05,4.9824042710324,9.532773471003008
0.06129934975216083,-0.06129934975216083,8.149412915949116,14.478206308685312,False,False,2650.786665393425,2667.645097787114,0,null,-1321.3933326967126,"{""alpha[1]"": 0.1729934589462179, ""beta[1]"": 0.46449136976417976, ""nu"": 3.1564582441087286, ""omega"": 6.630812391918097}",3.6498129187260155,True,2025-09-18,1.7138717667677907,2.3335125312965883,student_t,ETH-USD,1520,0.24790674736167592,0.09506884269458399,,0.07622580995673248,2025-09-17,2024-05-06,5.019434296985675,9.568183619210552
2.6268833664574167,-2.6268833664574167,8.010846607059792,14.31088741120598,False,False,2649.4594057069826,2666.3178381006715,0,null,-1320.7297028534913,"{""alpha[1]"": 0.1768036136650132, ""beta[1]"": 0.46797933745368164, ""nu"": 3.1168071559223556, ""omega"": 6.636893125832327}",3.595890816074967,True,2025-09-19,1.693491919088546,2.3182809146298364,student_t,ETH-USD,1521,0.11406630295883773,0.06779094924404887,,0.08091121893022526,2025-09-18,2024-05-07,4.908209425634169,9.405978290862297
-0.2535107249207762,0.2535107249207762,8.337138847844779,14.868123281601438,False,False,2650.2085193651847,2667.0669517588735,0,null,-1321.1042596825923,"{""alpha[1]"": 0.17426809135987462, ""beta[1]"": 0.4680516478392408, ""nu"": 3.1279047740191346, ""omega"": 6.643978841772903}",3.738518883567912,True,2025-09-20,1.734471724748007,2.357570658048443,student_t,ETH-USD,1522,0.26852216455161665,0.10041956249070667,,0.07935825192796739,2025-09-19,2024-05-08,5.116932566111552,9.788445524149882
0.6925912269261225,-0.6925912269261225,8.065979645675776,14.384141871077178,False,False,2649.787730330514,2666.646162724203,0,null,-1320.893865165257,"{""alpha[1]"": 0.17626005218219368, ""beta[1]"": 0.4689173346465736, ""nu"": 3.13028160628988, ""omega"": 6.577317202226167}",3.618935948458163,True,2025-09-21,1.7013335117305965,2.3245619823730244,student_t,ETH-USD,1523,0.2128662881229856,0.0877844045446591,,0.08206721072423591,2025-09-20,2024-05-09,4.949916989385831,9.471031681392025
5.743333047848326,-5.743333047848326,7.968790179919681,14.225202722201283,True,False,2648.8306672336403,2665.689099627329,0,null,-1320.4153336168201,"{""alpha[1]"": 0.18123994018645875, ""beta[1]"": 0.4631188286670347, ""nu"": 3.120758414690113, ""omega"": 6.624537661098997}",3.574674569415643,True,2025-09-22,3.839617511912497,2.312719808281254,student_t,ETH-USD,1524,0.814153949052324,0.036126478948391084,,0.07653102234784562,2025-09-21,2024-05-10,4.886328890951143,9.355980942687431
0.8932141577082051,-0.8932141577082051,9.758104485270989,17.541306149289063,False,False,2650.5799711751793,2667.438403568868,0,null,-1321.2899855875896,"{""alpha[1]"": 0.1812871213820098, ""beta[1]"": 0.46245216663243954, ""nu"": 3.0626355682137936, ""omega"": 6.906158119929526}",4.379913800148735,True,2025-09-23,1.8876136794954803,2.5174056004577405,student_t,ETH-USD,1525,0.25272509396055987,0.10558577558503177,,0.0735376098120494,2025-09-22,2024-05-11,5.947716036919398,11.451791716211373
0.2893308149238427,-0.2893308149238427,8.865680881583275,15.904564334591548,False,False,2651.063091274302,2667.921523667991,0,null,-1321.531545637151,"{""alpha[1]"": 0.17162490582103845, ""beta[1]"": 0.47923707204622357, ""nu"": 3.0791940057295606, ""omega"": 6.657633219968002}",3.978275024500494,True,2025-09-24,1.7927846821256237,2.4208685688700005,student_t,ETH-USD,1526,0.2562013400997336,0.10116428186493971,,0.07162675828990822,2025-09-23,2024-05-12,5.4133576169185105,10.405759001417806
7.112002672406829,-7.112002672406829,8.381697498478497,15.000071978483767,True,False,2650.981431653533,2667.839864047222,0,null,-1321.4907158267665,"{""alpha[1]"": 0.16729183806604606, ""beta[1]"": 0.4912538345073762, ""nu"": 3.0977837785313036, ""omega"": 6.417016926524579}",3.7588526265993023,True,2025-09-25,6.469726782134896,2.363951694763484,student_t,ETH-USD,1527,1.8838537897138459,0.02726494964650839,,0.06987693146074536,2025-09-24,2024-05-13,5.12899868323436,9.838497637057666
-4.240241748251647,4.240241748251647,10.399364426756616,18.48462755400773,False,False,2656.3201578264993,2673.178590220188,0,null,-1324.1600789132497,"{""alpha[1]"": 0.16081914396387306, ""beta[1]"": 0.5025234054208264, ""nu"": 3.1388147721898236, ""omega"": 6.230072257357015}",4.641411982324969,True,2025-09-26,1.9579511263811926,2.577063337236736,student_t,ETH-USD,1528,0.5324198513513217,0.1644238606101542,,0.05424717015597971,2025-09-25,2024-05-14,6.408155278774781,12.20214431276376
0.42782701785414073,-0.42782701785414073,9.964712213054934,17.65264560949101,False,False,2657.4903575907224,2674.3487899844113,0,null,-1324.7451787953612,"{""alpha[1]"": 0.16627537857592942, ""beta[1]"": 0.49286395231017316, ""nu"": 3.1700223616915855, ""omega"": 6.242217582712982}",4.449269753258192,True,2025-09-27,1.9169454423330143,2.5334056582098072,student_t,ETH-USD,1529,0.286466125530261,0.11267403630854353,,0.06740681086143924,2025-09-26,2024-05-15,6.157149528459357,11.695230648708483
-3.010431517237066,3.010431517237066,9.016995869451353,16.083385463839804,False,False,2654.234240938694,2671.0926733323827,0,null,-1323.117120469347,"{""alpha[1]"": 0.16353189356005846, ""beta[1]"": 0.4923826348204121, ""nu"": 3.115697626980289, ""omega"": 6.394266723900482}",4.032133297432872,True,2025-09-28,1.8132142152501838,2.435688531696108,student_t,ETH-USD,1530,0.4273897815409289,0.1359171898088243,,0.05601184607262121,2025-09-27,2024-05-16,5.537364113581503,10.581287463645353
-1.8152641911679486,1.8152641911679486,8.871705877008775,15.82490919298939,False,False,2654.0702388619493,2670.928671255638,0,null,-1323.0351194309746,"{""alpha[1]"": 0.16384859796465798, ""beta[1]"": 0.49325555510663704, ""nu"": 3.1202170171487205, ""omega"": 6.356697296409746}",3.9722327485359186,True,2025-09-29,1.7967448941419808,2.419606667027585,student_t,ETH-USD,1531,0.36307037229310574,0.12228393682112464,,0.0681798096276079,2025-09-28,2024-05-17,5.446143254694159,10.413129490944504
1.7071255708825677,-1.7071255708825677,8.616167363239422,15.484904870160493,False,False,2651.4318376493065,2668.2902700429954,0,null,-1321.7159188246533,"{""alpha[1]"": 0.16784270073568233, ""beta[1]"": 0.48786197572403134, ""nu"": 3.063227932749205, ""omega"": 6.574307118574271}",3.8659088371331274,True,2025-09-30,1.7633369013401534,2.3928340463967386,student_t,ETH-USD,1532,0.17730609162274605,0.08404027620037108,,0.06194038463427834,2025-09-29,2024-05-18,5.253247403337485,10.111153190919667
-4.829774677234565,4.829774677234565,8.360116251748616,14.90086821051642,False,False,2651.4837380707236,2668.3421704644124,0,null,-1321.7418690353618,"{""alpha[1]"": 0.16562264548579478, ""beta[1]"": 0.49204391637099354, ""nu"": 3.1230539169090785, ""omega"": 6.311128922211357}",3.739374798254846,True,2025-10-01,1.7379099364678705,2.35986396662222,student_t,ETH-USD,1533,0.498327223704191,0.14641169190134543,,0.05667120564599614,2025-09-30,2024-05-19,5.136769796849246,9.811394512899966
-3.0958680992414127,3.0958680992414127,9.119936363666724,16.08260723872924,False,False,2653.767356717782,2670.625789111471,0,null,-1322.883678358891,"{""alpha[1]"": 0.1675387658104671, ""beta[1]"": 0.47524143162348204, ""nu"": 3.2092193644118527, ""omega"": 6.334402107197051}",4.070577234527355,True,2025-10-02,1.8308187380969652,2.4433879779135754,student_t,ETH-USD,1534,0.43767372683994915,0.1380124894297718,,0.06963076032898204,2025-10-01,2024-05-20,5.657606437557562,10.705380843735753
-0.5986331837949053,0.5986331837949053,9.200255833480286,15.635473544997812,False,False,2644.3037299583543,2661.162162352043,0,null,-1318.1518649791772,"{""alpha[1]"": 0.0, ""beta[1]"": 0.9851525497512268, ""nu"": 3.530570853710171, ""omega"": 0.24650018112315264}",4.073694805662957,True,2025-10-03,1.860852780216562,2.439612473321967,student_t,ETH-USD,1535,0.32508575134082657,0.11388207467771526,,0.04057483918107186,2025-10-02,2024-05-21,5.903081843021621,10.78957428397661
0.570262440096404,-0.570262440096404,9.222647352658418,15.758692750548262,False,False,2640.688891837358,2657.547324231047,0,null,-1316.344445918679,"{""alpha[1]"": 0.0, ""beta[1]"": 0.9836740340347387, ""nu"": 3.474281714906429, ""omega"": 0.27215348060654354}",4.082456400831836,True,2025-10-04,1.8603112251037301,2.4437725243471915,student_t,ETH-USD,1536,0.26598864828508906,0.10246195246284524,,0.035038371785830684,2025-10-03,2024-05-22,5.890035405798181,10.816457686380918
-0.5824934269035932,0.5824934269035932,9.243206085206694,15.876426741325847,False,False,2640.800437059139,2657.6588694528277,0,null,-1316.4002185295694,"{""alpha[1]"": 1.738529874550386e-10, ""beta[1]"": 0.9830250125727541, ""nu"": 3.424986179885865, ""omega"": 0.2845583100594913}",4.094003493586138,True,2025-10-05,1.859579555380325,2.4477362807254646,student_t,ETH-USD,1537,0.32291570223890276,0.11424519005728734,,0.03666649590355428,2025-10-04,2024-05-23,5.8758206178744565,10.842025578825131
-3.7458468794477744,3.7458468794477744,9.227640803350635,15.871671968527838,False,False,2641.5403673864303,2658.398799780119,0,null,-1316.7701836932151,"{""alpha[1]"": 0.0, ""beta[1]"": 0.9824092197246501, ""nu"": 3.411621021163721, ""omega"": 0.2939040768460783}",4.0873012754978975,True,2025-10-06,1.8571261024463985,2.4464993256086878,student_t,ETH-USD,1538,0.48023426889834686,0.1456974693468799,,0.035717611248873425,2025-10-05,2024-05-24,5.858838498519154,10.823900055240204
5.179439970200338,-5.179439970200338,9.228262201407377,15.877496814139546,False,False,2643.721224212265,2660.579656605954,0,null,-1317.8606121061325,"{""alpha[1]"": 4.450117759104248e-11, ""beta[1]"": 0.9822171166451615, ""nu"": 3.413105640064579, ""omega"": 0.29779243471767997}",4.091989664092486,True,2025-10-07,1.8568829436169505,2.4467702357835304,student_t,ETH-USD,1539,0.03384638578146307,0.056469078779142305,,0.04587424830757624,2025-10-06,2024-05-25,5.856367685829599,10.826347848114564
-1.7039681594967566,1.7039681594967566,9.208595504140437,15.73200151445987,False,False,2648.2757490174713,2665.13418141116,0,null,-1320.1378745087356,"{""alpha[1]"": 5.0499410721612135e-11, ""beta[1]"": 0.982815506340912, ""nu"": 3.475652582952281, ""omega"": 0.28552261239055166}",4.0759034214230585,True,2025-10-08,1.8588915167955364,2.442184775950409,student_t,ETH-USD,1540,0.3792998491794791,0.12503795663858697,,0.03432213360943111,2025-10-07,2024-05-26,5.882028824092819,10.799827504361929
3.563558103623489,-3.563558103623489,9.246395113316561,15.884506153012923,False,False,2647.8204414289803,2664.678873822669,0,null,-1319.9102207144902,"{""alpha[1]"": 0.0, ""beta[1]"": 0.9819599761900686, ""nu"": 3.422175575057856, ""omega"": 0.30242255894217984}",4.094212631660387,True,2025-10-09,1.8598739414828942,2.448104544092397,student_t,ETH-USD,1541,0.11569110909851409,0.07281753127042843,,0.033681903603030465,2025-10-08,2024-05-27,5.877380285593769,10.845311230666326
12.831140846738002,-12.831140846738002,9.280267494940693,15.955867807183175,True,True,2649.2503419551367,2666.1087743488256,0,null,-1320.6251709775684,"{""alpha[1]"": 0.0, ""beta[1]"": 0.9815732038398837, ""nu"": 3.4099523882686693, ""omega"": 0.3105382448235183}",4.105043676797218,True,2025-10-10,16.809270074276426,14.658595338778543,student_t,ETH-USD,1542,6.5884115368707485,1.9282034856194588,,0.02312841726343499,2025-10-09,2024-05-28,5.8959708079266875,10.883460558233498
2.4336686043512463,-2.4336686043512463,9.489026657404386,16.47133072636515,False,False,2658.368775251035,2675.227207644724,0,null,-1325.1843876255175,"{""alpha[1]"": 0.0, ""beta[1]"": 0.9815824491093799, ""nu"": 3.3143766598400917, ""omega"": 0.32381097899468325}",4.192903498354635,True,2025-10-11,1.880407325761471,2.477083943942434,student_t,ETH-USD,1543,0.1773496202985698,0.08692099372868588,,0.00014329538646209035,2025-10-10,2024-05-29,5.980661010322639,11.125767977219825
-10.465995482727461,10.465995482727461,9.552835076870428,16.697441381127756,False,False,2658.2684597138013,2675.12689210749,0,null,-1325.1342298569007,"{""alpha[1]"": 0.0, ""beta[1]"": 0.9804921798482717, ""nu"": 3.2548166035366797, ""omega"": 0.34841811416411744}",4.22607677465805,True,2025-10-12,1.8832182814566023,2.4860681656499883,student_t,ETH-USD,1544,0.8224851612706238,0.21666850695665396,,-0.0006699650878738399,2025-10-11,2024-05-30,5.983707742685,11.200855212937917
-1.9273140188352362,1.9273140188352362,14.030740968538018,24.56233102409766,False,False,2663.2849215301917,2680.1433539238806,0,null,-1327.6424607650958,"{""alpha[1]"": 0.15389234694192938, ""beta[1]"": 0.5838770393967937, ""nu"": 3.247551568633141, ""omega"": 4.924091399703721}",6.217946989568263,True,2025-10-13,2.2665509705070392,2.8711469517359656,student_t,ETH-USD,1545,0.5350370029737523,0.1838242869328607,,0.021132696949781746,2025-10-12,2024-05-31,8.773426040639801,16.45511467445082
2.8686087558986677,-2.8686087558986677,11.771678441097757,20.55518905570297,False,False,2664.9020851326845,2681.7605175263734,0,null,-1328.4510425663423,"{""alpha[1]"": 0.14735641797015195, ""beta[1]"": 0.5781539479005907, ""nu"": 3.2708946664971497, ""omega"": 5.039516575224638}",5.216826034711898,True,2025-10-14,2.0923578302409283,2.694804499579806,student_t,ETH-USD,1546,0.22541233726683912,0.1093812841586934,,0.024285194559436563,2025-10-13,2024-06-01,7.376855501235447,13.806737171767999
3.4011615460229794,-3.4011615460229794,10.55924175589986,18.42400531268247,False,False,2666.029790181053,2682.888222574742,0,null,-1329.0148950905266,"{""alpha[1]"": 0.14482024941166655, ""beta[1]"": 0.5771461159066913, ""nu"": 3.2752972659179957, ""omega"": 5.083920109366477}",4.676381508789068,True,2025-10-15,1.9841688774963613,2.5858008079254677,student_t,ETH-USD,1547,0.16106253535302975,0.08982466507175603,,0.015739491434885337,2025-10-14,2024-06-02,6.622412253083572,12.383628053198574
2.352368369644447,-2.352368369644447,9.892075927370428,17.19356463606378,False,False,2667.957514725641,2684.81594711933,0,null,-1329.9787573628205,"{""alpha[1]"": 0.14327810830362567, ""beta[1]"": 0.5725202812606164, ""nu"": 3.3068355670971044, ""omega"": 5.135332956260058}",4.376254402156325,True,2025-10-16,1.921125429641994,2.5192194578637714,student_t,ETH-USD,1548,0.1936809595250463,0.09247859633079634,,0.010638657405319687,2025-10-15,2024-06-03,6.225987560145369,11.600228002724073
1.6097936824960024,-1.6097936824960024,9.196325716971307,15.913060124833995,False,False,2669.4152733764663,2686.273705770155,0,null,-1330.7076366882332,"{""alpha[1]"": 0.14329143079075965, ""beta[1]"": 0.5571660360879802, ""nu"": 3.3448327917803766, ""omega"": 5.318815794150674}",4.064336708409124,True,2025-10-17,1.850754155636936,2.444781235409621,student_t,ETH-USD,1549,0.21009127746797585,0.09173549436779939,,0.006702772170416486,2025-10-16,2024-06-04,5.8116192318555155,10.783343119275933
-1.4965464759267926,1.4965464759267926,8.693449424983758,15.024423409486275,False,False,2669.899745441404,2686.7581778350927,0,null,-1330.949872720702,"{""alpha[1]"": 0.14453338257843426, ""beta[1]"": 0.5438559243997332, ""nu"": 3.3535348116147645, ""omega"": 5.5003396693821776}",3.8392320877587403,True,2025-10-18,1.7952906137102538,2.388082890655029,student_t,ETH-USD,1550,0.3498536424584595,0.11689202253925589,,0.0010486759482828225,2025-10-17,2024-06-05,5.5005263732423915,10.192655777998787
-2.395124440927418,2.395124440927418,8.399027674690487,14.507550376917681,False,False,2670.1815184782117,2687.0399508719006,0,null,-1331.0907592391059,"{""alpha[1]"": 0.14668777517596643, ""beta[1]"": 0.5321804660990047, ""nu"": 3.3586675480924, ""omega"": 5.6499950423769185}",3.709067992964936,True,2025-10-19,1.7611432755893754,2.353450065726957,student_t,ETH-USD,1551,0.38559692499194687,0.12242571616641146,,0.001345538351238818,2025-10-18,2024-06-06,5.316814058911512,9.847447175713716
0.0976573547897306,-0.0976573547897306,8.380403364957132,14.43954708322312,False,False,2671.1530658705015,2688.0114982641903,0,null,-1331.5765329352507,"{""alpha[1]"": 0.1472570861540602, ""beta[1]"": 0.5263316584322768, ""nu"": 3.384632930897425, ""omega"": 5.691479805415033}",3.70283260285184,True,2025-10-20,1.7602010798366465,2.3504988008346777,student_t,ETH-USD,1552,0.26090373359771285,0.09728859223349619,,0.008879756368812686,2025-10-19,2024-06-07,5.315732026743983,9.82651657813934
2.6471993348119454,-2.6471993348119454,8.177579944338861,14.224539039273578,False,False,2668.1520556935893,2685.010488087278,0,null,-1330.0760278467947,"{""alpha[1]"": 0.1501203409547026, ""beta[1]"": 0.5418903612905245, ""nu"": 3.3032955891260896, ""omega"": 5.548819381786831}",3.62109877616417,True,2025-10-21,1.7302410138077544,2.329219601037147,student_t,ETH-USD,1553,0.12476144702558183,0.06943710714217478,,0.015786530090824133,2025-10-20,2024-06-08,5.14242827532358,9.590910049029418
1.7864589613079982,-1.7864589613079982,8.347570582407025,14.434096201161347,False,False,2669.8633920855373,2686.721824479226,0,null,-1330.9316960427686,"{""alpha[1]"": 0.14849732573278793, ""beta[1]"": 0.5297330572913048, ""nu"": 3.3531483428520006, ""omega"": 5.6831328555298795}",3.6906383428222793,True,2025-10-22,1.754255379716636,2.3477616226726,student_t,ETH-USD,1554,0.17457916485037764,0.08002289298958175,,0.010365993714405974,2025-10-21,2024-06-09,5.278042258315548,9.788748260266166
-1.250097795347535,1.250097795347535,8.253946892819439,14.219054561817364,False,False,2670.7296361646795,2687.5880685583684,0,null,-1331.3648180823398,"{""alpha[1]"": 0.14967938846038015, ""beta[1]"": 0.5177417424314082, ""nu"": 3.384774904121931, ""omega"": 5.802473706299273}",3.645493545739075,True,2025-10-23,1.7451514634808056,2.335195494003842,student_t,ETH-USD,1555,0.3243448331344245,0.10927764897981558,,0.005441812927533545,2025-10-22,2024-06-10,5.23679886734095,9.677667102634013
-2.016372039777486,2.016372039777486,8.093920378723103,13.914488287231908,False,False,2671.104089815338,2687.9625222090267,0,null,-1331.552044907669,"{""alpha[1]"": 0.15342460320922024, ""beta[1]"": 0.5082276195696117, ""nu"": 3.4062030082313397, ""omega"": 5.8570646397455315}",3.5759676341229736,True,2025-10-24,1.7266643922919886,2.314989065310024,student_t,ETH-USD,1556,0.3580236355632305,0.11506866286611878,,0.01006807181207031,2025-10-23,2024-06-11,5.144100671487118,9.49049424683438
-0.47929787858234235,0.47929787858234235,8.132651785839736,14.039382436451321,False,False,2667.906344696252,2684.7647770899407,0,null,-1329.953172348126,"{""alpha[1]"": 0.1520929887108313, ""beta[1]"": 0.5284374471011676, ""nu"": 3.3742478337112525, ""omega"": 5.595740725265768}",3.600434255482999,True,2025-10-25,1.728882802112989,2.3212937183016713,student_t,ETH-USD,1557,0.28136159834734414,0.10018037674819176,,0.023503012295362613,2025-10-24,2024-06-12,5.1479340883645355,9.538739796236825
-5.043769215544373,5.043769215544373,7.9793015622429575,13.798110956185276,False,False,2667.3656167750996,2684.2240491687885,0,null,-1329.6828083875498,"{""alpha[1]"": 0.15409476319811197, ""beta[1]"": 0.5279034310850099, ""nu"": 3.3578744797271893, ""omega"": 5.598739629462771}",3.532458492659606,True,2025-10-26,1.7089222395057257,2.3027946784603923,student_t,ETH-USD,1558,0.5043628584579752,0.14402517111073118,,0.020988153821745854,2025-10-25,2024-06-13,5.0434879536151245,9.358747895528731
0.9148814415608166,-0.9148814415608166,9.060060561691653,15.697437947376377,False,False,2669.572915427379,2686.431347821068,0,null,-1330.7864577136895,"{""alpha[1]"": 0.15021216014607183, ""beta[1]"": 0.5344505227155139, ""nu"": 3.345653010612327, ""omega"": 5.606591961024648}",4.0171396665955745,True,2025-10-27,1.8346757194710164,2.430592592189777,student_t,ETH-USD,1559,0.2400101994985006,0.09713776580322067,,0.03621683320797722,2025-10-26,2024-06-14,5.715085431530825,10.628658021882876
3.403267875117378,-3.403267875117378,8.524207070871848,14.725583579481132,False,False,2670.2206187433403,2687.079051137029,0,null,-1331.1103093716702,"{""alpha[1]"": 0.14922264042361444, ""beta[1]"": 0.5276653802306083, ""nu"": 3.371993093730487, ""omega"": 5.666509004968908}",3.7779245135632262,True,2025-10-28,1.7753743842176428,2.368649442954555,student_t,ETH-USD,1560,0.09939947221981674,0.06596332299310521,,0.03375446953395772,2025-10-27,2024-06-15,5.391257319513711,9.999600174427894
2.0014178537471627,-2.0014178537471627,8.742051708758527,15.085064755165636,False,False,2671.0478399221915,2687.9062723158804,0,null,-1331.5239199610958,"{""alpha[1]"": 0.1469817369089228, ""beta[1]"": 0.5315994110384993, ""nu"": 3.3766839722580917, ""omega"": 5.637799590678432}",3.868701324148249,True,2025-10-29,1.8014235036909372,2.3933785800283847,student_t,ETH-USD,1561,0.1767368173037462,0.08251499619981627,,0.0221063832536494,2025-10-28,2024-06-16,5.536154199822084,10.25291747372878
2.5684149871912405,-2.5684149871912405,8.504862153269684,14.647227115510265,False,False,2671.5735511990474,2688.4319835927363,0,null,-1331.7867755995237,"{""alpha[1]"": 0.1463725962977919, ""beta[1]"": 0.5292967965035005, ""nu"": 3.3916064375134387, ""omega"": 5.651900929225365}",3.7601516209754386,True,2025-10-30,1.7751111188868292,2.3651562329791935,student_t,ETH-USD,1562,0.14138456379552394,0.07404957986919522,,0.015041252784073707,2025-10-29,2024-06-17,5.396106263101717,9.973372974110756
-1.1162718276049683,1.1162718276049683,8.52485970493471,14.732033696152206,False,False,2670.6876756530446,2687.5461080467335,0,null,-1331.3438378265223,"{""alpha[1]"": 0.1445356994992597, ""beta[1]"": 0.5434543104726307, ""nu"": 3.3608241930930944, ""omega"": 5.509562118889477}",3.7709900304780644,True,2025-10-31,1.7755175757515618,2.36864589499094,student_t,ETH-USD,1563,0.3254254971803393,0.11113748240312779,,0.016028594671669207,2025-10-30,2024-06-18,5.3922381160018125,9.997476412707801
-0.702158668367525,0.702158668367525,8.260414735131706,14.255899311605145,False,False,2671.046534997863,2687.904967391552,0,null,-1331.5232674989315,"{""alpha[1]"": 0.14514914809868093, ""beta[1]"": 0.5368621592263989, ""nu"": 3.374964974610171, ""omega"": 5.576798410739662}",3.6551829380507823,True,2025-11-01,1.7446933364710766,2.3367411930628563,student_t,ETH-USD,1564,0.2966403213925752,0.10390045655465929,,0.01984497912626454,2025-10-31,2024-06-19,5.230647759483974,9.687886987098395
-0.9473174012259062,0.9473174012259062,8.12191845128228,14.077376685641202,False,False,2670.038956705523,2686.897389099212,0,null,-1331.0194783527616,"{""alpha[1]"": 0.14613665830902522, ""beta[1]"": 0.5417287555658521, ""nu"": 3.3351181149387266, ""omega"": 5.555627047511573}",3.5949434739394586,True,2025-11-02,1.7254010621752993,2.321224992719816,student_t,ETH-USD,1565,0.3035452587549514,0.10472858437881151,,0.016951774507606567,2025-11-01,2024-06-20,5.123587773873117,9.525541036655236
8.223448307749733,-8.223448307749733,8.054550126865992,13.98981856554474,True,False,2669.7939068978094,2686.6523392914983,0,null,-1330.8969534489047,"{""alpha[1]"": 0.14770737287117922, ""beta[1]"": 0.5391316563688049, ""nu"": 3.318927926474683, ""omega"": 5.61116366756467}",3.5682362300159407,True,2025-11-03,9.543601983176766,2.3136437955464126,student_t,ETH-USD,1566,2.9948410281137026,0.012240716887563334,,0.02157672234481926,2025-11-02,2024-06-21,5.070984067630046,9.447519996506065
8.990500997232848,-8.990500997232848,10.714362889034069,18.576092047963602,True,False,2676.865711876694,2693.724144270383,0,null,-1334.432855938347,"{""alpha[1]"": 0.1418109370380342, ""beta[1]"": 0.5308915530237859, ""nu"": 3.326479522869177, ""omega"": 5.88655006231059}",4.735380293339274,True,2025-11-04,6.166888146066414,2.5981807997568076,student_t,ETH-USD,1567,2.1194057639363457,0.03572610729876688,,0.004845855021738508,2025-11-03,2024-06-22,6.759547561510379,12.563111727109533
-3.948166890002308,3.948166890002308,12.548664513156995,21.672278727197835,False,False,2683.0732155938204,2699.931647987509,0,null,-1337.5366077969102,"{""alpha[1]"": 0.15819529399918664, ""beta[1]"": 0.4937812728825673, ""nu"": 3.3556597892181834, ""omega"": 6.330780316291429}",5.535674195224919,True,2025-11-05,2.1628611656111505,2.7547974870728256,student_t,ETH-USD,1568,0.5947285015198548,0.18658519111440686,,-0.011922047082052967,2025-11-04,2024-06-23,7.946403140394778,14.71035222143836
3.352136394397772,-3.352136394397772,11.109830134111661,19.199827632858508,False,False,2684.185276654257,2701.043709047946,0,null,-1338.0926383271285,"{""alpha[1]"": 0.15972535917756722, ""beta[1]"": 0.4942389421565745, ""nu"": 3.353535069542399, ""omega"": 6.322201328669321}",4.905940232616273,True,2025-11-06,2.040582768038011,2.6333231312441177,student_t,ETH-USD,1569,0.1838817943032591,0.09673445798325266,,0.00038337446104053585,2025-11-05,2024-06-24,7.029772280462951,13.025582192723029
-3.6474481197060684,3.6474481197060684,10.141002816839602,17.523878752334713,False,False,2685.1435256233817,2702.0019580170706,0,null,-1338.5717628116909,"{""alpha[1]"": 0.1587552398595684, ""beta[1]"": 0.49610398702652747, ""nu"": 3.3533922501389593, ""omega"": 6.317067866810424}",4.476967982336602,True,2025-11-07,1.9494256846044458,2.542023907420777,student_t,ETH-USD,1570,0.5032534057183262,0.1553668937277469,,-0.0022813578838879224,2025-11-06,2024-06-25,6.4176199946604475,11.889241253068608
1.0218549498974792,-1.0218549498974792,9.687499528181238,16.69495990372932,False,False,2686.9049859673264,2703.7634183610153,0,null,-1339.4524929836632,"{""alpha[1]"": 0.15765155582276533, ""beta[1]"": 0.4959245342031924, ""nu"": 3.379705287851455, ""omega"": 6.301564145165882}",4.277152944824719,True,2025-11-08,1.9051369360757393,2.4954255415348072,student_t,ETH-USD,1571,0.25614658587113925,0.10336037964763599,,0.002358447583854188,2025-11-07,2024-06-26,6.144786667320259,11.357892914661068
-5.220874281170584,5.220874281170584,8.88180430689937,15.282383844536602,False,False,2687.3230783398376,2704.1815107335265,0,null,-1339.6615391699188,"{""alpha[1]"": 0.1577522506268388, ""beta[1]"": 0.48332487538121904, ""nu"": 3.3940285276493816, ""omega"": 6.467134922088013}",3.920560033607281,True,2025-11-09,1.8191957393173372,2.4080711835077815,student_t,ETH-USD,1572,0.5431258288012923,0.15633838292152136,,0.0018256759972152864,2025-11-08,2024-06-27,5.641642294855251,10.412964010981538
0.3960630545189456,-0.3960630545189456,9.666975697774552,16.623142745426495,False,False,2690.0004083283848,2706.8588407220736,0,null,-1341.0002041641924,"{""alpha[1]"": 0.15383360789602413, ""beta[1]"": 0.49702615053548005, ""nu"": 3.4020785808701417, ""omega"": 6.319673198696124}",4.269318301619588,True,2025-11-10,1.9041745477657797,2.4926368472329097,student_t,ETH-USD,1573,0.2873452012457507,0.10938276910509942,,0.007845749255129068,2025-11-09,2024-06-28,6.142967079433954,11.334339965028878
4.387398629934553,-4.387398629934553,8.92207772524246,15.410268258883296,False,False,2689.3846442884496,2706.2430766821385,0,null,-1340.6923221442248,"{""alpha[1]"": 0.15224255238503218, ""beta[1]"": 0.49922494015333596, ""nu"": 3.3632704209905615, ""omega"": 6.372030631011842}",3.944110021477403,True,2025-11-11,1.8214404140370881,2.4139526613648403,student_t,ETH-USD,1574,0.06297437763568811,0.06074919184889345,,0.011228605781778674,2025-11-10,2024-06-29,5.646886182648314,10.462317814823892
0.06408519173180025,-0.06408519173180025,9.309686739035353,15.963802326972838,False,False,2692.4093728282023,2709.267805221891,0,null,-1342.2046864141012,"{""alpha[1]"": 0.147874402729584, ""beta[1]"": 0.49832785508611516, ""nu"": 3.4262862125981033, ""omega"": 6.3506610210098025}",4.108202133096878,True,2025-11-12,1.8681658830926557,2.4539982517448045,student_t,ETH-USD,1575,0.2933606712182214,0.10849958537130643,,0.0024934262629866867,2025-11-11,2024-06-30,5.931298616096224,10.914043728862433
5.428392275161075,-5.428392275161075,8.729769229969506,15.002414111161297,False,False,2692.0018406138897,2708.8602730075786,0,null,-1342.0009203069449,"{""alpha[1]"": 0.1463657408456312, ""beta[1]"": 0.49935883421530536, ""nu"": 3.404061849829522, ""omega"": 6.381983659134731}",3.8516846951247254,True,2025-11-13,1.8026618064765643,2.3903697522719805,student_t,ETH-USD,1576,0.006153381885796755,0.04805633882214233,,-0.0011565892591369367,2025-11-12,2024-07-01,5.55145991287701,10.234026157375304
4.071281600840989,-4.071281600840989,9.589095895696206,16.348323258483752,False,False,2695.907745486121,2712.7661778798097,0,null,-1343.9538727430604,"{""alpha[1]"": 0.14159927117519583, ""beta[1]"": 0.5025757078786973, ""nu"": 3.4754834535892343, ""omega"": 6.295249475448146}",4.223075968924803,True,2025-11-14,1.901179671881971,2.4815222318773107,student_t,ETH-USD,1577,0.10355215740717716,0.07166505009381988,,-0.012447079368407868,2025-11-13,2024-07-02,6.142324748984531,11.23778661022297
-2.0045814344173487,2.0045814344173487,9.463772113024774,16.00113009145638,False,False,2698.007571844078,2714.866004237767,0,null,-1345.003785922039,"{""alpha[1]"": 0.14349381062841238, ""beta[1]"": 0.4968357336241114, ""nu"": 3.5559797055284372, ""omega"": 6.2348686583921875}",4.163117149834586,True,2025-11-15,1.8927821058778136,2.465568142868438,student_t,ETH-USD,1578,0.4055829118658093,0.1309190516323354,,-0.019190314739831887,2025-11-14,2024-07-03,6.107076802898831,11.087323728816179
2.357619746035911,-2.357619746035911,8.919571112000964,15.114550759879366,False,False,2696.775249966598,2713.633682360287,0,null,-1344.387624983299,"{""alpha[1]"": 0.14267925236759452, ""beta[1]"": 0.4996136058645473, ""nu"": 3.5380185341085584, ""omega"": 6.1938633514276}",3.928501525547541,True,2025-11-16,1.83216689934985,2.4071817242624154,student_t,ETH-USD,1579,0.16929309408641682,0.0809445210202598,,-0.007821072991078065,2025-11-15,2024-07-04,5.743481627764244,10.452071848061884
2.233353615209806,-2.233353615209806,8.698331593193132,14.768094871873302,False,False,2692.2111853253846,2709.0696177190734,0,null,-1342.1055926626923,"{""alpha[1]"": 0.14269965755312117, ""beta[1]"": 0.49901666299155245, ""nu"": 3.523307874840546, ""omega"": 6.209148933440276}",3.835767373861093,True,2025-11-17,1.805820617899359,2.3828073522929114,student_t,ETH-USD,1580,0.16784858683661794,0.0796162716039937,,0.0024938104844288754,2025-11-16,2024-07-05,5.590325351942162,10.194980775609169
-3.202873225503495,3.202873225503495,8.553951477903562,14.519337851187249,False,False,2692.087135368375,2708.945567762064,0,null,-1342.0435676841876,"{""alpha[1]"": 0.14338913819154628, ""beta[1]"": 0.4978674372518382, ""nu"": 3.5260284576359098, ""omega"": 6.204672982252328}",3.7722308471712798,True,2025-11-18,1.789217048628068,2.365991761554182,student_t,ETH-USD,1581,0.43507780303391974,0.13228626370129679,,0.002859802459286864,2025-11-17,2024-07-06,5.4986828351748915,10.02575314462617
3.251421895848292,-3.251421895848292,8.701953974007969,14.757673097469258,False,False,2692.3801435082414,2709.2385759019303,0,null,-1342.1900717541207,"{""alpha[1]"": 0.14240762359158038, ""beta[1]"": 0.5005135122199995, ""nu"": 3.5351402411384614, ""omega"": 6.158614183558095}",3.837590065745614,True,2025-11-19,1.8068534840009316,2.382865067793949,student_t,ETH-USD,1582,0.1173298170042204,0.06947634172990055,,0.0034624885705914934,2025-11-18,2024-07-07,5.598018235932698,10.199056068838342
6.536849886044458,-6.536849886044458,8.811234036462839,14.986943997623948,True,False,2690.8608982467986,2707.7193306404874,0,null,-1341.4304491233993,"{""alpha[1]"": 0.14083435551206908, ""beta[1]"": 0.514700290228236, ""nu"": 3.506871513753737, ""omega"": 5.998976582041041}",3.88754451466552,True,2025-11-20,3.8228610982574693,2.3963403273490553,student_t,ETH-USD,1583,0.8392510191392899,0.03791566008888069,,0.006295975902096372,2025-11-19,2024-07-08,5.6534277606346794,10.328415894932524
2.3611152334020677,-2.3611152334020677,10.146924016127363,17.289533964050662,False,False,2694.0017614650624,2710.8601938587512,0,null,-1343.0008807325312,"{""alpha[1]"": 0.14038144409173403, ""beta[1]"": 0.5167549269770628, ""nu"": 3.481202061497062, ""omega"": 6.078707272271178}",4.468734703189184,True,2025-11-21,1.9580378604353514,2.537883034801906,student_t,ETH-USD,1584,0.20708580460193532,0.09530309647830515,,-0.0127864432735771,2025-11-20,2024-07-09,6.50283132544077,11.891424881232574
-0.06897152821809732,0.06897152821809732,9.4053108391087,16.009422113025074,False,False,2694.7342605685353,2711.592692962224,0,null,-1343.3671302842677,"{""alpha[1]"": 0.13740421127184071, ""beta[1]"": 0.5164586821391177, ""nu"": 3.487579916231273, ""omega"": 6.1142956573884515}",4.138140298775342,True,2025-11-22,1.8828357081244018,2.46156266376271,student_t,ETH-USD,1585,0.30515269971371245,0.11089621296195978,,-0.020487704714323537,2025-11-21,2024-07-10,6.034082466056146,11.02064976797787
-1.2234618075697175,1.2234618075697175,8.803613529123654,15.000723489926045,False,False,2694.6962205982045,2711.5546529918934,0,null,-1343.3481102991022,"{""alpha[1]"": 0.13542621042385022, ""beta[1]"": 0.513620198916182, ""nu"": 3.4757414888239127, ""omega"": 6.196896589317497}",3.872112335627656,True,2025-11-23,1.8161961653918168,2.3957508839844195,student_t,ETH-USD,1586,0.3433438260602779,0.11538746087945381,,-0.02282687618062907,2025-11-22,2024-07-11,5.643414713635835,10.315284280375653
-5.25067186355679,5.25067186355679,8.512315911087018,14.47199482639328,False,False,2695.1322121296503,2711.990644523339,0,null,-1343.5661060648251,"{""alpha[1]"": 0.13536087608462835, ""beta[1]"": 0.5071971341322812, ""nu"": 3.498653628265332, ""omega"": 6.257180351568962}",3.7442248258451265,True,2025-11-24,1.783775362806403,2.3613884757086936,student_t,ETH-USD,1587,0.5358901546862895,0.15224381185708344,,-0.02025820011258379,2025-11-23,2024-07-12,5.46713123016899,9.973709322151542
-0.17672850402559212,0.17672850402559212,9.362699348910288,15.842561783403314,False,False,2698.6432637752137,2715.5016961689025,0,null,-1345.3216318876068,"{""alpha[1]"": 0.13136566770157032, ""beta[1]"": 0.51088245659165, ""nu"": 3.551139621002105, ""omega"": 6.20336668731365}",4.121832043260898,True,2025-11-25,1.8815131617529564,2.45515635058432,student_t,ETH-USD,1588,0.3106802652099369,0.1114700940357891,,-0.011927248169233049,2025-11-24,2024-07-13,6.0368768001731405,10.970280899553309
-2.3348428288348275,2.3348428288348275,8.74574993935118,14.784196436175096,False,False,2698.36554058412,2715.223972977809,0,null,-1345.18277029206,"{""alpha[1]"": 0.1303448078206677, ""beta[1]"": 0.5128630307135801, ""nu"": 3.5596813157303604, ""omega"": 6.1427479787367}",3.848727881051878,True,2025-11-26,1.8139403744667462,2.3866366694636163,student_t,ETH-USD,1589,0.3989554724009177,0.1258144216860854,,-0.014301616783474583,2025-11-25,2024-07-14,5.64426661918352,10.246599339773702
0.4392260628449763,-0.4392260628449763,8.599684010731545,14.495321123286095,False,False,2698.411560978596,2715.2699933722847,0,null,-1345.205780489298,"{""alpha[1]"": 0.13225546546972958, ""beta[1]"": 0.5063826113557236, ""nu"": 3.590035703282381, ""omega"": 6.161293832282645}",3.784294802039,True,2025-11-27,1.7987162915760049,2.3688484846699795,student_t,ETH-USD,1590,0.2562345324795702,0.09635349255042827,,-0.013798253924976401,2025-11-26,2024-07-15,5.5639167124363755,10.074575317887795
-0.58748829035449,0.58748829035449,8.381170106611332,14.230463404606958,False,False,2692.4929493400887,2709.3513817337775,0,null,-1342.2464746700443,"{""alpha[1]"": 0.1362337741014066, ""beta[1]"": 0.5215317716371751, ""nu"": 3.507080661452215, ""omega"": 5.9773704910907295}",3.6822516917740717,True,2025-11-28,1.7691215533957743,2.3453294184939866,student_t,ETH-USD,1591,0.2988851947395089,0.10405717417686987,,-0.029265116351669243,2025-11-27,2024-07-16,5.390215604435683,9.818229127332488
1.3485997597932728,-1.3485997597932728,8.234235392952272,13.997304903400723,False,False,2692.2652948723567,2709.1237272660455,0,null,-1342.1326474361783,"{""alpha[1]"": 0.1380867999191598, ""beta[1]"": 0.5167921149947647, ""nu"": 3.49710682616963, ""omega"": 6.041591475917871}",3.6193682783140777,True,2025-11-29,1.7507287110847143,2.328063321255961,student_t,ETH-USD,1592,0.19706526319581177,0.08298322022641898,,-0.02543388456320905,2025-11-28,2024-07-17,5.289905023709505,9.646921782435163
-0.014280094725559628,0.014280094725559628,8.222320875908634,13.986697538795266,False,False,2692.145786029404,2709.004218423093,0,null,-1342.072893014702,"{""alpha[1]"": 0.13911943724413742, ""beta[1]"": 0.5143053728946754, ""nu"": 3.490504141204742, ""omega"": 6.079161853955578}",3.6144880498040433,True,2025-11-30,1.748886266390997,2.326847283758838,student_t,ETH-USD,1593,0.2646643809130691,0.09647486292917451,,-0.024924993410642214,2025-11-29,2024-07-18,5.279007523535818,9.633206198191882
6.629277364514824,-6.629277364514824,8.130265289926573,13.837551812573865,True,False,2691.8489577478813,2708.70739014157,0,null,-1341.9244788739406,"{""alpha[1]"": 0.141135608505471, ""beta[1]"": 0.5118570450653193, ""nu"": 3.4839613339046935, ""omega"": 6.094693072221654}",3.5730936581928905,True,2025-12-01,5.209616652844623,2.31573671868604,student_t,ETH-USD,1594,1.3409410918929476,0.028958107839907283,,-0.027097837312584163,2025-11-30,2024-07-19,5.217760425680142,9.52508814850555
-6.8238382664522685,6.8238382664522685,9.883728443484467,16.82982839124194,False,False,2696.1440808601565,2713.0025132538453,0,null,-1344.0720404300782,"{""alpha[1]"": 0.135181323996861, ""beta[1]"": 0.5098614270012787, ""nu"": 3.474403625908724, ""omega"": 6.287833792733874}",4.338706186967089,True,2025-12-02,1.932550424736335,2.5110729589287635,student_t,ETH-USD,1595,0.6582918750915745,0.18401416293682532,,-0.0449426514895298,2025-12-01,2024-07-20,6.341999235379209,11.577578027230246
-6.258823044427533,6.258823044427533,10.791215976898958,18.295220208253074,False,False,2700.784319829934,2717.6427522236227,0,null,-1346.392159914967,"{""alpha[1]"": 0.14143076846066274, ""beta[1]"": 0.4931660407050565, ""nu"": 3.5242262865166967, ""omega"": 6.463810713961299}",4.743160820321604,True,2025-12-03,2.022636690454398,2.597633991669645,student_t,ETH-USD,1596,0.6603666290189874,0.18900713304681982,,-0.032067103378331505,2025-12-02,2024-07-21,6.948509535952202,12.64189026025443
1.810241751735505,-1.810241751735505,10.978643813955456,18.512123831622183,False,False,2704.453678199611,2721.3121105933,0,null,-1348.2268390998056,"{""alpha[1]"": 0.14898888445753034, ""beta[1]"": 0.48262984059270914, ""nu"": 3.5849560591360063, ""omega"": 6.48851550927027}",4.829916749172475,True,2025-12-04,2.0427663669807092,2.613172909213901,student_t,ETH-USD,1597,0.2645451869305218,0.11051001660683524,,-0.020530768905053044,2025-12-03,2024-07-22,7.101145490345937,12.86124341241902
3.5687508056875665,-3.5687508056875665,9.710704297742591,16.405282558108286,False,False,2704.0200300582887,2720.8784624519776,0,null,-1348.0100150291444,"{""alpha[1]"": 0.14592633315390724, ""beta[1]"": 0.48772426392869483, ""nu"": 3.564869029195514, ""omega"": 6.453912893106933}",4.2720942625466,True,2025-12-05,1.9189828821739225,2.4910689315271055,student_t,ETH-USD,1598,0.13509880049943734,0.07807747344644868,,-0.01863648725774877,2025-12-04,2024-07-23,6.270726815676311,11.376498150332427
-0.5202266565331279,0.5202266565331279,9.380373808884263,15.753285289738487,False,False,2705.2338398100237,2722.0922722037126,0,null,-1348.6169199050119,"{""alpha[1]"": 0.14675516260545834, ""beta[1]"": 0.4851237719092239, ""nu"": 3.6231734835813616, ""omega"": 6.390490931164055}",4.121908973425682,True,2025-12-06,1.8878441604589478,2.4544097723693943,student_t,ETH-USD,1599,0.3305097794497674,0.1150595090358408,,-0.028176411912594623,2025-12-05,2024-07-24,6.089968932462215,10.985724247050943
-0.6914380109870748,0.6914380109870748,8.732179251998772,14.749471124933416,False,False,2702.9807789314564,2719.8392113251452,0,null,-1347.4903894657282,"{""alpha[1]"": 0.14821355770918426, ""beta[1]"": 0.4791738038834741, ""nu"": 3.5658728210503083, ""omega"": 6.525590314344232}",3.8407874884101965,True,2025-12-07,1.8128976557106986,2.3847757777012526,student_t,ETH-USD,1600,0.31657007138179866,0.10921207334424196,,-0.018589669587775616,2025-12-06,2024-07-25,5.639963416648892,10.229769323437113
-2.0657403927496953,2.0657403927496953,8.441174213592866,14.382869086752645,False,False,2699.9850368922953,2716.843469285984,0,null,-1345.9925184461476,"{""alpha[1]"": 0.15335294431362503, ""beta[1]"": 0.4748647664468072, ""nu"": 3.482968736464401, ""omega"": 6.661943145588358}",3.7189627226196547,True,2025-12-08,1.773945770216026,2.353866837772176,student_t,ETH-USD,1601,0.3737525170730756,0.11958694654402194,,-0.007257396899429848,2025-12-07,2024-07-26,5.40930994871181,9.892954261652488
-6.080292636684659,6.080292636684659,8.503798910600345,14.545743217898906,False,False,2699.3189451135486,2716.1773775072375,0,null,-1345.6594725567743,"{""alpha[1]"": 0.1547031988419449, ""beta[1]"": 0.4729159234841618, ""nu"": 3.444449256807075, ""omega"": 6.764036578624334}",3.746763424331879,True,2025-12-09,1.779195480236361,2.3625077312640523,student_t,ETH-USD,1602,0.5755760032356539,0.16047171787485717,,-0.00942213901175564,2025-12-08,2024-07-27,5.43122742802841,9.966879150801043
-0.12864347526692488,0.12864347526692488,9.878939395434925,16.841563465543892,False,False,2703.8127230281957,2720.6711554218846,0,null,-1347.9063615140979,"{""alpha[1]"": 0.14898514291385248, ""beta[1]"": 0.47475550454329296, ""nu"": 3.4831103478523646, ""omega"": 6.79805525809987}",4.3581197409856784,True,2025-12-10,1.9307656478775548,2.511447898513824,student_t,ETH-USD,1603,0.32273629761737105,0.11708869700700254,,0.004476373852023856,2025-12-09,2024-07-28,6.32608247708049,11.58022622543332
2.692245350065897,-2.692245350065897,9.01463411932683,15.365583064985179,False,False,2703.963563336929,2720.821995730618,0,null,-1347.9817816684645,"{""alpha[1]"": 0.1428995393247963, ""beta[1]"": 0.4871275119741642, ""nu"": 3.484352709626443, ""omega"": 6.647444645301305}",3.976436442661596,True,2025-12-11,1.8393133297899724,2.419829596990183,student_t,ETH-USD,1604,0.1540651907460091,0.07874657742113718,,0.003269845423217406,2025-12-10,2024-07-29,5.773549164986076,10.566903092179608
4.838112547785865,-4.838112547785865,8.882256863655822,15.089702498214562,False,False,2704.8045365104053,2721.662968904094,0,null,-1348.4022682552027,"{""alpha[1]"": 0.13839386670766265, ""beta[1]"": 0.4990558212258141, ""nu"": 3.513522135790515, ""omega"": 6.457716817181521}",3.913696633843693,True,2025-12-12,1.8265060790009642,2.4038548747719704,student_t,ETH-USD,1605,0.043414847679982396,0.05571402791673676,,-0.0050925326887027765,2025-12-11,2024-07-30,5.7064095013855125,10.409515339459537
-1.0489822924048022,1.0489822924048022,9.381832610518675,15.827519518430709,False,False,2707.4589767238767,2724.3174091175656,0,null,-1349.7294883619384,"{""alpha[1]"": 0.13109648064336324, ""beta[1]"": 0.5219091655197263, ""nu"": 3.5821149916017916, ""omega"": 6.083412536750436}",4.129785108779825,True,2025-12-13,1.8852374999096178,2.4562129907216357,student_t,ETH-USD,1606,0.3556992073344033,0.1204060619549676,,-0.012230747159471976,2025-12-12,2024-07-31,6.065001854283257,10.991623903091948
1.8163993297774503,-1.8163993297774503,8.781129700527178,14.75833838467953,False,False,2706.897901079587,2723.756333473276,0,null,-1349.4489505397935,"{""alpha[1]"": 0.12462861951825399, ""beta[1]"": 0.5482222038315614, ""nu"": 3.6243700366483402, ""omega"": 5.6315929291626885}",3.867030470676686,True,2025-12-14,1.8211243715254524,2.3888496373719166,student_t,ETH-USD,1607,0.19391663989099833,0.08470773521035227,,-0.007221988493196944,2025-12-13,2024-08-01,5.694732127597414,10.28717285081267
3.200777046696506,-3.200777046696506,8.47663398646391,14.143654470181373,False,False,2706.208456322422,2723.066888716111,0,null,-1349.104228161211,"{""alpha[1]"": 0.12275957569642224, ""beta[1]"": 0.5555909021607334, ""nu"": 3.7036265538480677, ""omega"": 5.393187443229989}",3.7323450027848386,True,2025-12-15,1.789930500573551,2.3511589474174395,student_t,ETH-USD,1608,0.11656094738569686,0.06726553199315559,,-0.009006065918224167,2025-12-14,2024-08-02,5.531995994410441,9.92733024601206
7.41182557446482e-05,-7.41182557446482e-05,8.633616097003861,14.442540027007157,False,False,2703.7918233332966,2720.6502557269855,0,null,-1347.8959116666483,"{""alpha[1]"": 0.12095747918231373, ""beta[1]"": 0.5460665018389775, ""nu"": 3.6787837860457655, ""omega"": 5.585169949101192}",3.8046785326589965,True,2025-12-16,1.8067332950433714,2.3704299047650705,student_t,ETH-USD,1609,0.28105065655800915,0.10113341754385405,,-0.0014675265073931325,2025-12-15,2024-08-03,5.621087249415923,10.11341587264114
4.582819294026811,-4.582819294026811,8.269161504230562,13.804277731694468,False,False,2701.7474689765395,2718.6059013702284,0,null,-1346.8737344882697,"{""alpha[1]"": 0.12092476164384337, ""beta[1]"": 0.5467155086190667, ""nu"": 3.70515173747846, ""omega"": 5.4875224756261245}",3.646705304790266,True,2025-12-17,1.7646817464980464,2.326682114630703,student_t,ETH-USD,1610,0.04049515370989853,0.05103691946887511,,0.004144637484020507,2025-12-16,2024-08-04,5.3927223682247805,9.686511240914317
0.15320292634782132,-0.15320292634782132,8.873342812150279,14.82628721388559,False,False,2700.3567849418987,2717.2152173355876,0,null,-1346.1783924709493,"{""alpha[1]"": 0.11274452634472516, ""beta[1]"": 0.5437750906923178, ""nu"": 3.6979999752752724, ""omega"": 5.636854516903243}",3.915760238170566,True,2025-12-18,1.8346083602923868,2.3975594226248136,student_t,ETH-USD,1611,0.2814141817771782,0.10242361838025228,,0.010514188033841845,2025-12-17,2024-08-05,5.78148656189138,10.395564764373042
-5.2001577947566355,5.2001577947566355,8.512279748803243,14.328161168010318,False,False,2694.0398989434316,2710.8983313371205,0,null,-1343.0199494717158,"{""alpha[1]"": 0.11604154654199325, ""beta[1]"": 0.5020978114274801, ""nu"": 3.6277059048218003, ""omega"": 6.319182785022343}",3.7655227727666705,True,2025-12-19,1.7886192333888675,2.3586651757492287,student_t,ETH-USD,1612,0.535426717148076,0.15178837464698308,,0.031325613409143,2025-12-18,2024-08-06,5.5083765482048745,9.978679669941657
0.013036001392809289,-0.013036001392809289,9.115793663752742,15.22073778945429,False,False,2696.4861892745967,2713.3446216682855,0,null,-1344.2430946372983,"{""alpha[1]"": 0.11485386141052882, ""beta[1]"": 0.5048677164832178, ""nu"": 3.719713685785388, ""omega"": 6.17419176523783}",4.035099813602099,True,2025-12-20,1.8615880893798669,2.4245601314691685,student_t,ETH-USD,1613,0.2963314652056504,0.10670419719337712,,0.03831992604848884,2025-12-19,2024-08-07,5.9396653055058115,10.683455720730512
-0.8038330983664052,0.8038330983664052,8.570383200700618,14.377905541223706,False,False,2693.578160833972,2710.436593227661,0,null,-1342.789080416986,"{""alpha[1]"": 0.11094823715804121, ""beta[1]"": 0.509487834489336, ""nu"": 3.672952621185943, ""omega"": 6.155758508024962}",3.798792500482497,True,2025-12-21,1.7970537815874188,2.364550893415181,student_t,ETH-USD,1614,0.31818974720531656,0.10851950321330019,,0.04848388217262782,2025-12-20,2024-08-08,5.559961845739921,10.048117222963603
-0.14847512688790523,0.14847512688790523,8.260613024929228,13.778553613784462,False,False,2683.76005857831,2700.6184909719987,0,null,-1337.880029289155,"{""alpha[1]"": 0.11549926453744556, ""beta[1]"": 0.4869016804155313, ""nu"": 3.7247701876628034, ""omega"": 6.343844456810626}",3.6511824415930065,True,2025-12-22,1.7638428578615621,2.3255756069947067,student_t,ETH-USD,1615,0.2768618470394971,0.09827389721834182,,0.0224166032626951,2025-12-21,2024-08-09,5.388761813902033,9.678914594946267
1.430632683187684,-1.430632683187684,8.127933454373391,13.648511035803667,False,False,2681.8726995678267,2698.7311319615155,0,null,-1336.9363497839133,"{""alpha[1]"": 0.11821563911519, ""beta[1]"": 0.4906123985025946, ""nu"": 3.6532909170346906, ""omega"": 6.331925308486299}",3.595145982993412,True,2025-12-23,1.7437747154318055,2.3116655222277864,student_t,ETH-USD,1616,0.19200360821574186,0.08096506921116374,,0.029055551490728283,2025-12-22,2024-08-10,5.270704847502518,9.52713960430405
0.601915966617468,-0.601915966617468,8.093291593373628,13.539824215701362,False,False,2682.3745382982374,2699.2329706919263,0,null,-1337.1872691491187,"{""alpha[1]"": 0.12130836817561984, ""beta[1]"": 0.47428959532721554, ""nu"": 3.692734954631885, ""omega"": 6.483108308720731}",3.5784545552385394,True,2025-12-24,1.7416503941222174,2.306130899959662,student_t,ETH-USD,1617,0.23318499615763652,0.08882671526410559,,0.025393895558659875,2025-12-23,2024-08-11,5.265615889770194,9.48458749302802
1.436501494465932,-1.436501494465932,8.003921565486896,13.4140192229087,False,False,2681.588766360296,2698.447198753985,0,null,-1336.794383180148,"{""alpha[1]"": 0.12447367232805769, ""beta[1]"": 0.47388104414233034, ""nu"": 3.6748829738857625, ""omega"": 6.447358878388477}",3.540363196844812,True,2025-12-25,1.729498885508617,2.295647637925809,student_t,ETH-USD,1618,0.18812919860556296,0.07944556191258019,,0.028588282839145815,2025-12-24,2024-08-12,5.199085466577188,9.381057685723944
-0.7605038693962901,0.7605038693962901,8.034866037879437,13.534346329308363,False,False,2676.206099938381,2693.06453233207,0,null,-1334.1030499691906,"{""alpha[1]"": 0.12386417088195673, ""beta[1]"": 0.5134152578522339, ""nu"": 3.610826180032949, ""omega"": 5.910343562284304}",3.546947138511,True,2025-12-26,1.7307538791842654,2.300990919989213,student_t,ETH-USD,1619,0.297938467239116,0.10177164636113116,,0.012736878677565998,2025-12-25,2024-08-13,5.198265475386025,9.416660766716817
-0.75770387191792,0.75770387191792,7.971816213525223,13.41605896222263,False,False,2676.324568898691,2693.1830012923797,0,null,-1334.1622844493454,"{""alpha[1]"": 0.12635884743998618, ""beta[1]"": 0.5033467322953609, ""nu"": 3.6222002115036678, ""omega"": 6.0127177805850565}",3.520476367098295,True,2025-12-27,1.723332506366364,2.2928534912807077,student_t,ETH-USD,1620,0.2959409193328367,0.10100661713229384,,0.015787710615637326,2025-12-26,2024-08-14,5.1611145147388084,9.342957841311454
-0.019327315679661696,0.019327315679661696,7.926361628682428,13.351041797579274,False,False,2676.012930207429,2692.8713626011177,0,null,-1334.0064651037144,"{""alpha[1]"": 0.12888033667003698, ""beta[1]"": 0.5014734562288654, ""nu"": 3.6155108149051496, ""omega"": 6.007783692758431}",3.502462812708128,True,2025-12-28,1.717058003213086,2.287471829979208,student_t,ETH-USD,1621,0.2573302191857304,0.09310015714674831,,0.020341016832252822,2025-12-27,2024-08-15,5.1272770680349415,9.29068839899516
0.47695249873103296,-0.47695249873103296,7.899332272264492,13.43345086234638,False,False,2673.3050480780144,2690.163480471703,0,null,-1332.6525240390072,"{""alpha[1]"": 0.13017741379800996, ""beta[1]"": 0.5299913492528215, ""nu"": 3.5200750454938587, ""omega"": 5.679091472394168}",3.4945953647884074,True,2025-12-29,1.7081467953235334,2.287289534758251,student_t,ETH-USD,1622,0.22947154404335016,0.08785970775678086,,0.027475933188218844,2025-12-28,2024-08-16,5.066383379598032,9.26292327440911
-1.248871582423383,1.248871582423383,7.8962122411120585,13.432672441615711,False,False,2673.2247630938687,2690.0831954875575,0,null,-1332.6123815469343,"{""alpha[1]"": 0.13173124218700408, ""beta[1]"": 0.5247800675918388, ""nu"": 3.5152659618480295, ""omega"": 5.747776114979473}",3.492094392422143,True,2025-12-30,1.7076058697748082,2.286973205406497,student_t,ETH-USD,1623,0.31560510120471535,0.10507787352963258,,0.024732541105996188,2025-12-29,2024-08-17,5.063230441670918,9.258915770539865
0.14748453178670137,-0.14748453178670137,7.942625389427133,13.497521168481466,False,False,2673.475433833767,2690.333866227456,0,null,-1332.7377169168835,"{""alpha[1]"": 0.13252374054659496, ""beta[1]"": 0.518393053200825, ""nu"": 3.526140860426939, ""omega"": 5.822993133705311}",3.512749077656473,True,2025-12-31,1.714042854756046,2.29249819148778,student_t,ETH-USD,1624,0.2475042173100926,0.0916569898465924,,0.025589611052392373,2025-12-30,2024-08-18,5.097568877988548,9.313183516445934
-1.1179695744361444,1.1179695744361444,7.887751745875277,13.389358949126427,False,False,2673.5507288710955,2690.4091612647844,0,null,-1332.7753644355478,"{""alpha[1]"": 0.1345023779070769, ""beta[1]"": 0.5121662787328625, ""nu"": 3.5374028025955293, ""omega"": 5.871596097622991}",3.4882990801154947,True,2026-01-01,1.7077366254873896,2.285198598352796,student_t,ETH-USD,1625,0.309263114213576,0.10366512815774838,,0.02538566868008763,2025-12-31,2024-08-19,5.06729270983537,9.248543241338684
-4.050579132499361,4.050579132499361,7.891372059443086,13.373249182714288,False,False,2673.656731135845,2690.5151635295338,0,null,-1332.8283655679224,"{""alpha[1]"": 0.13678616229039597, ""beta[1]"": 0.5065818539453346, ""nu"": 3.5546215072584166, ""omega"": 5.895892796280937}",3.489857711832765,True,2026-01-02,1.709124322838114,2.285114733909352,student_t,ETH-USD,1626,0.456376365792783,0.13302973271903615,,0.02579712345686228,2026-01-01,2024-08-20,5.076948183356291,9.252394139404242
-0.04783333411287564,0.04783333411287564,8.544245238186745,14.466502603357698,False,False,2675.173546012926,2692.031978406615,0,null,-1333.586773006463,"{""alpha[1]"": 0.13467467160814578, ""beta[1]"": 0.5031027993789489, ""nu"": 3.5693870084579475, ""omega"": 5.979742122350044}",3.783222487037112,True,2026-01-03,1.7889632691665107,2.364421766158456,student_t,ETH-USD,1627,0.2773904572525897,0.10067129848894363,,0.0388270815748836,2026-01-02,2024-08-21,5.499975810938913,10.019296514781479
-0.47211982728760693,0.47211982728760693,8.217836255136396,13.962772685768718,False,False,2674.281256998921,2691.13968939261,0,null,-1333.1406284994605,"{""alpha[1]"": 0.1343212033063914, ""beta[1]"": 0.5109300760279293, ""nu"": 3.5319221522451847, ""omega"": 5.902413757361689}",3.6378838901264454,True,2026-01-04,1.7480816886204242,2.326594166946087,student_t,ETH-USD,1628,0.28730597910485367,0.10109218174870545,,0.034442703365226916,2026-01-03,2024-08-22,5.273999754809462,9.63709834758293
-2.6834359500621723,2.6834359500621723,7.98925357934606,13.534589419201469,False,False,2674.261556373841,2691.11998876753,0,null,-1333.1307781869205,"{""alpha[1]"": 0.13787358255128324, ""beta[1]"": 0.5029320623245779, ""nu"": 3.5633009619116356, ""omega"": 5.913210920530351}",3.5374204207069515,True,2026-01-05,1.7214843053043687,2.297446785486,student_t,ETH-USD,1629,0.39118087985076294,0.12052054351650673,,0.03602977071211668,2026-01-04,2024-08-23,5.14018164695308,9.36861840158849
-2.1410072690299096,2.1410072690299096,8.24611932123807,14.04815828153913,False,False,2671.440677251657,2688.2991096453457,0,null,-1331.7203386258284,"{""alpha[1]"": 0.14044281911913944, ""beta[1]"": 0.5070384042190663, ""nu"": 3.503397323572435, ""omega"": 5.91755918279326}",3.649306159884194,True,2026-01-06,1.7500764818906833,2.3308651855115796,student_t,ETH-USD,1630,0.371063800191656,0.11811392513057102,,0.030888553780721584,2026-01-05,2024-08-24,5.2802687348032045,9.670385244027182
3.995795768618134,-3.995795768618134,8.198009396461988,13.900126457185754,False,False,2672.4068588549753,2689.265291248664,0,null,-1332.2034294274877,"{""alpha[1]"": 0.13972122187043057, ""beta[1]"": 0.5018387467406971, ""nu"": 3.5533791696603596, ""omega"": 5.928646336189315}",3.6290113164569804,True,2026-01-07,1.7468301615838633,2.3234981238681836,student_t,ETH-USD,1631,0.06375112501551375,0.056175342764529235,,0.03481330238485865,2026-01-06,2024-08-25,5.270818268928408,9.613330045071052
1.9920661749498099,-1.9920661749498099,8.655577719256486,14.555795638118239,False,False,2674.84876324175,2691.707195635439,0,null,-1333.424381620875,"{""alpha[1]"": 0.13911778561893431, ""beta[1]"": 0.49123689522273006, ""nu"": 3.6359891729060543, ""omega"": 5.994859469620552}",3.827338792935068,True,2026-01-08,1.8058883419943292,2.375015168875051,student_t,ETH-USD,1632,0.18070082686058106,0.08153700800941596,,0.028288185433369615,2026-01-07,2024-08-26,5.606082712161427,10.1457669758914
0.6896412448986102,-0.6896412448986102,8.361379932552033,14.049477977827763,False,False,2674.4634468598433,2691.321879253532,0,null,-1333.2317234299217,"{""alpha[1]"": 0.1398037488765069, ""beta[1]"": 0.49161587954079633, ""nu"": 3.645993437443958, ""omega"": 5.942306591265122}",3.698128674338664,True,2026-01-09,1.7717415702759052,2.340185578378406,student_t,ETH-USD,1633,0.23647601863291767,0.0911127933963895,,0.029299592068791458,2026-01-08,2024-08-27,5.419161617556959,9.800920584537552
0.02112169361634722,-0.02112169361634722,8.023337653347449,13.531756558614337,False,False,2667.065639822773,2683.924072216462,0,null,-1329.5328199113865,"{""alpha[1]"": 0.14163071075400419, ""beta[1]"": 0.5196327968459913, ""nu"": 3.615089917373633, ""omega"": 5.502777641456409}",3.556186169603299,True,2026-01-10,1.7281134139153256,2.3003373264414746,student_t,ETH-USD,1634,0.2580010051442178,0.09387482467611948,,0.045254974817530144,2026-01-09,2024-08-28,5.1811417965006985,9.408604161228286
-1.1768432252193073,1.1768432252193073,7.881378895014021,13.382995790824074,False,False,2665.339183268828,2682.197615662517,0,null,-1328.669591634414,"{""alpha[1]"": 0.14430620889868798, ""beta[1]"": 0.5255959372428519, ""nu"": 3.54155071139415, ""omega"": 5.475321867858234}",3.4917087744454616,True,2026-01-11,1.706513074320544,2.284668315381837,student_t,ETH-USD,1635,0.3118384429324886,0.10420256060594213,,0.03962287654124082,2026-01-10,2024-08-29,5.059925633430459,9.243412835374896
0.8552349371311189,-0.8552349371311189,7.825693439666797,13.260963918689397,False,False,2665.764152788852,2682.6225851825407,0,null,-1328.882076394426,"{""alpha[1]"": 0.14547402685017002, ""beta[1]"": 0.5160536137718745, ""nu"": 3.564186868302135, ""omega"": 5.574044256305778}",3.467925039571078,True,2026-01-12,1.7005456747435268,2.276926583171592,student_t,ETH-USD,1636,0.20888646477083705,0.08322703484144646,,0.041946728507362904,2026-01-11,2024-08-30,5.032964232547856,9.177938421275757
-7.167244795656343,7.167244795656343,7.755961269722184,13.111199107143575,False,False,2666.0225015477745,2682.8809339414634,0,null,-1329.0112507738872,"{""alpha[1]"": 0.14765863951820846, ""beta[1]"": 0.5082910851932209, ""nu"": 3.5886791362502772, ""omega"": 5.623671649145456}",3.4363454141937337,True,2026-01-13,1.692967662293014,2.2671697971894957,student_t,ETH-USD,1637,0.6083003868879893,0.16262523454932726,,0.040471347120854866,2026-01-12,2024-08-31,4.998762942103433,9.095278659276369
-0.9773354956189868,0.9773354956189868,9.867600584917675,16.60684117797139,False,False,2671.9392500782747,2688.7976824719635,0,null,-1331.9696250391373,"{""alpha[1]"": 0.14629978339155614, ""beta[1]"": 0.4936984519781295, ""nu"": 3.6380586128959136, ""omega"": 5.852022828722779}",4.373650579608492,True,2026-01-14,1.9362106378811053,2.506540620899404,student_t,ETH-USD,1638,0.36806091668985064,0.1254775171668283,,0.05579235903173675,2026-01-13,2024-09-01,6.383882838178019,11.570416221063835
1.1277796565529192,-1.1277796565529192,8.850407169260082,14.960843787508248,False,False,2670.502077696522,2687.360510090211,0,null,-1331.251038848261,"{""alpha[1]"": 0.1422289643008995, ""beta[1]"": 0.5058221921036624, ""nu"": 3.5979494730251593, ""omega"": 5.732606773734218}",3.9293394160297885,True,2026-01-15,1.8247265695725958,2.3993534031645805,student_t,ETH-USD,1639,0.2287105568038187,0.09253804620304071,,0.06466828990085002,2026-01-14,2024-09-02,5.701990792629289,10.381584276856982
0.6538811053836534,-0.6538811053836534,8.38806522753931,14.243046746521172,False,False,2668.0985858023105,2684.9570181959994,0,null,-1330.0492929011552,"{""alpha[1]"": 0.13997936388165994, ""beta[1]"": 0.5118872347471629, ""nu"": 3.5474335126310708, ""omega"": 5.703956464634381}",3.721113041699135,True,2026-01-16,1.7686626077612848,2.347093508183086,student_t,ETH-USD,1640,0.23650106817644775,0.09185566936956828,,0.05352823141377761,2026-01-15,2024-09-03,5.383902468912604,9.839448042340473
-0.4052512521566866,0.4052512521566866,8.114085682728657,13.886948875422737,False,False,2664.602869515775,2681.461301909464,0,null,-1328.3014347578876,"{""alpha[1]"": 0.14307681890208565, ""beta[1]"": 0.5132611204477427, ""nu"": 3.473828114747965, ""omega"": 5.737379717636292}",3.605374950316922,True,2026-01-17,1.7308542961334679,2.3166038227669867,student_t,ETH-USD,1641,0.27879874210021255,0.09926898205793883,,0.061707099372078106,2026-01-16,2024-09-04,5.17072358984756,9.521646953637187
0.8408684027099758,-0.8408684027099758,7.8864573463773615,13.478086338503665,False,False,2664.5250335521123,2681.383465945801,0,null,-1328.2625167760561,"{""alpha[1]"": 0.14849321905681845, ""beta[1]"": 0.49825611587150453, ""nu"": 3.4878958343640902, ""omega"": 5.861201350550363}",3.5039830070208025,True,2026-01-18,1.7032024202489402,2.2876793718740682,student_t,ETH-USD,1642,0.20955641144887724,0.08413377598336809,,0.060186919774890754,2026-01-17,2024-09-05,5.031996631687517,9.254246001046777
2.9235184762987707,-2.9235184762987707,7.830184825187937,13.453737070765307,False,False,2662.728004344891,2679.58643673858,0,null,-1327.3640021724455,"{""alpha[1]"": 0.1493477607898791, ""beta[1]"": 0.5094274234875802, ""nu"": 3.439061638197884, ""omega"": 5.728166193259558}",3.482751222985561,True,2026-01-19,1.6929336359859666,2.282354156189343,student_t,ETH-USD,1643,0.10241189857192574,0.06266692179137813,,0.06525228869569481,2026-01-18,2024-09-06,4.971756447737284,9.190210655436578
8.204732945021304,-8.204732945021304,8.138994834137414,13.987270855514712,True,False,2658.6949371122864,2675.5533695059753,0,null,-1325.3474685561432,"{""alpha[1]"": 0.1441484056369014, ""beta[1]"": 0.5411762873876951, ""nu"": 3.439056138598767, ""omega"": 5.291037663567311}",3.621921228629013,True,2026-01-20,9.19768739017025,2.321152056535077,student_t,ETH-USD,1644,2.886471635205685,0.01348634105429498,,0.07194186174285629,2026-01-19,2024-09-07,5.166341750067951,9.5533670504508
-1.4640674044223776,1.4640674044223776,10.716325445568728,18.469815755266612,False,False,2664.301460665572,2681.159893059261,0,null,-1328.150730332786,"{""alpha[1]"": 0.14440792833198848, ""beta[1]"": 0.5339585768166755, ""nu"": 3.3961858599729577, ""omega"": 5.549832033808019}",4.751783601811353,True,2026-01-21,2.005428141311381,2.596822322567686,student_t,ETH-USD,1645,0.41272861288202656,0.14036184776285063,,0.05106525633058193,2026-01-20,2024-09-08,6.790504853218146,12.572117371862673
0.9873623961434467,-0.9873623961434467,9.48882677618784,16.323069579770358,False,False,2665.1331540630626,2681.9915864567515,0,null,-1328.5665770315313,"{""alpha[1]"": 0.14027215734830517, ""beta[1]"": 0.5321697320543273, ""nu"": 3.4166387280537425, ""omega"": 5.578938377690045}",4.209482588741375,True,2026-01-22,1.8847565473563583,2.474607081952555,student_t,ETH-USD,1646,0.25173207621123866,0.10145422604080345,,0.051964604415792114,2026-01-21,2024-09-09,6.022003920368216,11.132785000223782
-0.12275504610092598,0.12275504610092598,8.822763450282986,15.247694919364521,False,False,2664.02204545521,2680.880477848899,0,null,-1328.011022727605,"{""alpha[1]"": 0.13858586329550898, ""beta[1]"": 0.5396493923972497, ""nu"": 3.372435517611677, ""omega"": 5.5442955825764635}",3.914544906677203,True,2026-01-23,1.8094205455174763,2.4033187047120808,student_t,ETH-USD,1647,0.2849747541572017,0.10474268229222192,,0.04473251813272707,2026-01-22,2024-09-10,5.576740037043103,10.351513183121257
0.15302026845478983,-0.15302026845478983,8.353391972199086,14.441406184977682,False,False,2663.946465902995,2680.804898296684,0,null,-1327.9732329514975,"{""alpha[1]"": 0.14133841846284215, ""beta[1]"": 0.5234771785031554, ""nu"": 3.369369178565772, ""omega"": 5.760923274846115}",3.7064520437133814,True,2026-01-24,1.754562138546644,2.3487632987809963,student_t,ETH-USD,1648,0.25627209119523825,0.0964783916902345,,0.04235806971145726,2026-01-23,2024-09-11,5.27846209235955,9.800859437478232
4.609544693875815,-4.609544693875815,8.124459140077326,14.112502234158326,False,False,2662.942952842611,2679.8013852362997,0,null,-1327.4714764213054,"{""alpha[1]"": 0.14550512055119644, ""beta[1]"": 0.5171489569381619, ""nu"": 3.3293191911727202, ""omega"": 5.878461811995554}",3.6093663591384724,True,2026-01-25,1.7240141343533484,2.3226066388822977,student_t,ETH-USD,1649,0.025091835501135785,0.04924093405241236,,0.04625899819441829,2026-01-24,2024-09-12,5.11138140389853,9.533638099117047
-3.8509728197345883,3.8509728197345883,8.914180561651241,15.357777172718984,False,False,2666.434423364796,2683.292855758485,0,null,-1329.217211682398,"{""alpha[1]"": 0.14214224749927767, ""beta[1]"": 0.5055220270285256, ""nu"": 3.3966327952877062, ""omega"": 6.006785816181913}",3.9494398597332854,True,2026-01-26,1.821629180947654,2.4124900716713773,student_t,ETH-USD,1650,0.47512185830506604,0.14307592918849948,,0.035173290160033295,2026-01-25,2024-09-13,5.651464346366725,10.456620099115346
-3.219617529422235,3.219617529422235,9.040296625847924,15.605617265756027,False,False,2666.5881322941614,2683.4465646878502,0,null,-1329.2940661470807,"{""alpha[1]"": 0.14230209410393538, ""beta[1]"": 0.5122627426558062, ""nu"": 3.378882268327454, ""omega"": 5.949140268495905}",4.006468150276816,True,2026-01-27,1.8345656429545132,2.427192265331688,student_t,ETH-USD,1651,0.44704915554108005,0.13824591628162716,,0.036227196987073676,2026-01-26,2024-09-14,5.7213655813993585,10.604974098740469
0.5176321431063918,-0.5176321431063918,8.858732650388502,15.204001548222294,False,False,2668.4574497914646,2685.3158821851534,0,null,-1330.2287248957323,"{""alpha[1]"": 0.14467215639189865, ""beta[1]"": 0.4949609029099762, ""nu"": 3.436645970904067, ""omega"": 6.098042129896779}",3.927415416157205,True,2026-01-28,1.8174038337821266,2.405090545047972,student_t,ETH-USD,1652,0.25582614477261967,0.09874787802505136,,0.044560315697789864,2026-01-27,2024-09-15,5.63415503855878,10.392419945611518
6.470236647949753,-6.470236647949753,8.422324486557018,14.579425310749144,True,False,2665.2791665545733,2682.137598948262,0,null,-1328.6395832772866,"{""alpha[1]"": 0.1443111329146449, ""beta[1]"": 0.5180203218822903, ""nu"": 3.3617690133932143, ""omega"": 5.853731064278727}",3.7414479082143988,True,2026-01-29,4.505896880239191,2.3575126092982797,student_t,ETH-USD,1653,1.0977600665878582,0.03413174720062388,,0.051771699679060125,2026-01-28,2024-09-16,5.314699735752008,9.883411368012139
4.197886801476529,-4.197886801476529,9.886024140960956,17.03354019200607,False,False,2670.2511451546793,2687.109577548368,0,null,-1331.1255725773397,"{""alpha[1]"": 0.14235695145566335, ""beta[1]"": 0.5085763856113594, ""nu"": 3.3966579604784157, ""omega"": 6.023868154029805}",4.380916630290547,True,2026-01-30,1.925034110860084,2.516016126576774,student_t,ETH-USD,1654,0.10344915340250575,0.07399088580930553,,0.041050705157787706,2026-01-29,2024-09-17,6.2668698695266425,11.596975382407075
10.004843927611144,-10.004843927611144,9.673516972079403,16.621553755695043,True,False,2672.0400531890127,2688.8984855827016,0,null,-1332.0200265945064,"{""alpha[1]"": 0.14597684594366528, ""beta[1]"": 0.4943514109976583, ""nu"": 3.4176548156003053, ""omega"": 6.192971406367603}",4.280636227975427,True,2026-01-31,9.87769956055765,2.4932633568799587,student_t,ETH-USD,1655,3.6633882957660866,0.013404150766606027,,0.028650125884621843,2026-01-30,2024-09-18,6.1486457215415795,11.345259004271746
7.519978214379207,-7.519978214379207,12.650780783635472,21.725891575507447,False,False,2679.208859240752,2696.067291634441,0,null,-1335.604429620376,"{""alpha[1]"": 0.15844142379822868, ""beta[1]"": 0.4710894083579791, ""nu"": 3.4129118522924697, ""omega"": 6.524083288316856}",5.584627397139071,True,2026-02-01,2.173946907750996,2.761183345510811,student_t,ETH-USD,1656,0.0264401196787192,0.07311823813415956,,0.0062614125403778935,2026-01-31,2024-09-19,8.04878060795359,14.831802027795156
-3.312814634947648,3.312814634947648,12.65564343850468,21.75309315046933,False,False,2681.054477555751,2697.91290994944,0,null,-1336.5272387778755,"{""alpha[1]"": 0.16890076101091445, ""beta[1]"": 0.4680061745335999, ""nu"": 3.3977907278387844, ""omega"": 6.522108766238818}",5.577640497887046,True,2026-02-02,2.174077262344289,2.7616806302138928,student_t,ETH-USD,1657,0.5680737565954815,0.18146785480784333,,-0.016641677795475592,2026-02-01,2024-09-20,8.048660496961974,14.833970845836667
5.110473683315282,-5.110473683315282,10.986919419039118,18.951227955268852,False,False,2679.9893070768585,2696.8477394705474,0,null,-1335.9946535384292,"{""alpha[1]"": 0.16558099077196634, ""beta[1]"": 0.4907913244732591, ""nu"": 3.364494209407922, ""omega"": 6.24661016965842}",4.842899849304732,True,2026-02-03,2.030744453848449,2.621411091018534,student_t,ETH-USD,1658,0.09278310369088531,0.07767688521160761,,-0.017682979565368365,2026-02-02,2024-09-21,6.966135757132987,12.878162204476036
3.8464351239993615,-3.8464351239993615,10.721177051978593,18.463418685450506,False,False,2682.0729206042824,2698.9313529979713,0,null,-1337.0364603021412,"{""alpha[1]"": 0.16525245975509786, ""beta[1]"": 0.5027309057656892, ""nu"": 3.3736636411306984, ""omega"": 6.070501982517983}",4.718583152145592,True,2026-02-04,2.0073352511019595,2.596268617105902,student_t,ETH-USD,1659,0.1481368877253312,0.08717500527667824,,-0.03213710843179117,2026-02-03,2024-09-22,6.809172878505983,12.563935651667178
16.268108643244332,-16.268108643244332,10.028092455736166,17.186297231390736,True,True,2684.075550973252,2700.933983366941,0,null,-1338.037775486626,"{""alpha[1]"": 0.1653450879524279, ""beta[1]"": 0.4964381827115142, ""nu"": 3.415757033745988, ""omega"": 6.107238654240057}",4.4080729787168185,True,2026-02-05,21.629789145418457,28.81905333175472,student_t,ETH-USD,1660,9.377342054147077,4.47331244117141,,-0.03729127117058967,2026-02-04,2024-09-23,6.397222270457934,11.749611227919676
-12.458793274410151,12.458793274410151,17.974853446937626,31.402214589633505,False,False,2693.3219527315437,2710.1803851252325,0,null,-1342.6609763657718,"{""alpha[1]"": 0.17381994317565858, ""beta[1]"": 0.5308355935329822, ""nu"": 3.2444526972614005, ""omega"": 5.940737821894836}",7.921356393646305,True,2026-02-06,2.5161864159852265,3.1176322525741336,student_t,ETH-USD,1661,1.1866424509064861,0.3352194910067733,,-0.07485001991675742,2026-02-05,2024-09-24,11.27405574371955,21.063155826267145
-1.3078072613292506,1.3078072613292506,19.23246849206006,33.44991619577373,False,False,2699.5142692104127,2716.3727016041016,0,null,-1345.7571346052064,"{""alpha[1]"": 0.20260554534740607, ""beta[1]"": 0.48433370903542133, ""nu"": 3.2876857771469394, ""omega"": 6.3897210295797695}",8.480293434459483,True,2026-02-07,2.586112806905058,3.183939859757829,student_t,ETH-USD,1662,0.6707447030461273,0.23849390638773146,,-0.0503705780680615,2026-02-06,2024-09-25,12.107086799593285,22.541583377443875
0.08548665425286739,-0.08548665425286739,14.63595888495797,25.569410636202736,False,False,2699.4946207249723,2716.353053118661,0,null,-1345.7473103624861,"{""alpha[1]"": 0.19308559459892757, ""beta[1]"": 0.4986322754901449, ""nu"": 3.2489869179575015, ""omega"": 6.31730116024768}",6.457578677261036,True,2026-02-08,2.3105162981373035,2.9122706297689365,student_t,ETH-USD,1663,0.45458848892152964,0.17068363318265048,,-0.04202511199093871,2026-02-07,2024-09-26,9.177256432683453,17.1538499725179
-0.7062777759778761,0.7062777759778761,11.501378892139309,20.134463376564963,False,False,2699.621649452698,2716.480081846387,0,null,-1345.810824726349,"{""alpha[1]"": 0.19261332576620083, ""beta[1]"": 0.4754842213396542, ""nu"": 3.2279093914870796, ""omega"": 6.759598461428842}",5.071467483392493,True,2026-02-09,2.068501644546676,2.671819879929532,student_t,ETH-USD,1664,0.39532701031921386,0.14184024548928076,,-0.04624959685603915,2026-02-08,2024-09-27,7.2002624304063945,13.477746772950187
4.078608638755844,-4.078608638755844,9.66913005369225,17.006296509460658,False,False,2698.847744434368,2715.706176828057,0,null,-1345.423872217184,"{""alpha[1]"": 0.20000686213400098, ""beta[1]"": 0.4401420643913996, ""nu"": 3.1861266640259225, ""omega"": 7.407627295411709}",4.264019840197962,True,2026-02-10,1.8924907807403453,2.4997262827683997,student_t,ETH-USD,1665,0.09753004933873907,0.07250010348999066,,-0.04961951252695528,2026-02-09,2024-09-28,6.029209625530624,11.328618987754902
3.984048777751175,-3.984048777751175,9.800324497895046,17.121926144246217,False,False,2701.4451910751404,2718.3036234688293,0,null,-1346.7225955375702,"{""alpha[1]"": 0.1915073951750355, ""beta[1]"": 0.45591921269771907, ""nu"": 3.238439678800555, ""omega"": 7.1069490533004185}",4.312672481242394,True,2026-02-11,1.9098176340122612,2.510930246417832,student_t,ETH-USD,1666,0.10823478770445073,0.07497407633671536,,-0.05640988506422082,2026-02-10,2024-09-29,6.148744531840188,11.481456411422705
-0.32510563414507243,0.32510563414507243,9.712061497005804,16.833261215310916,False,False,2703.911943411629,2720.770375805318,0,null,-1347.9559717058146,"{""alpha[1]"": 0.19049544591371956, ""beta[1]"": 0.4480355301461906, ""nu"": 3.3033456273668835, ""omega"": 7.105702507779801}",4.264439828585734,True,2026-02-12,1.9053351902535463,2.4991908353211367,student_t,ETH-USD,1667,0.32314021747217314,0.11701597105588762,,-0.06301447524781553,2026-02-11,2024-09-30,6.137698715298385,11.376491471443678
-5.086191076089505,5.086191076089505,8.87229304706331,15.39709096334,False,False,2703.3882790098414,2720.2467114035303,0,null,-1347.6941395049207,"{""alpha[1]"": 0.19480282133015622, ""beta[1]"": 0.43341911257789933, ""nu"": 3.2922403758542202, ""omega"": 7.301535214175971}",3.8963424421635398,True,2026-02-13,1.8142020219244381,2.4091635498391217,student_t,ETH-USD,1668,0.5343496172701993,0.1547899585401719,,-0.058085894951658064,2026-02-12,2024-10-01,5.600801269314472,10.392804777927674
-1.8131872035724004,1.8131872035724004,9.877913521577648,17.176147942274063,False,False,2702.1756631797844,2719.034095573473,0,null,-1347.0878315898922,"{""alpha[1]"": 0.18043208248216103, ""beta[1]"": 0.5003830931867942, ""nu"": 3.2860095182994686, ""omega"": 6.335059734780408}",4.351335732662245,True,2026-02-14,1.9200742187657398,2.517468545066874,student_t,ETH-USD,1669,0.40170147799837935,0.13388998368775218,,-0.0357052823117872,2026-02-13,2024-10-02,6.22084235639518,11.575811165202804
5.923016071602763,-5.923016071602763,9.285757260186978,16.272336441514888,True,False,2700.3639358722785,2717.2223682659674,0,null,-1346.1819679361392,"{""alpha[1]"": 0.17710603409769676, ""beta[1]"": 0.5314925485314411, ""nu"": 3.2241961306008866, ""omega"": 5.969859439770992}",4.100323352462269,True,2026-02-15,2.1052513953111465,2.458301098351892,student_t,ETH-USD,1670,0.11092270192688564,0.04960485289272253,,-0.02512458892820643,2026-02-14,2024-10-03,5.806255332732357,10.883501360875012
-1.6082623160783918,1.6082623160783918,10.352057935666867,18.00544496604525,False,False,2704.8405076618037,2721.6989400554926,0,null,-1348.4202538309019,"{""alpha[1]"": 0.17460231966046366, ""beta[1]"": 0.5230879947312208, ""nu"": 3.2843294917223256, ""omega"": 6.060048736689711}",4.561141179729897,True,2026-02-16,1.966784918859866,2.5644577033958162,student_t,ETH-USD,1671,0.40629568458031606,0.13740033920648753,,-0.035660724227979425,2026-02-15,2024-10-04,6.5176513755279215,12.131771604570348
0.2868788062974721,-0.2868788062974721,9.569920520078671,16.76505775160396,False,False,2703.7389001515976,2720.5973325452865,0,null,-1347.8694500757988,"{""alpha[1]"": 0.17054149441100538, ""beta[1]"": 0.5474708693684182, ""nu"": 3.222331956811291, ""omega"": 5.8230619958555705}",4.220700925055421,True,2026-02-17,1.8842545686724752,2.4882169162987138,student_t,ETH-USD,1672,0.28501736974269676,0.10927605160825717,,-0.037901691956627716,2026-02-16,2024-10-05,5.987226201151402,11.214483967123178
1.9371403218593046,-1.9371403218593046,8.915119829394412,15.584681891612872,False,False,2704.1588025974443,2721.017234991133,0,null,-1348.0794012987221,"{""alpha[1]"": 0.171332526450845, ""beta[1]"": 0.528047957635876, ""nu"": 3.2386090140109824, ""omega"": 6.111655341419126}",3.9287693879488508,True,2026-02-18,1.8146255222219634,2.4166010781174148,student_t,ETH-USD,1673,0.18257708664785668,0.08509467947658955,,-0.038544834012449125,2026-02-17,2024-10-06,5.588682054816435,10.446608269518252
0.2958901104638281,-0.2958901104638281,8.742546294506294,15.242089096034084,False,False,2704.815316683051,2721.67374907674,0,null,-1348.4076583415256,"{""alpha[1]"": 0.17142142534841967, ""beta[1]"": 0.5149538653506087, ""nu"": 3.2582754933648346, ""omega"": 6.301077318314401}",3.8479124264612103,True,2026-02-19,1.7966855135866973,2.3960951324541266,student_t,ETH-USD,1674,0.2599330301178465,0.0994731979397015,,-0.04442308398019548,2026-02-18,2024-10-07,5.494550712820754,10.24320990443397
-1.0630736631989568,1.0630736631989568,8.4661807292323,14.748163657004715,False,False,2704.8818922565006,2721.7403246501895,0,null,-1348.4409461282503,"{""alpha[1]"": 0.17481557025309977, ""beta[1]"": 0.49902633636022076, ""nu"": 3.2649758567647225, ""omega"": 6.515855705476594}",3.725467439046134,True,2026-02-20,1.7650320917071722,2.363696988129192,student_t,ETH-USD,1675,0.31939500317008546,0.10982370139675024,,-0.04352065318190031,2026-02-19,2024-10-08,5.324826400202746,9.919296476476058
-0.23916478908199046,0.23916478908199046,8.365322091991413,14.53469032235749,False,False,2705.107812353112,2721.966244746801,0,null,-1348.553906176556,"{""alpha[1]"": 0.17857298673746316, ""beta[1]"": 0.4837576516142354, ""nu"": 3.287145694425826, ""omega"": 6.6734697608866576}",3.679344985346674,True,2026-02-21,1.7545035839240333,2.3508584108516866,student_t,ETH-USD,1676,0.2756368497421891,0.10040199823020736,,-0.042879130905303785,2026-02-20,2024-10-09,5.273572205761787,9.801035033938737
0.8104381322883513,-0.8104381322883513,8.295908780293987,14.538018866387537,False,False,2703.2281727024238,2720.0866050961126,0,null,-1347.6140863512119,"{""alpha[1]"": 0.18259752776366936, ""beta[1]"": 0.4977516643702915, ""nu"": 3.218084984678166, ""omega"": 6.5441986371628}",3.6576548137413076,True,2026-02-22,1.7412628527091885,2.3454215533952443,student_t,ETH-USD,1677,0.2189327970610898,0.08910471344662606,,-0.03644732318480449,2026-02-21,2024-10-10,5.189094073510144,9.720909476950949
5.3668696657445025,-5.3668696657445025,8.251327553418022,14.430851188853495,True,False,2703.295988159407,2720.154420553096,0,null,-1347.6479940797035,"{""alpha[1]"": 0.1860772069720017, ""beta[1]"": 0.4874299747170906, ""nu"": 3.2332523347278483, ""omega"": 6.633873703691141}",3.635113676006182,True,2026-02-23,2.2119315645791167,2.339332165173434,student_t,ETH-USD,1678,0.18612208844648429,0.04301278330384088,,-0.0393791468806515,2026-02-22,2024-10-11,5.170951677906098,9.668147996128587
0.13662371973984297,-0.13662371973984297,9.752304589840463,17.020148466810156,False,False,2706.4142337941626,2723.2726661878514,0,null,-1349.2071168970813,"{""alpha[1]"": 0.18130174822564435, ""beta[1]"": 0.4774892184898326, ""nu"": 3.247784161406285, ""omega"": 6.886544103612785}",4.291256589959683,True,2026-02-24,1.9054732128230176,2.505688823976081,student_t,ETH-USD,1679,0.2993763485626776,0.11288848386668826,,-0.05448247592284397,2026-02-23,2024-10-12,6.124150690993389,11.425472106408659
-10.330529793582386,10.330529793582386,9.014766720200951,15.759443784226274,False,False,2706.0613936296813,2722.91982602337,0,null,-1349.0306968148407,"{""alpha[1]"": 0.17841971968425985, ""beta[1]"": 0.4863413920035005, ""nu"": 3.23079713824644, ""omega"": 6.787792820801182}",3.96506823997303,True,2026-02-25,1.8260019369620446,2.4275198315658404,student_t,ETH-USD,1680,0.7992016090874274,0.20890618524948384,,-0.05801323211535985,2026-02-24,2024-10-13,5.6535023881661495,10.56008873136598
1.3640230576981704,-1.3640230576981704,13.321921236588679,23.3082398799013,False,False,2714.011173651881,2730.86960604557,0,null,-1353.0055868259406,"{""alpha[1]"": 0.18613720552647878, ""beta[1]"": 0.4636539908003356, ""nu"": 3.2371178563624614, ""omega"": 7.192593182983931}",5.880289840939364,True,2026-02-26,2.2155967275311186,2.818701018102762,student_t,ETH-USD,1681,0.34889876634075334,0.14250028786261676,,-0.036636489498320386,2026-02-25,2024-10-14,8.34199838451323,15.614051843959833
4.853988371917741,-4.853988371917741,11.247667710275726,19.91023258384033,False,False,2709.114353426263,2725.9727858199517,0,null,-1350.5571767131314,"{""alpha[1]"": 0.17888661365633113, ""beta[1]"": 0.5251383170866233, ""nu"": 3.137507859752715, ""omega"": 6.420534098849138}",4.9711240408134145,True,2026-02-27,2.040029170943473,2.6531241467246387,student_t,ETH-USD,1682,0.10590425863730953,0.08324402380991501,,-0.052022185090458244,2026-02-26,2024-10-15,6.97207354466393,13.178390752909234
-1.7603302267212149,1.7603302267212149,10.92613162454493,19.223922368326456,False,False,2712.042648835897,2728.901081229586,0,null,-1352.0213244179486,"{""alpha[1]"": 0.17792021048296947, ""beta[1]"": 0.5175786539077287, ""nu"": 3.1820784727382847, ""omega"": 6.485321040988693}",4.817240726127883,True,2026-02-28,2.014559575858293,2.6220260956631645,student_t,ETH-USD,1683,0.42858526820523696,0.14560975631029954,,-0.05998204981296667,2026-02-27,2024-10-16,6.811375137383517,12.800645404308726
1.3311214507463425,-1.3311214507463425,9.835894741144207,17.2392826969007,False,False,2713.0776262846775,2729.9360586783664,0,null,-1352.5388131423388,"{""alpha[1]"": 0.17452501247926178, ""beta[1]"": 0.5058947945954833, ""nu"": 3.212005937873953, ""omega"": 6.655675895016829}",4.331340784441766,True,2026-03-01,1.9116413502186265,2.5156088369365897,student_t,ETH-USD,1684,0.24111215460146762,0.10191928504969974,,-0.05685088208250306,2026-02-28,2024-10-17,6.15336454277569,11.523049955716308
-4.448277907419991,4.448277907419991,9.142832613360206,15.966226054329265,False,False,2713.681302024055,2730.539734417744,0,null,-1352.8406510120276,"{""alpha[1]"": 0.17450885273011743, ""beta[1]"": 0.4886911934701991, ""nu"": 3.2395983798829007, ""omega"": 6.883763722607435}",4.020403853146579,True,2026-03-02,1.840711639865968,2.441271627629013,student_t,ETH-USD,1685,0.5093806173380618,0.151583586078614,,-0.05898939533756347,2026-03-01,2024-10-18,5.739334439341237,10.710080700441395
2.2195215389840155,-2.2195215389840155,9.694645484378237,16.856297377786735,False,False,2716.277077566535,2733.1355099602238,0,null,-1354.1385387832674,"{""alpha[1]"": 0.16943904878124685, ""beta[1]"": 0.49596373273633704, ""nu"": 3.279863665092214, ""omega"": 6.748753208358244}",4.263252613813759,True,2026-03-03,1.901629394869826,2.4985375832887997,student_t,ETH-USD,1686,0.1944322426454717,0.09138475227749948,,-0.052935437641564304,2026-03-02,2024-10-19,6.108166391893446,11.357996766733955
-6.998564871242596,6.998564871242596,9.189822037553174,15.877020846508355,False,False,2717.1647989647154,2734.0232313584042,0,null,-1354.5823994823577,"{""alpha[1]"": 0.16987367930355263, ""beta[1]"": 0.48522937702531593, ""nu"": 3.3322617576959512, ""omega"": 6.792904986991261}",4.033764234833513,True,2026-03-04,1.851841294400049,2.44288032874214,student_t,ETH-USD,1687,0.6411283046484618,0.17763303997844537,,-0.05791167990884727,2026-03-03,2024-10-20,5.82400122172663,10.764739126601924
2.6156065902364034,-2.6156065902364034,10.985722347928716,19.052301536214536,False,False,2720.196427735133,2737.054860128822,0,null,-1356.0982138675665,"{""alpha[1]"": 0.16932925974351795, ""beta[1]"": 0.495309401689229, ""nu"": 3.3048775221751807, ""omega"": 6.748447671913063}",4.8324357047531326,True,2026-03-05,2.027983680293803,2.6227956863973056,student_t,ETH-USD,1688,0.21603190456231466,0.102562764892417,,-0.05115957972988892,2026-03-04,2024-10-21,6.936244681482693,12.871883079478094
4.585794628341254,-4.585794628341254,10.045924519364958,17.462150992848894,False,False,2719.917208122155,2736.775640515844,0,null,-1355.9586040610775,"{""alpha[1]"": 0.16856106590641243, ""beta[1]"": 0.4999961408513262, ""nu"": 3.2838848956148765, ""omega"": 6.717732065503347}",4.419303894254193,True,2026-03-06,1.9373229076080727,2.5340810826630884,student_t,ETH-USD,1689,0.0872351867739379,0.07184486951124341,,-0.05042947052662307,2026-03-05,2024-10-22,6.33049836382001,11.770281579465589
0.4708869096958857,-0.4708869096958857,10.116184567144318,17.48396316548615,False,False,2722.087418228591,2738.94585062228,0,null,-1357.0437091142956,"{""alpha[1]"": 0.1696210128420821, ""beta[1]"": 0.494887276463919, ""nu"": 3.331790148625637, ""omega"": 6.700940131168245}",4.443769629728798,True,2026-03-07,1.9475748227290146,2.5391151716843265,student_t,ETH-USD,1690,0.2968545664620027,0.11380287100319778,,-0.056156750231745545,2026-03-06,2024-10-23,6.407978238935934,11.851174010015653
1.6820776456772868,-1.6820776456772868,9.333400724653375,16.280206709824,False,False,2719.543641189505,2736.4020735831937,0,null,-1355.7718205947524,"{""alpha[1]"": 0.1706748178629192, ""beta[1]"": 0.5036165218362629, ""nu"": 3.25375936727, ""omega"": 6.699765263977366}",4.107967845353807,True,2026-03-08,1.8618216615135799,2.461644514158534,student_t,ETH-USD,1691,0.20906860366822463,0.09253246952003713,,-0.04843331907269501,2026-03-07,2024-10-24,5.8634497190417765,10.935324597680992
-2.8673744561338097,2.8673744561338097,8.938420706427884,15.532158421730783,False,False,2719.8265760178333,2736.685008411522,0,null,-1355.9132880089167,"{""alpha[1]"": 0.17282027123753396, ""beta[1]"": 0.49014473059797314, ""nu"": 3.282924241363361, ""omega"": 6.824835829522929}",3.9282285995043655,True,2026-03-09,1.820823714925007,2.4170713982785883,student_t,ETH-USD,1692,0.4251367022164587,0.13338515533519968,,-0.05381189943828713,2026-03-08,2024-10-25,5.635359588195357,10.471141077386147
-2.192723449421934,2.192723449421934,9.092269430725445,15.879955800616381,False,False,2718.881436372331,2735.7398687660198,0,null,-1355.4407181861654,"{""alpha[1]"": 0.17333792559025865, ""beta[1]"": 0.5001988595156944, ""nu"": 3.245816322969345, ""omega"": 6.746414013722871}",4.005734253922676,True,2026-03-10,1.83482321395834,2.4359687394262965,student_t,ETH-USD,1693,0.3948600619607016,0.12846761538695484,,-0.040144048254096364,2026-03-09,2024-10-26,5.704477789792091,10.654038089273538
-0.7069651173567485,0.7069651173567485,8.971476390867705,15.655372705431953,False,False,2719.231473745679,2736.089906139368,0,null,-1355.6157368728395,"{""alpha[1]"": 0.1725235984671824, ""beta[1]"": 0.499180291196433, ""nu"": 3.2531974634167686, ""omega"": 6.759216075667583}",3.951930163472988,True,2026-03-11,1.82193306781115,2.4223109825577294,student_t,ETH-USD,1694,0.31700004761700223,0.11219498114759786,,-0.039312258647639084,2026-03-10,2024-10-27,5.63303583498329,10.512532997403028
-1.0455613703018836,1.0455613703018836,8.66469175499581,15.105930073234608,False,False,2719.052103238741,2735.91053563243,0,null,-1355.5260516193705,"{""alpha[1]"": 0.1742589877722893, ""beta[1]"": 0.4959431077844381, ""nu"": 3.2601833787563805, ""omega"": 6.757201503107057}",3.815250276770852,True,2026-03-12,1.7876947140074955,2.387186243985189,student_t,ETH-USD,1695,0.3245393045215196,0.11198239709116982,,-0.04001144973314848,2026-03-11,2024-10-28,5.445224720128502,10.15267833881509
-0.9327310757723856,0.9327310757723856,8.558154715160182,14.959050894240205,False,False,2718.154714376854,2735.013146770543,0,null,-1355.077357188427,"{""alpha[1]"": 0.17747963810232073, ""beta[1]"": 0.49572862191706024, ""nu"": 3.237170000267755, ""omega"": 6.764683480664282}",3.769119432132795,True,2026-03-13,1.7739092591362913,2.375636819052584,student_t,ETH-USD,1696,0.3149452575461115,0.10960086430524528,,-0.04260633016193684,2026-03-12,2024-10-29,5.366174075149839,10.027355354752132
-0.2159223132552759,0.2159223132552759,8.512124078618221,14.950861598184039,False,False,2716.846781978686,2733.705214372375,0,null,-1354.423390989343,"{""alpha[1]"": 0.18132255307467093, ""beta[1]"": 0.49905637319770735, ""nu"": 3.1960035269445854, ""omega"": 6.756810612913121}",3.7514599386453895,True,2026-03-14,1.7658546871766352,2.3717968712299085,student_t,ETH-USD,1697,0.2765289576312066,0.1018856474228936,,-0.04632301853035952,2026-03-13,2024-10-30,5.314656839368851,9.972642429034076
-3.761747237260238,3.761747237260238,8.360109683748824,14.642299670197303,False,False,2716.3510639417923,2733.209496335481,0,null,-1354.1755319708961,"{""alpha[1]"": 0.1874460980156024, ""beta[1]"": 0.48864321202348865, ""nu"": 3.218193528877173, ""omega"": 6.778852634087534}",3.681242983241586,True,2026-03-15,1.749457599362588,2.352819395081507,student_t,ETH-USD,1698,0.44975296474357235,0.1355605202720318,,-0.0473577586650398,2026-03-14,2024-10-31,5.2333120576112,9.79430478994293
-7.674908523945258,7.674908523945258,9.171895238647183,16.197655584324103,False,False,2714.9081434936506,2731.7665758873395,0,null,-1353.4540717468253,"{""alpha[1]"": 0.19126349455603567, ""beta[1]"": 0.4919364746561209, ""nu"": 3.160726074759955, ""omega"": 6.888365573457644}",4.056248641389771,True,2026-03-16,1.8371350736908703,2.4484777205305117,student_t,ETH-USD,1699,0.6685287059088966,0.1842385427709563,,-0.028884803726096392,2026-03-15,2024-11-01,5.695665594232663,10.748945753150357
1.4187828493139623,-1.4187828493139623,11.587697873938465,20.382951445055138,False,False,2720.8487756197615,2737.7072080134503,0,null,-1356.4243878098807,"{""alpha[1]"": 0.19073962417106644, ""beta[1]"": 0.4762177420019948, ""nu"": 3.199079374721531, ""omega"": 7.16210838967544}",5.128529439654157,True,2026-03-17,2.072898595621962,2.6811648889707054,student_t,ETH-USD,1700,0.28999133549868417,0.12165762308025495,,-0.013223605282166125,2026-03-16,2024-11-02,7.218609559287641,13.584545157339445
5.060291821537612,-5.060291821537612,10.084031458899625,17.692528254387366,False,False,2721.3791272770177,2738.2375596707066,0,null,-1356.6895636385088,"{""alpha[1]"": 0.18099038433016143, ""beta[1]"": 0.4942011537779125, ""nu"": 3.218848311694142, ""omega"": 6.8660723413428535}",4.4591842287830135,True,2026-03-18,1.9353906493436215,2.5412969172959556,student_t,ETH-USD,1701,0.06182778888350501,0.06761050536679483,,-0.014396793198154135,2026-03-17,2024-11-03,6.296847599207711,11.82134235821709
3.05236072709364,-3.05236072709364,10.384778790875554,18.087063678084604,False,False,2724.0047626738906,2740.8631950675795,0,null,-1358.0023813369453,"{""alpha[1]"": 0.177702759150111, ""beta[1]"": 0.5032437459612272, ""nu"": 3.2775884753137428, ""omega"": 6.608705273248432}",4.582437924338581,True,2026-03-19,1.9689934472365898,2.5681967753892625,student_t,ETH-USD,1702,0.1738027125481933,0.09120229629590003,,-0.021716453550903955,2026-03-18,2024-11-04,6.528414978057503,12.172590356683635
-0.423595849832675,0.423595849832675,9.785565373304696,16.970252991121384,False,False,2724.2661380652858,2741.1245704589746,0,null,-1358.1330690326429,"{""alpha[1]"": 0.17454047621172847, ""beta[1]"": 0.5113594787706487, ""nu"": 3.313779359914151, ""omega"": 6.3955947326345415}",4.313787174151709,True,2026-03-20,1.9120130187279942,2.507320075334164,student_t,ETH-USD,1703,0.32996557807660665,0.11893078590306541,,-0.022925534044267774,2026-03-19,2024-11-05,6.175715711699452,11.469482740473856
3.3061992056145675,-3.3061992056145675,8.933259435656234,15.373556885350688,False,False,2723.303276597024,2740.1617089907127,0,null,-1357.651638298512,"{""alpha[1]"": 0.17680893823079444, ""beta[1]"": 0.4985882571674911, ""nu"": 3.3811987613969405, ""omega"": 6.384293972682005}",3.93242430964174,True,2026-03-21,1.8252531080182588,2.4136252587419826,student_t,ETH-USD,1704,0.11853175405305307,0.07162828842510088,,-0.024205000162279614,2026-03-20,2024-11-06,5.676834286675627,10.469028048124649
1.1449567822796602,-1.1449567822796602,9.060099485557581,15.481048568926663,False,False,2718.4989108581185,2735.3573432518074,0,null,-1355.2494554290593,"{""alpha[1]"": 0.1691427702044582, ""beta[1]"": 0.4723792541335483, ""nu"": 3.435037580320981, ""omega"": 6.8102144572400425}",3.9727039940548003,True,2026-03-22,1.843777254194197,2.425066573959355,student_t,ETH-USD,1705,0.23262875442681083,0.09466527511595545,,-0.05427764904903291,2026-03-21,2024-11-07,5.797531870815873,10.611484293875197
-4.713979821601547,4.713979821601547,8.732029193615812,15.003625033846516,False,False,2714.6410886585722,2731.499521052261,0,null,-1353.3205443292861,"{""alpha[1]"": 0.1703281387600097, ""beta[1]"": 0.463358718185491, ""nu"": 3.375700766693116, ""omega"": 7.043488226526648}",3.8242122666057097,True,2026-03-23,1.8040222053677972,2.389828221165944,student_t,ETH-USD,1706,0.5138247841865728,0.14939496119115864,,-0.06877232688475303,2026-03-22,2024-11-08,5.562515862129901,10.225516297514304
-0.16520308398814543,0.16520308398814543,9.560872217560554,16.355523760932392,False,False,2716.794949252944,2733.653381646633,0,null,-1354.397474626472,"{""alpha[1]"": 0.16819563915438476, ""beta[1]"": 0.46236979388157323, ""nu"": 3.421369995555853, ""omega"": 7.006327419415039}",4.189938454577519,True,2026-03-24,1.8970201611387418,2.4791769805676953,student_t,ETH-USD,1707,0.31389313102994193,0.11362379395780203,,-0.06389987486707241,2026-03-23,2024-11-09,6.112659536610688,11.197176311792047
-0.5697480276706317,0.5697480276706317,8.95152229206583,15.422364587234341,False,False,2713.1731443610024,2730.0315767546913,0,null,-1352.5865721805012,"{""alpha[1]"": 0.16714337587014402, ""beta[1]"": 0.46581265066791816, ""nu"": 3.3494007135794166, ""omega"": 7.078148815075734}",3.9200107213061526,True,2026-03-25,1.8273942375081402,2.4154960982689957,student_t,ETH-USD,1708,0.31295363504563795,0.11051980636875558,,-0.07465621794470025,2026-03-24,2024-11-10,5.689324673242122,10.482232609204916
5.1313706512460815,-5.1313706512460815,8.603419844599584,14.815420374416572,False,False,2712.404791131643,2729.263223525332,0,null,-1352.2023955658215,"{""alpha[1]"": 0.17125223530381462, ""beta[1]"": 0.4593999873333525, ""nu"": 3.351312354284242, ""omega"": 7.095992543563349}",3.7649990171582477,True,2026-03-26,1.7880873690675863,2.375610001685981,student_t,ETH-USD,1709,0.01698906917073623,0.04942247703374613,,-0.07732463434479973,2026-03-25,2024-11-11,5.471152034660806,10.07361835462069
3.3727669651546672,-3.3727669651546672,9.691277760161901,16.698158637234492,False,False,2712.140822249995,2728.999254643684,0,null,-1352.0704111249975,"{""alpha[1]"": 0.16335106934362748, ""beta[1]"": 0.4692078818825046, ""nu"": 3.3416708464489875, ""omega"": 7.066777077530376}",4.236559216547061,True,2026-03-27,1.9069951425390328,2.494744884640452,student_t,ETH-USD,1710,0.1394322831625468,0.07972737350908048,,-0.09876772504327,2026-03-26,2024-11-12,6.161412628405601,11.345504316062708
-0.07141661665777062,0.07141661665777062,9.52903576757112,16.46583681356961,False,False,2711.558193526395,2728.416625920084,0,null,-1351.7790967631975,"{""alpha[1]"": 0.1641881622569918, ""beta[1]"": 0.4731591448321559, ""nu"": 3.315931913134307, ""omega"": 7.0560223559143305}",4.1672090703342874,True,2026-03-28,1.888512046737028,2.4787982173768417,student_t,ETH-USD,1711,0.3057215529035103,0.11227193604311177,,-0.09774582463511773,2026-03-27,2024-11-13,6.04301444141243,11.155776987653395
0.5098999593625507,-0.5098999593625507,8.924116328064128,15.422670927363034,False,False,2711.1589255799836,2728.0173579736725,0,null,-1351.5794627899918,"{""alpha[1]"": 0.165747659450305, ""beta[1]"": 0.4695635061425285, ""nu"": 3.3135836489852375, ""omega"": 7.077622559679887}",3.9016310917288433,True,2026-03-29,1.8228891448184141,2.413227202664779,student_t,ETH-USD,1712,0.25745831424531657,0.09937242088859946,,-0.09426931584485078,2026-03-28,2024-11-14,5.659066244268878,10.447142048222489
-2.0447261795125398,2.0447261795125398,8.696682503655046,15.185396582352347,False,False,2708.3356715074765,2725.1941039011654,0,null,-1350.1678357537382,"{""alpha[1]"": 0.17122653694357495, ""beta[1]"": 0.47831537355674353, ""nu"": 3.227972590124859, ""omega"": 7.0620547003618785}",3.8118283671604654,True,2026-03-30,1.791215578965986,2.3908578543464456,student_t,ETH-USD,1713,0.37543126128838317,0.12226893562744084,,-0.08673650422355184,2026-03-29,2024-11-15,5.463899046255117,10.182167383231535
-3.9340814577637038,3.9340814577637038,8.758501999136767,15.263166345748374,False,False,2708.7892045841636,2725.6476369778525,0,null,-1350.3946022920818,"{""alpha[1]"": 0.1701496057901577, ""beta[1]"": 0.4766915318246981, ""nu"": 3.245121851227477, ""omega"": 7.060426031334252}",3.838027794274449,True,2026-03-31,1.799378392122656,2.3973122426244666,student_t,ETH-USD,1714,0.4723137701137758,0.14188941140260455,,-0.08550928012820333,2026-03-30,2024-11-16,5.512193944511803,10.25485968249674
-1.6038636506421469,1.6038636506421469,9.298307152359836,16.091788852761205,False,False,2711.118887296747,2727.9773196904357,0,null,-1351.5594436483734,"{""alpha[1]"": 0.16684889902887867, ""beta[1]"": 0.47134297382153284, ""nu"": 3.308837128036812, ""omega"": 7.055354658552185}",4.07382781745874,True,2026-04-01,1.862918881587011,2.454955887170999,student_t,ETH-USD,1715,0.3745248305311003,0.12492320350751378,,-0.0795803161473543,2026-03-31,2024-11-17,5.886632959979853,10.88845670010922
3.903857571821763,-3.903857571821763,8.896578783156425,15.367966950528064,False,False,2710.949533400851,2727.80796579454,0,null,-1351.4747667004256,"{""alpha[1]"": 0.16796451294634712, ""beta[1]"": 0.47209739551210667, ""nu"": 3.3266456304851872, ""omega"": 6.9590468455781584}",3.898094217133793,True,2026-04-02,1.819744040440038,2.410217739423527,student_t,ETH-USD,1716,0.08686302919796028,0.06514586137271108,,-0.07266090860097918,2026-04-01,2024-11-18,5.641118155780967,10.418443709092866
0.1687146095714006,-0.1687146095714006,9.334267524364904,16.143138757859212,False,False,2710.658583341369,2727.517015735058,0,null,-1351.3292916706846,"{""alpha[1]"": 0.16607996765103727, ""beta[1]"": 0.4712482776863995, ""nu"": 3.3111431519020216, ""omega"": 7.0470503527762105}",4.085429216170695,True,2026-04-03,1.8672832103659847,2.458500514884732,student_t,ETH-USD,1717,0.287269618521717,0.1076027750572162,,-0.08888520384917062,2026-04-02,2024-11-19,5.9141069800057355,10.928992115293012
-0.5810685267755229,0.5810685267755229,8.849021066319166,15.383360139392696,False,False,2709.1648315726775,2726.0232639663664,0,null,-1350.5824157863387,"{""alpha[1]"": 0.16693887176895802, ""beta[1]"": 0.4800683733586366, ""nu"": 3.26698812995888, ""omega"": 6.960928277346365}",3.8771107065492405,True,2026-04-04,1.8109783997398585,2.4068289114230508,student_t,ETH-USD,1718,0.3080947227170993,0.10942415321232049,,-0.0831155758575289,2026-04-03,2024-11-20,5.580825927566458,10.361346794456516
-2.0911357704086466,2.0911357704086466,8.521682623868706,14.745816259689573,False,False,2708.5982199306422,2725.456652324331,0,null,-1350.2991099653211,"{""alpha[1]"": 0.1737236276026169, ""beta[1]"": 0.46475178003258605, ""nu"": 3.3071514402993176, ""omega"": 7.004995321909594}",3.730822938126099,True,2026-04-05,1.7758738228068163,2.3676200827650917,student_t,ETH-USD,1719,0.37437882987125526,0.12069049881292063,,-0.07941790951184327,2026-04-04,2024-11-21,5.396440827016452,9.977914110883406
0.05853455685607824,-0.05853455685607824,8.642830552691448,15.012329278259063,False,False,2701.844783029908,2718.7032154235967,0,null,-1346.922391514954,"{""alpha[1]"": 0.17900561018659633, ""beta[1]"": 0.48017880303446026, ""nu"": 3.269035479895455, ""omega"": 6.757217828603699}",3.7812733984991205,True,2026-04-06,1.7880556334766613,2.3828400819306546,student_t,ETH-USD,1720,0.2698952355897537,0.10059298983869638,,-0.093208556860728,2026-04-05,2024-11-22,5.456439268651147,10.117833540725707
-6.16556049522779,6.16556049522779,8.420112717144088,14.6205803563917,False,False,2701.729209429988,2718.5876418236767,0,null,-1346.864604714994,"{""alpha[1]"": 0.1807486810500541, ""beta[1]"": 0.47730617234180034, ""nu"": 3.271556251200439, ""omega"": 6.76645155115497}",3.6832885151061516,True,2026-04-07,1.7621482159638076,2.3566143443282384,student_t,ETH-USD,1721,0.5741536093523647,0.16022524689357906,,-0.091565289241738,2026-04-06,2024-11-23,5.317511691819496,9.8569641941301
2.3227371794176928,-2.3227371794176928,10.280117659972637,17.853877135147535,False,False,2705.843875771755,2722.702308165444,0,null,-1348.9219378858775,"{""alpha[1]"": 0.1757838511285811, ""beta[1]"": 0.4738130704271108, ""nu"": 3.280045993547241, ""omega"": 6.937928837364255}",4.508784359204675,True,2026-04-08,1.9612542748287418,2.556543206535607,student_t,ETH-USD,1722,0.2082227340948081,0.09716534160801372,,-0.08307639387377447,2026-04-07,2024-11-24,6.4871918613138515,12.039271340219058
0.05440856757372792,-0.05440856757372792,9.484777594949653,16.392003516068186,False,False,2706.717987749351,2723.5764201430397,0,null,-1349.3589938746754,"{""alpha[1]"": 0.1725260726368064, ""beta[1]"": 0.4751926898173985, ""nu"": 3.319051142183827, ""omega"": 6.846422943706472}",4.152697956698326,True,2026-04-09,1.8836073845515733,2.474313744522277,student_t,ETH-USD,1723,0.29790871687960924,0.11051503606701847,,-0.08579498710564742,2026-04-08,2024-11-25,6.012582905165908,11.105912174275565
-2.526112758135949,2.526112758135949,8.834853375021448,15.247790191895147,False,False,2706.238638443114,2723.0970708368027,0,null,-1349.119319221557,"{""alpha[1]"": 0.17317144011941316, ""beta[1]"": 0.474080603835259, ""nu"": 3.3274075841647375, ""omega"": 6.801615893016447}",3.863623908229787,True,2026-04-10,1.813526936055232,2.402780235340653,student_t,ETH-USD,1724,0.4067337907030963,0.1286938488003183,,-0.08884808243884058,2026-04-09,2024-11-26,5.60856305592597,10.343272121895872
-1.7765001001663874,1.7765001001663874,8.809726530652586,15.155506938605766,False,False,2706.157347723685,2723.0157801173737,0,null,-1349.0786738618424,"{""alpha[1]"": 0.17488420967186108, ""beta[1]"": 0.469289790724732, ""nu"": 3.3606019355061476, ""omega"": 6.765346761999358}",3.85498340596028,True,2026-04-11,1.812336976261221,2.398984017317897,student_t,ETH-USD,1725,0.3691859965374376,0.12091642098299082,,-0.07863083280098786,2026-04-10,2024-11-27,5.607219830582358,10.315141998132685
4.163060764316465,-4.163060764316465,8.650356566478218,14.894229215191618,False,False,2698.882332657551,2715.74076505124,0,null,-1345.4411663287756,"{""alpha[1]"": 0.1755305710985747, ""beta[1]"": 0.4943398337315799, ""nu"": 3.3453571278081133, ""omega"": 6.33760268957727}",3.778699738768524,True,2026-04-12,1.7938494459606762,2.380824108669713,student_t,ETH-USD,1726,0.06703595614906949,0.059627850148784654,,-0.09403491013207807,2026-04-11,2024-11-28,5.503779887297854,10.125845779194925
-7.828539118711868,7.828539118711868,9.24040450813328,15.873937490199783,False,False,2700.745996128687,2717.6044285223757,0,null,-1346.3729980643434,"{""alpha[1]"": 0.1722979525633454, ""beta[1]"": 0.4926916386070276, ""nu"": 3.3669793719528975, ""omega"": 6.3929382135972075}",4.036176878372651,True,2026-04-13,1.8610781610764668,2.4460863318731834,student_t,ETH-USD,1727,0.6859613837620245,0.1864516265681502,,-0.09808080227957901,2026-04-12,2024-11-29,5.89068855652861,10.816623538103133
2.0199243768184547,-2.0199243768184547,11.543464241229714,19.777973951639428,False,False,2706.6307264584248,2723.4891588521136,0,null,-1349.3153632292124,"{""alpha[1]"": 0.178155319209138, ""beta[1]"": 0.47045605525669226, ""nu"": 3.4046249987533277, ""omega"": 6.706828717895926}",5.057056478055394,True,2026-04-14,2.0846518578830358,2.6680803736165926,student_t,ETH-USD,1728,0.2675476049679787,0.11498547906002944,,-0.08318671275448847,2026-04-13,2024-11-30,7.370876476178024,13.518472282821389
-1.5430748500611766,1.5430748500611766,10.134850707697396,17.45634474550657,False,False,2705.795795215973,2722.654227609662,0,null,-1348.8978976079866,"{""alpha[1]"": 0.174173321397953, ""beta[1]"": 0.4838907838573595, ""nu"": 3.3485224651496073, ""omega"": 6.6384869265966175}",4.434360956663829,True,2026-04-15,1.9518169247035657,2.5394787999119757,student_t,ETH-USD,1729,0.3993593327728072,0.13409472450605778,,-0.09337626461985643,2026-04-14,2024-12-01,6.444111805394961,11.866397600544591
0.4584461709960302,-0.4584461709960302,9.266763761999693,15.89653438491601,False,False,2706.5554739103095,2723.4139063039984,0,null,-1349.2777369551548,"{""alpha[1]"": 0.1724561870069896, ""beta[1]"": 0.47480134356233383, ""nu"": 3.3833023185822753, ""omega"": 6.729410472085562}",4.050220227391346,True,2026-04-16,1.8646164938289598,2.44854816784174,student_t,ETH-USD,1730,0.2727719145692722,0.10390096755043257,,-0.09058456353325547,2026-04-15,2024-12-02,5.913884462381469,10.848542926039277
-3.0371750551009704,3.0371750551009704,8.713702921440857,14.96464398528046,False,False,2706.083647219085,2722.942079612774,0,null,-1349.0418236095425,"{""alpha[1]"": 0.1750935013160505, ""beta[1]"": 0.4656842854796234, ""nu"": 3.371763708497832, ""omega"": 6.85941363167502}",3.8079031756133426,True,2026-04-17,1.8024880270514076,2.3873505663670977,student_t,ETH-USD,1731,0.4296477643920577,0.13237977494044373,,-0.08785957450943539,2026-04-16,2024-12-03,5.555780232740176,10.200802438943391
2.932677219289697,-2.932677219289697,8.85728112670306,15.081392346201103,False,False,2707.5058304294466,2724.3642628231355,0,null,-1349.7529152147233,"{""alpha[1]"": 0.17630078140747163, ""beta[1]"": 0.45643214006475513, ""nu"": 3.4564213548908405, ""omega"": 6.8208343570642604}",3.870929913495497,True,2026-04-18,1.8235029591384557,2.400979784051426,student_t,ETH-USD,1732,0.13780138613492798,0.07436052917783215,,-0.08049205505111727,2026-04-17,2024-12-04,5.688704941988254,10.368730137072905
3.734544284997658,-3.734544284997658,8.946539249277464,15.292601403740164,False,False,2704.553682822607,2721.4121152162957,0,null,-1348.2768414113034,"{""alpha[1]"": 0.176180877559922, ""beta[1]"": 0.45804302437602085, ""nu"": 3.4118123259286546, ""omega"": 6.881785092826227}",3.904178444993492,True,2026-04-19,1.8315997338472232,2.412097704551845,student_t,ETH-USD,1733,0.09971098031152877,0.06736736675676497,,-0.09818707649083394,2026-04-18,2024-12-05,5.7287638912282315,10.471280960674148
-2.196332351354997,2.196332351354997,9.162592095039656,15.528810211950471,False,False,2706.5326283943555,2723.3910607880443,0,null,-1349.2663141971777,"{""alpha[1]"": 0.17738996323567596, ""beta[1]"": 0.4423355706911383, ""nu"": 3.4928725925119455, ""omega"": 6.980722174508901}",3.994125014306906,True,2026-04-20,1.860285854982675,2.4331314512237876,student_t,ETH-USD,1734,0.40538201827275844,0.12917957566751506,,-0.10407113798359834,2026-04-19,2024-12-06,5.911308014100165,10.721625215396498
-0.5495406702322239,0.5495406702322239,8.941966181131422,15.256328562703676,False,False,2703.7913790486073,2720.649811442296,0,null,-1347.8956895243036,"{""alpha[1]"": 0.18075808356370018, ""beta[1]"": 0.44626090126259577, ""nu"": 3.4243303570535586, ""omega"": 7.007857056879667}",3.896581658279136,True,2026-04-21,1.8322967166983184,2.410853423559851,student_t,ETH-USD,1735,0.31430902857449344,0.11013231209833156,,-0.10964890203208165,2026-04-20,2024-12-07,5.7366399012576395,10.463690539600922
-2.0458654311967086,2.0458654311967086,8.508358929629601,14.472592511071941,False,False,2703.926015899244,2720.7844482929327,0,null,-1347.963007949622,"{""alpha[1]"": 0.18122150783927743, ""beta[1]"": 0.4429349160476072, ""nu"": 3.451493767233674, ""omega"": 6.982032307274359}",3.704889248559236,True,2026-04-22,1.7843466609037133,2.360110262797123,student_t,ETH-USD,1736,0.3759636058058149,0.12000889909910124,,-0.10839409020916423,2026-04-21,2024-12-08,5.473406684919582,9.955024478713407
1.8937688729546691,-1.8937688729546691,8.469098428175558,14.298184117112873,False,False,2704.4794734546604,2721.3379058483492,0,null,-1348.2397367273302,"{""alpha[1]"": 0.1865131054476579, ""beta[1]"": 0.4270728850537113, ""nu"": 3.527690696970577, ""omega"": 7.015642514543605}",3.687487635694837,True,2026-04-23,1.7838620322750223,2.3530738039601937,student_t,ETH-USD,1737,0.1794723520004,0.08014032838790904,,-0.10445279959394647,2026-04-22,2024-12-09,5.483215912962666,9.907801711745567
0.6810026332688668,-0.6810026332688668,8.405907828762208,14.243602504869566,False,False,2699.624381960123,2716.482814353812,0,null,-1345.8121909800616,"{""alpha[1]"": 0.18444852160768407, ""beta[1]"": 0.44009222705427176, ""nu"": 3.4958483233926825, ""omega"": 6.849040940213843}",3.6651347298238597,True,2026-04-24,1.7741686568271433,2.3468970545684464,student_t,ETH-USD,1738,0.23713869670206458,0.09155475364259663,,-0.09337075308437184,2026-04-23,2024-12-10,5.423776567310155,9.83647799752852
-0.1354581256395446,0.1354581256395446,8.194121565253198,13.914268192443442,False,False,2698.660668945231,2715.51910133892,0,null,-1345.3303344726155,"{""alpha[1]"": 0.18845741301325697, ""beta[1]"": 0.4403691173688227, ""nu"": 3.475315509557857, ""omega"": 6.807733144929743}",3.573727929209957,True,2026-04-25,1.7474467133380212,2.3220856985702554,student_t,ETH-USD,1739,0.27063578831327934,0.09724766806458757,,-0.09000598073082663,2026-04-24,2024-12-11,5.277257640626037,9.589308680819203
-2.1713243443616603,2.1713243443616603,8.10447570304547,13.89013637857597,False,False,2694.0589681301453,2710.917400523834,0,null,-1343.0294840650727,"{""alpha[1]"": 0.19182998726904812, ""beta[1]"": 0.47148801883606173, ""nu"": 3.3814348662469493, ""omega"": 6.416331619179167}",3.532911378693627,True,2026-04-26,1.7314451688267383,2.3139814327897668,student_t,ETH-USD,1740,0.3675158474008219,0.1165554360004866,,-0.10050779822330179,2026-04-25,2024-12-12,5.178992603654771,9.484219255686988
2.853520921082251,-2.853520921082251,8.362363361425269,14.306968064696044,False,False,2694.732614632947,2711.591047026636,0,null,-1343.3663073164735,"{""alpha[1]"": 0.1900050300035799, ""beta[1]"": 0.46764700302142354, ""nu"": 3.4000480812229026, ""omega"": 6.47587812623524}",3.6466564755224398,True,2026-04-27,1.7636764701204046,2.344787585070105,student_t,ETH-USD,1741,0.12489256448849388,0.06933030236131721,,-0.09877172033037548,2026-04-26,2024-12-13,5.351372210852126,9.786551157213966
0.5942025364176575,-0.5942025364176575,8.61193096207646,14.65617756207487,False,False,2696.167486836087,2713.025919229776,0,null,-1344.0837434180435,"{""alpha[1]"": 0.18729275836437734, ""beta[1]"": 0.45802464954542316, ""nu"": 3.448380009393165, ""omega"": 6.5864893760517305}",3.751763180325461,True,2026-04-28,1.796106993190488,2.3724169730117666,student_t,ETH-USD,1742,0.2471455537975961,0.09482726357696684,,-0.1059210395788943,2026-04-27,2024-12-14,5.537113612369574,10.076928894114333
1.5851184249564332,-1.5851184249564332,8.286911326359284,14.097310774179688,False,False,2696.0489116733634,2712.9073440670522,0,null,-1344.0244558366817,"{""alpha[1]"": 0.18784468032483714, ""beta[1]"": 0.4593440427144903, ""nu"": 3.450857900541883, ""omega"": 6.53710417233239}",3.6087745759030314,True,2026-04-29,1.7579092232652012,2.33377852504036,student_t,ETH-USD,1743,0.18726436537159147,0.08110933982650362,,-0.10490879564503192,2026-04-28,2024-12-15,5.330405732388259,9.696052407606789
-0.12574987814720323,0.12574987814720323,8.26568563714102,14.077567956470217,False,False,2695.5169826745914,2712.3754150682803,0,null,-1343.7584913372957,"{""alpha[1]"": 0.18878756678408765, ""beta[1]"": 0.4612003672688879, ""nu"": 3.43589651477894, ""omega"": 6.515938079313964}",3.596619523455879,True,2026-04-30,1.7548138403872482,2.33150520492985,student_t,ETH-USD,1744,0.27190577955280537,0.0979594945321688,,-0.11235194122720507,2026-04-29,2024-12-16,5.3123657129089,9.670199575069669
-1.706900808904353,1.706900808904353,8.06695120077494,13.713667507644011,False,False,2695.113353845057,2711.971786238746,0,null,-1343.5566769225286,"{""alpha[1]"": 0.19225736234123192, ""beta[1]"": 0.4623965521724534, ""nu"": 3.451635994232569, ""omega"": 6.3954125201476995}",3.507773153799153,True,2026-05-01,1.731579453599731,2.3065127981325895,student_t,ETH-USD,1745,0.34502174720400236,0.111435474219606,,-0.1138910016326469,2026-04-30,2024-12-17,5.193534135175688,9.436646613056238
-0.916800655942813,0.916800655942813,8.142414563838926,13.826344350715758,False,False,2694.4404467823933,2711.298879176082,0,null,-1343.2202233911967,"{""alpha[1]"": 0.19496328424799605, ""beta[1]"": 0.4617196810123139, ""nu"": 3.467417443655647, ""omega"": 6.3143044111730955}",3.5443640313547116,True,2026-05-02,1.7413706623269203,2.3155673069848115,student_t,ETH-USD,1746,0.3081413620385646,0.10443034717977544,,-0.10536075722213652,2026-05-01,2024-12-18,5.246026584828473,9.526234062034721
-0.23302995354178632,0.23302995354178632,8.04912233563816,13.737200486952071,False,False,2689.842462542314,2706.700894936003,0,null,-1340.921231271157,"{""alpha[1]"": 0.1899251517521596, ""beta[1]"": 0.47863674554263985, ""nu"": 3.4261056611156966, ""omega"": 6.123246077088772}",3.5116230996783497,True,2026-05-03,1.7267822762533713,2.3058732239117052,student_t,ETH-USD,1747,0.2697140939160305,0.09653530957777529,,-0.08923967301809389,2026-05-02,2024-12-19,5.161251924778819,9.420501004235733
-1.060895017266959,1.060895017266959,7.951788240297997,13.684625986061114,False,False,2685.3560504939674,2702.2144828876562,0,null,-1338.6780252469837,"{""alpha[1]"": 0.19398276139050674, ""beta[1]"": 0.4899973169010531, ""nu"": 3.354195254760317, ""omega"": 6.004123620220147}",3.477081859579256,True,2026-05-04,1.7097752628314766,2.2965679330362683,student_t,ETH-USD,1748,0.30606207411069786,0.1037047657312335,,-0.07735250298619203,2026-05-03,2024-12-20,5.060346464946993,9.309581555856381
-0.6281653803787127,0.6281653803787127,7.946058290443309,13.666101455842727,False,False,2684.99165414228,2701.850086535969,0,null,-1338.49582707114,"{""alpha[1]"": 0.19806000265456916, ""beta[1]"": 0.4867961202880323, ""nu"": 3.359398793154717, ""omega"": 5.98116875625069}",3.4738165510493304,True,2026-05-05,1.7094275399190209,2.2956257516860386,student_t,ETH-USD,1749,0.28439151436178106,0.09930780832953509,,-0.07840184883462825,2026-05-04,2024-12-21,5.059664906856904,9.302615452574788
0.4406055041714165,-0.4406055041714165,7.903241996984063,13.702410206600792,False,False,2682.260836540626,2699.1192689343147,0,null,-1337.130418270313,"{""alpha[1]"": 0.20180134745003128, ""beta[1]"": 0.5002347205505023, ""nu"": 3.29227628112125, ""omega"": 5.837352412869373}",3.463057524737821,True,2026-05-06,1.6993638044863606,2.292976210243448,student_t,ETH-USD,1750,0.22774803278986322,0.0881406353602278,,-0.06919524908204047,2026-05-05,2024-12-22,4.995566159968677,9.25466904019419
2.572114981525249,-2.572114981525249,7.815557148552503,13.568422434280974,False,False,2681.492555054458,2698.350987448147,0,null,-1336.746277527229,"{""alpha[1]"": 0.20732562641972113, ""beta[1]"": 0.5006536562455266, ""nu"": 3.281751082963886, ""omega"": 5.767503133254461}",3.4262579448431953,True,2026-05-07,1.68742786617157,2.2822813231888905,student_t,ETH-USD,1751,0.11809685027962624,0.06580275906429046,,-0.06646702313711175,2026-05-06,2024-12-23,4.934051987117772,9.15239088795429
-0.6900517400543021,0.6900517400543021,8.234956683545773,14.341572687999891,False,False,2679.75794199963,2696.616374393319,0,null,-1335.878970999815,"{""alpha[1]"": 0.20460599501569826, ""beta[1]"": 0.5113015091319296, ""nu"": 3.250734827348, ""omega"": 5.6923465759795135}",3.608336245224735,True,2026-05-08,1.738093867435206,2.335470184889085,student_t,ETH-USD,1752,0.29378257144203473,0.10332001263465475,,-0.07987441087463269,2026-05-07,2024-12-24,5.185599688786388,9.641949523411164
-0.852677082332483,0.852677082332483,8.077209005452154,14.132891004493576,False,False,2678.7113849959387,2695.5698173896276,0,null,-1335.3556924979694,"{""alpha[1]"": 0.2062455275422653, ""beta[1]"": 0.5199243850313888, ""nu"": 3.2100074411923716, ""omega"": 5.61452352884985}",3.541044356220531,True,2026-05-09,1.71620064569368,2.317613479151899,student_t,ETH-USD,1753,0.2959166531030911,0.10309117450911542,,-0.08291059710192178,2026-05-08,2024-12-25,5.065655979729334,9.45644036857905
-1.8023789236114969,1.8023789236114969,7.939795333275495,13.830132443008722,False,False,2678.850924763235,2695.709357156924,0,null,-1335.4254623816175,"{""alpha[1]"": 0.21134103434839957, ""beta[1]"": 0.5085270928413002, ""nu"": 3.2472268906344075, ""omega"": 5.641362107165073}",3.477420174342291,True,2026-05-10,1.7015592505112624,2.2989784175227848,student_t,ETH-USD,1754,0.3400921881810715,0.11098007799615432,,-0.08127313119004749,2026-05-09,2024-12-26,4.999464840009927,9.295628876003924
1.2608728266211688,-1.2608728266211688,8.08574170482237,14.232263568089056,False,False,2675.50228277695,2692.3607151706387,0,null,-1333.751141388475,"{""alpha[1]"": 0.21382590135257723, ""beta[1]"": 0.5339947011684053, ""nu"": 3.1686905688184606, ""omega"": 5.3787804627928}",3.555973568144427,True,2026-05-11,1.7136701201299482,2.3208127665603,student_t,ETH-USD,1755,0.18905680454998208,0.08207870584034169,,-0.06817077566905622,2026-05-10,2024-12-27,5.042008917620807,9.46874341065533
2.805438575291412,-2.805438575291412,7.999429691795052,14.029547490384283,False,False,2675.9597582425467,2692.8181906362356,0,null,-1333.9798791212734,"{""alpha[1]"": 0.2142992708411756, ""beta[1]"": 0.5261115860247886, ""nu"": 3.196150850542927, ""omega"": 5.433342534581407}",3.513515808169492,True,2026-05-12,1.7050194863359138,2.308850648913423,student_t,ETH-USD,1756,0.10996992487993949,0.06561879957566051,,-0.07055385534145124,2026-05-11,2024-12-28,5.0048370728902,9.367318532857457
0.7531505436581262,-0.7531505436581262,8.407100180526037,14.738815980123151,False,False,2676.6095493649605,2693.4679817586493,0,null,-1334.3047746824802,"{""alpha[1]"": 0.2115349073012597, ""beta[1]"": 0.5245753083349183, ""nu"": 3.196729887692779, ""omega"": 5.510101015941146}",3.689796964649138,True,2026-05-13,1.7550409854701092,2.358356898741417,student_t,ETH-USD,1757,0.22546973418844474,0.09090497006235827,,-0.0802669845143585,2026-05-12,2024-12-29,5.262545227427017,9.843647549893946
-1.0293509507152703,1.0293509507152703,8.15265259745255,14.324450164061894,False,False,2676.3795922721392,2693.238024665828,0,null,-1334.1897961360696,"{""alpha[1]"": 0.21078455369801977, ""beta[1]"": 0.5290132537884746, ""nu"": 3.178526621440436, ""omega"": 5.4850839759658605}",3.579712133812155,True,2026-05-14,1.7230814457248407,2.3283407521381734,student_t,ETH-USD,1758,0.30613118195402456,0.10574775964074766,,-0.07890464686894225,2026-05-13,2024-12-30,5.093272688365216,9.545425013359486
2.557980716308294,-2.557980716308294,8.034259802170617,14.078827380215989,False,False,2676.7244156150605,2693.5828480087494,0,null,-1334.3622078075302,"{""alpha[1]"": 0.209528456616071, ""beta[1]"": 0.5277490696880334, ""nu"": 3.2001288788630826, ""omega"": 5.459805687323607}",3.5255539380666443,True,2026-05-15,1.7099413461232276,2.3128399124697987,student_t,ETH-USD,1759,0.12366427308770474,0.06849039074768265,,-0.07725627892727237,2026-05-14,2024-12-31,5.031266178062387,9.407019791076554
1.9794470614372646,-1.9794470614372646,8.274457873737163,14.403571820891697,False,False,2677.996057076981,2694.8544894706697,0,null,-1334.9980285384904,"{""alpha[1]"": 0.20573643269558428, ""beta[1]"": 0.5232929977641656, ""nu"": 3.25439552890476, ""omega"": 5.4528103286296785}",3.6250173944461523,True,2026-05-16,1.7431546473091744,2.3400922179445542,student_t,ETH-USD,1760,0.16166530931197032,0.07708625788079358,,-0.0809453477784505,2026-05-15,2025-01-01,5.212753247676668,9.688072849516615
2.419522896428113,-2.419522896428113,8.199928889009891,14.191858248496317,False,False,2678.5190003636117,2695.3774327573005,0,null,-1335.2595001818058,"{""alpha[1]"": 0.20599789806624183, ""beta[1]"": 0.5181807562191034, ""nu"": 3.3010155044415495, ""omega"": 5.4189916957364614}",3.5860807307257256,True,2026-05-17,1.7374309899830531,2.3290806845838157,student_t,ETH-USD,1761,0.13867686163669848,0.07180023833293825,,-0.0861589453540479,2026-05-16,2025-01-02,5.19306012916208,9.599546729721931
-0.04092180418056977,0.04092180418056977,8.315584330762833,14.391792154107755,False,False,2678.0072416749886,2694.8656740686774,0,null,-1335.0036208374943,"{""alpha[1]"": 0.2055700868600091, ""beta[1]"": 0.5178719972195026, ""nu"": 3.296971822607046, ""omega"": 5.429787612264812}",3.6328071580677475,True,2026-05-18,1.7515943862377776,2.342971047103359,student_t,ETH-USD,1762,0.2654268407896198,0.0977427782084653,,-0.09675238741238117,2026-05-17,2025-01-03,5.267615011611821,9.733356016665951
0.8754253680422625,-0.8754253680422625,8.086506289829968,14.13657175268549,False,False,2674.762719139234,2691.621151532923,0,null,-1333.381359569617,"{""alpha[1]"": 0.2109699366316938, ""beta[1]"": 0.5264235737944793, ""nu"": 3.2074929643436456, ""omega"": 5.419098520915503}",3.53546876785273,True,2026-05-19,1.7182204720118475,2.3181960066850387,student_t,ETH-USD,1763,0.21015460740993538,0.0858803153600093,,-0.10537988067425585,2026-05-18,2025-01-04,5.078517516240966,9.463456904043186
-0.8033908131179641,0.8033908131179641,7.948509173332659,13.898157225735465,False,False,2674.2804078893173,2691.138840283006,0,null,-1333.1402039446587,"{""alpha[1]"": 0.2115749010016005, ""beta[1]"": 0.5312436566629302, ""nu"": 3.2029757565628296, ""omega"": 5.32768994532879}",3.472740999991464,True,2026-05-20,1.7010028874191718,2.300969607087775,student_t,ETH-USD,1764,0.28976008174712875,0.10104223161027878,,-0.11003311348323733,2026-05-19,2025-01-05,4.991810821824606,9.300832347909905
-0.20793043341680775,0.20793043341680775,7.809262851338582,13.591477107025984,False,False,2674.033682959507,2690.892115353196,0,null,-1333.0168414797536,"{""alpha[1]"": 0.21332898296780403, ""beta[1]"": 0.5317920642744408, ""nu"": 3.24162218850396, ""omega"": 5.18210386031709}",3.4086976817732384,True,2026-05-21,1.685910332691404,2.2817849047383207,student_t,ETH-USD,1765,0.25662248508697066,0.09346051222396712,,-0.1071315582595098,2026-05-20,2025-01-06,4.924519268322601,9.138120788979895
3.182962904724642,-3.182962904724642,7.647815806409622,13.271363432299555,False,False,2672.897374115909,2689.7558065095977,0,null,-1332.4486870579544,"{""alpha[1]"": 0.2207962364626819, ""beta[1]"": 0.524217978611593, ""nu"": 3.2641495089691404, ""omega"": 5.141093112914864}",3.334287095112436,True,2026-05-22,1.6667504863630485,2.2598671119170026,student_t,ETH-USD,1766,0.08264917417267884,0.05765367006475497,,-0.10969320363671749,2026-05-21,2025-01-07,4.835946388178217,8.948329911200133
-2.4550147315105404,2.4550147315105404,8.267193760302373,14.364724459139685,False,False,2667.652630315651,2684.51106270934,0,null,-1329.8263151578255,"{""alpha[1]"": 0.22089611250229654, ""beta[1]"": 0.5290351645709522, ""nu"": 3.261966281692575, ""omega"": 5.079693242835364}",3.6133083983296808,True,2026-05-23,1.7435833267963075,2.338403057848647,student_t,ETH-USD,1767,0.38369983121492124,0.12131488832320567,,-0.0986775757672593,2026-05-22,2025-01-08,5.218981892787878,9.676474100810015
0.8522952897690268,-0.8522952897690268,8.3560628643781,14.480447914735397,False,False,2668.421593732948,2685.280026126637,0,null,-1330.210796866474,"{""alpha[1]"": 0.22102677779289404, ""beta[1]"": 0.5241896311498161, ""nu"": 3.2888356937284153, ""omega"": 5.10403468744822}",3.6540814404991915,True,2026-05-24,1.7556239760352712,2.3483279517257087,student_t,ETH-USD,1768,0.221702799311867,0.0892966187949425,,-0.09047296881720729,2026-05-23,2025-01-09,5.2863512760063625,9.781957169263269
-0.6355596337235533,0.6355596337235533,8.039861222498594,14.045343703795131,False,False,2666.5622090152465,2683.4206414089354,0,null,-1329.2811045076232,"{""alpha[1]"": 0.224111519853618, ""beta[1]"": 0.5336606775742216, ""nu"": 3.2215529190885475, ""omega"": 5.054686071464787}",3.5221386399449632,True,2026-05-25,1.712503578228607,2.31242081528105,student_t,ETH-USD,1769,0.2842665093760747,0.10047764172428432,,-0.08564458619369666,2026-05-24,2025-01-10,5.049770553797936,9.41220453870487
1.9374108351730897,-1.9374108351730897,7.835321504337116,13.705551130744066,False,False,2666.101381982302,2682.959814375991,0,null,-1329.050690991151,"{""alpha[1]"": 0.2237225806844072, ""beta[1]"": 0.5401932205817344, ""nu"": 3.20933555216559, ""omega"": 4.966761377906663}",3.432007459127386,True,2026-05-26,1.686082107918196,2.2870228484997366,student_t,ETH-USD,1770,0.1489392422707308,0.07234644211330987,,-0.08733698122755794,2026-05-25,2025-01-11,4.916195680587703,9.17205504650407
2.3777930193246823,-2.3777930193246823,7.873849375474204,13.684648272994503,False,False,2666.667463911114,2683.5258963048027,0,null,-1329.333731955557,"{""alpha[1]"": 0.2189802132736668, ""beta[1]"": 0.5451790612483908, ""nu"": 3.260738454959528, ""omega"": 4.80806658387243}",3.4423178308300466,True,2026-05-27,1.694665291076177,2.2897595676334195,student_t,ETH-USD,1771,0.12957684233885738,0.06838611325415754,,-0.09211125113929651,2026-05-26,2025-01-12,4.969329866101828,9.21640434474043
0.726872333765149,-0.726872333765149,7.971898225513808,13.742320703229277,False,False,2667.2797525709448,2684.1381849646336,0,null,-1329.6398762854724,"{""alpha[1]"": 0.21672035945632562, ""beta[1]"": 0.5446642424856505, ""nu"": 3.3303866669964433, ""omega"": 4.684953785797539}",3.4791235980438384,True,2026-05-28,1.7116594127173417,2.2994223602594666,student_t,ETH-USD,1772,0.2170578275115477,0.08603368931705715,,-0.09587317714278056,2026-05-27,2025-01-13,5.068028883996099,9.330241265470857
-0.22021392611579746,0.22021392611579746,7.7287074787455525,13.395704744066489,False,False,2664.7540069754054,2681.6124393690943,0,null,-1328.3770034877027,"{""alpha[1]"": 0.21831115998631243, ""beta[1]"": 0.550254991532352, ""nu"": 3.284660000912959, ""omega"": 4.6319128605315205}",3.3776079013353644,True,2026-05-29,1.6775708582615816,2.2702718691812827,student_t,ETH-USD,1773,0.2554810047600585,0.09266839095907807,,-0.08917442763909705,2026-05-28,2025-01-14,4.889406169085369,9.046625169792001
-0.3710709115900707,0.3710709115900707,7.531315930759777,13.070538928684298,False,False,2662.8290185932974,2679.6874509869863,0,null,-1327.4145092966487,"{""alpha[1]"": 0.22102095487165435, ""beta[1]"": 0.5528457374535319, ""nu"": 3.2699438706956454, ""omega"": 4.549125043206082}",3.289137597538352,True,2026-05-30,1.6511012872504818,2.2447299660393427,student_t,ETH-USD,1774,0.2565549916825086,0.09185439860855066,,-0.09428128150410303,2026-05-29,2025-01-15,4.760028922060097,8.814368949264987
0.7513679035119147,-0.7513679035119147,7.483633831190505,13.030960558846134,False,False,2658.2473009030664,2675.1057332967553,0,null,-1325.1236504515332,"{""alpha[1]"": 0.2208821541001997, ""beta[1]"": 0.5533431051011964, ""nu"": 3.2354929662711207, ""omega"": 4.580879916175021}",3.2650979670296856,True,2026-05-31,1.6431306716688376,2.2392902341899887,student_t,ETH-USD,1775,0.19832030495946895,0.08004944067194718,,-0.10714015220940044,2026-05-30,2025-01-16,4.71777400270129,8.756311970706625
0.05591238868884093,-0.05591238868884093,7.435696714569164,13.024473791399185,False,False,2655.4681000612027,2672.3265324548915,0,null,-1323.7340500306013,"{""alpha[1]"": 0.22294953722204686, ""beta[1]"": 0.5620590391042438, ""nu"": 3.1899870600017644, ""omega"": 4.48179257454856}",3.2511814784170365,True,2026-06-01,1.633272684388234,2.2348940960255783,student_t,ETH-USD,1776,0.2303061861271907,0.08645268486296363,,-0.10022650500112068,2026-05-31,2025-01-17,4.662036111232651,8.701180874985196
7.540853792979569,-7.540853792979569,7.3937895143911305,13.03555358009994,True,False,2651.760887646248,2668.619320039937,0,null,-1321.880443823124,"{""alpha[1]"": 0.22325592916247053, ""beta[1]"": 0.5758120771702221, ""nu"": 3.1339127958562822, ""omega"": 4.3497053172618525}",3.2345670881708277,True,2026-06-02,9.55139462651731,2.231237761667591,student_t,ETH-USD,1777,2.784081159936972,0.011089822464293953,,-0.11011620767381863,2026-06-01,2025-01-18,4.610242045677493,8.649836039408964
2.5064483112461686,-2.5064483112461686,10.918904737841185,19.438975910656456,False,False,2654.8853786592163,2671.743811052905,0,null,-1323.4426893296081,"{""alpha[1]"": 0.22009439834629654, ""beta[1]"": 0.5722563042478516, ""nu"": 3.0749106859891984, ""omega"": 4.65661560826057}",4.810022277924289,True,2026-06-03,2.0079647748980873,2.6247454593432833,student_t,ETH-USD,1778,0.2117819030661263,0.1027400461826857,,-0.11526547963513363,2026-06-02,2025-01-19,6.74208637256869,12.78045292951473
2.3540909256995985,-2.3540909256995985,9.969269732143415,17.809741846413633,False,False,2654.4417762242074,2671.3002086178963,0,null,-1323.2208881121037,"{""alpha[1]"": 0.2191849248825122, ""beta[1]"": 0.5789786445598958, ""nu"": 3.0468156787412397, ""omega"": 4.624063282707515}",4.39388783643547,True,2026-06-04,1.915162540510067,2.534804502579464,student_t,ETH-USD,1779,0.18917709411813513,0.09312338981952654,,-0.11433295896891238,2026-06-03,2025-01-20,6.137632808062298,11.666429907652244
11.277301602974521,-11.277301602974521,9.350103327323875,16.71536610347708,True,True,2654.505068004455,2671.363500398144,0,null,-1323.2525340022275,"{""alpha[1]"": 0.21857325350814294, ""beta[1]"": 0.5803249122265297, ""nu"": 3.0362703642202034, ""omega"": 4.634892279719357}",4.116183226150323,True,2026-06-05,13.663206599346044,4.496297784751698,student_t,ETH-USD,1780,5.246204604879882,0.3351936743612286,,-0.12330034587769084,2026-06-04,2025-01-21,5.754980966258856,10.938722133922775
0.7679127410140253,-0.7679127410140253,14.817022477657707,26.696932712072492,False,False,2662.5448155129707,2679.4032479066595,0,null,-1327.2724077564853,"{""alpha[1]"": 0.2273858221724617, ""beta[1]"": 0.5774618611878481, ""nu"": 2.9911719103584633, ""omega"": 4.823303095278765}",6.561319678446042,True,2026-06-06,2.306436689348356,2.93404420436826,student_t,ETH-USD,1781,0.41401251181894594,0.16571625593614855,,-0.14884471249444392,2026-06-05,2025-01-22,9.048162977392938,17.339538334628866
-7.2303443058070656,7.2303443058070656,12.342444106414131,22.355879934642235,False,False,2662.1854249348658,2679.0438573285546,0,null,-1327.0927124674329,"{""alpha[1]"": 0.21880187530246586, ""beta[1]"": 0.5923336406901811, ""nu"": 2.950166619201614, ""omega"": 4.759379458844892}",5.471636737630436,True,2026-06-07,2.1209792783335226,2.752879919697019,student_t,ETH-USD,1782,0.7366875363196039,0.21667560280255535,,-0.1450704488928112,2026-06-06,2025-01-23,7.503406420585,14.437215974448451
-0.22225806360766245,0.22225806360766245,13.490983725704714,24.62532640357133,False,False,2665.0624898652786,2681.9209222589675,0,null,-1328.5312449326393,"{""alpha[1]"": 0.23282937016620736, ""beta[1]"": 0.596220637646949, ""nu"": 2.904558547772962, ""omega"": 4.7683559713342705}",6.012801683029936,True,2026-06-08,2.205383577605822,2.8445891167860102,student_t,ETH-USD,1783,0.418110240855235,0.16002503970620086,,-0.13635862041882085,2026-06-07,2025-01-24,8.13994675349703,15.780245907012409
3.151954219963486,-3.151954219963486,11.43685903782691,20.802674822601922,False,False,2665.8844260178653,2682.742858411554,0,null,-1328.9422130089326,"{""alpha[1]"": 0.22251577451850088, ""beta[1]"": 0.5982907540974979, ""nu"": 2.9224704077829107, ""omega"": 4.747077029625215}",5.081153942115732,True,2026-06-09,2.0424165955546103,2.6780682023675815,student_t,ETH-USD,1784,0.1886962029259583,0.10223887490303486,,-0.13439945766395917,2026-06-08,2025-01-25,6.9258782784826485,13.375841710266963
1.0785745651504364,-1.0785745651504364,10.524533522867836,18.974738875408743,False,False,2667.5510174213878,2684.4094498150766,0,null,-1329.7755087106939,"{""alpha[1]"": 0.21705824410522162, ""beta[1]"": 0.597744836344253, ""nu"": 2.976463423477714, ""omega"": 4.624685542549668}",4.649182137698695,True,2026-06-10,1.9644901675638446,2.5918328286827936,student_t,ETH-USD,1785,0.2674805850275228,0.11230799003364393,,-0.1411690251855846,2026-06-09,2025-01-26,6.428186265700888,12.30937356851482
-3.1677204921908806,3.1677204921908806,9.542338441903468,17.25185632132629,False,False,2666.784812690142,2683.643245083831,0,null,-1329.392406345071,"{""alpha[1]"": 0.219504747701304, ""beta[1]"": 0.5933910187360906, ""nu"": 2.9543080925626244, ""omega"": 4.727832956719272}",4.217247233129455,True,2026-06-11,1.865110925311218,2.494668307423989,student_t,ETH-USD,1786,0.4491278847428469,0.1432533367195756,,-0.1383736701072244,2026-06-10,2025-01-27,5.814837202666049,11.157613179766665
0.42864654197980284,-0.42864654197980284,9.468718513807968,17.03492119332304,False,False,2667.9632955707675,2684.8217279644564,0,null,-1329.9816477853838,"{""alpha[1]"": 0.2146957448882897, ""beta[1]"": 0.6013380122870998, ""nu"": 2.9905888845865247, ""omega"": 4.516861338929213}",4.178205656911053,True,2026-06-12,1.8599914759520964,2.485397688498412,student_t,ETH-USD,1787,0.2683094645085357,0.10646305332977868,,-0.12847065959452164,2026-06-11,2025-01-28,5.794835832150513,11.07495187495766
-0.9019641304639069,0.9019641304639069,8.823540830685712,15.972524277045371,False,False,2666.130393491365,2682.9888258850538,0,null,-1329.0651967456824,"{""alpha[1]"": 0.22020242422820574, ""beta[1]"": 0.5985015090186138, ""nu"": 2.9476054551976656, ""omega"": 4.620738732111438}",3.903816308840576,True,2026-06-13,1.7860021533522907,2.4168329550852024,student_t,ETH-USD,1788,0.3135892492104088,0.11219622898268351,,-0.12281795822671493,2026-06-12,2025-01-29,5.369820853744264,10.317658767804433
-2.6081317069999663,2.6081317069999663,8.356264895388936,15.043840695374076,False,False,2665.5084427129614,2682.3668751066502,0,null,-1328.7542213564807,"{""alpha[1]"": 0.22147776881301692, ""beta[1]"": 0.593026089607477, ""nu"": 2.9821772220190725, ""omega"": 4.555504009165194}",3.6849019904286955,True,2026-06-14,1.7347922173278123,2.360517728549504,student_t,ETH-USD,1789,0.38601665338852326,0.12379844548887228,,-0.12333301085233317,2026-06-13,2025-01-30,5.1122013607704915,9.77171284188725
-3.998055565707452,3.998055565707452,8.600406649397602,15.526341041976831,False,False,2664.2399662407583,2681.098398634447,0,null,-1328.1199831203792,"{""alpha[1]"": 0.21945577079311837, ""beta[1]"": 0.5957024351401741, ""nu"": 2.963425128730003, ""omega"": 4.586677880298982}",3.7976156745380907,True,2026-06-15,1.7620285580425503,2.390235859826094,student_t,ETH-USD,1790,0.4623093861137974,0.14054433373561787,,-0.1265937709043639,2026-06-14,2025-01-31,5.248132156568487,10.056377807854323
0.2545346776320778,-0.2545346776320778,9.20050689841631,16.453266413522712,False,False,2666.0470343997586,2682.9054667934474,0,null,-1329.0235171998793,"{""alpha[1]"": 0.21497575402695995, ""beta[1]"": 0.5906743725054986, ""nu"": 3.033829085429077, ""omega"": 4.51051836047072}",4.050716724551924,True,2026-06-16,1.8345810236542937,2.454713895637558,student_t,ETH-USD,1791,0.27033718541006113,0.10509025570856731,,-0.12168264361900492,2026-06-15,2025-02-01,5.661278385833296,10.7635602484888
2.4031278792176964,-2.4031278792176964,8.61150738555565,15.531459931681185,False,False,2662.432201860944,2679.290634254633,0,null,-1327.216100930472,"{""alpha[1]"": 0.2122647994554827, ""beta[1]"": 0.6019571271097824, ""nu"": 2.9755701592130643, ""omega"": 4.46950489230218}",3.806371403749862,True,2026-06-17,1.7635990458708242,2.3914002493316886,student_t,ETH-USD,1792,0.14270972643641583,0.07669530358038672,,-0.11097182160349676,2026-06-16,2025-02-02,5.257322407946011,10.072658237256361
2.218627523535542,-2.218627523535542,8.617572444686205,15.659698775834718,False,False,2657.271745526132,2674.1301779198207,0,null,-1324.635872763066,"{""alpha[1]"": 0.21510788435397837, ""beta[1]"": 0.6059933921227517, ""nu"": 2.9294665821657926, ""omega"": 4.525882845537598}",3.8274201523979725,True,2026-06-18,1.7598788422717884,2.394740847389122,student_t,ETH-USD,1793,0.15021356412735967,0.07860743736377145,,-0.09908994197377886,2026-06-17,2025-02-03,5.222898806082733,10.07937125991268
-0.08472260572177616,0.08472260572177616,8.439464067061106,15.18738185062066,False,False,2657.8863365040816,2674.7447688977704,0,null,-1324.9431682520408,"{""alpha[1]"": 0.21359466693361218, ""beta[1]"": 0.5967692827778901, ""nu"": 2.9923313434410166, ""omega"": 4.48684822037073}",3.7280306508151413,True,2026-06-19,1.7445982974358731,2.3705355785198483,student_t,ETH-USD,1794,0.26234848410993433,0.09957593597170714,,-0.10463083708592681,2026-06-18,2025-02-04,5.1622470764769055,9.872870991448929
-1.6415812420590314,1.6415812420590314,8.167216941236333,14.880372325408127,False,False,2653.7920417516307,2670.6504741453195,0,null,-1322.8960208758153,"{""alpha[1]"": 0.2212746378313373, ""beta[1]"": 0.6056019089142314, ""nu"": 2.912362614270238, ""omega"": 4.4928998930237025}",3.632545275990123,True,2026-06-20,1.7047232474032787,2.3419386504586477,student_t,ETH-USD,1795,0.3289720048611067,0.11193226756629115,,-0.0938164920503736,2026-06-19,2025-02-05,4.937858855163098,9.551645514570074
2.016445562772033,-2.016445562772033,8.14561693733769,14.838869418798717,False,False,2653.4885710036333,2670.347003397322,0,null,-1322.7442855018166,"{""alpha[1]"": 0.2232437640675036, ""beta[1]"": 0.6024246841576488, ""nu"": 2.9130160566891505, ""omega"": 4.520466495794937}",3.6223853904387098,True,2026-06-21,1.7021702775162217,2.339232172818999,student_t,ETH-USD,1796,0.14545649690568482,0.07509843325162174,,-0.0943523413443256,2026-06-20,2025-02-06,4.925575500885727,9.5262888879342
-1.2783452201489685,1.2783452201489685,8.259582878135832,15.179760233678543,False,False,2651.988854791144,2668.847287184833,0,null,-1321.994427395572,"{""alpha[1]"": 0.22930525699051207, ""beta[1]"": 0.6064629148375477, ""nu"": 2.8587221474770432, ""omega"": 4.598357651588783}",3.693658989236657,True,2026-06-22,1.7110192422873665,2.3561147891559155,student_t,ETH-USD,1797,0.3115582037856355,0.10934977201504494,,-0.091125493989599,2026-06-21,2025-02-07,4.952818855563736,9.656631981355515
3.6015118172552567,-3.6015118172552567,8.202101726579428,15.182637753433097,False,False,2651.1888941684847,2668.0473265621736,0,null,-1321.5944470842423,"{""alpha[1]"": 0.23382941582856737, ""beta[1]"": 0.6120643309647794, ""nu"": 2.8173973613509937, ""omega"": 4.6230078768577245}",3.687648328381303,True,2026-06-23,1.6998688873500933,2.35161040109272,student_t,ETH-USD,1798,0.06413315348106982,0.05985684418769513,,-0.08358307882097119,2026-06-22,2025-02-08,4.884174886876652,9.587196236024765
2.7707605342361603,-2.7707605342361603,8.777919922243449,16.07624571499195,False,False,2653.8473115521238,2670.7057439458126,0,null,-1322.9236557760619,"{""alpha[1]"": 0.22102570923053805, ""beta[1]"": 0.610293205079469, ""nu"": 2.8822674279049685, ""omega"": 4.54756125299922}",3.918836365210436,True,2026-06-24,1.7737611838618461,2.4158857223549717,student_t,ETH-USD,1799,0.12546744565910728,0.07494613011194942,,-0.09155474974030599,2026-06-23,2025-02-09,5.280109447418304,10.265373545431096
3.461114623324299,-3.461114623324299,8.73353113017399,15.839495084534482,False,False,2655.2721334607577,2672.1305658544466,0,null,-1323.6360667303788,"{""alpha[1]"": 0.21453110094575903, ""beta[1]"": 0.6079519067533529, ""nu"": 2.9435820447353165, ""omega"": 4.440591380089626}",3.876272415676131,True,2026-06-25,1.7742838204364908,2.4075039277930266,student_t,ETH-USD,1800,0.09205674163986019,0.06755318806900094,,-0.09682353639222088,2026-06-24,2025-02-10,5.302249456121501,10.216433430224388
-0.751217388361228,0.751217388361228,8.960713693891437,16.128642521058342,False,False,2656.8428847265113,2673.7013171202,0,null,-1324.4214423632557,"{""alpha[1]"": 0.21206406244839973, ""beta[1]"": 0.6005462144223337, ""nu"": 2.992641863064515, ""omega"": 4.450378110637234}",3.960396226630073,True,2026-06-26,1.8043398888292952,2.4305899434753773,student_t,ETH-USD,1801,0.31153021548433774,0.11234725570414443,,-0.10619919862266274,2026-06-25,2025-02-11,5.4793869213255215,10.483508182053205
0.31940977916454977,-0.31940977916454977,8.46557745013671,15.257735414954515,False,False,2655.781407629623,2672.639840023312,0,null,-1323.8907038148116,"{""alpha[1]"": 0.21504391187080443, ""beta[1]"": 0.5982908789713087, ""nu"": 2.9835040588337884, ""omega"": 4.460752088071318}",3.7438248525413966,True,2026-06-27,1.7467486773635268,2.374189810355319,student_t,ETH-USD,1802,0.24254303922515538,0.0958443503599503,,-0.10026000632138714,2026-06-26,2025-02-12,5.170270563667653,9.903844815159571
0.07810762565300852,-0.07810762565300852,8.231969130048642,15.03796166296371,False,False,2652.116287078954,2668.974719472643,0,null,-1322.058143539477,"{""alpha[1]"": 0.2250994177466511, ""beta[1]"": 0.6036271906935057, ""nu"": 2.889576578764542, ""omega"": 4.57138328862953}",3.6613043750519427,True,2026-06-28,1.7114219930557826,2.3504989724236953,student_t,ETH-USD,1803,0.24445178742249654,0.09545002709143924,,-0.11094798473147394,2026-06-27,2025-02-13,4.967143374102935,9.623110334796923
-2.505634333102707,2.505634333102707,8.021934847659384,14.745756029754371,False,False,2650.95148754233,2667.809919936019,0,null,-1321.475743771165,"{""alpha[1]"": 0.23120803557468933, ""beta[1]"": 0.6080953747652367, ""nu"": 2.8511309260976163, ""omega"": 4.559344248257657}",3.581997540006487,True,2026-06-29,1.6820471960241954,2.3267397068611393,student_t,ETH-USD,1804,0.36588663698872453,0.11880755869084854,,-0.10659621581921319,2026-06-28,2025-02-14,4.812098406671778,9.375121535982137
2.5551475569997093,-2.5551475569997093,8.348670568729101,15.321292142172853,False,False,2651.730618529798,2668.589050923487,0,null,-1321.865309264899,"{""alpha[1]"": 0.22577362984692312, ""beta[1]"": 0.6124810508220937, ""nu"": 2.863190906518232, ""omega"": 4.4976790989478195}",3.7258551331542717,True,2026-06-30,1.7227919699440952,2.3661919902489554,student_t,ETH-USD,1805,0.12299062520144488,0.07203726276664316,,-0.10530138281421231,2026-06-29,2025-02-15,5.014960061028605,9.758873833664019
-2.477791007685283,2.477791007685283,8.428903147135367,15.372816287139054,False,False,2652.6310643649795,2669.4894967586683,0,null,-1322.3155321824897,"{""alpha[1]"": 0.21924642131153282, ""beta[1]"": 0.6150948403994312, ""nu"": 2.901872483652238, ""omega"": 4.372247338908202}",3.7472866953513013,True,2026-07-01,1.7358784280084105,2.3736742276600675,student_t,ETH-USD,1806,0.37853167802647114,0.12332895445040849,,-0.10801062830206402,2026-06-30,2025-02-16,5.092842552844132,9.855104437355555
-5.396242911076446,5.396242911076446,8.488110171220713,15.396991910787932,False,False,2653.4219350890353,2670.280367482724,0,null,-1322.7109675445176,"{""alpha[1]"": 0.21570516897820113, ""beta[1]"": 0.6144862871126182, ""nu"": 2.940086818172093, ""omega"": 4.287403230445284}",3.7653481138239457,True,2026-07-02,1.7457974192405943,2.3789734863008256,student_t,ETH-USD,1807,0.5274819026559483,0.153242437181697,,-0.10079669878249783,2026-07-01,2025-02-17,5.15339514204251,9.928000807093241
-3.3782958381041013,3.3782958381041013,9.99388935243399,18.184166418260453,False,False,2656.2202722329544,2673.0787046266432,0,null,-1324.1101361164772,"{""alpha[1]"": 0.21712528068417622, ""beta[1]"": 0.610983575921699, ""nu"": 2.9266763158179643, ""omega"": 4.42429648647614}",4.448232117591134,True,2026-07-03,1.9070518085968668,2.543540363220633,student_t,ETH-USD,1808,0.4712689045626406,0.15070517088711202,,-0.09591482959873739,2026-07-02,2025-02-18,6.047082253148702,11.692221250607089
-1.2736109468118408,1.2736109468118408,9.796747383651459,17.81814677573894,False,False,2656.9427663779034,2673.801198771592,0,null,-1324.4713831889517,"{""alpha[1]"": 0.216633136890784, ""beta[1]"": 0.6155139371686139, ""nu"": 2.932508836782969, ""omega"": 4.335256870149864}",4.363093302408586,True,2026-07-04,1.8872093586380023,2.5235918653109572,student_t,ETH-USD,1809,0.3601100044125878,0.12737351249353918,,-0.08369940013005049,2026-07-03,2025-02-19,5.928589141439908,11.463740302542066
-0.22307581216803063,0.22307581216803063,9.064304557557415,16.439232727971085,False,False,2656.3946518755847,2673.2530842692736,0,null,-1324.1973259377924,"{""alpha[1]"": 0.2085372648039436, ""beta[1]"": 0.6292708837373858, ""nu"": 2.9489341801430573, ""omega"": 4.090755558102344}",4.02858768438817,True,2026-07-05,1.8112150239542903,2.4448593131080667,student_t,ETH-USD,1810,0.2861969238459029,0.10829481288951157,,-0.08460119085740125,2026-07-04,2025-02-20,5.500862664750023,10.606405476783117
-0.8137134518359328,0.8137134518359328,8.44891039577905,15.251833811805565,False,False,2655.2895944258535,2672.1480268195423,0,null,-1323.6447972129267,"{""alpha[1]"": 0.20436180144031496, ""beta[1]"": 0.6342022671991314, ""nu"": 2.9778156064099695, ""omega"": 3.9214487396158044}",3.7441925226991515,True,2026-07-06,1.7436522607990663,2.372917862913201,student_t,ETH-USD,1811,0.29821470308325215,0.10700228448176861,,-0.08595965327787672,2026-07-05,2025-02-21,5.150580609829104,9.88651499634092
1.6299609660547867,-1.6299609660547867,8.090198616180137,14.61424628664419,False,False,2653.3298692360486,2670.1883016297375,0,null,-1322.6649346180243,"{""alpha[1]"": 0.20664407974351498, ""beta[1]"": 0.6326433632302345, ""nu"": 2.9746774206683044, ""omega"": 3.9015830354045695}",3.5877650169990463,True,2026-07-07,1.6998157814459631,2.3298105652329753,student_t,ETH-USD,1812,0.16491423236351205,0.07837348566747954,,-0.07835175640867635,2026-07-06,2025-02-22,4.928245613325025,9.467309532802734
1.4715430322108998,-1.4715430322108998,7.9907047818391055,14.433350852541055,False,False,2651.2716599816276,2668.1300923753165,0,null,-1321.6358299908138,"{""alpha[1]"": 0.20724913707264586, ""beta[1]"": 0.6302463513931892, ""nu"": 2.9706551050169216, ""omega"": 3.9270553719406105}",3.539283982664009,True,2026-07-08,1.6876974731125016,2.3172534192740653,student_t,ETH-USD,1813,0.16990701818353954,0.078771094820008,,-0.08931025743015408,2026-07-07,2025-02-23,4.869683395881688,9.348652514211693
-0.10363768829996217,0.10363768829996217,7.806120369314789,13.98801809140781,False,False,2649.6505051370586,2666.5089375307475,0,null,-1320.8252525685293,"{""alpha[1]"": 0.20923363097804246, ""beta[1]"": 0.6171367153936667, ""nu"": 3.0222251813196923, ""omega"": 3.9605958594291995}",3.442150959178264,True,2026-07-09,1.6689692278311834,2.2911243291507097,student_t,ETH-USD,1814,0.244853642707687,0.09236739454378769,,-0.09635572712386574,2026-07-08,2025-02-24,4.793435165853774,9.133101766078799
-2.8931987086464486,2.8931987086464486,7.700642586627717,14.004616970417148,False,False,2642.418214945333,2659.276647339022,0,null,-1317.2091074726666,"{""alpha[1]"": 0.22648038906412707, ""beta[1]"": 0.6026232039071973, ""nu"": 2.9302388684410996, ""omega"": 4.298536744586617}",3.4269168704283945,True,2026-07-10,1.6466445123304037,2.282717701844841,student_t,ETH-USD,1815,0.3777355672707971,0.11902797949123846,,-0.07306897131436392,2026-07-09,2025-02-25,4.661512636769487,9.009599240477387
0.42377669081845193,-0.42377669081845193,8.10012851072113,14.557382611237626,False,False,2643.148179250091,2660.0066116437797,0,null,-1317.5740896250454,"{""alpha[1]"": 0.2195906942548195, ""beta[1]"": 0.5961914254408207, ""nu"": 3.014970709108555, ""omega"": 4.216112149487977}",3.5886467072472334,True,2026-07-11,1.7037051448943688,2.329502583139902,student_t,ETH-USD,1816,0.22660430998146036,0.0905896526268474,,-0.06566666031144826,2026-07-10,2025-02-26,4.955862890447656,9.482741953503183
-0.9843724308481303,0.9843724308481303,7.8818305979763315,14.374649816228342,False,False,2638.7425424683593,2655.600974862048,0,null,-1315.3712712341796,"{""alpha[1]"": 0.23125995377761152, ""beta[1]"": 0.5967653702877365, ""nu"": 2.919983973816548, ""omega"": 4.369400388497523}",3.5202312810076326,True,2026-07-12,1.667916920049945,2.307203377802846,student_t,ETH-USD,1817,0.2869963998293458,0.10209119265290732,,-0.05306762754777667,2026-07-11,2025-02-27,4.755555565738781,9.224746834442593
1.8041701265000512,-1.8041701265000512,7.627634740079136,13.800902477008153,False,False,2637.6389725430345,2654.4974049367233,0,null,-1314.8194862715172,"{""alpha[1]"": 0.22316945987644024, ""beta[1]"": 0.6074353157889204, ""nu"": 2.973757939725915, ""omega"": 4.057967456613507}",3.3940464296867194,True,2026-07-13,1.6395697481895728,2.271812598273497,student_t,ETH-USD,1818,0.14159224166257292,0.07126098683891996,,-0.048858737226059455,2026-07-12,2025-02-28,4.636014959751507,8.930268810392041
-6.334617581301799,6.334617581301799,7.62031805184758,13.697596346064094,False,False,2636.1696381836528,2653.0280705773416,0,null,-1314.0848190918264,"{""alpha[1]"": 0.21756618609764947, ""beta[1]"": 0.6091493829374716, ""nu"": 3.0199634571663383, ""omega"": 3.9315779027393156}",3.3818932902163663,True,2026-07-14,1.64226022833064,2.268708708158062,student_t,ETH-USD,1819,0.5497000504582107,0.15258441885548102,,-0.04651697487767954,2026-07-13,2025-03-01,4.659383427862406,8.923824304246288
-1.4430524602431742,1.4430524602431742,9.954600315643624,17.66352960585315,False,False,2639.818658089077,2656.677090482766,0,null,-1315.9093290445385,"{""alpha[1]"": 0.21606925066400476, ""beta[1]"": 0.5835506360851188, ""nu"": 3.1239361365820253, ""omega"": 4.13446447794495}",4.4082412860715054,True,2026-07-15,1.9163624841552216,2.5319333831268187,student_t,ETH-USD,1820,0.37991287717538463,0.13108601048614701,,-0.03193848915310626,2026-07-14,2025-03-02,6.155205083264512,11.665548588371514
2.844023310640715,-2.844023310640715,9.044214137162568,16.13187946522278,False,False,2634.415381237008,2651.273813630697,0,null,-1313.207690618504,"{""alpha[1]"": 0.19664618195857658, ""beta[1]"": 0.6046768090354848, ""nu"": 3.0757060154403537, ""omega"": 4.061333633322709}",4.002188427868459,True,2026-07-16,1.8179114869764148,2.4374598594269736,student_t,ETH-USD,1821,0.13626397237660912,0.07749176250256715,,-0.05468111747508892,2026-07-15,2025-03-03,5.569302758172895,10.593199560897423
1.1989404883930501,-1.1989404883930501,8.804301049677392,15.630583585439041,False,False,2625.551524963639,2642.409957357328,0,null,-1308.7757624818196,"{""alpha[1]"": 0.2182718716564789, ""beta[1]"": 0.549358524988005, ""nu"": 3.1199819545762106, ""omega"": 4.664826135762701}",3.8994860434165517,True,2026-07-17,1.7932737625631079,2.409312103350912,student_t,ETH-USD,1822,0.21212058332697925,0.09118536109550228,,-0.028223045742756126,2026-07-16,2025-03-04,5.441352154932631,10.317476597943271
-1.1022172871082931,1.1022172871082931,8.20417310589985,14.52238510781607,False,False,2625.27882324303,2642.1372556367187,0,null,-1308.639411621515,"{""alpha[1]"": 0.2162680813377975, ""beta[1]"": 0.5522569511881672, ""nu"": 3.1397715773548276, ""omega"": 4.563881480527409}",3.6279257564003027,True,2026-07-18,1.7244414090067606,2.337660143666191,student_t,ETH-USD,1823,0.30935756081069504,0.10715584351917296,,-0.03288633454086914,2026-07-17,2025-03-05,5.084933929105603,9.613367064808992
-0.5420170937375545,0.5420170937375545,7.904507385799652,14.059934421982609,False,False,2623.4934437113943,2640.351876105083,0,null,-1307.7467218556972,"{""alpha[1]"": 0.2187669739587879, ""beta[1]"": 0.5544625354324941, ""nu"": 3.1006560967339785, ""omega"": 4.579253393433823}",3.4985523884008276,True,2026-07-19,1.684598084017979,2.3019846262494053,student_t,ETH-USD,1824,0.27102009288307943,0.09802668881120769,,-0.037206710841846305,2026-07-18,2025-03-06,4.878384763924029,9.260651787383205
